ISO-10303-21;
HEADER;
FILE_DESCRIPTION(('Open CASCADE Model'),'2;1');
FILE_NAME('eva_cutting_template','2026-09-13T09:27:11',('Author'),(
    'Open CASCADE'),'Open CASCADE STEP processor 7.9','build123d',
  'Unknown');
FILE_SCHEMA(('AUTOMOTIVE_DESIGN { 1 0 10303 214 1 1 1 1 }'));
ENDSEC;
DATA;
#1 = APPLICATION_PROTOCOL_DEFINITION('international standard',
  'automotive_design',2000,#2);
#2 = APPLICATION_CONTEXT(
  'core data for automotive mechanical design processes');
#3 = SHAPE_DEFINITION_REPRESENTATION(#4,#10);
#4 = PRODUCT_DEFINITION_SHAPE('','',#5);
#5 = PRODUCT_DEFINITION('design','',#6,#9);
#6 = PRODUCT_DEFINITION_FORMATION('','',#7);
#7 = PRODUCT('eva_cutting_template','eva_cutting_template','',(#8));
#8 = PRODUCT_CONTEXT('',#2,'mechanical');
#9 = PRODUCT_DEFINITION_CONTEXT('part definition',#2,'design');
#10 = SHAPE_REPRESENTATION('',(#11,#15),#19);
#11 = AXIS2_PLACEMENT_3D('',#12,#13,#14);
#12 = CARTESIAN_POINT('',(0.,0.,0.));
#13 = DIRECTION('',(0.,0.,1.));
#14 = DIRECTION('',(1.,0.,-0.));
#15 = AXIS2_PLACEMENT_3D('',#16,#17,#18);
#16 = CARTESIAN_POINT('',(0.,0.,0.));
#17 = DIRECTION('',(0.,0.,1.));
#18 = DIRECTION('',(1.,0.,-0.));
#19 = ( GEOMETRIC_REPRESENTATION_CONTEXT(3) 
GLOBAL_UNCERTAINTY_ASSIGNED_CONTEXT((#23)) GLOBAL_UNIT_ASSIGNED_CONTEXT(
(#20,#21,#22)) REPRESENTATION_CONTEXT('Context #1',
  '3D Context with UNIT and UNCERTAINTY') );
#20 = ( LENGTH_UNIT() NAMED_UNIT(*) SI_UNIT(.MILLI.,.METRE.) );
#21 = ( NAMED_UNIT(*) PLANE_ANGLE_UNIT() SI_UNIT($,.RADIAN.) );
#22 = ( NAMED_UNIT(*) SI_UNIT($,.STERADIAN.) SOLID_ANGLE_UNIT() );
#23 = UNCERTAINTY_MEASURE_WITH_UNIT(LENGTH_MEASURE(1.E-07),#20,
  'distance_accuracy_value','confusion accuracy');
#24 = PRODUCT_RELATED_PRODUCT_CATEGORY('part',$,(#7));
#25 = SHAPE_DEFINITION_REPRESENTATION(#26,#32);
#26 = PRODUCT_DEFINITION_SHAPE('','',#27);
#27 = PRODUCT_DEFINITION('design','',#28,#31);
#28 = PRODUCT_DEFINITION_FORMATION('','',#29);
#29 = PRODUCT('eva_cutting_template','eva_cutting_template','',(#30));
#30 = PRODUCT_CONTEXT('',#2,'mechanical');
#31 = PRODUCT_DEFINITION_CONTEXT('part definition',#2,'design');
#32 = ADVANCED_BREP_SHAPE_REPRESENTATION('',(#11,#33),#10349);
#33 = MANIFOLD_SOLID_BREP('',#34);
#34 = CLOSED_SHELL('',(#35,#155,#231,#307,#3801,#6786,#6813,#6840,#6867,
    #6894,#6921,#6948,#6975,#7002,#7029,#7056,#7083,#7110,#7137,#7164,
    #7191,#7218,#7245,#7272,#7299,#7326,#7353,#7380,#7407,#7434,#7461,
    #7488,#7515,#7542,#7569,#7596,#7623,#7650,#7677,#7704,#7731,#7758,
    #7785,#7812,#7839,#7866,#7893,#7920,#7947,#7974,#8001,#8028,#8055,
    #8082,#8109,#8136,#8163,#8190,#8217,#8244,#8271,#8298,#8325,#8352,
    #8379,#8406,#8433,#8460,#8487,#8514,#8541,#8568,#8595,#8622,#8649,
    #8676,#8703,#8730,#8757,#8784,#8811,#8838,#8865,#8892,#8919,#8946,
    #8973,#9000,#9027,#9054,#9081,#9108,#9135,#9162,#9189,#9216,#9243,
    #9270,#9297,#9324,#9351,#9378,#9405,#9432,#9459,#9486,#9513,#9540,
    #9567,#9594,#9621,#9648,#9675,#9702,#9729,#9756,#9783,#9810,#9837,
    #9864,#9891,#9918,#9945,#9972,#9999,#10026,#10053,#10080,#10107,
    #10134,#10141,#10217,#10266,#10315,#10342));
#35 = ADVANCED_FACE('',(#36),#50,.F.);
#36 = FACE_BOUND('',#37,.F.);
#37 = EDGE_LOOP('',(#38,#73,#101,#129));
#38 = ORIENTED_EDGE('',*,*,#39,.T.);
#39 = EDGE_CURVE('',#40,#42,#44,.T.);
#40 = VERTEX_POINT('',#41);
#41 = CARTESIAN_POINT('',(7.296117649877,0.,0.));
#42 = VERTEX_POINT('',#43);
#43 = CARTESIAN_POINT('',(7.296117649877,0.,2.));
#44 = SURFACE_CURVE('',#45,(#49,#61),.PCURVE_S1.);
#45 = LINE('',#46,#47);
#46 = CARTESIAN_POINT('',(7.296117649877,0.,0.));
#47 = VECTOR('',#48,1.);
#48 = DIRECTION('',(0.,0.,1.));
#49 = PCURVE('',#50,#55);
#50 = PLANE('',#51);
#51 = AXIS2_PLACEMENT_3D('',#52,#53,#54);
#52 = CARTESIAN_POINT('',(7.296117649877,0.,0.));
#53 = DIRECTION('',(-0.999349049627,-3.607598938854E-02,0.));
#54 = DIRECTION('',(-3.607598938854E-02,0.999349049627,0.));
#55 = DEFINITIONAL_REPRESENTATION('',(#56),#60);
#56 = LINE('',#57,#58);
#57 = CARTESIAN_POINT('',(0.,0.));
#58 = VECTOR('',#59,1.);
#59 = DIRECTION('',(0.,-1.));
#60 = ( GEOMETRIC_REPRESENTATION_CONTEXT(2) 
PARAMETRIC_REPRESENTATION_CONTEXT() REPRESENTATION_CONTEXT('2D SPACE',''
  ) );
#61 = PCURVE('',#62,#67);
#62 = PLANE('',#63);
#63 = AXIS2_PLACEMENT_3D('',#64,#65,#66);
#64 = CARTESIAN_POINT('',(7.283541292514,-0.348380487725,0.));
#65 = DIRECTION('',(-0.999349049627,3.607598938854E-02,0.));
#66 = DIRECTION('',(3.607598938854E-02,0.999349049627,0.));
#67 = DEFINITIONAL_REPRESENTATION('',(#68),#72);
#68 = LINE('',#69,#70);
#69 = CARTESIAN_POINT('',(0.348607413851,0.));
#70 = VECTOR('',#71,1.);
#71 = DIRECTION('',(0.,-1.));
#72 = ( GEOMETRIC_REPRESENTATION_CONTEXT(2) 
PARAMETRIC_REPRESENTATION_CONTEXT() REPRESENTATION_CONTEXT('2D SPACE',''
  ) );
#73 = ORIENTED_EDGE('',*,*,#74,.T.);
#74 = EDGE_CURVE('',#42,#75,#77,.T.);
#75 = VERTEX_POINT('',#76);
#76 = CARTESIAN_POINT('',(7.283541292514,0.348380487725,2.));
#77 = SURFACE_CURVE('',#78,(#82,#89),.PCURVE_S1.);
#78 = LINE('',#79,#80);
#79 = CARTESIAN_POINT('',(7.296117649877,0.,2.));
#80 = VECTOR('',#81,1.);
#81 = DIRECTION('',(-3.607598938854E-02,0.999349049627,0.));
#82 = PCURVE('',#50,#83);
#83 = DEFINITIONAL_REPRESENTATION('',(#84),#88);
#84 = LINE('',#85,#86);
#85 = CARTESIAN_POINT('',(0.,-2.));
#86 = VECTOR('',#87,1.);
#87 = DIRECTION('',(1.,0.));
#88 = ( GEOMETRIC_REPRESENTATION_CONTEXT(2) 
PARAMETRIC_REPRESENTATION_CONTEXT() REPRESENTATION_CONTEXT('2D SPACE',''
  ) );
#89 = PCURVE('',#90,#95);
#90 = PLANE('',#91);
#91 = AXIS2_PLACEMENT_3D('',#92,#93,#94);
#92 = CARTESIAN_POINT('',(-4.506932864777E-16,-5.663202244558E-16,2.));
#93 = DIRECTION('',(0.,0.,1.));
#94 = DIRECTION('',(1.,0.,-0.));
#95 = DEFINITIONAL_REPRESENTATION('',(#96),#100);
#96 = LINE('',#97,#98);
#97 = CARTESIAN_POINT('',(7.296117649877,5.663202244558E-16));
#98 = VECTOR('',#99,1.);
#99 = DIRECTION('',(-3.607598938854E-02,0.999349049627));
#100 = ( GEOMETRIC_REPRESENTATION_CONTEXT(2) 
PARAMETRIC_REPRESENTATION_CONTEXT() REPRESENTATION_CONTEXT('2D SPACE',''
  ) );
#101 = ORIENTED_EDGE('',*,*,#102,.F.);
#102 = EDGE_CURVE('',#103,#75,#105,.T.);
#103 = VERTEX_POINT('',#104);
#104 = CARTESIAN_POINT('',(7.283541292514,0.348380487725,0.));
#105 = SURFACE_CURVE('',#106,(#110,#117),.PCURVE_S1.);
#106 = LINE('',#107,#108);
#107 = CARTESIAN_POINT('',(7.283541292514,0.348380487725,0.));
#108 = VECTOR('',#109,1.);
#109 = DIRECTION('',(0.,0.,1.));
#110 = PCURVE('',#50,#111);
#111 = DEFINITIONAL_REPRESENTATION('',(#112),#116);
#112 = LINE('',#113,#114);
#113 = CARTESIAN_POINT('',(0.348607413851,0.));
#114 = VECTOR('',#115,1.);
#115 = DIRECTION('',(0.,-1.));
#116 = ( GEOMETRIC_REPRESENTATION_CONTEXT(2) 
PARAMETRIC_REPRESENTATION_CONTEXT() REPRESENTATION_CONTEXT('2D SPACE',''
  ) );
#117 = PCURVE('',#118,#123);
#118 = PLANE('',#119);
#119 = AXIS2_PLACEMENT_3D('',#120,#121,#122);
#120 = CARTESIAN_POINT('',(7.283541292514,0.348380487725,0.));
#121 = DIRECTION('',(-0.994216311013,-0.107396121509,0.));
#122 = DIRECTION('',(-0.107396121509,0.994216311013,0.));
#123 = DEFINITIONAL_REPRESENTATION('',(#124),#128);
#124 = LINE('',#125,#126);
#125 = CARTESIAN_POINT('',(0.,0.));
#126 = VECTOR('',#127,1.);
#127 = DIRECTION('',(0.,-1.));
#128 = ( GEOMETRIC_REPRESENTATION_CONTEXT(2) 
PARAMETRIC_REPRESENTATION_CONTEXT() REPRESENTATION_CONTEXT('2D SPACE',''
  ) );
#129 = ORIENTED_EDGE('',*,*,#130,.F.);
#130 = EDGE_CURVE('',#40,#103,#131,.T.);
#131 = SURFACE_CURVE('',#132,(#136,#143),.PCURVE_S1.);
#132 = LINE('',#133,#134);
#133 = CARTESIAN_POINT('',(7.296117649877,0.,0.));
#134 = VECTOR('',#135,1.);
#135 = DIRECTION('',(-3.607598938854E-02,0.999349049627,0.));
#136 = PCURVE('',#50,#137);
#137 = DEFINITIONAL_REPRESENTATION('',(#138),#142);
#138 = LINE('',#139,#140);
#139 = CARTESIAN_POINT('',(0.,0.));
#140 = VECTOR('',#141,1.);
#141 = DIRECTION('',(1.,0.));
#142 = ( GEOMETRIC_REPRESENTATION_CONTEXT(2) 
PARAMETRIC_REPRESENTATION_CONTEXT() REPRESENTATION_CONTEXT('2D SPACE',''
  ) );
#143 = PCURVE('',#144,#149);
#144 = PLANE('',#145);
#145 = AXIS2_PLACEMENT_3D('',#146,#147,#148);
#146 = CARTESIAN_POINT('',(-4.506932864777E-16,-5.663202244558E-16,0.));
#147 = DIRECTION('',(0.,0.,1.));
#148 = DIRECTION('',(1.,0.,-0.));
#149 = DEFINITIONAL_REPRESENTATION('',(#150),#154);
#150 = LINE('',#151,#152);
#151 = CARTESIAN_POINT('',(7.296117649877,5.663202244558E-16));
#152 = VECTOR('',#153,1.);
#153 = DIRECTION('',(-3.607598938854E-02,0.999349049627));
#154 = ( GEOMETRIC_REPRESENTATION_CONTEXT(2) 
PARAMETRIC_REPRESENTATION_CONTEXT() REPRESENTATION_CONTEXT('2D SPACE',''
  ) );
#155 = ADVANCED_FACE('',(#156),#62,.F.);
#156 = FACE_BOUND('',#157,.F.);
#157 = EDGE_LOOP('',(#158,#188,#209,#210));
#158 = ORIENTED_EDGE('',*,*,#159,.T.);
#159 = EDGE_CURVE('',#160,#162,#164,.T.);
#160 = VERTEX_POINT('',#161);
#161 = CARTESIAN_POINT('',(7.283541292514,-0.348380487725,0.));
#162 = VERTEX_POINT('',#163);
#163 = CARTESIAN_POINT('',(7.283541292514,-0.348380487725,2.));
#164 = SURFACE_CURVE('',#165,(#169,#176),.PCURVE_S1.);
#165 = LINE('',#166,#167);
#166 = CARTESIAN_POINT('',(7.283541292514,-0.348380487725,0.));
#167 = VECTOR('',#168,1.);
#168 = DIRECTION('',(0.,0.,1.));
#169 = PCURVE('',#62,#170);
#170 = DEFINITIONAL_REPRESENTATION('',(#171),#175);
#171 = LINE('',#172,#173);
#172 = CARTESIAN_POINT('',(0.,0.));
#173 = VECTOR('',#174,1.);
#174 = DIRECTION('',(0.,-1.));
#175 = ( GEOMETRIC_REPRESENTATION_CONTEXT(2) 
PARAMETRIC_REPRESENTATION_CONTEXT() REPRESENTATION_CONTEXT('2D SPACE',''
  ) );
#176 = PCURVE('',#177,#182);
#177 = PLANE('',#178);
#178 = AXIS2_PLACEMENT_3D('',#179,#180,#181);
#179 = CARTESIAN_POINT('',(7.245999585084,-0.69592169634,0.));
#180 = DIRECTION('',(-0.994216311013,0.107396121509,0.));
#181 = DIRECTION('',(0.107396121509,0.994216311013,0.));
#182 = DEFINITIONAL_REPRESENTATION('',(#183),#187);
#183 = LINE('',#184,#185);
#184 = CARTESIAN_POINT('',(0.349562972127,0.));
#185 = VECTOR('',#186,1.);
#186 = DIRECTION('',(0.,-1.));
#187 = ( GEOMETRIC_REPRESENTATION_CONTEXT(2) 
PARAMETRIC_REPRESENTATION_CONTEXT() REPRESENTATION_CONTEXT('2D SPACE',''
  ) );
#188 = ORIENTED_EDGE('',*,*,#189,.T.);
#189 = EDGE_CURVE('',#162,#42,#190,.T.);
#190 = SURFACE_CURVE('',#191,(#195,#202),.PCURVE_S1.);
#191 = LINE('',#192,#193);
#192 = CARTESIAN_POINT('',(7.283541292514,-0.348380487725,2.));
#193 = VECTOR('',#194,1.);
#194 = DIRECTION('',(3.607598938854E-02,0.999349049627,0.));
#195 = PCURVE('',#62,#196);
#196 = DEFINITIONAL_REPRESENTATION('',(#197),#201);
#197 = LINE('',#198,#199);
#198 = CARTESIAN_POINT('',(0.,-2.));
#199 = VECTOR('',#200,1.);
#200 = DIRECTION('',(1.,0.));
#201 = ( GEOMETRIC_REPRESENTATION_CONTEXT(2) 
PARAMETRIC_REPRESENTATION_CONTEXT() REPRESENTATION_CONTEXT('2D SPACE',''
  ) );
#202 = PCURVE('',#90,#203);
#203 = DEFINITIONAL_REPRESENTATION('',(#204),#208);
#204 = LINE('',#205,#206);
#205 = CARTESIAN_POINT('',(7.283541292514,-0.348380487725));
#206 = VECTOR('',#207,1.);
#207 = DIRECTION('',(3.607598938854E-02,0.999349049627));
#208 = ( GEOMETRIC_REPRESENTATION_CONTEXT(2) 
PARAMETRIC_REPRESENTATION_CONTEXT() REPRESENTATION_CONTEXT('2D SPACE',''
  ) );
#209 = ORIENTED_EDGE('',*,*,#39,.F.);
#210 = ORIENTED_EDGE('',*,*,#211,.F.);
#211 = EDGE_CURVE('',#160,#40,#212,.T.);
#212 = SURFACE_CURVE('',#213,(#217,#224),.PCURVE_S1.);
#213 = LINE('',#214,#215);
#214 = CARTESIAN_POINT('',(7.283541292514,-0.348380487725,0.));
#215 = VECTOR('',#216,1.);
#216 = DIRECTION('',(3.607598938854E-02,0.999349049627,0.));
#217 = PCURVE('',#62,#218);
#218 = DEFINITIONAL_REPRESENTATION('',(#219),#223);
#219 = LINE('',#220,#221);
#220 = CARTESIAN_POINT('',(0.,0.));
#221 = VECTOR('',#222,1.);
#222 = DIRECTION('',(1.,0.));
#223 = ( GEOMETRIC_REPRESENTATION_CONTEXT(2) 
PARAMETRIC_REPRESENTATION_CONTEXT() REPRESENTATION_CONTEXT('2D SPACE',''
  ) );
#224 = PCURVE('',#144,#225);
#225 = DEFINITIONAL_REPRESENTATION('',(#226),#230);
#226 = LINE('',#227,#228);
#227 = CARTESIAN_POINT('',(7.283541292514,-0.348380487725));
#228 = VECTOR('',#229,1.);
#229 = DIRECTION('',(3.607598938854E-02,0.999349049627));
#230 = ( GEOMETRIC_REPRESENTATION_CONTEXT(2) 
PARAMETRIC_REPRESENTATION_CONTEXT() REPRESENTATION_CONTEXT('2D SPACE',''
  ) );
#231 = ADVANCED_FACE('',(#232),#118,.F.);
#232 = FACE_BOUND('',#233,.F.);
#233 = EDGE_LOOP('',(#234,#235,#258,#286));
#234 = ORIENTED_EDGE('',*,*,#102,.T.);
#235 = ORIENTED_EDGE('',*,*,#236,.T.);
#236 = EDGE_CURVE('',#75,#237,#239,.T.);
#237 = VERTEX_POINT('',#238);
#238 = CARTESIAN_POINT('',(7.245999585084,0.69592169634,2.));
#239 = SURFACE_CURVE('',#240,(#244,#251),.PCURVE_S1.);
#240 = LINE('',#241,#242);
#241 = CARTESIAN_POINT('',(7.283541292514,0.348380487725,2.));
#242 = VECTOR('',#243,1.);
#243 = DIRECTION('',(-0.107396121509,0.994216311013,0.));
#244 = PCURVE('',#118,#245);
#245 = DEFINITIONAL_REPRESENTATION('',(#246),#250);
#246 = LINE('',#247,#248);
#247 = CARTESIAN_POINT('',(0.,-2.));
#248 = VECTOR('',#249,1.);
#249 = DIRECTION('',(1.,0.));
#250 = ( GEOMETRIC_REPRESENTATION_CONTEXT(2) 
PARAMETRIC_REPRESENTATION_CONTEXT() REPRESENTATION_CONTEXT('2D SPACE',''
  ) );
#251 = PCURVE('',#90,#252);
#252 = DEFINITIONAL_REPRESENTATION('',(#253),#257);
#253 = LINE('',#254,#255);
#254 = CARTESIAN_POINT('',(7.283541292514,0.348380487725));
#255 = VECTOR('',#256,1.);
#256 = DIRECTION('',(-0.107396121509,0.994216311013));
#257 = ( GEOMETRIC_REPRESENTATION_CONTEXT(2) 
PARAMETRIC_REPRESENTATION_CONTEXT() REPRESENTATION_CONTEXT('2D SPACE',''
  ) );
#258 = ORIENTED_EDGE('',*,*,#259,.F.);
#259 = EDGE_CURVE('',#260,#237,#262,.T.);
#260 = VERTEX_POINT('',#261);
#261 = CARTESIAN_POINT('',(7.245999585084,0.69592169634,0.));
#262 = SURFACE_CURVE('',#263,(#267,#274),.PCURVE_S1.);
#263 = LINE('',#264,#265);
#264 = CARTESIAN_POINT('',(7.245999585084,0.69592169634,0.));
#265 = VECTOR('',#266,1.);
#266 = DIRECTION('',(0.,0.,1.));
#267 = PCURVE('',#118,#268);
#268 = DEFINITIONAL_REPRESENTATION('',(#269),#273);
#269 = LINE('',#270,#271);
#270 = CARTESIAN_POINT('',(0.349562972127,0.));
#271 = VECTOR('',#272,1.);
#272 = DIRECTION('',(0.,-1.));
#273 = ( GEOMETRIC_REPRESENTATION_CONTEXT(2) 
PARAMETRIC_REPRESENTATION_CONTEXT() REPRESENTATION_CONTEXT('2D SPACE',''
  ) );
#274 = PCURVE('',#275,#280);
#275 = PLANE('',#276);
#276 = AXIS2_PLACEMENT_3D('',#277,#278,#279);
#277 = CARTESIAN_POINT('',(7.245999585084,0.69592169634,0.));
#278 = DIRECTION('',(-0.984330489087,-0.176333457556,0.));
#279 = DIRECTION('',(-0.176333457556,0.984330489087,0.));
#280 = DEFINITIONAL_REPRESENTATION('',(#281),#285);
#281 = LINE('',#282,#283);
#282 = CARTESIAN_POINT('',(0.,0.));
#283 = VECTOR('',#284,1.);
#284 = DIRECTION('',(0.,-1.));
#285 = ( GEOMETRIC_REPRESENTATION_CONTEXT(2) 
PARAMETRIC_REPRESENTATION_CONTEXT() REPRESENTATION_CONTEXT('2D SPACE',''
  ) );
#286 = ORIENTED_EDGE('',*,*,#287,.F.);
#287 = EDGE_CURVE('',#103,#260,#288,.T.);
#288 = SURFACE_CURVE('',#289,(#293,#300),.PCURVE_S1.);
#289 = LINE('',#290,#291);
#290 = CARTESIAN_POINT('',(7.283541292514,0.348380487725,0.));
#291 = VECTOR('',#292,1.);
#292 = DIRECTION('',(-0.107396121509,0.994216311013,0.));
#293 = PCURVE('',#118,#294);
#294 = DEFINITIONAL_REPRESENTATION('',(#295),#299);
#295 = LINE('',#296,#297);
#296 = CARTESIAN_POINT('',(0.,0.));
#297 = VECTOR('',#298,1.);
#298 = DIRECTION('',(1.,0.));
#299 = ( GEOMETRIC_REPRESENTATION_CONTEXT(2) 
PARAMETRIC_REPRESENTATION_CONTEXT() REPRESENTATION_CONTEXT('2D SPACE',''
  ) );
#300 = PCURVE('',#144,#301);
#301 = DEFINITIONAL_REPRESENTATION('',(#302),#306);
#302 = LINE('',#303,#304);
#303 = CARTESIAN_POINT('',(7.283541292514,0.348380487725));
#304 = VECTOR('',#305,1.);
#305 = DIRECTION('',(-0.107396121509,0.994216311013));
#306 = ( GEOMETRIC_REPRESENTATION_CONTEXT(2) 
PARAMETRIC_REPRESENTATION_CONTEXT() REPRESENTATION_CONTEXT('2D SPACE',''
  ) );
#307 = ADVANCED_FACE('',(#308),#144,.F.);
#308 = FACE_BOUND('',#309,.F.);
#309 = EDGE_LOOP('',(#310,#311,#312,#335,#363,#391,#419,#447,#475,#503,
    #531,#559,#587,#615,#643,#671,#699,#727,#755,#783,#811,#839,#867,
    #895,#923,#951,#979,#1007,#1035,#1063,#1091,#1119,#1147,#1175,#1203,
    #1231,#1259,#1287,#1315,#1343,#1371,#1399,#1427,#1455,#1483,#1511,
    #1539,#1567,#1595,#1623,#1651,#1679,#1707,#1735,#1763,#1791,#1819,
    #1847,#1875,#1903,#1931,#1959,#1987,#2015,#2043,#2071,#2099,#2127,
    #2155,#2183,#2211,#2239,#2267,#2295,#2323,#2351,#2379,#2407,#2435,
    #2463,#2491,#2519,#2547,#2575,#2603,#2631,#2659,#2687,#2715,#2743,
    #2771,#2799,#2827,#2855,#2883,#2911,#2939,#2967,#2995,#3023,#3051,
    #3079,#3107,#3135,#3163,#3191,#3219,#3247,#3275,#3303,#3331,#3359,
    #3387,#3415,#3443,#3471,#3499,#3527,#3555,#3583,#3611,#3639,#3667,
    #3695,#3723,#3751,#3779,#3800));
#310 = ORIENTED_EDGE('',*,*,#130,.T.);
#311 = ORIENTED_EDGE('',*,*,#287,.T.);
#312 = ORIENTED_EDGE('',*,*,#313,.T.);
#313 = EDGE_CURVE('',#260,#314,#316,.T.);
#314 = VERTEX_POINT('',#315);
#315 = CARTESIAN_POINT('',(7.184041214204,1.041786368633,0.));
#316 = SURFACE_CURVE('',#317,(#321,#328),.PCURVE_S1.);
#317 = LINE('',#318,#319);
#318 = CARTESIAN_POINT('',(7.245999585084,0.69592169634,0.));
#319 = VECTOR('',#320,1.);
#320 = DIRECTION('',(-0.176333457556,0.984330489087,0.));
#321 = PCURVE('',#144,#322);
#322 = DEFINITIONAL_REPRESENTATION('',(#323),#327);
#323 = LINE('',#324,#325);
#324 = CARTESIAN_POINT('',(7.245999585084,0.69592169634));
#325 = VECTOR('',#326,1.);
#326 = DIRECTION('',(-0.176333457556,0.984330489087));
#327 = ( GEOMETRIC_REPRESENTATION_CONTEXT(2) 
PARAMETRIC_REPRESENTATION_CONTEXT() REPRESENTATION_CONTEXT('2D SPACE',''
  ) );
#328 = PCURVE('',#275,#329);
#329 = DEFINITIONAL_REPRESENTATION('',(#330),#334);
#330 = LINE('',#331,#332);
#331 = CARTESIAN_POINT('',(0.,0.));
#332 = VECTOR('',#333,1.);
#333 = DIRECTION('',(1.,0.));
#334 = ( GEOMETRIC_REPRESENTATION_CONTEXT(2) 
PARAMETRIC_REPRESENTATION_CONTEXT() REPRESENTATION_CONTEXT('2D SPACE',''
  ) );
#335 = ORIENTED_EDGE('',*,*,#336,.T.);
#336 = EDGE_CURVE('',#314,#337,#339,.T.);
#337 = VERTEX_POINT('',#338);
#338 = CARTESIAN_POINT('',(7.098538155264,1.385141286315,0.));
#339 = SURFACE_CURVE('',#340,(#344,#351),.PCURVE_S1.);
#340 = LINE('',#341,#342);
#341 = CARTESIAN_POINT('',(7.184041214204,1.041786368633,0.));
#342 = VECTOR('',#343,1.);
#343 = DIRECTION('',(-0.241642677061,0.970365300607,0.));
#344 = PCURVE('',#144,#345);
#345 = DEFINITIONAL_REPRESENTATION('',(#346),#350);
#346 = LINE('',#347,#348);
#347 = CARTESIAN_POINT('',(7.184041214204,1.041786368633));
#348 = VECTOR('',#349,1.);
#349 = DIRECTION('',(-0.241642677061,0.970365300607));
#350 = ( GEOMETRIC_REPRESENTATION_CONTEXT(2) 
PARAMETRIC_REPRESENTATION_CONTEXT() REPRESENTATION_CONTEXT('2D SPACE',''
  ) );
#351 = PCURVE('',#352,#357);
#352 = PLANE('',#353);
#353 = AXIS2_PLACEMENT_3D('',#354,#355,#356);
#354 = CARTESIAN_POINT('',(7.184041214204,1.041786368633,0.));
#355 = DIRECTION('',(-0.970365300607,-0.241642677061,0.));
#356 = DIRECTION('',(-0.241642677061,0.970365300607,0.));
#357 = DEFINITIONAL_REPRESENTATION('',(#358),#362);
#358 = LINE('',#359,#360);
#359 = CARTESIAN_POINT('',(0.,0.));
#360 = VECTOR('',#361,1.);
#361 = DIRECTION('',(1.,0.));
#362 = ( GEOMETRIC_REPRESENTATION_CONTEXT(2) 
PARAMETRIC_REPRESENTATION_CONTEXT() REPRESENTATION_CONTEXT('2D SPACE',''
  ) );
#363 = ORIENTED_EDGE('',*,*,#364,.T.);
#364 = EDGE_CURVE('',#337,#365,#367,.T.);
#365 = VERTEX_POINT('',#366);
#366 = CARTESIAN_POINT('',(6.990628959937,1.725159277313,0.));
#367 = SURFACE_CURVE('',#368,(#372,#379),.PCURVE_S1.);
#368 = LINE('',#369,#370);
#369 = CARTESIAN_POINT('',(7.098538155264,1.385141286315,0.));
#370 = VECTOR('',#371,1.);
#371 = DIRECTION('',(-0.3024950326,0.953150961418,0.));
#372 = PCURVE('',#144,#373);
#373 = DEFINITIONAL_REPRESENTATION('',(#374),#378);
#374 = LINE('',#375,#376);
#375 = CARTESIAN_POINT('',(7.098538155264,1.385141286315));
#376 = VECTOR('',#377,1.);
#377 = DIRECTION('',(-0.3024950326,0.953150961418));
#378 = ( GEOMETRIC_REPRESENTATION_CONTEXT(2) 
PARAMETRIC_REPRESENTATION_CONTEXT() REPRESENTATION_CONTEXT('2D SPACE',''
  ) );
#379 = PCURVE('',#380,#385);
#380 = PLANE('',#381);
#381 = AXIS2_PLACEMENT_3D('',#382,#383,#384);
#382 = CARTESIAN_POINT('',(7.098538155264,1.385141286315,0.));
#383 = DIRECTION('',(-0.953150961418,-0.3024950326,0.));
#384 = DIRECTION('',(-0.3024950326,0.953150961418,0.));
#385 = DEFINITIONAL_REPRESENTATION('',(#386),#390);
#386 = LINE('',#387,#388);
#387 = CARTESIAN_POINT('',(0.,0.));
#388 = VECTOR('',#389,1.);
#389 = DIRECTION('',(1.,0.));
#390 = ( GEOMETRIC_REPRESENTATION_CONTEXT(2) 
PARAMETRIC_REPRESENTATION_CONTEXT() REPRESENTATION_CONTEXT('2D SPACE',''
  ) );
#391 = ORIENTED_EDGE('',*,*,#392,.T.);
#392 = EDGE_CURVE('',#365,#393,#395,.T.);
#393 = VERTEX_POINT('',#394);
#394 = CARTESIAN_POINT('',(6.861651472224,2.061021208507,0.));
#395 = SURFACE_CURVE('',#396,(#400,#407),.PCURVE_S1.);
#396 = LINE('',#397,#398);
#397 = CARTESIAN_POINT('',(6.990628959937,1.725159277313,0.));
#398 = VECTOR('',#399,1.);
#399 = DIRECTION('',(-0.358494334287,0.933531902124,0.));
#400 = PCURVE('',#144,#401);
#401 = DEFINITIONAL_REPRESENTATION('',(#402),#406);
#402 = LINE('',#403,#404);
#403 = CARTESIAN_POINT('',(6.990628959937,1.725159277313));
#404 = VECTOR('',#405,1.);
#405 = DIRECTION('',(-0.358494334287,0.933531902124));
#406 = ( GEOMETRIC_REPRESENTATION_CONTEXT(2) 
PARAMETRIC_REPRESENTATION_CONTEXT() REPRESENTATION_CONTEXT('2D SPACE',''
  ) );
#407 = PCURVE('',#408,#413);
#408 = PLANE('',#409);
#409 = AXIS2_PLACEMENT_3D('',#410,#411,#412);
#410 = CARTESIAN_POINT('',(6.990628959937,1.725159277313,0.));
#411 = DIRECTION('',(-0.933531902124,-0.358494334287,0.));
#412 = DIRECTION('',(-0.358494334287,0.933531902124,0.));
#413 = DEFINITIONAL_REPRESENTATION('',(#414),#418);
#414 = LINE('',#415,#416);
#415 = CARTESIAN_POINT('',(0.,0.));
#416 = VECTOR('',#417,1.);
#417 = DIRECTION('',(1.,0.));
#418 = ( GEOMETRIC_REPRESENTATION_CONTEXT(2) 
PARAMETRIC_REPRESENTATION_CONTEXT() REPRESENTATION_CONTEXT('2D SPACE',''
  ) );
#419 = ORIENTED_EDGE('',*,*,#420,.T.);
#420 = EDGE_CURVE('',#393,#421,#423,.T.);
#421 = VERTEX_POINT('',#422);
#422 = CARTESIAN_POINT('',(6.713073308226,2.391917959085,0.));
#423 = SURFACE_CURVE('',#424,(#428,#435),.PCURVE_S1.);
#424 = LINE('',#425,#426);
#425 = CARTESIAN_POINT('',(6.861651472224,2.061021208507,0.));
#426 = VECTOR('',#427,1.);
#427 = DIRECTION('',(-0.409618568775,0.912256887129,0.));
#428 = PCURVE('',#144,#429);
#429 = DEFINITIONAL_REPRESENTATION('',(#430),#434);
#430 = LINE('',#431,#432);
#431 = CARTESIAN_POINT('',(6.861651472224,2.061021208507));
#432 = VECTOR('',#433,1.);
#433 = DIRECTION('',(-0.409618568775,0.912256887129));
#434 = ( GEOMETRIC_REPRESENTATION_CONTEXT(2) 
PARAMETRIC_REPRESENTATION_CONTEXT() REPRESENTATION_CONTEXT('2D SPACE',''
  ) );
#435 = PCURVE('',#436,#441);
#436 = PLANE('',#437);
#437 = AXIS2_PLACEMENT_3D('',#438,#439,#440);
#438 = CARTESIAN_POINT('',(6.861651472224,2.061021208507,0.));
#439 = DIRECTION('',(-0.912256887129,-0.409618568775,0.));
#440 = DIRECTION('',(-0.409618568775,0.912256887129,0.));
#441 = DEFINITIONAL_REPRESENTATION('',(#442),#446);
#442 = LINE('',#443,#444);
#443 = CARTESIAN_POINT('',(0.,0.));
#444 = VECTOR('',#445,1.);
#445 = DIRECTION('',(1.,0.));
#446 = ( GEOMETRIC_REPRESENTATION_CONTEXT(2) 
PARAMETRIC_REPRESENTATION_CONTEXT() REPRESENTATION_CONTEXT('2D SPACE',''
  ) );
#447 = ORIENTED_EDGE('',*,*,#448,.T.);
#448 = EDGE_CURVE('',#421,#449,#451,.T.);
#449 = VERTEX_POINT('',#450);
#450 = CARTESIAN_POINT('',(6.546427054942,2.717052369792,0.));
#451 = SURFACE_CURVE('',#452,(#456,#463),.PCURVE_S1.);
#452 = LINE('',#453,#454);
#453 = CARTESIAN_POINT('',(6.713073308226,2.391917959085,0.));
#454 = VECTOR('',#455,1.);
#455 = DIRECTION('',(-0.456123019692,0.88991673257,0.));
#456 = PCURVE('',#144,#457);
#457 = DEFINITIONAL_REPRESENTATION('',(#458),#462);
#458 = LINE('',#459,#460);
#459 = CARTESIAN_POINT('',(6.713073308226,2.391917959085));
#460 = VECTOR('',#461,1.);
#461 = DIRECTION('',(-0.456123019692,0.88991673257));
#462 = ( GEOMETRIC_REPRESENTATION_CONTEXT(2) 
PARAMETRIC_REPRESENTATION_CONTEXT() REPRESENTATION_CONTEXT('2D SPACE',''
  ) );
#463 = PCURVE('',#464,#469);
#464 = PLANE('',#465);
#465 = AXIS2_PLACEMENT_3D('',#466,#467,#468);
#466 = CARTESIAN_POINT('',(6.713073308226,2.391917959085,0.));
#467 = DIRECTION('',(-0.88991673257,-0.456123019692,0.));
#468 = DIRECTION('',(-0.456123019692,0.88991673257,0.));
#469 = DEFINITIONAL_REPRESENTATION('',(#470),#474);
#470 = LINE('',#471,#472);
#471 = CARTESIAN_POINT('',(0.,0.));
#472 = VECTOR('',#473,1.);
#473 = DIRECTION('',(1.,0.));
#474 = ( GEOMETRIC_REPRESENTATION_CONTEXT(2) 
PARAMETRIC_REPRESENTATION_CONTEXT() REPRESENTATION_CONTEXT('2D SPACE',''
  ) );
#475 = ORIENTED_EDGE('',*,*,#476,.T.);
#476 = EDGE_CURVE('',#449,#477,#479,.T.);
#477 = VERTEX_POINT('',#478);
#478 = CARTESIAN_POINT('',(6.363254876269,3.035641163355,0.));
#479 = SURFACE_CURVE('',#480,(#484,#491),.PCURVE_S1.);
#480 = LINE('',#481,#482);
#481 = CARTESIAN_POINT('',(6.546427054942,2.717052369792,0.));
#482 = VECTOR('',#483,1.);
#483 = DIRECTION('',(-0.498437631463,0.866925560554,0.));
#484 = PCURVE('',#144,#485);
#485 = DEFINITIONAL_REPRESENTATION('',(#486),#490);
#486 = LINE('',#487,#488);
#487 = CARTESIAN_POINT('',(6.546427054942,2.717052369792));
#488 = VECTOR('',#489,1.);
#489 = DIRECTION('',(-0.498437631463,0.866925560554));
#490 = ( GEOMETRIC_REPRESENTATION_CONTEXT(2) 
PARAMETRIC_REPRESENTATION_CONTEXT() REPRESENTATION_CONTEXT('2D SPACE',''
  ) );
#491 = PCURVE('',#492,#497);
#492 = PLANE('',#493);
#493 = AXIS2_PLACEMENT_3D('',#494,#495,#496);
#494 = CARTESIAN_POINT('',(6.546427054942,2.717052369792,0.));
#495 = DIRECTION('',(-0.866925560554,-0.498437631463,0.));
#496 = DIRECTION('',(-0.498437631463,0.866925560554,0.));
#497 = DEFINITIONAL_REPRESENTATION('',(#498),#502);
#498 = LINE('',#499,#500);
#499 = CARTESIAN_POINT('',(0.,0.));
#500 = VECTOR('',#501,1.);
#501 = DIRECTION('',(1.,0.));
#502 = ( GEOMETRIC_REPRESENTATION_CONTEXT(2) 
PARAMETRIC_REPRESENTATION_CONTEXT() REPRESENTATION_CONTEXT('2D SPACE',''
  ) );
#503 = ORIENTED_EDGE('',*,*,#504,.T.);
#504 = EDGE_CURVE('',#477,#505,#507,.T.);
#505 = VERTEX_POINT('',#506);
#506 = CARTESIAN_POINT('',(6.165064813492,3.346916831465,0.));
#507 = SURFACE_CURVE('',#508,(#512,#519),.PCURVE_S1.);
#508 = LINE('',#509,#510);
#509 = CARTESIAN_POINT('',(6.363254876269,3.035641163355,0.));
#510 = VECTOR('',#511,1.);
#511 = DIRECTION('',(-0.537079057675,0.843531911552,0.));
#512 = PCURVE('',#144,#513);
#513 = DEFINITIONAL_REPRESENTATION('',(#514),#518);
#514 = LINE('',#515,#516);
#515 = CARTESIAN_POINT('',(6.363254876269,3.035641163355));
#516 = VECTOR('',#517,1.);
#517 = DIRECTION('',(-0.537079057675,0.843531911552));
#518 = ( GEOMETRIC_REPRESENTATION_CONTEXT(2) 
PARAMETRIC_REPRESENTATION_CONTEXT() REPRESENTATION_CONTEXT('2D SPACE',''
  ) );
#519 = PCURVE('',#520,#525);
#520 = PLANE('',#521);
#521 = AXIS2_PLACEMENT_3D('',#522,#523,#524);
#522 = CARTESIAN_POINT('',(6.363254876269,3.035641163355,0.));
#523 = DIRECTION('',(-0.843531911552,-0.537079057675,0.));
#524 = DIRECTION('',(-0.537079057675,0.843531911552,0.));
#525 = DEFINITIONAL_REPRESENTATION('',(#526),#530);
#526 = LINE('',#527,#528);
#527 = CARTESIAN_POINT('',(0.,0.));
#528 = VECTOR('',#529,1.);
#529 = DIRECTION('',(1.,0.));
#530 = ( GEOMETRIC_REPRESENTATION_CONTEXT(2) 
PARAMETRIC_REPRESENTATION_CONTEXT() REPRESENTATION_CONTEXT('2D SPACE',''
  ) );
#531 = ORIENTED_EDGE('',*,*,#532,.T.);
#532 = EDGE_CURVE('',#505,#533,#535,.T.);
#533 = VERTEX_POINT('',#534);
#534 = CARTESIAN_POINT('',(5.953299067323,3.650129483772,0.));
#535 = SURFACE_CURVE('',#536,(#540,#547),.PCURVE_S1.);
#536 = LINE('',#537,#538);
#537 = CARTESIAN_POINT('',(6.165064813492,3.346916831465,0.));
#538 = VECTOR('',#539,1.);
#539 = DIRECTION('',(-0.572585328809,0.819845132469,0.));
#540 = PCURVE('',#144,#541);
#541 = DEFINITIONAL_REPRESENTATION('',(#542),#546);
#542 = LINE('',#543,#544);
#543 = CARTESIAN_POINT('',(6.165064813492,3.346916831465));
#544 = VECTOR('',#545,1.);
#545 = DIRECTION('',(-0.572585328809,0.819845132469));
#546 = ( GEOMETRIC_REPRESENTATION_CONTEXT(2) 
PARAMETRIC_REPRESENTATION_CONTEXT() REPRESENTATION_CONTEXT('2D SPACE',''
  ) );
#547 = PCURVE('',#548,#553);
#548 = PLANE('',#549);
#549 = AXIS2_PLACEMENT_3D('',#550,#551,#552);
#550 = CARTESIAN_POINT('',(6.165064813492,3.346916831465,0.));
#551 = DIRECTION('',(-0.819845132469,-0.572585328809,0.));
#552 = DIRECTION('',(-0.572585328809,0.819845132469,0.));
#553 = DEFINITIONAL_REPRESENTATION('',(#554),#558);
#554 = LINE('',#555,#556);
#555 = CARTESIAN_POINT('',(0.,0.));
#556 = VECTOR('',#557,1.);
#557 = DIRECTION('',(1.,0.));
#558 = ( GEOMETRIC_REPRESENTATION_CONTEXT(2) 
PARAMETRIC_REPRESENTATION_CONTEXT() REPRESENTATION_CONTEXT('2D SPACE',''
  ) );
#559 = ORIENTED_EDGE('',*,*,#560,.T.);
#560 = EDGE_CURVE('',#533,#561,#563,.T.);
#561 = VERTEX_POINT('',#562);
#562 = CARTESIAN_POINT('',(5.729313187106,3.944548654439,0.));
#563 = SURFACE_CURVE('',#564,(#568,#575),.PCURVE_S1.);
#564 = LINE('',#565,#566);
#565 = CARTESIAN_POINT('',(5.953299067323,3.650129483772,0.));
#566 = VECTOR('',#567,1.);
#567 = DIRECTION('',(-0.605472685324,0.795866086302,0.));
#568 = PCURVE('',#144,#569);
#569 = DEFINITIONAL_REPRESENTATION('',(#570),#574);
#570 = LINE('',#571,#572);
#571 = CARTESIAN_POINT('',(5.953299067323,3.650129483772));
#572 = VECTOR('',#573,1.);
#573 = DIRECTION('',(-0.605472685324,0.795866086302));
#574 = ( GEOMETRIC_REPRESENTATION_CONTEXT(2) 
PARAMETRIC_REPRESENTATION_CONTEXT() REPRESENTATION_CONTEXT('2D SPACE',''
  ) );
#575 = PCURVE('',#576,#581);
#576 = PLANE('',#577);
#577 = AXIS2_PLACEMENT_3D('',#578,#579,#580);
#578 = CARTESIAN_POINT('',(5.953299067323,3.650129483772,0.));
#579 = DIRECTION('',(-0.795866086302,-0.605472685324,0.));
#580 = DIRECTION('',(-0.605472685324,0.795866086302,0.));
#581 = DEFINITIONAL_REPRESENTATION('',(#582),#586);
#582 = LINE('',#583,#584);
#583 = CARTESIAN_POINT('',(0.,0.));
#584 = VECTOR('',#585,1.);
#585 = DIRECTION('',(1.,0.));
#586 = ( GEOMETRIC_REPRESENTATION_CONTEXT(2) 
PARAMETRIC_REPRESENTATION_CONTEXT() REPRESENTATION_CONTEXT('2D SPACE',''
  ) );
#587 = ORIENTED_EDGE('',*,*,#588,.T.);
#588 = EDGE_CURVE('',#561,#589,#591,.T.);
#589 = VERTEX_POINT('',#590);
#590 = CARTESIAN_POINT('',(5.494364368009,4.229465061896,0.));
#591 = SURFACE_CURVE('',#592,(#596,#603),.PCURVE_S1.);
#592 = LINE('',#593,#594);
#593 = CARTESIAN_POINT('',(5.729313187106,3.944548654439,0.));
#594 = VECTOR('',#595,1.);
#595 = DIRECTION('',(-0.636210187902,0.771515778717,0.));
#596 = PCURVE('',#144,#597);
#597 = DEFINITIONAL_REPRESENTATION('',(#598),#602);
#598 = LINE('',#599,#600);
#599 = CARTESIAN_POINT('',(5.729313187106,3.944548654439));
#600 = VECTOR('',#601,1.);
#601 = DIRECTION('',(-0.636210187902,0.771515778717));
#602 = ( GEOMETRIC_REPRESENTATION_CONTEXT(2) 
PARAMETRIC_REPRESENTATION_CONTEXT() REPRESENTATION_CONTEXT('2D SPACE',''
  ) );
#603 = PCURVE('',#604,#609);
#604 = PLANE('',#605);
#605 = AXIS2_PLACEMENT_3D('',#606,#607,#608);
#606 = CARTESIAN_POINT('',(5.729313187106,3.944548654439,0.));
#607 = DIRECTION('',(-0.771515778717,-0.636210187902,0.));
#608 = DIRECTION('',(-0.636210187902,0.771515778717,0.));
#609 = DEFINITIONAL_REPRESENTATION('',(#610),#614);
#610 = LINE('',#611,#612);
#611 = CARTESIAN_POINT('',(0.,0.));
#612 = VECTOR('',#613,1.);
#613 = DIRECTION('',(1.,0.));
#614 = ( GEOMETRIC_REPRESENTATION_CONTEXT(2) 
PARAMETRIC_REPRESENTATION_CONTEXT() REPRESENTATION_CONTEXT('2D SPACE',''
  ) );
#615 = ORIENTED_EDGE('',*,*,#616,.T.);
#616 = EDGE_CURVE('',#589,#617,#619,.T.);
#617 = VERTEX_POINT('',#618);
#618 = CARTESIAN_POINT('',(5.249606833062,4.504192317562,0.));
#619 = SURFACE_CURVE('',#620,(#624,#631),.PCURVE_S1.);
#620 = LINE('',#621,#622);
#621 = CARTESIAN_POINT('',(5.494364368009,4.229465061896,0.));
#622 = VECTOR('',#623,1.);
#623 = DIRECTION('',(-0.665206838158,0.746659134055,0.));
#624 = PCURVE('',#144,#625);
#625 = DEFINITIONAL_REPRESENTATION('',(#626),#630);
#626 = LINE('',#627,#628);
#627 = CARTESIAN_POINT('',(5.494364368009,4.229465061896));
#628 = VECTOR('',#629,1.);
#629 = DIRECTION('',(-0.665206838158,0.746659134055));
#630 = ( GEOMETRIC_REPRESENTATION_CONTEXT(2) 
PARAMETRIC_REPRESENTATION_CONTEXT() REPRESENTATION_CONTEXT('2D SPACE',''
  ) );
#631 = PCURVE('',#632,#637);
#632 = PLANE('',#633);
#633 = AXIS2_PLACEMENT_3D('',#634,#635,#636);
#634 = CARTESIAN_POINT('',(5.494364368009,4.229465061896,0.));
#635 = DIRECTION('',(-0.746659134055,-0.665206838158,0.));
#636 = DIRECTION('',(-0.665206838158,0.746659134055,0.));
#637 = DEFINITIONAL_REPRESENTATION('',(#638),#642);
#638 = LINE('',#639,#640);
#639 = CARTESIAN_POINT('',(0.,0.));
#640 = VECTOR('',#641,1.);
#641 = DIRECTION('',(1.,0.));
#642 = ( GEOMETRIC_REPRESENTATION_CONTEXT(2) 
PARAMETRIC_REPRESENTATION_CONTEXT() REPRESENTATION_CONTEXT('2D SPACE',''
  ) );
#643 = ORIENTED_EDGE('',*,*,#644,.T.);
#644 = EDGE_CURVE('',#617,#645,#647,.T.);
#645 = VERTEX_POINT('',#646);
#646 = CARTESIAN_POINT('',(4.996092379413,4.768068579414,0.));
#647 = SURFACE_CURVE('',#648,(#652,#659),.PCURVE_S1.);
#648 = LINE('',#649,#650);
#649 = CARTESIAN_POINT('',(5.249606833062,4.504192317562,0.));
#650 = VECTOR('',#651,1.);
#651 = DIRECTION('',(-0.692806597998,0.721123441423,0.));
#652 = PCURVE('',#144,#653);
#653 = DEFINITIONAL_REPRESENTATION('',(#654),#658);
#654 = LINE('',#655,#656);
#655 = CARTESIAN_POINT('',(5.249606833062,4.504192317562));
#656 = VECTOR('',#657,1.);
#657 = DIRECTION('',(-0.692806597998,0.721123441423));
#658 = ( GEOMETRIC_REPRESENTATION_CONTEXT(2) 
PARAMETRIC_REPRESENTATION_CONTEXT() REPRESENTATION_CONTEXT('2D SPACE',''
  ) );
#659 = PCURVE('',#660,#665);
#660 = PLANE('',#661);
#661 = AXIS2_PLACEMENT_3D('',#662,#663,#664);
#662 = CARTESIAN_POINT('',(5.249606833062,4.504192317562,0.));
#663 = DIRECTION('',(-0.721123441423,-0.692806597998,0.));
#664 = DIRECTION('',(-0.692806597998,0.721123441423,0.));
#665 = DEFINITIONAL_REPRESENTATION('',(#666),#670);
#666 = LINE('',#667,#668);
#667 = CARTESIAN_POINT('',(0.,0.));
#668 = VECTOR('',#669,1.);
#669 = DIRECTION('',(1.,0.));
#670 = ( GEOMETRIC_REPRESENTATION_CONTEXT(2) 
PARAMETRIC_REPRESENTATION_CONTEXT() REPRESENTATION_CONTEXT('2D SPACE',''
  ) );
#671 = ORIENTED_EDGE('',*,*,#672,.T.);
#672 = EDGE_CURVE('',#645,#673,#675,.T.);
#673 = VERTEX_POINT('',#674);
#674 = CARTESIAN_POINT('',(4.734774442381,5.020458146424,0.));
#675 = SURFACE_CURVE('',#676,(#680,#687),.PCURVE_S1.);
#676 = LINE('',#677,#678);
#677 = CARTESIAN_POINT('',(4.996092379413,4.768068579414,0.));
#678 = VECTOR('',#679,1.);
#679 = DIRECTION('',(-0.719287850267,0.694712162308,0.));
#680 = PCURVE('',#144,#681);
#681 = DEFINITIONAL_REPRESENTATION('',(#682),#686);
#682 = LINE('',#683,#684);
#683 = CARTESIAN_POINT('',(4.996092379413,4.768068579414));
#684 = VECTOR('',#685,1.);
#685 = DIRECTION('',(-0.719287850267,0.694712162308));
#686 = ( GEOMETRIC_REPRESENTATION_CONTEXT(2) 
PARAMETRIC_REPRESENTATION_CONTEXT() REPRESENTATION_CONTEXT('2D SPACE',''
  ) );
#687 = PCURVE('',#688,#693);
#688 = PLANE('',#689);
#689 = AXIS2_PLACEMENT_3D('',#690,#691,#692);
#690 = CARTESIAN_POINT('',(4.996092379413,4.768068579414,0.));
#691 = DIRECTION('',(-0.694712162308,-0.719287850267,0.));
#692 = DIRECTION('',(-0.719287850267,0.694712162308,0.));
#693 = DEFINITIONAL_REPRESENTATION('',(#694),#698);
#694 = LINE('',#695,#696);
#695 = CARTESIAN_POINT('',(0.,0.));
#696 = VECTOR('',#697,1.);
#697 = DIRECTION('',(1.,0.));
#698 = ( GEOMETRIC_REPRESENTATION_CONTEXT(2) 
PARAMETRIC_REPRESENTATION_CONTEXT() REPRESENTATION_CONTEXT('2D SPACE',''
  ) );
#699 = ORIENTED_EDGE('',*,*,#700,.T.);
#700 = EDGE_CURVE('',#673,#701,#703,.T.);
#701 = VERTEX_POINT('',#702);
#702 = CARTESIAN_POINT('',(4.466514364942,5.26075299002,0.));
#703 = SURFACE_CURVE('',#704,(#708,#715),.PCURVE_S1.);
#704 = LINE('',#705,#706);
#705 = CARTESIAN_POINT('',(4.734774442381,5.020458146424,0.));
#706 = VECTOR('',#707,1.);
#707 = DIRECTION('',(-0.74486497089,0.66721523899,0.));
#708 = PCURVE('',#144,#709);
#709 = DEFINITIONAL_REPRESENTATION('',(#710),#714);
#710 = LINE('',#711,#712);
#711 = CARTESIAN_POINT('',(4.734774442381,5.020458146424));
#712 = VECTOR('',#713,1.);
#713 = DIRECTION('',(-0.74486497089,0.66721523899));
#714 = ( GEOMETRIC_REPRESENTATION_CONTEXT(2) 
PARAMETRIC_REPRESENTATION_CONTEXT() REPRESENTATION_CONTEXT('2D SPACE',''
  ) );
#715 = PCURVE('',#716,#721);
#716 = PLANE('',#717);
#717 = AXIS2_PLACEMENT_3D('',#718,#719,#720);
#718 = CARTESIAN_POINT('',(4.734774442381,5.020458146424,0.));
#719 = DIRECTION('',(-0.66721523899,-0.74486497089,0.));
#720 = DIRECTION('',(-0.74486497089,0.66721523899,0.));
#721 = DEFINITIONAL_REPRESENTATION('',(#722),#726);
#722 = LINE('',#723,#724);
#723 = CARTESIAN_POINT('',(0.,0.));
#724 = VECTOR('',#725,1.);
#725 = DIRECTION('',(1.,0.));
#726 = ( GEOMETRIC_REPRESENTATION_CONTEXT(2) 
PARAMETRIC_REPRESENTATION_CONTEXT() REPRESENTATION_CONTEXT('2D SPACE',''
  ) );
#727 = ORIENTED_EDGE('',*,*,#728,.T.);
#728 = EDGE_CURVE('',#701,#729,#731,.T.);
#729 = VERTEX_POINT('',#730);
#730 = CARTESIAN_POINT('',(4.192088885614,5.488374218875,0.));
#731 = SURFACE_CURVE('',#732,(#736,#743),.PCURVE_S1.);
#732 = LINE('',#733,#734);
#733 = CARTESIAN_POINT('',(4.466514364942,5.26075299002,0.));
#734 = VECTOR('',#735,1.);
#735 = DIRECTION('',(-0.769690592139,0.63841709906,0.));
#736 = PCURVE('',#144,#737);
#737 = DEFINITIONAL_REPRESENTATION('',(#738),#742);
#738 = LINE('',#739,#740);
#739 = CARTESIAN_POINT('',(4.466514364942,5.26075299002));
#740 = VECTOR('',#741,1.);
#741 = DIRECTION('',(-0.769690592139,0.63841709906));
#742 = ( GEOMETRIC_REPRESENTATION_CONTEXT(2) 
PARAMETRIC_REPRESENTATION_CONTEXT() REPRESENTATION_CONTEXT('2D SPACE',''
  ) );
#743 = PCURVE('',#744,#749);
#744 = PLANE('',#745);
#745 = AXIS2_PLACEMENT_3D('',#746,#747,#748);
#746 = CARTESIAN_POINT('',(4.466514364942,5.26075299002,0.));
#747 = DIRECTION('',(-0.63841709906,-0.769690592139,0.));
#748 = DIRECTION('',(-0.769690592139,0.63841709906,0.));
#749 = DEFINITIONAL_REPRESENTATION('',(#750),#754);
#750 = LINE('',#751,#752);
#751 = CARTESIAN_POINT('',(0.,0.));
#752 = VECTOR('',#753,1.);
#753 = DIRECTION('',(1.,0.));
#754 = ( GEOMETRIC_REPRESENTATION_CONTEXT(2) 
PARAMETRIC_REPRESENTATION_CONTEXT() REPRESENTATION_CONTEXT('2D SPACE',''
  ) );
#755 = ORIENTED_EDGE('',*,*,#756,.T.);
#756 = EDGE_CURVE('',#729,#757,#759,.T.);
#757 = VERTEX_POINT('',#758);
#758 = CARTESIAN_POINT('',(3.912198140034,5.702773473513,0.));
#759 = SURFACE_CURVE('',#760,(#764,#771),.PCURVE_S1.);
#760 = LINE('',#761,#762);
#761 = CARTESIAN_POINT('',(4.192088885614,5.488374218875,0.));
#762 = VECTOR('',#763,1.);
#763 = DIRECTION('',(-0.793857807798,0.608103429524,0.));
#764 = PCURVE('',#144,#765);
#765 = DEFINITIONAL_REPRESENTATION('',(#766),#770);
#766 = LINE('',#767,#768);
#767 = CARTESIAN_POINT('',(4.192088885614,5.488374218875));
#768 = VECTOR('',#769,1.);
#769 = DIRECTION('',(-0.793857807798,0.608103429524));
#770 = ( GEOMETRIC_REPRESENTATION_CONTEXT(2) 
PARAMETRIC_REPRESENTATION_CONTEXT() REPRESENTATION_CONTEXT('2D SPACE',''
  ) );
#771 = PCURVE('',#772,#777);
#772 = PLANE('',#773);
#773 = AXIS2_PLACEMENT_3D('',#774,#775,#776);
#774 = CARTESIAN_POINT('',(4.192088885614,5.488374218875,0.));
#775 = DIRECTION('',(-0.608103429524,-0.793857807798,0.));
#776 = DIRECTION('',(-0.793857807798,0.608103429524,0.));
#777 = DEFINITIONAL_REPRESENTATION('',(#778),#782);
#778 = LINE('',#779,#780);
#779 = CARTESIAN_POINT('',(0.,0.));
#780 = VECTOR('',#781,1.);
#781 = DIRECTION('',(1.,0.));
#782 = ( GEOMETRIC_REPRESENTATION_CONTEXT(2) 
PARAMETRIC_REPRESENTATION_CONTEXT() REPRESENTATION_CONTEXT('2D SPACE',''
  ) );
#783 = ORIENTED_EDGE('',*,*,#784,.T.);
#784 = EDGE_CURVE('',#757,#785,#787,.T.);
#785 = VERTEX_POINT('',#786);
#786 = CARTESIAN_POINT('',(3.627473698823,5.903434247348,0.));
#787 = SURFACE_CURVE('',#788,(#792,#799),.PCURVE_S1.);
#788 = LINE('',#789,#790);
#789 = CARTESIAN_POINT('',(3.912198140034,5.702773473513,0.));
#790 = VECTOR('',#791,1.);
#791 = DIRECTION('',(-0.817402049699,0.57606760814,0.));
#792 = PCURVE('',#144,#793);
#793 = DEFINITIONAL_REPRESENTATION('',(#794),#798);
#794 = LINE('',#795,#796);
#795 = CARTESIAN_POINT('',(3.912198140034,5.702773473513));
#796 = VECTOR('',#797,1.);
#797 = DIRECTION('',(-0.817402049699,0.57606760814));
#798 = ( GEOMETRIC_REPRESENTATION_CONTEXT(2) 
PARAMETRIC_REPRESENTATION_CONTEXT() REPRESENTATION_CONTEXT('2D SPACE',''
  ) );
#799 = PCURVE('',#800,#805);
#800 = PLANE('',#801);
#801 = AXIS2_PLACEMENT_3D('',#802,#803,#804);
#802 = CARTESIAN_POINT('',(3.912198140034,5.702773473513,0.));
#803 = DIRECTION('',(-0.57606760814,-0.817402049699,0.));
#804 = DIRECTION('',(-0.817402049699,0.57606760814,0.));
#805 = DEFINITIONAL_REPRESENTATION('',(#806),#810);
#806 = LINE('',#807,#808);
#807 = CARTESIAN_POINT('',(0.,0.));
#808 = VECTOR('',#809,1.);
#809 = DIRECTION('',(1.,0.));
#810 = ( GEOMETRIC_REPRESENTATION_CONTEXT(2) 
PARAMETRIC_REPRESENTATION_CONTEXT() REPRESENTATION_CONTEXT('2D SPACE',''
  ) );
#811 = ORIENTED_EDGE('',*,*,#812,.T.);
#812 = EDGE_CURVE('',#785,#813,#815,.T.);
#813 = VERTEX_POINT('',#814);
#814 = CARTESIAN_POINT('',(3.338486337801,6.089873131002,0.));
#815 = SURFACE_CURVE('',#816,(#820,#827),.PCURVE_S1.);
#816 = LINE('',#817,#818);
#817 = CARTESIAN_POINT('',(3.627473698823,5.903434247348,0.));
#818 = VECTOR('',#819,1.);
#819 = DIRECTION('',(-0.840302708389,0.542117476452,0.));
#820 = PCURVE('',#144,#821);
#821 = DEFINITIONAL_REPRESENTATION('',(#822),#826);
#822 = LINE('',#823,#824);
#823 = CARTESIAN_POINT('',(3.627473698823,5.903434247348));
#824 = VECTOR('',#825,1.);
#825 = DIRECTION('',(-0.840302708389,0.542117476452));
#826 = ( GEOMETRIC_REPRESENTATION_CONTEXT(2) 
PARAMETRIC_REPRESENTATION_CONTEXT() REPRESENTATION_CONTEXT('2D SPACE',''
  ) );
#827 = PCURVE('',#828,#833);
#828 = PLANE('',#829);
#829 = AXIS2_PLACEMENT_3D('',#830,#831,#832);
#830 = CARTESIAN_POINT('',(3.627473698823,5.903434247348,0.));
#831 = DIRECTION('',(-0.542117476452,-0.840302708389,0.));
#832 = DIRECTION('',(-0.840302708389,0.542117476452,0.));
#833 = DEFINITIONAL_REPRESENTATION('',(#834),#838);
#834 = LINE('',#835,#836);
#835 = CARTESIAN_POINT('',(0.,0.));
#836 = VECTOR('',#837,1.);
#837 = DIRECTION('',(1.,0.));
#838 = ( GEOMETRIC_REPRESENTATION_CONTEXT(2) 
PARAMETRIC_REPRESENTATION_CONTEXT() REPRESENTATION_CONTEXT('2D SPACE',''
  ) );
#839 = ORIENTED_EDGE('',*,*,#840,.T.);
#840 = EDGE_CURVE('',#813,#841,#843,.T.);
#841 = VERTEX_POINT('',#842);
#842 = CARTESIAN_POINT('',(3.045753363274,6.261640976873,0.));
#843 = SURFACE_CURVE('',#844,(#848,#855),.PCURVE_S1.);
#844 = LINE('',#845,#846);
#845 = CARTESIAN_POINT('',(3.338486337801,6.089873131002,0.));
#846 = VECTOR('',#847,1.);
#847 = DIRECTION('',(-0.86248482412,0.506082926172,0.));
#848 = PCURVE('',#144,#849);
#849 = DEFINITIONAL_REPRESENTATION('',(#850),#854);
#850 = LINE('',#851,#852);
#851 = CARTESIAN_POINT('',(3.338486337801,6.089873131002));
#852 = VECTOR('',#853,1.);
#853 = DIRECTION('',(-0.86248482412,0.506082926172));
#854 = ( GEOMETRIC_REPRESENTATION_CONTEXT(2) 
PARAMETRIC_REPRESENTATION_CONTEXT() REPRESENTATION_CONTEXT('2D SPACE',''
  ) );
#855 = PCURVE('',#856,#861);
#856 = PLANE('',#857);
#857 = AXIS2_PLACEMENT_3D('',#858,#859,#860);
#858 = CARTESIAN_POINT('',(3.338486337801,6.089873131002,0.));
#859 = DIRECTION('',(-0.506082926172,-0.86248482412,0.));
#860 = DIRECTION('',(-0.86248482412,0.506082926172,0.));
#861 = DEFINITIONAL_REPRESENTATION('',(#862),#866);
#862 = LINE('',#863,#864);
#863 = CARTESIAN_POINT('',(0.,0.));
#864 = VECTOR('',#865,1.);
#865 = DIRECTION('',(1.,0.));
#866 = ( GEOMETRIC_REPRESENTATION_CONTEXT(2) 
PARAMETRIC_REPRESENTATION_CONTEXT() REPRESENTATION_CONTEXT('2D SPACE',''
  ) );
#867 = ORIENTED_EDGE('',*,*,#868,.T.);
#868 = EDGE_CURVE('',#841,#869,#871,.T.);
#869 = VERTEX_POINT('',#870);
#870 = CARTESIAN_POINT('',(2.749745404215,6.418323981176,0.));
#871 = SURFACE_CURVE('',#872,(#876,#883),.PCURVE_S1.);
#872 = LINE('',#873,#874);
#873 = CARTESIAN_POINT('',(3.045753363274,6.261640976873,0.));
#874 = VECTOR('',#875,1.);
#875 = DIRECTION('',(-0.883821363354,0.467824537278,0.));
#876 = PCURVE('',#144,#877);
#877 = DEFINITIONAL_REPRESENTATION('',(#878),#882);
#878 = LINE('',#879,#880);
#879 = CARTESIAN_POINT('',(3.045753363274,6.261640976873));
#880 = VECTOR('',#881,1.);
#881 = DIRECTION('',(-0.883821363354,0.467824537278));
#882 = ( GEOMETRIC_REPRESENTATION_CONTEXT(2) 
PARAMETRIC_REPRESENTATION_CONTEXT() REPRESENTATION_CONTEXT('2D SPACE',''
  ) );
#883 = PCURVE('',#884,#889);
#884 = PLANE('',#885);
#885 = AXIS2_PLACEMENT_3D('',#886,#887,#888);
#886 = CARTESIAN_POINT('',(3.045753363274,6.261640976873,0.));
#887 = DIRECTION('',(-0.467824537278,-0.883821363354,0.));
#888 = DIRECTION('',(-0.883821363354,0.467824537278,0.));
#889 = DEFINITIONAL_REPRESENTATION('',(#890),#894);
#890 = LINE('',#891,#892);
#891 = CARTESIAN_POINT('',(0.,0.));
#892 = VECTOR('',#893,1.);
#893 = DIRECTION('',(1.,0.));
#894 = ( GEOMETRIC_REPRESENTATION_CONTEXT(2) 
PARAMETRIC_REPRESENTATION_CONTEXT() REPRESENTATION_CONTEXT('2D SPACE',''
  ) );
#895 = ORIENTED_EDGE('',*,*,#896,.T.);
#896 = EDGE_CURVE('',#869,#897,#899,.T.);
#897 = VERTEX_POINT('',#898);
#898 = CARTESIAN_POINT('',(2.450892643504,6.55954468083,0.));
#899 = SURFACE_CURVE('',#900,(#904,#911),.PCURVE_S1.);
#900 = LINE('',#901,#902);
#901 = CARTESIAN_POINT('',(2.749745404215,6.418323981176,0.));
#902 = VECTOR('',#903,1.);
#903 = DIRECTION('',(-0.904136724504,0.427243236814,0.));
#904 = PCURVE('',#144,#905);
#905 = DEFINITIONAL_REPRESENTATION('',(#906),#910);
#906 = LINE('',#907,#908);
#907 = CARTESIAN_POINT('',(2.749745404215,6.418323981176));
#908 = VECTOR('',#909,1.);
#909 = DIRECTION('',(-0.904136724504,0.427243236814));
#910 = ( GEOMETRIC_REPRESENTATION_CONTEXT(2) 
PARAMETRIC_REPRESENTATION_CONTEXT() REPRESENTATION_CONTEXT('2D SPACE',''
  ) );
#911 = PCURVE('',#912,#917);
#912 = PLANE('',#913);
#913 = AXIS2_PLACEMENT_3D('',#914,#915,#916);
#914 = CARTESIAN_POINT('',(2.749745404215,6.418323981176,0.));
#915 = DIRECTION('',(-0.427243236814,-0.904136724504,0.));
#916 = DIRECTION('',(-0.904136724504,0.427243236814,0.));
#917 = DEFINITIONAL_REPRESENTATION('',(#918),#922);
#918 = LINE('',#919,#920);
#919 = CARTESIAN_POINT('',(0.,0.));
#920 = VECTOR('',#921,1.);
#921 = DIRECTION('',(1.,0.));
#922 = ( GEOMETRIC_REPRESENTATION_CONTEXT(2) 
PARAMETRIC_REPRESENTATION_CONTEXT() REPRESENTATION_CONTEXT('2D SPACE',''
  ) );
#923 = ORIENTED_EDGE('',*,*,#924,.T.);
#924 = EDGE_CURVE('',#897,#925,#927,.T.);
#925 = VERTEX_POINT('',#926);
#926 = CARTESIAN_POINT('',(2.149590499671,6.684962862799,0.));
#927 = SURFACE_CURVE('',#928,(#932,#939),.PCURVE_S1.);
#928 = LINE('',#929,#930);
#929 = CARTESIAN_POINT('',(2.450892643504,6.55954468083,0.));
#930 = VECTOR('',#931,1.);
#931 = DIRECTION('',(-0.923212168913,0.384290633727,0.));
#932 = PCURVE('',#144,#933);
#933 = DEFINITIONAL_REPRESENTATION('',(#934),#938);
#934 = LINE('',#935,#936);
#935 = CARTESIAN_POINT('',(2.450892643504,6.55954468083));
#936 = VECTOR('',#937,1.);
#937 = DIRECTION('',(-0.923212168913,0.384290633727));
#938 = ( GEOMETRIC_REPRESENTATION_CONTEXT(2) 
PARAMETRIC_REPRESENTATION_CONTEXT() REPRESENTATION_CONTEXT('2D SPACE',''
  ) );
#939 = PCURVE('',#940,#945);
#940 = PLANE('',#941);
#941 = AXIS2_PLACEMENT_3D('',#942,#943,#944);
#942 = CARTESIAN_POINT('',(2.450892643504,6.55954468083,0.));
#943 = DIRECTION('',(-0.384290633727,-0.923212168913,0.));
#944 = DIRECTION('',(-0.923212168913,0.384290633727,0.));
#945 = DEFINITIONAL_REPRESENTATION('',(#946),#950);
#946 = LINE('',#947,#948);
#947 = CARTESIAN_POINT('',(0.,0.));
#948 = VECTOR('',#949,1.);
#949 = DIRECTION('',(1.,0.));
#950 = ( GEOMETRIC_REPRESENTATION_CONTEXT(2) 
PARAMETRIC_REPRESENTATION_CONTEXT() REPRESENTATION_CONTEXT('2D SPACE',''
  ) );
#951 = ORIENTED_EDGE('',*,*,#952,.T.);
#952 = EDGE_CURVE('',#925,#953,#955,.T.);
#953 = VERTEX_POINT('',#954);
#954 = CARTESIAN_POINT('',(1.846204794928,6.794276383699,0.));
#955 = SURFACE_CURVE('',#956,(#960,#967),.PCURVE_S1.);
#956 = LINE('',#957,#958);
#957 = CARTESIAN_POINT('',(2.149590499671,6.684962862799,0.));
#958 = VECTOR('',#959,1.);
#959 = DIRECTION('',(-0.940793818899,0.338979336127,0.));
#960 = PCURVE('',#144,#961);
#961 = DEFINITIONAL_REPRESENTATION('',(#962),#966);
#962 = LINE('',#963,#964);
#963 = CARTESIAN_POINT('',(2.149590499671,6.684962862799));
#964 = VECTOR('',#965,1.);
#965 = DIRECTION('',(-0.940793818899,0.338979336127));
#966 = ( GEOMETRIC_REPRESENTATION_CONTEXT(2) 
PARAMETRIC_REPRESENTATION_CONTEXT() REPRESENTATION_CONTEXT('2D SPACE',''
  ) );
#967 = PCURVE('',#968,#973);
#968 = PLANE('',#969);
#969 = AXIS2_PLACEMENT_3D('',#970,#971,#972);
#970 = CARTESIAN_POINT('',(2.149590499671,6.684962862799,0.));
#971 = DIRECTION('',(-0.338979336127,-0.940793818899,0.));
#972 = DIRECTION('',(-0.940793818899,0.338979336127,0.));
#973 = DEFINITIONAL_REPRESENTATION('',(#974),#978);
#974 = LINE('',#975,#976);
#975 = CARTESIAN_POINT('',(0.,0.));
#976 = VECTOR('',#977,1.);
#977 = DIRECTION('',(1.,0.));
#978 = ( GEOMETRIC_REPRESENTATION_CONTEXT(2) 
PARAMETRIC_REPRESENTATION_CONTEXT() REPRESENTATION_CONTEXT('2D SPACE',''
  ) );
#979 = ORIENTED_EDGE('',*,*,#980,.T.);
#980 = EDGE_CURVE('',#953,#981,#983,.T.);
#981 = VERTEX_POINT('',#982);
#982 = CARTESIAN_POINT('',(1.541076459388,6.887221897681,0.));
#983 = SURFACE_CURVE('',#984,(#988,#995),.PCURVE_S1.);
#984 = LINE('',#985,#986);
#985 = CARTESIAN_POINT('',(1.846204794928,6.794276383699,0.));
#986 = VECTOR('',#987,1.);
#987 = DIRECTION('',(-0.9566036695,0.291392209059,0.));
#988 = PCURVE('',#144,#989);
#989 = DEFINITIONAL_REPRESENTATION('',(#990),#994);
#990 = LINE('',#991,#992);
#991 = CARTESIAN_POINT('',(1.846204794928,6.794276383699));
#992 = VECTOR('',#993,1.);
#993 = DIRECTION('',(-0.9566036695,0.291392209059));
#994 = ( GEOMETRIC_REPRESENTATION_CONTEXT(2) 
PARAMETRIC_REPRESENTATION_CONTEXT() REPRESENTATION_CONTEXT('2D SPACE',''
  ) );
#995 = PCURVE('',#996,#1001);
#996 = PLANE('',#997);
#997 = AXIS2_PLACEMENT_3D('',#998,#999,#1000);
#998 = CARTESIAN_POINT('',(1.846204794928,6.794276383699,0.));
#999 = DIRECTION('',(-0.291392209059,-0.9566036695,0.));
#1000 = DIRECTION('',(-0.9566036695,0.291392209059,0.));
#1001 = DEFINITIONAL_REPRESENTATION('',(#1002),#1006);
#1002 = LINE('',#1003,#1004);
#1003 = CARTESIAN_POINT('',(0.,0.));
#1004 = VECTOR('',#1005,1.);
#1005 = DIRECTION('',(1.,0.));
#1006 = ( GEOMETRIC_REPRESENTATION_CONTEXT(2) 
PARAMETRIC_REPRESENTATION_CONTEXT() REPRESENTATION_CONTEXT('2D SPACE',''
  ) );
#1007 = ORIENTED_EDGE('',*,*,#1008,.T.);
#1008 = EDGE_CURVE('',#981,#1009,#1011,.T.);
#1009 = VERTEX_POINT('',#1010);
#1010 = CARTESIAN_POINT('',(1.23452582866,6.963575490863,0.));
#1011 = SURFACE_CURVE('',#1012,(#1016,#1023),.PCURVE_S1.);
#1012 = LINE('',#1013,#1014);
#1013 = CARTESIAN_POINT('',(1.541076459388,6.887221897681,0.));
#1014 = VECTOR('',#1015,1.);
#1015 = DIRECTION('',(-0.970353701903,0.241689249249,0.));
#1016 = PCURVE('',#144,#1017);
#1017 = DEFINITIONAL_REPRESENTATION('',(#1018),#1022);
#1018 = LINE('',#1019,#1020);
#1019 = CARTESIAN_POINT('',(1.541076459388,6.887221897681));
#1020 = VECTOR('',#1021,1.);
#1021 = DIRECTION('',(-0.970353701903,0.241689249249));
#1022 = ( GEOMETRIC_REPRESENTATION_CONTEXT(2) 
PARAMETRIC_REPRESENTATION_CONTEXT() REPRESENTATION_CONTEXT('2D SPACE',''
  ) );
#1023 = PCURVE('',#1024,#1029);
#1024 = PLANE('',#1025);
#1025 = AXIS2_PLACEMENT_3D('',#1026,#1027,#1028);
#1026 = CARTESIAN_POINT('',(1.541076459388,6.887221897681,0.));
#1027 = DIRECTION('',(-0.241689249249,-0.970353701903,0.));
#1028 = DIRECTION('',(-0.970353701903,0.241689249249,0.));
#1029 = DEFINITIONAL_REPRESENTATION('',(#1030),#1034);
#1030 = LINE('',#1031,#1032);
#1031 = CARTESIAN_POINT('',(0.,0.));
#1032 = VECTOR('',#1033,1.);
#1033 = DIRECTION('',(1.,0.));
#1034 = ( GEOMETRIC_REPRESENTATION_CONTEXT(2) 
PARAMETRIC_REPRESENTATION_CONTEXT() REPRESENTATION_CONTEXT('2D SPACE',''
  ) );
#1035 = ORIENTED_EDGE('',*,*,#1036,.T.);
#1036 = EDGE_CURVE('',#1009,#1037,#1039,.T.);
#1037 = VERTEX_POINT('',#1038);
#1038 = CARTESIAN_POINT('',(0.926856595028,7.02315322075,0.));
#1039 = SURFACE_CURVE('',#1040,(#1044,#1051),.PCURVE_S1.);
#1040 = LINE('',#1041,#1042);
#1041 = CARTESIAN_POINT('',(1.23452582866,6.963575490863,0.));
#1042 = VECTOR('',#1043,1.);
#1043 = DIRECTION('',(-0.98176267441,0.190110628673,0.));
#1044 = PCURVE('',#144,#1045);
#1045 = DEFINITIONAL_REPRESENTATION('',(#1046),#1050);
#1046 = LINE('',#1047,#1048);
#1047 = CARTESIAN_POINT('',(1.23452582866,6.963575490863));
#1048 = VECTOR('',#1049,1.);
#1049 = DIRECTION('',(-0.98176267441,0.190110628673));
#1050 = ( GEOMETRIC_REPRESENTATION_CONTEXT(2) 
PARAMETRIC_REPRESENTATION_CONTEXT() REPRESENTATION_CONTEXT('2D SPACE',''
  ) );
#1051 = PCURVE('',#1052,#1057);
#1052 = PLANE('',#1053);
#1053 = AXIS2_PLACEMENT_3D('',#1054,#1055,#1056);
#1054 = CARTESIAN_POINT('',(1.23452582866,6.963575490863,0.));
#1055 = DIRECTION('',(-0.190110628673,-0.98176267441,0.));
#1056 = DIRECTION('',(-0.98176267441,0.190110628673,0.));
#1057 = DEFINITIONAL_REPRESENTATION('',(#1058),#1062);
#1058 = LINE('',#1059,#1060);
#1059 = CARTESIAN_POINT('',(0.,0.));
#1060 = VECTOR('',#1061,1.);
#1061 = DIRECTION('',(1.,0.));
#1062 = ( GEOMETRIC_REPRESENTATION_CONTEXT(2) 
PARAMETRIC_REPRESENTATION_CONTEXT() REPRESENTATION_CONTEXT('2D SPACE',''
  ) );
#1063 = ORIENTED_EDGE('',*,*,#1064,.T.);
#1064 = EDGE_CURVE('',#1037,#1065,#1067,.T.);
#1065 = VERTEX_POINT('',#1066);
#1066 = CARTESIAN_POINT('',(0.61835947288,7.065811559373,0.));
#1067 = SURFACE_CURVE('',#1068,(#1072,#1079),.PCURVE_S1.);
#1068 = LINE('',#1069,#1070);
#1069 = CARTESIAN_POINT('',(0.926856595028,7.02315322075,0.));
#1070 = VECTOR('',#1071,1.);
#1071 = DIRECTION('',(-0.990574562171,0.13697458443,0.));
#1072 = PCURVE('',#144,#1073);
#1073 = DEFINITIONAL_REPRESENTATION('',(#1074),#1078);
#1074 = LINE('',#1075,#1076);
#1075 = CARTESIAN_POINT('',(0.926856595028,7.02315322075));
#1076 = VECTOR('',#1077,1.);
#1077 = DIRECTION('',(-0.990574562171,0.13697458443));
#1078 = ( GEOMETRIC_REPRESENTATION_CONTEXT(2) 
PARAMETRIC_REPRESENTATION_CONTEXT() REPRESENTATION_CONTEXT('2D SPACE',''
  ) );
#1079 = PCURVE('',#1080,#1085);
#1080 = PLANE('',#1081);
#1081 = AXIS2_PLACEMENT_3D('',#1082,#1083,#1084);
#1082 = CARTESIAN_POINT('',(0.926856595028,7.02315322075,0.));
#1083 = DIRECTION('',(-0.13697458443,-0.990574562171,0.));
#1084 = DIRECTION('',(-0.990574562171,0.13697458443,0.));
#1085 = DEFINITIONAL_REPRESENTATION('',(#1086),#1090);
#1086 = LINE('',#1087,#1088);
#1087 = CARTESIAN_POINT('',(0.,0.));
#1088 = VECTOR('',#1089,1.);
#1089 = DIRECTION('',(1.,0.));
#1090 = ( GEOMETRIC_REPRESENTATION_CONTEXT(2) 
PARAMETRIC_REPRESENTATION_CONTEXT() REPRESENTATION_CONTEXT('2D SPACE',''
  ) );
#1091 = ORIENTED_EDGE('',*,*,#1092,.T.);
#1092 = EDGE_CURVE('',#1065,#1093,#1095,.T.);
#1093 = VERTEX_POINT('',#1094);
#1094 = CARTESIAN_POINT('',(0.309315638137,7.091447739057,0.));
#1095 = SURFACE_CURVE('',#1096,(#1100,#1107),.PCURVE_S1.);
#1096 = LINE('',#1097,#1098);
#1097 = CARTESIAN_POINT('',(0.61835947288,7.065811559373,0.));
#1098 = VECTOR('',#1099,1.);
#1099 = DIRECTION('',(-0.996577037619,8.266926931825E-02,0.));
#1100 = PCURVE('',#144,#1101);
#1101 = DEFINITIONAL_REPRESENTATION('',(#1102),#1106);
#1102 = LINE('',#1103,#1104);
#1103 = CARTESIAN_POINT('',(0.61835947288,7.065811559373));
#1104 = VECTOR('',#1105,1.);
#1105 = DIRECTION('',(-0.996577037619,8.266926931825E-02));
#1106 = ( GEOMETRIC_REPRESENTATION_CONTEXT(2) 
PARAMETRIC_REPRESENTATION_CONTEXT() REPRESENTATION_CONTEXT('2D SPACE',''
  ) );
#1107 = PCURVE('',#1108,#1113);
#1108 = PLANE('',#1109);
#1109 = AXIS2_PLACEMENT_3D('',#1110,#1111,#1112);
#1110 = CARTESIAN_POINT('',(0.61835947288,7.065811559373,0.));
#1111 = DIRECTION('',(-8.266926931825E-02,-0.996577037619,0.));
#1112 = DIRECTION('',(-0.996577037619,8.266926931825E-02,0.));
#1113 = DEFINITIONAL_REPRESENTATION('',(#1114),#1118);
#1114 = LINE('',#1115,#1116);
#1115 = CARTESIAN_POINT('',(0.,0.));
#1116 = VECTOR('',#1117,1.);
#1117 = DIRECTION('',(1.,0.));
#1118 = ( GEOMETRIC_REPRESENTATION_CONTEXT(2) 
PARAMETRIC_REPRESENTATION_CONTEXT() REPRESENTATION_CONTEXT('2D SPACE',''
  ) );
#1119 = ORIENTED_EDGE('',*,*,#1120,.T.);
#1120 = EDGE_CURVE('',#1093,#1121,#1123,.T.);
#1121 = VERTEX_POINT('',#1122);
#1122 = CARTESIAN_POINT('',(3.859013424954E-16,7.1,0.));
#1123 = SURFACE_CURVE('',#1124,(#1128,#1135),.PCURVE_S1.);
#1124 = LINE('',#1125,#1126);
#1125 = CARTESIAN_POINT('',(0.309315638137,7.091447739057,0.));
#1126 = VECTOR('',#1127,1.);
#1127 = DIRECTION('',(-0.999617986051,2.763841463622E-02,0.));
#1128 = PCURVE('',#144,#1129);
#1129 = DEFINITIONAL_REPRESENTATION('',(#1130),#1134);
#1130 = LINE('',#1131,#1132);
#1131 = CARTESIAN_POINT('',(0.309315638137,7.091447739057));
#1132 = VECTOR('',#1133,1.);
#1133 = DIRECTION('',(-0.999617986051,2.763841463622E-02));
#1134 = ( GEOMETRIC_REPRESENTATION_CONTEXT(2) 
PARAMETRIC_REPRESENTATION_CONTEXT() REPRESENTATION_CONTEXT('2D SPACE',''
  ) );
#1135 = PCURVE('',#1136,#1141);
#1136 = PLANE('',#1137);
#1137 = AXIS2_PLACEMENT_3D('',#1138,#1139,#1140);
#1138 = CARTESIAN_POINT('',(0.309315638137,7.091447739057,0.));
#1139 = DIRECTION('',(-2.763841463622E-02,-0.999617986051,0.));
#1140 = DIRECTION('',(-0.999617986051,2.763841463622E-02,0.));
#1141 = DEFINITIONAL_REPRESENTATION('',(#1142),#1146);
#1142 = LINE('',#1143,#1144);
#1143 = CARTESIAN_POINT('',(0.,0.));
#1144 = VECTOR('',#1145,1.);
#1145 = DIRECTION('',(1.,0.));
#1146 = ( GEOMETRIC_REPRESENTATION_CONTEXT(2) 
PARAMETRIC_REPRESENTATION_CONTEXT() REPRESENTATION_CONTEXT('2D SPACE',''
  ) );
#1147 = ORIENTED_EDGE('',*,*,#1148,.T.);
#1148 = EDGE_CURVE('',#1121,#1149,#1151,.T.);
#1149 = VERTEX_POINT('',#1150);
#1150 = CARTESIAN_POINT('',(-0.309315638137,7.091447739057,0.));
#1151 = SURFACE_CURVE('',#1152,(#1156,#1163),.PCURVE_S1.);
#1152 = LINE('',#1153,#1154);
#1153 = CARTESIAN_POINT('',(3.859013424954E-16,7.1,0.));
#1154 = VECTOR('',#1155,1.);
#1155 = DIRECTION('',(-0.999617986051,-2.763841463622E-02,0.));
#1156 = PCURVE('',#144,#1157);
#1157 = DEFINITIONAL_REPRESENTATION('',(#1158),#1162);
#1158 = LINE('',#1159,#1160);
#1159 = CARTESIAN_POINT('',(8.365946289731E-16,7.1));
#1160 = VECTOR('',#1161,1.);
#1161 = DIRECTION('',(-0.999617986051,-2.763841463622E-02));
#1162 = ( GEOMETRIC_REPRESENTATION_CONTEXT(2) 
PARAMETRIC_REPRESENTATION_CONTEXT() REPRESENTATION_CONTEXT('2D SPACE',''
  ) );
#1163 = PCURVE('',#1164,#1169);
#1164 = PLANE('',#1165);
#1165 = AXIS2_PLACEMENT_3D('',#1166,#1167,#1168);
#1166 = CARTESIAN_POINT('',(3.859013424954E-16,7.1,0.));
#1167 = DIRECTION('',(2.763841463622E-02,-0.999617986051,0.));
#1168 = DIRECTION('',(-0.999617986051,-2.763841463622E-02,0.));
#1169 = DEFINITIONAL_REPRESENTATION('',(#1170),#1174);
#1170 = LINE('',#1171,#1172);
#1171 = CARTESIAN_POINT('',(0.,0.));
#1172 = VECTOR('',#1173,1.);
#1173 = DIRECTION('',(1.,0.));
#1174 = ( GEOMETRIC_REPRESENTATION_CONTEXT(2) 
PARAMETRIC_REPRESENTATION_CONTEXT() REPRESENTATION_CONTEXT('2D SPACE',''
  ) );
#1175 = ORIENTED_EDGE('',*,*,#1176,.T.);
#1176 = EDGE_CURVE('',#1149,#1177,#1179,.T.);
#1177 = VERTEX_POINT('',#1178);
#1178 = CARTESIAN_POINT('',(-0.61835947288,7.065811559373,0.));
#1179 = SURFACE_CURVE('',#1180,(#1184,#1191),.PCURVE_S1.);
#1180 = LINE('',#1181,#1182);
#1181 = CARTESIAN_POINT('',(-0.309315638137,7.091447739057,0.));
#1182 = VECTOR('',#1183,1.);
#1183 = DIRECTION('',(-0.996577037619,-8.266926931825E-02,0.));
#1184 = PCURVE('',#144,#1185);
#1185 = DEFINITIONAL_REPRESENTATION('',(#1186),#1190);
#1186 = LINE('',#1187,#1188);
#1187 = CARTESIAN_POINT('',(-0.309315638137,7.091447739057));
#1188 = VECTOR('',#1189,1.);
#1189 = DIRECTION('',(-0.996577037619,-8.266926931825E-02));
#1190 = ( GEOMETRIC_REPRESENTATION_CONTEXT(2) 
PARAMETRIC_REPRESENTATION_CONTEXT() REPRESENTATION_CONTEXT('2D SPACE',''
  ) );
#1191 = PCURVE('',#1192,#1197);
#1192 = PLANE('',#1193);
#1193 = AXIS2_PLACEMENT_3D('',#1194,#1195,#1196);
#1194 = CARTESIAN_POINT('',(-0.309315638137,7.091447739057,0.));
#1195 = DIRECTION('',(8.266926931825E-02,-0.996577037619,0.));
#1196 = DIRECTION('',(-0.996577037619,-8.266926931825E-02,0.));
#1197 = DEFINITIONAL_REPRESENTATION('',(#1198),#1202);
#1198 = LINE('',#1199,#1200);
#1199 = CARTESIAN_POINT('',(0.,0.));
#1200 = VECTOR('',#1201,1.);
#1201 = DIRECTION('',(1.,0.));
#1202 = ( GEOMETRIC_REPRESENTATION_CONTEXT(2) 
PARAMETRIC_REPRESENTATION_CONTEXT() REPRESENTATION_CONTEXT('2D SPACE',''
  ) );
#1203 = ORIENTED_EDGE('',*,*,#1204,.T.);
#1204 = EDGE_CURVE('',#1177,#1205,#1207,.T.);
#1205 = VERTEX_POINT('',#1206);
#1206 = CARTESIAN_POINT('',(-0.926856595028,7.02315322075,0.));
#1207 = SURFACE_CURVE('',#1208,(#1212,#1219),.PCURVE_S1.);
#1208 = LINE('',#1209,#1210);
#1209 = CARTESIAN_POINT('',(-0.61835947288,7.065811559373,0.));
#1210 = VECTOR('',#1211,1.);
#1211 = DIRECTION('',(-0.990574562171,-0.13697458443,0.));
#1212 = PCURVE('',#144,#1213);
#1213 = DEFINITIONAL_REPRESENTATION('',(#1214),#1218);
#1214 = LINE('',#1215,#1216);
#1215 = CARTESIAN_POINT('',(-0.61835947288,7.065811559373));
#1216 = VECTOR('',#1217,1.);
#1217 = DIRECTION('',(-0.990574562171,-0.13697458443));
#1218 = ( GEOMETRIC_REPRESENTATION_CONTEXT(2) 
PARAMETRIC_REPRESENTATION_CONTEXT() REPRESENTATION_CONTEXT('2D SPACE',''
  ) );
#1219 = PCURVE('',#1220,#1225);
#1220 = PLANE('',#1221);
#1221 = AXIS2_PLACEMENT_3D('',#1222,#1223,#1224);
#1222 = CARTESIAN_POINT('',(-0.61835947288,7.065811559373,0.));
#1223 = DIRECTION('',(0.13697458443,-0.990574562171,0.));
#1224 = DIRECTION('',(-0.990574562171,-0.13697458443,0.));
#1225 = DEFINITIONAL_REPRESENTATION('',(#1226),#1230);
#1226 = LINE('',#1227,#1228);
#1227 = CARTESIAN_POINT('',(0.,0.));
#1228 = VECTOR('',#1229,1.);
#1229 = DIRECTION('',(1.,0.));
#1230 = ( GEOMETRIC_REPRESENTATION_CONTEXT(2) 
PARAMETRIC_REPRESENTATION_CONTEXT() REPRESENTATION_CONTEXT('2D SPACE',''
  ) );
#1231 = ORIENTED_EDGE('',*,*,#1232,.T.);
#1232 = EDGE_CURVE('',#1205,#1233,#1235,.T.);
#1233 = VERTEX_POINT('',#1234);
#1234 = CARTESIAN_POINT('',(-1.23452582866,6.963575490863,0.));
#1235 = SURFACE_CURVE('',#1236,(#1240,#1247),.PCURVE_S1.);
#1236 = LINE('',#1237,#1238);
#1237 = CARTESIAN_POINT('',(-0.926856595028,7.02315322075,0.));
#1238 = VECTOR('',#1239,1.);
#1239 = DIRECTION('',(-0.98176267441,-0.190110628673,0.));
#1240 = PCURVE('',#144,#1241);
#1241 = DEFINITIONAL_REPRESENTATION('',(#1242),#1246);
#1242 = LINE('',#1243,#1244);
#1243 = CARTESIAN_POINT('',(-0.926856595028,7.02315322075));
#1244 = VECTOR('',#1245,1.);
#1245 = DIRECTION('',(-0.98176267441,-0.190110628673));
#1246 = ( GEOMETRIC_REPRESENTATION_CONTEXT(2) 
PARAMETRIC_REPRESENTATION_CONTEXT() REPRESENTATION_CONTEXT('2D SPACE',''
  ) );
#1247 = PCURVE('',#1248,#1253);
#1248 = PLANE('',#1249);
#1249 = AXIS2_PLACEMENT_3D('',#1250,#1251,#1252);
#1250 = CARTESIAN_POINT('',(-0.926856595028,7.02315322075,0.));
#1251 = DIRECTION('',(0.190110628673,-0.98176267441,0.));
#1252 = DIRECTION('',(-0.98176267441,-0.190110628673,0.));
#1253 = DEFINITIONAL_REPRESENTATION('',(#1254),#1258);
#1254 = LINE('',#1255,#1256);
#1255 = CARTESIAN_POINT('',(0.,0.));
#1256 = VECTOR('',#1257,1.);
#1257 = DIRECTION('',(1.,0.));
#1258 = ( GEOMETRIC_REPRESENTATION_CONTEXT(2) 
PARAMETRIC_REPRESENTATION_CONTEXT() REPRESENTATION_CONTEXT('2D SPACE',''
  ) );
#1259 = ORIENTED_EDGE('',*,*,#1260,.T.);
#1260 = EDGE_CURVE('',#1233,#1261,#1263,.T.);
#1261 = VERTEX_POINT('',#1262);
#1262 = CARTESIAN_POINT('',(-1.541076459388,6.887221897681,0.));
#1263 = SURFACE_CURVE('',#1264,(#1268,#1275),.PCURVE_S1.);
#1264 = LINE('',#1265,#1266);
#1265 = CARTESIAN_POINT('',(-1.23452582866,6.963575490863,0.));
#1266 = VECTOR('',#1267,1.);
#1267 = DIRECTION('',(-0.970353701903,-0.241689249249,0.));
#1268 = PCURVE('',#144,#1269);
#1269 = DEFINITIONAL_REPRESENTATION('',(#1270),#1274);
#1270 = LINE('',#1271,#1272);
#1271 = CARTESIAN_POINT('',(-1.23452582866,6.963575490863));
#1272 = VECTOR('',#1273,1.);
#1273 = DIRECTION('',(-0.970353701903,-0.241689249249));
#1274 = ( GEOMETRIC_REPRESENTATION_CONTEXT(2) 
PARAMETRIC_REPRESENTATION_CONTEXT() REPRESENTATION_CONTEXT('2D SPACE',''
  ) );
#1275 = PCURVE('',#1276,#1281);
#1276 = PLANE('',#1277);
#1277 = AXIS2_PLACEMENT_3D('',#1278,#1279,#1280);
#1278 = CARTESIAN_POINT('',(-1.23452582866,6.963575490863,0.));
#1279 = DIRECTION('',(0.241689249249,-0.970353701903,0.));
#1280 = DIRECTION('',(-0.970353701903,-0.241689249249,0.));
#1281 = DEFINITIONAL_REPRESENTATION('',(#1282),#1286);
#1282 = LINE('',#1283,#1284);
#1283 = CARTESIAN_POINT('',(0.,0.));
#1284 = VECTOR('',#1285,1.);
#1285 = DIRECTION('',(1.,0.));
#1286 = ( GEOMETRIC_REPRESENTATION_CONTEXT(2) 
PARAMETRIC_REPRESENTATION_CONTEXT() REPRESENTATION_CONTEXT('2D SPACE',''
  ) );
#1287 = ORIENTED_EDGE('',*,*,#1288,.T.);
#1288 = EDGE_CURVE('',#1261,#1289,#1291,.T.);
#1289 = VERTEX_POINT('',#1290);
#1290 = CARTESIAN_POINT('',(-1.846204794928,6.794276383699,0.));
#1291 = SURFACE_CURVE('',#1292,(#1296,#1303),.PCURVE_S1.);
#1292 = LINE('',#1293,#1294);
#1293 = CARTESIAN_POINT('',(-1.541076459388,6.887221897681,0.));
#1294 = VECTOR('',#1295,1.);
#1295 = DIRECTION('',(-0.9566036695,-0.291392209059,0.));
#1296 = PCURVE('',#144,#1297);
#1297 = DEFINITIONAL_REPRESENTATION('',(#1298),#1302);
#1298 = LINE('',#1299,#1300);
#1299 = CARTESIAN_POINT('',(-1.541076459388,6.887221897681));
#1300 = VECTOR('',#1301,1.);
#1301 = DIRECTION('',(-0.9566036695,-0.291392209059));
#1302 = ( GEOMETRIC_REPRESENTATION_CONTEXT(2) 
PARAMETRIC_REPRESENTATION_CONTEXT() REPRESENTATION_CONTEXT('2D SPACE',''
  ) );
#1303 = PCURVE('',#1304,#1309);
#1304 = PLANE('',#1305);
#1305 = AXIS2_PLACEMENT_3D('',#1306,#1307,#1308);
#1306 = CARTESIAN_POINT('',(-1.541076459388,6.887221897681,0.));
#1307 = DIRECTION('',(0.291392209059,-0.9566036695,0.));
#1308 = DIRECTION('',(-0.9566036695,-0.291392209059,0.));
#1309 = DEFINITIONAL_REPRESENTATION('',(#1310),#1314);
#1310 = LINE('',#1311,#1312);
#1311 = CARTESIAN_POINT('',(0.,0.));
#1312 = VECTOR('',#1313,1.);
#1313 = DIRECTION('',(1.,0.));
#1314 = ( GEOMETRIC_REPRESENTATION_CONTEXT(2) 
PARAMETRIC_REPRESENTATION_CONTEXT() REPRESENTATION_CONTEXT('2D SPACE',''
  ) );
#1315 = ORIENTED_EDGE('',*,*,#1316,.T.);
#1316 = EDGE_CURVE('',#1289,#1317,#1319,.T.);
#1317 = VERTEX_POINT('',#1318);
#1318 = CARTESIAN_POINT('',(-2.149590499671,6.684962862799,0.));
#1319 = SURFACE_CURVE('',#1320,(#1324,#1331),.PCURVE_S1.);
#1320 = LINE('',#1321,#1322);
#1321 = CARTESIAN_POINT('',(-1.846204794928,6.794276383699,0.));
#1322 = VECTOR('',#1323,1.);
#1323 = DIRECTION('',(-0.940793818899,-0.338979336127,0.));
#1324 = PCURVE('',#144,#1325);
#1325 = DEFINITIONAL_REPRESENTATION('',(#1326),#1330);
#1326 = LINE('',#1327,#1328);
#1327 = CARTESIAN_POINT('',(-1.846204794928,6.794276383699));
#1328 = VECTOR('',#1329,1.);
#1329 = DIRECTION('',(-0.940793818899,-0.338979336127));
#1330 = ( GEOMETRIC_REPRESENTATION_CONTEXT(2) 
PARAMETRIC_REPRESENTATION_CONTEXT() REPRESENTATION_CONTEXT('2D SPACE',''
  ) );
#1331 = PCURVE('',#1332,#1337);
#1332 = PLANE('',#1333);
#1333 = AXIS2_PLACEMENT_3D('',#1334,#1335,#1336);
#1334 = CARTESIAN_POINT('',(-1.846204794928,6.794276383699,0.));
#1335 = DIRECTION('',(0.338979336127,-0.940793818899,0.));
#1336 = DIRECTION('',(-0.940793818899,-0.338979336127,0.));
#1337 = DEFINITIONAL_REPRESENTATION('',(#1338),#1342);
#1338 = LINE('',#1339,#1340);
#1339 = CARTESIAN_POINT('',(0.,0.));
#1340 = VECTOR('',#1341,1.);
#1341 = DIRECTION('',(1.,0.));
#1342 = ( GEOMETRIC_REPRESENTATION_CONTEXT(2) 
PARAMETRIC_REPRESENTATION_CONTEXT() REPRESENTATION_CONTEXT('2D SPACE',''
  ) );
#1343 = ORIENTED_EDGE('',*,*,#1344,.T.);
#1344 = EDGE_CURVE('',#1317,#1345,#1347,.T.);
#1345 = VERTEX_POINT('',#1346);
#1346 = CARTESIAN_POINT('',(-2.450892643504,6.55954468083,0.));
#1347 = SURFACE_CURVE('',#1348,(#1352,#1359),.PCURVE_S1.);
#1348 = LINE('',#1349,#1350);
#1349 = CARTESIAN_POINT('',(-2.149590499671,6.684962862799,0.));
#1350 = VECTOR('',#1351,1.);
#1351 = DIRECTION('',(-0.923212168913,-0.384290633727,0.));
#1352 = PCURVE('',#144,#1353);
#1353 = DEFINITIONAL_REPRESENTATION('',(#1354),#1358);
#1354 = LINE('',#1355,#1356);
#1355 = CARTESIAN_POINT('',(-2.149590499671,6.684962862799));
#1356 = VECTOR('',#1357,1.);
#1357 = DIRECTION('',(-0.923212168913,-0.384290633727));
#1358 = ( GEOMETRIC_REPRESENTATION_CONTEXT(2) 
PARAMETRIC_REPRESENTATION_CONTEXT() REPRESENTATION_CONTEXT('2D SPACE',''
  ) );
#1359 = PCURVE('',#1360,#1365);
#1360 = PLANE('',#1361);
#1361 = AXIS2_PLACEMENT_3D('',#1362,#1363,#1364);
#1362 = CARTESIAN_POINT('',(-2.149590499671,6.684962862799,0.));
#1363 = DIRECTION('',(0.384290633727,-0.923212168913,0.));
#1364 = DIRECTION('',(-0.923212168913,-0.384290633727,0.));
#1365 = DEFINITIONAL_REPRESENTATION('',(#1366),#1370);
#1366 = LINE('',#1367,#1368);
#1367 = CARTESIAN_POINT('',(0.,0.));
#1368 = VECTOR('',#1369,1.);
#1369 = DIRECTION('',(1.,0.));
#1370 = ( GEOMETRIC_REPRESENTATION_CONTEXT(2) 
PARAMETRIC_REPRESENTATION_CONTEXT() REPRESENTATION_CONTEXT('2D SPACE',''
  ) );
#1371 = ORIENTED_EDGE('',*,*,#1372,.T.);
#1372 = EDGE_CURVE('',#1345,#1373,#1375,.T.);
#1373 = VERTEX_POINT('',#1374);
#1374 = CARTESIAN_POINT('',(-2.749745404215,6.418323981176,0.));
#1375 = SURFACE_CURVE('',#1376,(#1380,#1387),.PCURVE_S1.);
#1376 = LINE('',#1377,#1378);
#1377 = CARTESIAN_POINT('',(-2.450892643504,6.55954468083,0.));
#1378 = VECTOR('',#1379,1.);
#1379 = DIRECTION('',(-0.904136724504,-0.427243236814,0.));
#1380 = PCURVE('',#144,#1381);
#1381 = DEFINITIONAL_REPRESENTATION('',(#1382),#1386);
#1382 = LINE('',#1383,#1384);
#1383 = CARTESIAN_POINT('',(-2.450892643504,6.55954468083));
#1384 = VECTOR('',#1385,1.);
#1385 = DIRECTION('',(-0.904136724504,-0.427243236814));
#1386 = ( GEOMETRIC_REPRESENTATION_CONTEXT(2) 
PARAMETRIC_REPRESENTATION_CONTEXT() REPRESENTATION_CONTEXT('2D SPACE',''
  ) );
#1387 = PCURVE('',#1388,#1393);
#1388 = PLANE('',#1389);
#1389 = AXIS2_PLACEMENT_3D('',#1390,#1391,#1392);
#1390 = CARTESIAN_POINT('',(-2.450892643504,6.55954468083,0.));
#1391 = DIRECTION('',(0.427243236814,-0.904136724504,0.));
#1392 = DIRECTION('',(-0.904136724504,-0.427243236814,0.));
#1393 = DEFINITIONAL_REPRESENTATION('',(#1394),#1398);
#1394 = LINE('',#1395,#1396);
#1395 = CARTESIAN_POINT('',(0.,0.));
#1396 = VECTOR('',#1397,1.);
#1397 = DIRECTION('',(1.,0.));
#1398 = ( GEOMETRIC_REPRESENTATION_CONTEXT(2) 
PARAMETRIC_REPRESENTATION_CONTEXT() REPRESENTATION_CONTEXT('2D SPACE',''
  ) );
#1399 = ORIENTED_EDGE('',*,*,#1400,.T.);
#1400 = EDGE_CURVE('',#1373,#1401,#1403,.T.);
#1401 = VERTEX_POINT('',#1402);
#1402 = CARTESIAN_POINT('',(-3.045753363274,6.261640976873,0.));
#1403 = SURFACE_CURVE('',#1404,(#1408,#1415),.PCURVE_S1.);
#1404 = LINE('',#1405,#1406);
#1405 = CARTESIAN_POINT('',(-2.749745404215,6.418323981176,0.));
#1406 = VECTOR('',#1407,1.);
#1407 = DIRECTION('',(-0.883821363354,-0.467824537278,0.));
#1408 = PCURVE('',#144,#1409);
#1409 = DEFINITIONAL_REPRESENTATION('',(#1410),#1414);
#1410 = LINE('',#1411,#1412);
#1411 = CARTESIAN_POINT('',(-2.749745404215,6.418323981176));
#1412 = VECTOR('',#1413,1.);
#1413 = DIRECTION('',(-0.883821363354,-0.467824537278));
#1414 = ( GEOMETRIC_REPRESENTATION_CONTEXT(2) 
PARAMETRIC_REPRESENTATION_CONTEXT() REPRESENTATION_CONTEXT('2D SPACE',''
  ) );
#1415 = PCURVE('',#1416,#1421);
#1416 = PLANE('',#1417);
#1417 = AXIS2_PLACEMENT_3D('',#1418,#1419,#1420);
#1418 = CARTESIAN_POINT('',(-2.749745404215,6.418323981176,0.));
#1419 = DIRECTION('',(0.467824537278,-0.883821363354,0.));
#1420 = DIRECTION('',(-0.883821363354,-0.467824537278,0.));
#1421 = DEFINITIONAL_REPRESENTATION('',(#1422),#1426);
#1422 = LINE('',#1423,#1424);
#1423 = CARTESIAN_POINT('',(0.,0.));
#1424 = VECTOR('',#1425,1.);
#1425 = DIRECTION('',(1.,0.));
#1426 = ( GEOMETRIC_REPRESENTATION_CONTEXT(2) 
PARAMETRIC_REPRESENTATION_CONTEXT() REPRESENTATION_CONTEXT('2D SPACE',''
  ) );
#1427 = ORIENTED_EDGE('',*,*,#1428,.T.);
#1428 = EDGE_CURVE('',#1401,#1429,#1431,.T.);
#1429 = VERTEX_POINT('',#1430);
#1430 = CARTESIAN_POINT('',(-3.338486337801,6.089873131002,0.));
#1431 = SURFACE_CURVE('',#1432,(#1436,#1443),.PCURVE_S1.);
#1432 = LINE('',#1433,#1434);
#1433 = CARTESIAN_POINT('',(-3.045753363274,6.261640976873,0.));
#1434 = VECTOR('',#1435,1.);
#1435 = DIRECTION('',(-0.86248482412,-0.506082926172,0.));
#1436 = PCURVE('',#144,#1437);
#1437 = DEFINITIONAL_REPRESENTATION('',(#1438),#1442);
#1438 = LINE('',#1439,#1440);
#1439 = CARTESIAN_POINT('',(-3.045753363274,6.261640976873));
#1440 = VECTOR('',#1441,1.);
#1441 = DIRECTION('',(-0.86248482412,-0.506082926172));
#1442 = ( GEOMETRIC_REPRESENTATION_CONTEXT(2) 
PARAMETRIC_REPRESENTATION_CONTEXT() REPRESENTATION_CONTEXT('2D SPACE',''
  ) );
#1443 = PCURVE('',#1444,#1449);
#1444 = PLANE('',#1445);
#1445 = AXIS2_PLACEMENT_3D('',#1446,#1447,#1448);
#1446 = CARTESIAN_POINT('',(-3.045753363274,6.261640976873,0.));
#1447 = DIRECTION('',(0.506082926172,-0.86248482412,0.));
#1448 = DIRECTION('',(-0.86248482412,-0.506082926172,0.));
#1449 = DEFINITIONAL_REPRESENTATION('',(#1450),#1454);
#1450 = LINE('',#1451,#1452);
#1451 = CARTESIAN_POINT('',(0.,0.));
#1452 = VECTOR('',#1453,1.);
#1453 = DIRECTION('',(1.,0.));
#1454 = ( GEOMETRIC_REPRESENTATION_CONTEXT(2) 
PARAMETRIC_REPRESENTATION_CONTEXT() REPRESENTATION_CONTEXT('2D SPACE',''
  ) );
#1455 = ORIENTED_EDGE('',*,*,#1456,.T.);
#1456 = EDGE_CURVE('',#1429,#1457,#1459,.T.);
#1457 = VERTEX_POINT('',#1458);
#1458 = CARTESIAN_POINT('',(-3.627473698823,5.903434247348,0.));
#1459 = SURFACE_CURVE('',#1460,(#1464,#1471),.PCURVE_S1.);
#1460 = LINE('',#1461,#1462);
#1461 = CARTESIAN_POINT('',(-3.338486337801,6.089873131002,0.));
#1462 = VECTOR('',#1463,1.);
#1463 = DIRECTION('',(-0.840302708389,-0.542117476452,0.));
#1464 = PCURVE('',#144,#1465);
#1465 = DEFINITIONAL_REPRESENTATION('',(#1466),#1470);
#1466 = LINE('',#1467,#1468);
#1467 = CARTESIAN_POINT('',(-3.338486337801,6.089873131002));
#1468 = VECTOR('',#1469,1.);
#1469 = DIRECTION('',(-0.840302708389,-0.542117476452));
#1470 = ( GEOMETRIC_REPRESENTATION_CONTEXT(2) 
PARAMETRIC_REPRESENTATION_CONTEXT() REPRESENTATION_CONTEXT('2D SPACE',''
  ) );
#1471 = PCURVE('',#1472,#1477);
#1472 = PLANE('',#1473);
#1473 = AXIS2_PLACEMENT_3D('',#1474,#1475,#1476);
#1474 = CARTESIAN_POINT('',(-3.338486337801,6.089873131002,0.));
#1475 = DIRECTION('',(0.542117476452,-0.840302708389,0.));
#1476 = DIRECTION('',(-0.840302708389,-0.542117476452,0.));
#1477 = DEFINITIONAL_REPRESENTATION('',(#1478),#1482);
#1478 = LINE('',#1479,#1480);
#1479 = CARTESIAN_POINT('',(0.,0.));
#1480 = VECTOR('',#1481,1.);
#1481 = DIRECTION('',(1.,0.));
#1482 = ( GEOMETRIC_REPRESENTATION_CONTEXT(2) 
PARAMETRIC_REPRESENTATION_CONTEXT() REPRESENTATION_CONTEXT('2D SPACE',''
  ) );
#1483 = ORIENTED_EDGE('',*,*,#1484,.T.);
#1484 = EDGE_CURVE('',#1457,#1485,#1487,.T.);
#1485 = VERTEX_POINT('',#1486);
#1486 = CARTESIAN_POINT('',(-3.912198140034,5.702773473513,0.));
#1487 = SURFACE_CURVE('',#1488,(#1492,#1499),.PCURVE_S1.);
#1488 = LINE('',#1489,#1490);
#1489 = CARTESIAN_POINT('',(-3.627473698823,5.903434247348,0.));
#1490 = VECTOR('',#1491,1.);
#1491 = DIRECTION('',(-0.817402049699,-0.57606760814,0.));
#1492 = PCURVE('',#144,#1493);
#1493 = DEFINITIONAL_REPRESENTATION('',(#1494),#1498);
#1494 = LINE('',#1495,#1496);
#1495 = CARTESIAN_POINT('',(-3.627473698823,5.903434247348));
#1496 = VECTOR('',#1497,1.);
#1497 = DIRECTION('',(-0.817402049699,-0.57606760814));
#1498 = ( GEOMETRIC_REPRESENTATION_CONTEXT(2) 
PARAMETRIC_REPRESENTATION_CONTEXT() REPRESENTATION_CONTEXT('2D SPACE',''
  ) );
#1499 = PCURVE('',#1500,#1505);
#1500 = PLANE('',#1501);
#1501 = AXIS2_PLACEMENT_3D('',#1502,#1503,#1504);
#1502 = CARTESIAN_POINT('',(-3.627473698823,5.903434247348,0.));
#1503 = DIRECTION('',(0.57606760814,-0.817402049699,0.));
#1504 = DIRECTION('',(-0.817402049699,-0.57606760814,0.));
#1505 = DEFINITIONAL_REPRESENTATION('',(#1506),#1510);
#1506 = LINE('',#1507,#1508);
#1507 = CARTESIAN_POINT('',(0.,0.));
#1508 = VECTOR('',#1509,1.);
#1509 = DIRECTION('',(1.,0.));
#1510 = ( GEOMETRIC_REPRESENTATION_CONTEXT(2) 
PARAMETRIC_REPRESENTATION_CONTEXT() REPRESENTATION_CONTEXT('2D SPACE',''
  ) );
#1511 = ORIENTED_EDGE('',*,*,#1512,.T.);
#1512 = EDGE_CURVE('',#1485,#1513,#1515,.T.);
#1513 = VERTEX_POINT('',#1514);
#1514 = CARTESIAN_POINT('',(-4.192088885614,5.488374218875,0.));
#1515 = SURFACE_CURVE('',#1516,(#1520,#1527),.PCURVE_S1.);
#1516 = LINE('',#1517,#1518);
#1517 = CARTESIAN_POINT('',(-3.912198140034,5.702773473513,0.));
#1518 = VECTOR('',#1519,1.);
#1519 = DIRECTION('',(-0.793857807798,-0.608103429524,0.));
#1520 = PCURVE('',#144,#1521);
#1521 = DEFINITIONAL_REPRESENTATION('',(#1522),#1526);
#1522 = LINE('',#1523,#1524);
#1523 = CARTESIAN_POINT('',(-3.912198140034,5.702773473513));
#1524 = VECTOR('',#1525,1.);
#1525 = DIRECTION('',(-0.793857807798,-0.608103429524));
#1526 = ( GEOMETRIC_REPRESENTATION_CONTEXT(2) 
PARAMETRIC_REPRESENTATION_CONTEXT() REPRESENTATION_CONTEXT('2D SPACE',''
  ) );
#1527 = PCURVE('',#1528,#1533);
#1528 = PLANE('',#1529);
#1529 = AXIS2_PLACEMENT_3D('',#1530,#1531,#1532);
#1530 = CARTESIAN_POINT('',(-3.912198140034,5.702773473513,0.));
#1531 = DIRECTION('',(0.608103429524,-0.793857807798,0.));
#1532 = DIRECTION('',(-0.793857807798,-0.608103429524,0.));
#1533 = DEFINITIONAL_REPRESENTATION('',(#1534),#1538);
#1534 = LINE('',#1535,#1536);
#1535 = CARTESIAN_POINT('',(0.,0.));
#1536 = VECTOR('',#1537,1.);
#1537 = DIRECTION('',(1.,0.));
#1538 = ( GEOMETRIC_REPRESENTATION_CONTEXT(2) 
PARAMETRIC_REPRESENTATION_CONTEXT() REPRESENTATION_CONTEXT('2D SPACE',''
  ) );
#1539 = ORIENTED_EDGE('',*,*,#1540,.T.);
#1540 = EDGE_CURVE('',#1513,#1541,#1543,.T.);
#1541 = VERTEX_POINT('',#1542);
#1542 = CARTESIAN_POINT('',(-4.466514364942,5.26075299002,0.));
#1543 = SURFACE_CURVE('',#1544,(#1548,#1555),.PCURVE_S1.);
#1544 = LINE('',#1545,#1546);
#1545 = CARTESIAN_POINT('',(-4.192088885614,5.488374218875,0.));
#1546 = VECTOR('',#1547,1.);
#1547 = DIRECTION('',(-0.769690592139,-0.63841709906,0.));
#1548 = PCURVE('',#144,#1549);
#1549 = DEFINITIONAL_REPRESENTATION('',(#1550),#1554);
#1550 = LINE('',#1551,#1552);
#1551 = CARTESIAN_POINT('',(-4.192088885614,5.488374218875));
#1552 = VECTOR('',#1553,1.);
#1553 = DIRECTION('',(-0.769690592139,-0.63841709906));
#1554 = ( GEOMETRIC_REPRESENTATION_CONTEXT(2) 
PARAMETRIC_REPRESENTATION_CONTEXT() REPRESENTATION_CONTEXT('2D SPACE',''
  ) );
#1555 = PCURVE('',#1556,#1561);
#1556 = PLANE('',#1557);
#1557 = AXIS2_PLACEMENT_3D('',#1558,#1559,#1560);
#1558 = CARTESIAN_POINT('',(-4.192088885614,5.488374218875,0.));
#1559 = DIRECTION('',(0.63841709906,-0.769690592139,0.));
#1560 = DIRECTION('',(-0.769690592139,-0.63841709906,0.));
#1561 = DEFINITIONAL_REPRESENTATION('',(#1562),#1566);
#1562 = LINE('',#1563,#1564);
#1563 = CARTESIAN_POINT('',(0.,0.));
#1564 = VECTOR('',#1565,1.);
#1565 = DIRECTION('',(1.,0.));
#1566 = ( GEOMETRIC_REPRESENTATION_CONTEXT(2) 
PARAMETRIC_REPRESENTATION_CONTEXT() REPRESENTATION_CONTEXT('2D SPACE',''
  ) );
#1567 = ORIENTED_EDGE('',*,*,#1568,.T.);
#1568 = EDGE_CURVE('',#1541,#1569,#1571,.T.);
#1569 = VERTEX_POINT('',#1570);
#1570 = CARTESIAN_POINT('',(-4.734774442381,5.020458146424,0.));
#1571 = SURFACE_CURVE('',#1572,(#1576,#1583),.PCURVE_S1.);
#1572 = LINE('',#1573,#1574);
#1573 = CARTESIAN_POINT('',(-4.466514364942,5.26075299002,0.));
#1574 = VECTOR('',#1575,1.);
#1575 = DIRECTION('',(-0.74486497089,-0.66721523899,0.));
#1576 = PCURVE('',#144,#1577);
#1577 = DEFINITIONAL_REPRESENTATION('',(#1578),#1582);
#1578 = LINE('',#1579,#1580);
#1579 = CARTESIAN_POINT('',(-4.466514364942,5.26075299002));
#1580 = VECTOR('',#1581,1.);
#1581 = DIRECTION('',(-0.74486497089,-0.66721523899));
#1582 = ( GEOMETRIC_REPRESENTATION_CONTEXT(2) 
PARAMETRIC_REPRESENTATION_CONTEXT() REPRESENTATION_CONTEXT('2D SPACE',''
  ) );
#1583 = PCURVE('',#1584,#1589);
#1584 = PLANE('',#1585);
#1585 = AXIS2_PLACEMENT_3D('',#1586,#1587,#1588);
#1586 = CARTESIAN_POINT('',(-4.466514364942,5.26075299002,0.));
#1587 = DIRECTION('',(0.66721523899,-0.74486497089,0.));
#1588 = DIRECTION('',(-0.74486497089,-0.66721523899,0.));
#1589 = DEFINITIONAL_REPRESENTATION('',(#1590),#1594);
#1590 = LINE('',#1591,#1592);
#1591 = CARTESIAN_POINT('',(0.,0.));
#1592 = VECTOR('',#1593,1.);
#1593 = DIRECTION('',(1.,0.));
#1594 = ( GEOMETRIC_REPRESENTATION_CONTEXT(2) 
PARAMETRIC_REPRESENTATION_CONTEXT() REPRESENTATION_CONTEXT('2D SPACE',''
  ) );
#1595 = ORIENTED_EDGE('',*,*,#1596,.T.);
#1596 = EDGE_CURVE('',#1569,#1597,#1599,.T.);
#1597 = VERTEX_POINT('',#1598);
#1598 = CARTESIAN_POINT('',(-4.996092379413,4.768068579414,0.));
#1599 = SURFACE_CURVE('',#1600,(#1604,#1611),.PCURVE_S1.);
#1600 = LINE('',#1601,#1602);
#1601 = CARTESIAN_POINT('',(-4.734774442381,5.020458146424,0.));
#1602 = VECTOR('',#1603,1.);
#1603 = DIRECTION('',(-0.719287850267,-0.694712162308,0.));
#1604 = PCURVE('',#144,#1605);
#1605 = DEFINITIONAL_REPRESENTATION('',(#1606),#1610);
#1606 = LINE('',#1607,#1608);
#1607 = CARTESIAN_POINT('',(-4.734774442381,5.020458146424));
#1608 = VECTOR('',#1609,1.);
#1609 = DIRECTION('',(-0.719287850267,-0.694712162308));
#1610 = ( GEOMETRIC_REPRESENTATION_CONTEXT(2) 
PARAMETRIC_REPRESENTATION_CONTEXT() REPRESENTATION_CONTEXT('2D SPACE',''
  ) );
#1611 = PCURVE('',#1612,#1617);
#1612 = PLANE('',#1613);
#1613 = AXIS2_PLACEMENT_3D('',#1614,#1615,#1616);
#1614 = CARTESIAN_POINT('',(-4.734774442381,5.020458146424,0.));
#1615 = DIRECTION('',(0.694712162308,-0.719287850267,0.));
#1616 = DIRECTION('',(-0.719287850267,-0.694712162308,0.));
#1617 = DEFINITIONAL_REPRESENTATION('',(#1618),#1622);
#1618 = LINE('',#1619,#1620);
#1619 = CARTESIAN_POINT('',(0.,0.));
#1620 = VECTOR('',#1621,1.);
#1621 = DIRECTION('',(1.,0.));
#1622 = ( GEOMETRIC_REPRESENTATION_CONTEXT(2) 
PARAMETRIC_REPRESENTATION_CONTEXT() REPRESENTATION_CONTEXT('2D SPACE',''
  ) );
#1623 = ORIENTED_EDGE('',*,*,#1624,.T.);
#1624 = EDGE_CURVE('',#1597,#1625,#1627,.T.);
#1625 = VERTEX_POINT('',#1626);
#1626 = CARTESIAN_POINT('',(-5.249606833062,4.504192317562,0.));
#1627 = SURFACE_CURVE('',#1628,(#1632,#1639),.PCURVE_S1.);
#1628 = LINE('',#1629,#1630);
#1629 = CARTESIAN_POINT('',(-4.996092379413,4.768068579414,0.));
#1630 = VECTOR('',#1631,1.);
#1631 = DIRECTION('',(-0.692806597998,-0.721123441423,0.));
#1632 = PCURVE('',#144,#1633);
#1633 = DEFINITIONAL_REPRESENTATION('',(#1634),#1638);
#1634 = LINE('',#1635,#1636);
#1635 = CARTESIAN_POINT('',(-4.996092379413,4.768068579414));
#1636 = VECTOR('',#1637,1.);
#1637 = DIRECTION('',(-0.692806597998,-0.721123441423));
#1638 = ( GEOMETRIC_REPRESENTATION_CONTEXT(2) 
PARAMETRIC_REPRESENTATION_CONTEXT() REPRESENTATION_CONTEXT('2D SPACE',''
  ) );
#1639 = PCURVE('',#1640,#1645);
#1640 = PLANE('',#1641);
#1641 = AXIS2_PLACEMENT_3D('',#1642,#1643,#1644);
#1642 = CARTESIAN_POINT('',(-4.996092379413,4.768068579414,0.));
#1643 = DIRECTION('',(0.721123441423,-0.692806597998,0.));
#1644 = DIRECTION('',(-0.692806597998,-0.721123441423,0.));
#1645 = DEFINITIONAL_REPRESENTATION('',(#1646),#1650);
#1646 = LINE('',#1647,#1648);
#1647 = CARTESIAN_POINT('',(0.,0.));
#1648 = VECTOR('',#1649,1.);
#1649 = DIRECTION('',(1.,0.));
#1650 = ( GEOMETRIC_REPRESENTATION_CONTEXT(2) 
PARAMETRIC_REPRESENTATION_CONTEXT() REPRESENTATION_CONTEXT('2D SPACE',''
  ) );
#1651 = ORIENTED_EDGE('',*,*,#1652,.T.);
#1652 = EDGE_CURVE('',#1625,#1653,#1655,.T.);
#1653 = VERTEX_POINT('',#1654);
#1654 = CARTESIAN_POINT('',(-5.494364368009,4.229465061896,0.));
#1655 = SURFACE_CURVE('',#1656,(#1660,#1667),.PCURVE_S1.);
#1656 = LINE('',#1657,#1658);
#1657 = CARTESIAN_POINT('',(-5.249606833062,4.504192317562,0.));
#1658 = VECTOR('',#1659,1.);
#1659 = DIRECTION('',(-0.665206838158,-0.746659134055,0.));
#1660 = PCURVE('',#144,#1661);
#1661 = DEFINITIONAL_REPRESENTATION('',(#1662),#1666);
#1662 = LINE('',#1663,#1664);
#1663 = CARTESIAN_POINT('',(-5.249606833062,4.504192317562));
#1664 = VECTOR('',#1665,1.);
#1665 = DIRECTION('',(-0.665206838158,-0.746659134055));
#1666 = ( GEOMETRIC_REPRESENTATION_CONTEXT(2) 
PARAMETRIC_REPRESENTATION_CONTEXT() REPRESENTATION_CONTEXT('2D SPACE',''
  ) );
#1667 = PCURVE('',#1668,#1673);
#1668 = PLANE('',#1669);
#1669 = AXIS2_PLACEMENT_3D('',#1670,#1671,#1672);
#1670 = CARTESIAN_POINT('',(-5.249606833062,4.504192317562,0.));
#1671 = DIRECTION('',(0.746659134055,-0.665206838158,0.));
#1672 = DIRECTION('',(-0.665206838158,-0.746659134055,0.));
#1673 = DEFINITIONAL_REPRESENTATION('',(#1674),#1678);
#1674 = LINE('',#1675,#1676);
#1675 = CARTESIAN_POINT('',(0.,0.));
#1676 = VECTOR('',#1677,1.);
#1677 = DIRECTION('',(1.,0.));
#1678 = ( GEOMETRIC_REPRESENTATION_CONTEXT(2) 
PARAMETRIC_REPRESENTATION_CONTEXT() REPRESENTATION_CONTEXT('2D SPACE',''
  ) );
#1679 = ORIENTED_EDGE('',*,*,#1680,.T.);
#1680 = EDGE_CURVE('',#1653,#1681,#1683,.T.);
#1681 = VERTEX_POINT('',#1682);
#1682 = CARTESIAN_POINT('',(-5.729313187106,3.944548654439,0.));
#1683 = SURFACE_CURVE('',#1684,(#1688,#1695),.PCURVE_S1.);
#1684 = LINE('',#1685,#1686);
#1685 = CARTESIAN_POINT('',(-5.494364368009,4.229465061896,0.));
#1686 = VECTOR('',#1687,1.);
#1687 = DIRECTION('',(-0.636210187902,-0.771515778717,0.));
#1688 = PCURVE('',#144,#1689);
#1689 = DEFINITIONAL_REPRESENTATION('',(#1690),#1694);
#1690 = LINE('',#1691,#1692);
#1691 = CARTESIAN_POINT('',(-5.494364368009,4.229465061896));
#1692 = VECTOR('',#1693,1.);
#1693 = DIRECTION('',(-0.636210187902,-0.771515778717));
#1694 = ( GEOMETRIC_REPRESENTATION_CONTEXT(2) 
PARAMETRIC_REPRESENTATION_CONTEXT() REPRESENTATION_CONTEXT('2D SPACE',''
  ) );
#1695 = PCURVE('',#1696,#1701);
#1696 = PLANE('',#1697);
#1697 = AXIS2_PLACEMENT_3D('',#1698,#1699,#1700);
#1698 = CARTESIAN_POINT('',(-5.494364368009,4.229465061896,0.));
#1699 = DIRECTION('',(0.771515778717,-0.636210187902,0.));
#1700 = DIRECTION('',(-0.636210187902,-0.771515778717,0.));
#1701 = DEFINITIONAL_REPRESENTATION('',(#1702),#1706);
#1702 = LINE('',#1703,#1704);
#1703 = CARTESIAN_POINT('',(0.,0.));
#1704 = VECTOR('',#1705,1.);
#1705 = DIRECTION('',(1.,0.));
#1706 = ( GEOMETRIC_REPRESENTATION_CONTEXT(2) 
PARAMETRIC_REPRESENTATION_CONTEXT() REPRESENTATION_CONTEXT('2D SPACE',''
  ) );
#1707 = ORIENTED_EDGE('',*,*,#1708,.T.);
#1708 = EDGE_CURVE('',#1681,#1709,#1711,.T.);
#1709 = VERTEX_POINT('',#1710);
#1710 = CARTESIAN_POINT('',(-5.953299067323,3.650129483772,0.));
#1711 = SURFACE_CURVE('',#1712,(#1716,#1723),.PCURVE_S1.);
#1712 = LINE('',#1713,#1714);
#1713 = CARTESIAN_POINT('',(-5.729313187106,3.944548654439,0.));
#1714 = VECTOR('',#1715,1.);
#1715 = DIRECTION('',(-0.605472685324,-0.795866086302,0.));
#1716 = PCURVE('',#144,#1717);
#1717 = DEFINITIONAL_REPRESENTATION('',(#1718),#1722);
#1718 = LINE('',#1719,#1720);
#1719 = CARTESIAN_POINT('',(-5.729313187106,3.944548654439));
#1720 = VECTOR('',#1721,1.);
#1721 = DIRECTION('',(-0.605472685324,-0.795866086302));
#1722 = ( GEOMETRIC_REPRESENTATION_CONTEXT(2) 
PARAMETRIC_REPRESENTATION_CONTEXT() REPRESENTATION_CONTEXT('2D SPACE',''
  ) );
#1723 = PCURVE('',#1724,#1729);
#1724 = PLANE('',#1725);
#1725 = AXIS2_PLACEMENT_3D('',#1726,#1727,#1728);
#1726 = CARTESIAN_POINT('',(-5.729313187106,3.944548654439,0.));
#1727 = DIRECTION('',(0.795866086302,-0.605472685324,0.));
#1728 = DIRECTION('',(-0.605472685324,-0.795866086302,0.));
#1729 = DEFINITIONAL_REPRESENTATION('',(#1730),#1734);
#1730 = LINE('',#1731,#1732);
#1731 = CARTESIAN_POINT('',(0.,0.));
#1732 = VECTOR('',#1733,1.);
#1733 = DIRECTION('',(1.,0.));
#1734 = ( GEOMETRIC_REPRESENTATION_CONTEXT(2) 
PARAMETRIC_REPRESENTATION_CONTEXT() REPRESENTATION_CONTEXT('2D SPACE',''
  ) );
#1735 = ORIENTED_EDGE('',*,*,#1736,.T.);
#1736 = EDGE_CURVE('',#1709,#1737,#1739,.T.);
#1737 = VERTEX_POINT('',#1738);
#1738 = CARTESIAN_POINT('',(-6.165064813492,3.346916831465,0.));
#1739 = SURFACE_CURVE('',#1740,(#1744,#1751),.PCURVE_S1.);
#1740 = LINE('',#1741,#1742);
#1741 = CARTESIAN_POINT('',(-5.953299067323,3.650129483772,0.));
#1742 = VECTOR('',#1743,1.);
#1743 = DIRECTION('',(-0.572585328809,-0.819845132469,0.));
#1744 = PCURVE('',#144,#1745);
#1745 = DEFINITIONAL_REPRESENTATION('',(#1746),#1750);
#1746 = LINE('',#1747,#1748);
#1747 = CARTESIAN_POINT('',(-5.953299067323,3.650129483772));
#1748 = VECTOR('',#1749,1.);
#1749 = DIRECTION('',(-0.572585328809,-0.819845132469));
#1750 = ( GEOMETRIC_REPRESENTATION_CONTEXT(2) 
PARAMETRIC_REPRESENTATION_CONTEXT() REPRESENTATION_CONTEXT('2D SPACE',''
  ) );
#1751 = PCURVE('',#1752,#1757);
#1752 = PLANE('',#1753);
#1753 = AXIS2_PLACEMENT_3D('',#1754,#1755,#1756);
#1754 = CARTESIAN_POINT('',(-5.953299067323,3.650129483772,0.));
#1755 = DIRECTION('',(0.819845132469,-0.572585328809,0.));
#1756 = DIRECTION('',(-0.572585328809,-0.819845132469,0.));
#1757 = DEFINITIONAL_REPRESENTATION('',(#1758),#1762);
#1758 = LINE('',#1759,#1760);
#1759 = CARTESIAN_POINT('',(0.,0.));
#1760 = VECTOR('',#1761,1.);
#1761 = DIRECTION('',(1.,0.));
#1762 = ( GEOMETRIC_REPRESENTATION_CONTEXT(2) 
PARAMETRIC_REPRESENTATION_CONTEXT() REPRESENTATION_CONTEXT('2D SPACE',''
  ) );
#1763 = ORIENTED_EDGE('',*,*,#1764,.T.);
#1764 = EDGE_CURVE('',#1737,#1765,#1767,.T.);
#1765 = VERTEX_POINT('',#1766);
#1766 = CARTESIAN_POINT('',(-6.363254876269,3.035641163355,0.));
#1767 = SURFACE_CURVE('',#1768,(#1772,#1779),.PCURVE_S1.);
#1768 = LINE('',#1769,#1770);
#1769 = CARTESIAN_POINT('',(-6.165064813492,3.346916831465,0.));
#1770 = VECTOR('',#1771,1.);
#1771 = DIRECTION('',(-0.537079057675,-0.843531911552,0.));
#1772 = PCURVE('',#144,#1773);
#1773 = DEFINITIONAL_REPRESENTATION('',(#1774),#1778);
#1774 = LINE('',#1775,#1776);
#1775 = CARTESIAN_POINT('',(-6.165064813492,3.346916831465));
#1776 = VECTOR('',#1777,1.);
#1777 = DIRECTION('',(-0.537079057675,-0.843531911552));
#1778 = ( GEOMETRIC_REPRESENTATION_CONTEXT(2) 
PARAMETRIC_REPRESENTATION_CONTEXT() REPRESENTATION_CONTEXT('2D SPACE',''
  ) );
#1779 = PCURVE('',#1780,#1785);
#1780 = PLANE('',#1781);
#1781 = AXIS2_PLACEMENT_3D('',#1782,#1783,#1784);
#1782 = CARTESIAN_POINT('',(-6.165064813492,3.346916831465,0.));
#1783 = DIRECTION('',(0.843531911552,-0.537079057675,0.));
#1784 = DIRECTION('',(-0.537079057675,-0.843531911552,0.));
#1785 = DEFINITIONAL_REPRESENTATION('',(#1786),#1790);
#1786 = LINE('',#1787,#1788);
#1787 = CARTESIAN_POINT('',(0.,0.));
#1788 = VECTOR('',#1789,1.);
#1789 = DIRECTION('',(1.,0.));
#1790 = ( GEOMETRIC_REPRESENTATION_CONTEXT(2) 
PARAMETRIC_REPRESENTATION_CONTEXT() REPRESENTATION_CONTEXT('2D SPACE',''
  ) );
#1791 = ORIENTED_EDGE('',*,*,#1792,.T.);
#1792 = EDGE_CURVE('',#1765,#1793,#1795,.T.);
#1793 = VERTEX_POINT('',#1794);
#1794 = CARTESIAN_POINT('',(-6.546427054942,2.717052369792,0.));
#1795 = SURFACE_CURVE('',#1796,(#1800,#1807),.PCURVE_S1.);
#1796 = LINE('',#1797,#1798);
#1797 = CARTESIAN_POINT('',(-6.363254876269,3.035641163355,0.));
#1798 = VECTOR('',#1799,1.);
#1799 = DIRECTION('',(-0.498437631463,-0.866925560554,0.));
#1800 = PCURVE('',#144,#1801);
#1801 = DEFINITIONAL_REPRESENTATION('',(#1802),#1806);
#1802 = LINE('',#1803,#1804);
#1803 = CARTESIAN_POINT('',(-6.363254876269,3.035641163355));
#1804 = VECTOR('',#1805,1.);
#1805 = DIRECTION('',(-0.498437631463,-0.866925560554));
#1806 = ( GEOMETRIC_REPRESENTATION_CONTEXT(2) 
PARAMETRIC_REPRESENTATION_CONTEXT() REPRESENTATION_CONTEXT('2D SPACE',''
  ) );
#1807 = PCURVE('',#1808,#1813);
#1808 = PLANE('',#1809);
#1809 = AXIS2_PLACEMENT_3D('',#1810,#1811,#1812);
#1810 = CARTESIAN_POINT('',(-6.363254876269,3.035641163355,0.));
#1811 = DIRECTION('',(0.866925560554,-0.498437631463,0.));
#1812 = DIRECTION('',(-0.498437631463,-0.866925560554,0.));
#1813 = DEFINITIONAL_REPRESENTATION('',(#1814),#1818);
#1814 = LINE('',#1815,#1816);
#1815 = CARTESIAN_POINT('',(0.,0.));
#1816 = VECTOR('',#1817,1.);
#1817 = DIRECTION('',(1.,0.));
#1818 = ( GEOMETRIC_REPRESENTATION_CONTEXT(2) 
PARAMETRIC_REPRESENTATION_CONTEXT() REPRESENTATION_CONTEXT('2D SPACE',''
  ) );
#1819 = ORIENTED_EDGE('',*,*,#1820,.T.);
#1820 = EDGE_CURVE('',#1793,#1821,#1823,.T.);
#1821 = VERTEX_POINT('',#1822);
#1822 = CARTESIAN_POINT('',(-6.713073308226,2.391917959085,0.));
#1823 = SURFACE_CURVE('',#1824,(#1828,#1835),.PCURVE_S1.);
#1824 = LINE('',#1825,#1826);
#1825 = CARTESIAN_POINT('',(-6.546427054942,2.717052369792,0.));
#1826 = VECTOR('',#1827,1.);
#1827 = DIRECTION('',(-0.456123019692,-0.88991673257,0.));
#1828 = PCURVE('',#144,#1829);
#1829 = DEFINITIONAL_REPRESENTATION('',(#1830),#1834);
#1830 = LINE('',#1831,#1832);
#1831 = CARTESIAN_POINT('',(-6.546427054942,2.717052369792));
#1832 = VECTOR('',#1833,1.);
#1833 = DIRECTION('',(-0.456123019692,-0.88991673257));
#1834 = ( GEOMETRIC_REPRESENTATION_CONTEXT(2) 
PARAMETRIC_REPRESENTATION_CONTEXT() REPRESENTATION_CONTEXT('2D SPACE',''
  ) );
#1835 = PCURVE('',#1836,#1841);
#1836 = PLANE('',#1837);
#1837 = AXIS2_PLACEMENT_3D('',#1838,#1839,#1840);
#1838 = CARTESIAN_POINT('',(-6.546427054942,2.717052369792,0.));
#1839 = DIRECTION('',(0.88991673257,-0.456123019692,0.));
#1840 = DIRECTION('',(-0.456123019692,-0.88991673257,0.));
#1841 = DEFINITIONAL_REPRESENTATION('',(#1842),#1846);
#1842 = LINE('',#1843,#1844);
#1843 = CARTESIAN_POINT('',(0.,0.));
#1844 = VECTOR('',#1845,1.);
#1845 = DIRECTION('',(1.,0.));
#1846 = ( GEOMETRIC_REPRESENTATION_CONTEXT(2) 
PARAMETRIC_REPRESENTATION_CONTEXT() REPRESENTATION_CONTEXT('2D SPACE',''
  ) );
#1847 = ORIENTED_EDGE('',*,*,#1848,.T.);
#1848 = EDGE_CURVE('',#1821,#1849,#1851,.T.);
#1849 = VERTEX_POINT('',#1850);
#1850 = CARTESIAN_POINT('',(-6.861651472224,2.061021208507,0.));
#1851 = SURFACE_CURVE('',#1852,(#1856,#1863),.PCURVE_S1.);
#1852 = LINE('',#1853,#1854);
#1853 = CARTESIAN_POINT('',(-6.713073308226,2.391917959085,0.));
#1854 = VECTOR('',#1855,1.);
#1855 = DIRECTION('',(-0.409618568775,-0.912256887129,0.));
#1856 = PCURVE('',#144,#1857);
#1857 = DEFINITIONAL_REPRESENTATION('',(#1858),#1862);
#1858 = LINE('',#1859,#1860);
#1859 = CARTESIAN_POINT('',(-6.713073308226,2.391917959085));
#1860 = VECTOR('',#1861,1.);
#1861 = DIRECTION('',(-0.409618568775,-0.912256887129));
#1862 = ( GEOMETRIC_REPRESENTATION_CONTEXT(2) 
PARAMETRIC_REPRESENTATION_CONTEXT() REPRESENTATION_CONTEXT('2D SPACE',''
  ) );
#1863 = PCURVE('',#1864,#1869);
#1864 = PLANE('',#1865);
#1865 = AXIS2_PLACEMENT_3D('',#1866,#1867,#1868);
#1866 = CARTESIAN_POINT('',(-6.713073308226,2.391917959085,0.));
#1867 = DIRECTION('',(0.912256887129,-0.409618568775,0.));
#1868 = DIRECTION('',(-0.409618568775,-0.912256887129,0.));
#1869 = DEFINITIONAL_REPRESENTATION('',(#1870),#1874);
#1870 = LINE('',#1871,#1872);
#1871 = CARTESIAN_POINT('',(0.,0.));
#1872 = VECTOR('',#1873,1.);
#1873 = DIRECTION('',(1.,0.));
#1874 = ( GEOMETRIC_REPRESENTATION_CONTEXT(2) 
PARAMETRIC_REPRESENTATION_CONTEXT() REPRESENTATION_CONTEXT('2D SPACE',''
  ) );
#1875 = ORIENTED_EDGE('',*,*,#1876,.T.);
#1876 = EDGE_CURVE('',#1849,#1877,#1879,.T.);
#1877 = VERTEX_POINT('',#1878);
#1878 = CARTESIAN_POINT('',(-6.990628959937,1.725159277313,0.));
#1879 = SURFACE_CURVE('',#1880,(#1884,#1891),.PCURVE_S1.);
#1880 = LINE('',#1881,#1882);
#1881 = CARTESIAN_POINT('',(-6.861651472224,2.061021208507,0.));
#1882 = VECTOR('',#1883,1.);
#1883 = DIRECTION('',(-0.358494334287,-0.933531902124,0.));
#1884 = PCURVE('',#144,#1885);
#1885 = DEFINITIONAL_REPRESENTATION('',(#1886),#1890);
#1886 = LINE('',#1887,#1888);
#1887 = CARTESIAN_POINT('',(-6.861651472224,2.061021208507));
#1888 = VECTOR('',#1889,1.);
#1889 = DIRECTION('',(-0.358494334287,-0.933531902124));
#1890 = ( GEOMETRIC_REPRESENTATION_CONTEXT(2) 
PARAMETRIC_REPRESENTATION_CONTEXT() REPRESENTATION_CONTEXT('2D SPACE',''
  ) );
#1891 = PCURVE('',#1892,#1897);
#1892 = PLANE('',#1893);
#1893 = AXIS2_PLACEMENT_3D('',#1894,#1895,#1896);
#1894 = CARTESIAN_POINT('',(-6.861651472224,2.061021208507,0.));
#1895 = DIRECTION('',(0.933531902124,-0.358494334287,0.));
#1896 = DIRECTION('',(-0.358494334287,-0.933531902124,0.));
#1897 = DEFINITIONAL_REPRESENTATION('',(#1898),#1902);
#1898 = LINE('',#1899,#1900);
#1899 = CARTESIAN_POINT('',(0.,0.));
#1900 = VECTOR('',#1901,1.);
#1901 = DIRECTION('',(1.,0.));
#1902 = ( GEOMETRIC_REPRESENTATION_CONTEXT(2) 
PARAMETRIC_REPRESENTATION_CONTEXT() REPRESENTATION_CONTEXT('2D SPACE',''
  ) );
#1903 = ORIENTED_EDGE('',*,*,#1904,.T.);
#1904 = EDGE_CURVE('',#1877,#1905,#1907,.T.);
#1905 = VERTEX_POINT('',#1906);
#1906 = CARTESIAN_POINT('',(-7.098538155264,1.385141286315,0.));
#1907 = SURFACE_CURVE('',#1908,(#1912,#1919),.PCURVE_S1.);
#1908 = LINE('',#1909,#1910);
#1909 = CARTESIAN_POINT('',(-6.990628959937,1.725159277313,0.));
#1910 = VECTOR('',#1911,1.);
#1911 = DIRECTION('',(-0.3024950326,-0.953150961418,0.));
#1912 = PCURVE('',#144,#1913);
#1913 = DEFINITIONAL_REPRESENTATION('',(#1914),#1918);
#1914 = LINE('',#1915,#1916);
#1915 = CARTESIAN_POINT('',(-6.990628959937,1.725159277313));
#1916 = VECTOR('',#1917,1.);
#1917 = DIRECTION('',(-0.3024950326,-0.953150961418));
#1918 = ( GEOMETRIC_REPRESENTATION_CONTEXT(2) 
PARAMETRIC_REPRESENTATION_CONTEXT() REPRESENTATION_CONTEXT('2D SPACE',''
  ) );
#1919 = PCURVE('',#1920,#1925);
#1920 = PLANE('',#1921);
#1921 = AXIS2_PLACEMENT_3D('',#1922,#1923,#1924);
#1922 = CARTESIAN_POINT('',(-6.990628959937,1.725159277313,0.));
#1923 = DIRECTION('',(0.953150961418,-0.3024950326,0.));
#1924 = DIRECTION('',(-0.3024950326,-0.953150961418,0.));
#1925 = DEFINITIONAL_REPRESENTATION('',(#1926),#1930);
#1926 = LINE('',#1927,#1928);
#1927 = CARTESIAN_POINT('',(0.,0.));
#1928 = VECTOR('',#1929,1.);
#1929 = DIRECTION('',(1.,0.));
#1930 = ( GEOMETRIC_REPRESENTATION_CONTEXT(2) 
PARAMETRIC_REPRESENTATION_CONTEXT() REPRESENTATION_CONTEXT('2D SPACE',''
  ) );
#1931 = ORIENTED_EDGE('',*,*,#1932,.T.);
#1932 = EDGE_CURVE('',#1905,#1933,#1935,.T.);
#1933 = VERTEX_POINT('',#1934);
#1934 = CARTESIAN_POINT('',(-7.184041214204,1.041786368633,0.));
#1935 = SURFACE_CURVE('',#1936,(#1940,#1947),.PCURVE_S1.);
#1936 = LINE('',#1937,#1938);
#1937 = CARTESIAN_POINT('',(-7.098538155264,1.385141286315,0.));
#1938 = VECTOR('',#1939,1.);
#1939 = DIRECTION('',(-0.241642677061,-0.970365300607,0.));
#1940 = PCURVE('',#144,#1941);
#1941 = DEFINITIONAL_REPRESENTATION('',(#1942),#1946);
#1942 = LINE('',#1943,#1944);
#1943 = CARTESIAN_POINT('',(-7.098538155264,1.385141286315));
#1944 = VECTOR('',#1945,1.);
#1945 = DIRECTION('',(-0.241642677061,-0.970365300607));
#1946 = ( GEOMETRIC_REPRESENTATION_CONTEXT(2) 
PARAMETRIC_REPRESENTATION_CONTEXT() REPRESENTATION_CONTEXT('2D SPACE',''
  ) );
#1947 = PCURVE('',#1948,#1953);
#1948 = PLANE('',#1949);
#1949 = AXIS2_PLACEMENT_3D('',#1950,#1951,#1952);
#1950 = CARTESIAN_POINT('',(-7.098538155264,1.385141286315,0.));
#1951 = DIRECTION('',(0.970365300607,-0.241642677061,0.));
#1952 = DIRECTION('',(-0.241642677061,-0.970365300607,0.));
#1953 = DEFINITIONAL_REPRESENTATION('',(#1954),#1958);
#1954 = LINE('',#1955,#1956);
#1955 = CARTESIAN_POINT('',(0.,0.));
#1956 = VECTOR('',#1957,1.);
#1957 = DIRECTION('',(1.,0.));
#1958 = ( GEOMETRIC_REPRESENTATION_CONTEXT(2) 
PARAMETRIC_REPRESENTATION_CONTEXT() REPRESENTATION_CONTEXT('2D SPACE',''
  ) );
#1959 = ORIENTED_EDGE('',*,*,#1960,.T.);
#1960 = EDGE_CURVE('',#1933,#1961,#1963,.T.);
#1961 = VERTEX_POINT('',#1962);
#1962 = CARTESIAN_POINT('',(-7.245999585084,0.69592169634,0.));
#1963 = SURFACE_CURVE('',#1964,(#1968,#1975),.PCURVE_S1.);
#1964 = LINE('',#1965,#1966);
#1965 = CARTESIAN_POINT('',(-7.184041214204,1.041786368633,0.));
#1966 = VECTOR('',#1967,1.);
#1967 = DIRECTION('',(-0.176333457556,-0.984330489087,0.));
#1968 = PCURVE('',#144,#1969);
#1969 = DEFINITIONAL_REPRESENTATION('',(#1970),#1974);
#1970 = LINE('',#1971,#1972);
#1971 = CARTESIAN_POINT('',(-7.184041214204,1.041786368633));
#1972 = VECTOR('',#1973,1.);
#1973 = DIRECTION('',(-0.176333457556,-0.984330489087));
#1974 = ( GEOMETRIC_REPRESENTATION_CONTEXT(2) 
PARAMETRIC_REPRESENTATION_CONTEXT() REPRESENTATION_CONTEXT('2D SPACE',''
  ) );
#1975 = PCURVE('',#1976,#1981);
#1976 = PLANE('',#1977);
#1977 = AXIS2_PLACEMENT_3D('',#1978,#1979,#1980);
#1978 = CARTESIAN_POINT('',(-7.184041214204,1.041786368633,0.));
#1979 = DIRECTION('',(0.984330489087,-0.176333457556,0.));
#1980 = DIRECTION('',(-0.176333457556,-0.984330489087,0.));
#1981 = DEFINITIONAL_REPRESENTATION('',(#1982),#1986);
#1982 = LINE('',#1983,#1984);
#1983 = CARTESIAN_POINT('',(0.,0.));
#1984 = VECTOR('',#1985,1.);
#1985 = DIRECTION('',(1.,0.));
#1986 = ( GEOMETRIC_REPRESENTATION_CONTEXT(2) 
PARAMETRIC_REPRESENTATION_CONTEXT() REPRESENTATION_CONTEXT('2D SPACE',''
  ) );
#1987 = ORIENTED_EDGE('',*,*,#1988,.T.);
#1988 = EDGE_CURVE('',#1961,#1989,#1991,.T.);
#1989 = VERTEX_POINT('',#1990);
#1990 = CARTESIAN_POINT('',(-7.283541292514,0.348380487725,0.));
#1991 = SURFACE_CURVE('',#1992,(#1996,#2003),.PCURVE_S1.);
#1992 = LINE('',#1993,#1994);
#1993 = CARTESIAN_POINT('',(-7.245999585084,0.69592169634,0.));
#1994 = VECTOR('',#1995,1.);
#1995 = DIRECTION('',(-0.107396121509,-0.994216311013,0.));
#1996 = PCURVE('',#144,#1997);
#1997 = DEFINITIONAL_REPRESENTATION('',(#1998),#2002);
#1998 = LINE('',#1999,#2000);
#1999 = CARTESIAN_POINT('',(-7.245999585084,0.69592169634));
#2000 = VECTOR('',#2001,1.);
#2001 = DIRECTION('',(-0.107396121509,-0.994216311013));
#2002 = ( GEOMETRIC_REPRESENTATION_CONTEXT(2) 
PARAMETRIC_REPRESENTATION_CONTEXT() REPRESENTATION_CONTEXT('2D SPACE',''
  ) );
#2003 = PCURVE('',#2004,#2009);
#2004 = PLANE('',#2005);
#2005 = AXIS2_PLACEMENT_3D('',#2006,#2007,#2008);
#2006 = CARTESIAN_POINT('',(-7.245999585084,0.69592169634,0.));
#2007 = DIRECTION('',(0.994216311013,-0.107396121509,0.));
#2008 = DIRECTION('',(-0.107396121509,-0.994216311013,0.));
#2009 = DEFINITIONAL_REPRESENTATION('',(#2010),#2014);
#2010 = LINE('',#2011,#2012);
#2011 = CARTESIAN_POINT('',(0.,0.));
#2012 = VECTOR('',#2013,1.);
#2013 = DIRECTION('',(1.,0.));
#2014 = ( GEOMETRIC_REPRESENTATION_CONTEXT(2) 
PARAMETRIC_REPRESENTATION_CONTEXT() REPRESENTATION_CONTEXT('2D SPACE',''
  ) );
#2015 = ORIENTED_EDGE('',*,*,#2016,.T.);
#2016 = EDGE_CURVE('',#1989,#2017,#2019,.T.);
#2017 = VERTEX_POINT('',#2018);
#2018 = CARTESIAN_POINT('',(-7.296117649877,8.694992273946E-16,0.));
#2019 = SURFACE_CURVE('',#2020,(#2024,#2031),.PCURVE_S1.);
#2020 = LINE('',#2021,#2022);
#2021 = CARTESIAN_POINT('',(-7.283541292514,0.348380487725,0.));
#2022 = VECTOR('',#2023,1.);
#2023 = DIRECTION('',(-3.607598938854E-02,-0.999349049627,0.));
#2024 = PCURVE('',#144,#2025);
#2025 = DEFINITIONAL_REPRESENTATION('',(#2026),#2030);
#2026 = LINE('',#2027,#2028);
#2027 = CARTESIAN_POINT('',(-7.283541292514,0.348380487725));
#2028 = VECTOR('',#2029,1.);
#2029 = DIRECTION('',(-3.607598938854E-02,-0.999349049627));
#2030 = ( GEOMETRIC_REPRESENTATION_CONTEXT(2) 
PARAMETRIC_REPRESENTATION_CONTEXT() REPRESENTATION_CONTEXT('2D SPACE',''
  ) );
#2031 = PCURVE('',#2032,#2037);
#2032 = PLANE('',#2033);
#2033 = AXIS2_PLACEMENT_3D('',#2034,#2035,#2036);
#2034 = CARTESIAN_POINT('',(-7.283541292514,0.348380487725,0.));
#2035 = DIRECTION('',(0.999349049627,-3.607598938854E-02,0.));
#2036 = DIRECTION('',(-3.607598938854E-02,-0.999349049627,0.));
#2037 = DEFINITIONAL_REPRESENTATION('',(#2038),#2042);
#2038 = LINE('',#2039,#2040);
#2039 = CARTESIAN_POINT('',(0.,0.));
#2040 = VECTOR('',#2041,1.);
#2041 = DIRECTION('',(1.,0.));
#2042 = ( GEOMETRIC_REPRESENTATION_CONTEXT(2) 
PARAMETRIC_REPRESENTATION_CONTEXT() REPRESENTATION_CONTEXT('2D SPACE',''
  ) );
#2043 = ORIENTED_EDGE('',*,*,#2044,.T.);
#2044 = EDGE_CURVE('',#2017,#2045,#2047,.T.);
#2045 = VERTEX_POINT('',#2046);
#2046 = CARTESIAN_POINT('',(-7.283541292514,-0.348380487725,0.));
#2047 = SURFACE_CURVE('',#2048,(#2052,#2059),.PCURVE_S1.);
#2048 = LINE('',#2049,#2050);
#2049 = CARTESIAN_POINT('',(-7.296117649877,8.694992273946E-16,0.));
#2050 = VECTOR('',#2051,1.);
#2051 = DIRECTION('',(3.607598938854E-02,-0.999349049627,0.));
#2052 = PCURVE('',#144,#2053);
#2053 = DEFINITIONAL_REPRESENTATION('',(#2054),#2058);
#2054 = LINE('',#2055,#2056);
#2055 = CARTESIAN_POINT('',(-7.296117649877,1.43581945185E-15));
#2056 = VECTOR('',#2057,1.);
#2057 = DIRECTION('',(3.607598938854E-02,-0.999349049627));
#2058 = ( GEOMETRIC_REPRESENTATION_CONTEXT(2) 
PARAMETRIC_REPRESENTATION_CONTEXT() REPRESENTATION_CONTEXT('2D SPACE',''
  ) );
#2059 = PCURVE('',#2060,#2065);
#2060 = PLANE('',#2061);
#2061 = AXIS2_PLACEMENT_3D('',#2062,#2063,#2064);
#2062 = CARTESIAN_POINT('',(-7.296117649877,8.694992273946E-16,0.));
#2063 = DIRECTION('',(0.999349049627,3.607598938854E-02,-0.));
#2064 = DIRECTION('',(3.607598938854E-02,-0.999349049627,0.));
#2065 = DEFINITIONAL_REPRESENTATION('',(#2066),#2070);
#2066 = LINE('',#2067,#2068);
#2067 = CARTESIAN_POINT('',(0.,0.));
#2068 = VECTOR('',#2069,1.);
#2069 = DIRECTION('',(1.,0.));
#2070 = ( GEOMETRIC_REPRESENTATION_CONTEXT(2) 
PARAMETRIC_REPRESENTATION_CONTEXT() REPRESENTATION_CONTEXT('2D SPACE',''
  ) );
#2071 = ORIENTED_EDGE('',*,*,#2072,.T.);
#2072 = EDGE_CURVE('',#2045,#2073,#2075,.T.);
#2073 = VERTEX_POINT('',#2074);
#2074 = CARTESIAN_POINT('',(-7.245999585084,-0.69592169634,0.));
#2075 = SURFACE_CURVE('',#2076,(#2080,#2087),.PCURVE_S1.);
#2076 = LINE('',#2077,#2078);
#2077 = CARTESIAN_POINT('',(-7.283541292514,-0.348380487725,0.));
#2078 = VECTOR('',#2079,1.);
#2079 = DIRECTION('',(0.107396121509,-0.994216311013,0.));
#2080 = PCURVE('',#144,#2081);
#2081 = DEFINITIONAL_REPRESENTATION('',(#2082),#2086);
#2082 = LINE('',#2083,#2084);
#2083 = CARTESIAN_POINT('',(-7.283541292514,-0.348380487725));
#2084 = VECTOR('',#2085,1.);
#2085 = DIRECTION('',(0.107396121509,-0.994216311013));
#2086 = ( GEOMETRIC_REPRESENTATION_CONTEXT(2) 
PARAMETRIC_REPRESENTATION_CONTEXT() REPRESENTATION_CONTEXT('2D SPACE',''
  ) );
#2087 = PCURVE('',#2088,#2093);
#2088 = PLANE('',#2089);
#2089 = AXIS2_PLACEMENT_3D('',#2090,#2091,#2092);
#2090 = CARTESIAN_POINT('',(-7.283541292514,-0.348380487725,0.));
#2091 = DIRECTION('',(0.994216311013,0.107396121509,-0.));
#2092 = DIRECTION('',(0.107396121509,-0.994216311013,0.));
#2093 = DEFINITIONAL_REPRESENTATION('',(#2094),#2098);
#2094 = LINE('',#2095,#2096);
#2095 = CARTESIAN_POINT('',(0.,0.));
#2096 = VECTOR('',#2097,1.);
#2097 = DIRECTION('',(1.,0.));
#2098 = ( GEOMETRIC_REPRESENTATION_CONTEXT(2) 
PARAMETRIC_REPRESENTATION_CONTEXT() REPRESENTATION_CONTEXT('2D SPACE',''
  ) );
#2099 = ORIENTED_EDGE('',*,*,#2100,.T.);
#2100 = EDGE_CURVE('',#2073,#2101,#2103,.T.);
#2101 = VERTEX_POINT('',#2102);
#2102 = CARTESIAN_POINT('',(-7.184041214204,-1.041786368633,0.));
#2103 = SURFACE_CURVE('',#2104,(#2108,#2115),.PCURVE_S1.);
#2104 = LINE('',#2105,#2106);
#2105 = CARTESIAN_POINT('',(-7.245999585084,-0.69592169634,0.));
#2106 = VECTOR('',#2107,1.);
#2107 = DIRECTION('',(0.176333457556,-0.984330489087,0.));
#2108 = PCURVE('',#144,#2109);
#2109 = DEFINITIONAL_REPRESENTATION('',(#2110),#2114);
#2110 = LINE('',#2111,#2112);
#2111 = CARTESIAN_POINT('',(-7.245999585084,-0.69592169634));
#2112 = VECTOR('',#2113,1.);
#2113 = DIRECTION('',(0.176333457556,-0.984330489087));
#2114 = ( GEOMETRIC_REPRESENTATION_CONTEXT(2) 
PARAMETRIC_REPRESENTATION_CONTEXT() REPRESENTATION_CONTEXT('2D SPACE',''
  ) );
#2115 = PCURVE('',#2116,#2121);
#2116 = PLANE('',#2117);
#2117 = AXIS2_PLACEMENT_3D('',#2118,#2119,#2120);
#2118 = CARTESIAN_POINT('',(-7.245999585084,-0.69592169634,0.));
#2119 = DIRECTION('',(0.984330489087,0.176333457556,-0.));
#2120 = DIRECTION('',(0.176333457556,-0.984330489087,0.));
#2121 = DEFINITIONAL_REPRESENTATION('',(#2122),#2126);
#2122 = LINE('',#2123,#2124);
#2123 = CARTESIAN_POINT('',(0.,0.));
#2124 = VECTOR('',#2125,1.);
#2125 = DIRECTION('',(1.,0.));
#2126 = ( GEOMETRIC_REPRESENTATION_CONTEXT(2) 
PARAMETRIC_REPRESENTATION_CONTEXT() REPRESENTATION_CONTEXT('2D SPACE',''
  ) );
#2127 = ORIENTED_EDGE('',*,*,#2128,.T.);
#2128 = EDGE_CURVE('',#2101,#2129,#2131,.T.);
#2129 = VERTEX_POINT('',#2130);
#2130 = CARTESIAN_POINT('',(-7.098538155264,-1.385141286315,0.));
#2131 = SURFACE_CURVE('',#2132,(#2136,#2143),.PCURVE_S1.);
#2132 = LINE('',#2133,#2134);
#2133 = CARTESIAN_POINT('',(-7.184041214204,-1.041786368633,0.));
#2134 = VECTOR('',#2135,1.);
#2135 = DIRECTION('',(0.241642677061,-0.970365300607,0.));
#2136 = PCURVE('',#144,#2137);
#2137 = DEFINITIONAL_REPRESENTATION('',(#2138),#2142);
#2138 = LINE('',#2139,#2140);
#2139 = CARTESIAN_POINT('',(-7.184041214204,-1.041786368633));
#2140 = VECTOR('',#2141,1.);
#2141 = DIRECTION('',(0.241642677061,-0.970365300607));
#2142 = ( GEOMETRIC_REPRESENTATION_CONTEXT(2) 
PARAMETRIC_REPRESENTATION_CONTEXT() REPRESENTATION_CONTEXT('2D SPACE',''
  ) );
#2143 = PCURVE('',#2144,#2149);
#2144 = PLANE('',#2145);
#2145 = AXIS2_PLACEMENT_3D('',#2146,#2147,#2148);
#2146 = CARTESIAN_POINT('',(-7.184041214204,-1.041786368633,0.));
#2147 = DIRECTION('',(0.970365300607,0.241642677061,-0.));
#2148 = DIRECTION('',(0.241642677061,-0.970365300607,0.));
#2149 = DEFINITIONAL_REPRESENTATION('',(#2150),#2154);
#2150 = LINE('',#2151,#2152);
#2151 = CARTESIAN_POINT('',(0.,0.));
#2152 = VECTOR('',#2153,1.);
#2153 = DIRECTION('',(1.,0.));
#2154 = ( GEOMETRIC_REPRESENTATION_CONTEXT(2) 
PARAMETRIC_REPRESENTATION_CONTEXT() REPRESENTATION_CONTEXT('2D SPACE',''
  ) );
#2155 = ORIENTED_EDGE('',*,*,#2156,.T.);
#2156 = EDGE_CURVE('',#2129,#2157,#2159,.T.);
#2157 = VERTEX_POINT('',#2158);
#2158 = CARTESIAN_POINT('',(-6.990628959937,-1.725159277313,0.));
#2159 = SURFACE_CURVE('',#2160,(#2164,#2171),.PCURVE_S1.);
#2160 = LINE('',#2161,#2162);
#2161 = CARTESIAN_POINT('',(-7.098538155264,-1.385141286315,0.));
#2162 = VECTOR('',#2163,1.);
#2163 = DIRECTION('',(0.3024950326,-0.953150961418,0.));
#2164 = PCURVE('',#144,#2165);
#2165 = DEFINITIONAL_REPRESENTATION('',(#2166),#2170);
#2166 = LINE('',#2167,#2168);
#2167 = CARTESIAN_POINT('',(-7.098538155264,-1.385141286315));
#2168 = VECTOR('',#2169,1.);
#2169 = DIRECTION('',(0.3024950326,-0.953150961418));
#2170 = ( GEOMETRIC_REPRESENTATION_CONTEXT(2) 
PARAMETRIC_REPRESENTATION_CONTEXT() REPRESENTATION_CONTEXT('2D SPACE',''
  ) );
#2171 = PCURVE('',#2172,#2177);
#2172 = PLANE('',#2173);
#2173 = AXIS2_PLACEMENT_3D('',#2174,#2175,#2176);
#2174 = CARTESIAN_POINT('',(-7.098538155264,-1.385141286315,0.));
#2175 = DIRECTION('',(0.953150961418,0.3024950326,-0.));
#2176 = DIRECTION('',(0.3024950326,-0.953150961418,0.));
#2177 = DEFINITIONAL_REPRESENTATION('',(#2178),#2182);
#2178 = LINE('',#2179,#2180);
#2179 = CARTESIAN_POINT('',(0.,0.));
#2180 = VECTOR('',#2181,1.);
#2181 = DIRECTION('',(1.,0.));
#2182 = ( GEOMETRIC_REPRESENTATION_CONTEXT(2) 
PARAMETRIC_REPRESENTATION_CONTEXT() REPRESENTATION_CONTEXT('2D SPACE',''
  ) );
#2183 = ORIENTED_EDGE('',*,*,#2184,.T.);
#2184 = EDGE_CURVE('',#2157,#2185,#2187,.T.);
#2185 = VERTEX_POINT('',#2186);
#2186 = CARTESIAN_POINT('',(-6.861651472224,-2.061021208507,0.));
#2187 = SURFACE_CURVE('',#2188,(#2192,#2199),.PCURVE_S1.);
#2188 = LINE('',#2189,#2190);
#2189 = CARTESIAN_POINT('',(-6.990628959937,-1.725159277313,0.));
#2190 = VECTOR('',#2191,1.);
#2191 = DIRECTION('',(0.358494334287,-0.933531902124,0.));
#2192 = PCURVE('',#144,#2193);
#2193 = DEFINITIONAL_REPRESENTATION('',(#2194),#2198);
#2194 = LINE('',#2195,#2196);
#2195 = CARTESIAN_POINT('',(-6.990628959937,-1.725159277313));
#2196 = VECTOR('',#2197,1.);
#2197 = DIRECTION('',(0.358494334287,-0.933531902124));
#2198 = ( GEOMETRIC_REPRESENTATION_CONTEXT(2) 
PARAMETRIC_REPRESENTATION_CONTEXT() REPRESENTATION_CONTEXT('2D SPACE',''
  ) );
#2199 = PCURVE('',#2200,#2205);
#2200 = PLANE('',#2201);
#2201 = AXIS2_PLACEMENT_3D('',#2202,#2203,#2204);
#2202 = CARTESIAN_POINT('',(-6.990628959937,-1.725159277313,0.));
#2203 = DIRECTION('',(0.933531902124,0.358494334287,-0.));
#2204 = DIRECTION('',(0.358494334287,-0.933531902124,0.));
#2205 = DEFINITIONAL_REPRESENTATION('',(#2206),#2210);
#2206 = LINE('',#2207,#2208);
#2207 = CARTESIAN_POINT('',(0.,0.));
#2208 = VECTOR('',#2209,1.);
#2209 = DIRECTION('',(1.,0.));
#2210 = ( GEOMETRIC_REPRESENTATION_CONTEXT(2) 
PARAMETRIC_REPRESENTATION_CONTEXT() REPRESENTATION_CONTEXT('2D SPACE',''
  ) );
#2211 = ORIENTED_EDGE('',*,*,#2212,.T.);
#2212 = EDGE_CURVE('',#2185,#2213,#2215,.T.);
#2213 = VERTEX_POINT('',#2214);
#2214 = CARTESIAN_POINT('',(-6.713073308226,-2.391917959085,0.));
#2215 = SURFACE_CURVE('',#2216,(#2220,#2227),.PCURVE_S1.);
#2216 = LINE('',#2217,#2218);
#2217 = CARTESIAN_POINT('',(-6.861651472224,-2.061021208507,0.));
#2218 = VECTOR('',#2219,1.);
#2219 = DIRECTION('',(0.409618568775,-0.912256887129,0.));
#2220 = PCURVE('',#144,#2221);
#2221 = DEFINITIONAL_REPRESENTATION('',(#2222),#2226);
#2222 = LINE('',#2223,#2224);
#2223 = CARTESIAN_POINT('',(-6.861651472224,-2.061021208507));
#2224 = VECTOR('',#2225,1.);
#2225 = DIRECTION('',(0.409618568775,-0.912256887129));
#2226 = ( GEOMETRIC_REPRESENTATION_CONTEXT(2) 
PARAMETRIC_REPRESENTATION_CONTEXT() REPRESENTATION_CONTEXT('2D SPACE',''
  ) );
#2227 = PCURVE('',#2228,#2233);
#2228 = PLANE('',#2229);
#2229 = AXIS2_PLACEMENT_3D('',#2230,#2231,#2232);
#2230 = CARTESIAN_POINT('',(-6.861651472224,-2.061021208507,0.));
#2231 = DIRECTION('',(0.912256887129,0.409618568775,-0.));
#2232 = DIRECTION('',(0.409618568775,-0.912256887129,0.));
#2233 = DEFINITIONAL_REPRESENTATION('',(#2234),#2238);
#2234 = LINE('',#2235,#2236);
#2235 = CARTESIAN_POINT('',(0.,0.));
#2236 = VECTOR('',#2237,1.);
#2237 = DIRECTION('',(1.,0.));
#2238 = ( GEOMETRIC_REPRESENTATION_CONTEXT(2) 
PARAMETRIC_REPRESENTATION_CONTEXT() REPRESENTATION_CONTEXT('2D SPACE',''
  ) );
#2239 = ORIENTED_EDGE('',*,*,#2240,.T.);
#2240 = EDGE_CURVE('',#2213,#2241,#2243,.T.);
#2241 = VERTEX_POINT('',#2242);
#2242 = CARTESIAN_POINT('',(-6.546427054942,-2.717052369792,0.));
#2243 = SURFACE_CURVE('',#2244,(#2248,#2255),.PCURVE_S1.);
#2244 = LINE('',#2245,#2246);
#2245 = CARTESIAN_POINT('',(-6.713073308226,-2.391917959085,0.));
#2246 = VECTOR('',#2247,1.);
#2247 = DIRECTION('',(0.456123019692,-0.88991673257,0.));
#2248 = PCURVE('',#144,#2249);
#2249 = DEFINITIONAL_REPRESENTATION('',(#2250),#2254);
#2250 = LINE('',#2251,#2252);
#2251 = CARTESIAN_POINT('',(-6.713073308226,-2.391917959085));
#2252 = VECTOR('',#2253,1.);
#2253 = DIRECTION('',(0.456123019692,-0.88991673257));
#2254 = ( GEOMETRIC_REPRESENTATION_CONTEXT(2) 
PARAMETRIC_REPRESENTATION_CONTEXT() REPRESENTATION_CONTEXT('2D SPACE',''
  ) );
#2255 = PCURVE('',#2256,#2261);
#2256 = PLANE('',#2257);
#2257 = AXIS2_PLACEMENT_3D('',#2258,#2259,#2260);
#2258 = CARTESIAN_POINT('',(-6.713073308226,-2.391917959085,0.));
#2259 = DIRECTION('',(0.88991673257,0.456123019692,-0.));
#2260 = DIRECTION('',(0.456123019692,-0.88991673257,0.));
#2261 = DEFINITIONAL_REPRESENTATION('',(#2262),#2266);
#2262 = LINE('',#2263,#2264);
#2263 = CARTESIAN_POINT('',(0.,0.));
#2264 = VECTOR('',#2265,1.);
#2265 = DIRECTION('',(1.,0.));
#2266 = ( GEOMETRIC_REPRESENTATION_CONTEXT(2) 
PARAMETRIC_REPRESENTATION_CONTEXT() REPRESENTATION_CONTEXT('2D SPACE',''
  ) );
#2267 = ORIENTED_EDGE('',*,*,#2268,.T.);
#2268 = EDGE_CURVE('',#2241,#2269,#2271,.T.);
#2269 = VERTEX_POINT('',#2270);
#2270 = CARTESIAN_POINT('',(-6.363254876269,-3.035641163355,0.));
#2271 = SURFACE_CURVE('',#2272,(#2276,#2283),.PCURVE_S1.);
#2272 = LINE('',#2273,#2274);
#2273 = CARTESIAN_POINT('',(-6.546427054942,-2.717052369792,0.));
#2274 = VECTOR('',#2275,1.);
#2275 = DIRECTION('',(0.498437631463,-0.866925560554,0.));
#2276 = PCURVE('',#144,#2277);
#2277 = DEFINITIONAL_REPRESENTATION('',(#2278),#2282);
#2278 = LINE('',#2279,#2280);
#2279 = CARTESIAN_POINT('',(-6.546427054942,-2.717052369792));
#2280 = VECTOR('',#2281,1.);
#2281 = DIRECTION('',(0.498437631463,-0.866925560554));
#2282 = ( GEOMETRIC_REPRESENTATION_CONTEXT(2) 
PARAMETRIC_REPRESENTATION_CONTEXT() REPRESENTATION_CONTEXT('2D SPACE',''
  ) );
#2283 = PCURVE('',#2284,#2289);
#2284 = PLANE('',#2285);
#2285 = AXIS2_PLACEMENT_3D('',#2286,#2287,#2288);
#2286 = CARTESIAN_POINT('',(-6.546427054942,-2.717052369792,0.));
#2287 = DIRECTION('',(0.866925560554,0.498437631463,-0.));
#2288 = DIRECTION('',(0.498437631463,-0.866925560554,0.));
#2289 = DEFINITIONAL_REPRESENTATION('',(#2290),#2294);
#2290 = LINE('',#2291,#2292);
#2291 = CARTESIAN_POINT('',(0.,0.));
#2292 = VECTOR('',#2293,1.);
#2293 = DIRECTION('',(1.,0.));
#2294 = ( GEOMETRIC_REPRESENTATION_CONTEXT(2) 
PARAMETRIC_REPRESENTATION_CONTEXT() REPRESENTATION_CONTEXT('2D SPACE',''
  ) );
#2295 = ORIENTED_EDGE('',*,*,#2296,.T.);
#2296 = EDGE_CURVE('',#2269,#2297,#2299,.T.);
#2297 = VERTEX_POINT('',#2298);
#2298 = CARTESIAN_POINT('',(-6.165064813492,-3.346916831465,0.));
#2299 = SURFACE_CURVE('',#2300,(#2304,#2311),.PCURVE_S1.);
#2300 = LINE('',#2301,#2302);
#2301 = CARTESIAN_POINT('',(-6.363254876269,-3.035641163355,0.));
#2302 = VECTOR('',#2303,1.);
#2303 = DIRECTION('',(0.537079057675,-0.843531911552,0.));
#2304 = PCURVE('',#144,#2305);
#2305 = DEFINITIONAL_REPRESENTATION('',(#2306),#2310);
#2306 = LINE('',#2307,#2308);
#2307 = CARTESIAN_POINT('',(-6.363254876269,-3.035641163355));
#2308 = VECTOR('',#2309,1.);
#2309 = DIRECTION('',(0.537079057675,-0.843531911552));
#2310 = ( GEOMETRIC_REPRESENTATION_CONTEXT(2) 
PARAMETRIC_REPRESENTATION_CONTEXT() REPRESENTATION_CONTEXT('2D SPACE',''
  ) );
#2311 = PCURVE('',#2312,#2317);
#2312 = PLANE('',#2313);
#2313 = AXIS2_PLACEMENT_3D('',#2314,#2315,#2316);
#2314 = CARTESIAN_POINT('',(-6.363254876269,-3.035641163355,0.));
#2315 = DIRECTION('',(0.843531911552,0.537079057675,-0.));
#2316 = DIRECTION('',(0.537079057675,-0.843531911552,0.));
#2317 = DEFINITIONAL_REPRESENTATION('',(#2318),#2322);
#2318 = LINE('',#2319,#2320);
#2319 = CARTESIAN_POINT('',(0.,0.));
#2320 = VECTOR('',#2321,1.);
#2321 = DIRECTION('',(1.,0.));
#2322 = ( GEOMETRIC_REPRESENTATION_CONTEXT(2) 
PARAMETRIC_REPRESENTATION_CONTEXT() REPRESENTATION_CONTEXT('2D SPACE',''
  ) );
#2323 = ORIENTED_EDGE('',*,*,#2324,.T.);
#2324 = EDGE_CURVE('',#2297,#2325,#2327,.T.);
#2325 = VERTEX_POINT('',#2326);
#2326 = CARTESIAN_POINT('',(-5.953299067323,-3.650129483772,0.));
#2327 = SURFACE_CURVE('',#2328,(#2332,#2339),.PCURVE_S1.);
#2328 = LINE('',#2329,#2330);
#2329 = CARTESIAN_POINT('',(-6.165064813492,-3.346916831465,0.));
#2330 = VECTOR('',#2331,1.);
#2331 = DIRECTION('',(0.572585328809,-0.819845132469,0.));
#2332 = PCURVE('',#144,#2333);
#2333 = DEFINITIONAL_REPRESENTATION('',(#2334),#2338);
#2334 = LINE('',#2335,#2336);
#2335 = CARTESIAN_POINT('',(-6.165064813492,-3.346916831465));
#2336 = VECTOR('',#2337,1.);
#2337 = DIRECTION('',(0.572585328809,-0.819845132469));
#2338 = ( GEOMETRIC_REPRESENTATION_CONTEXT(2) 
PARAMETRIC_REPRESENTATION_CONTEXT() REPRESENTATION_CONTEXT('2D SPACE',''
  ) );
#2339 = PCURVE('',#2340,#2345);
#2340 = PLANE('',#2341);
#2341 = AXIS2_PLACEMENT_3D('',#2342,#2343,#2344);
#2342 = CARTESIAN_POINT('',(-6.165064813492,-3.346916831465,0.));
#2343 = DIRECTION('',(0.819845132469,0.572585328809,-0.));
#2344 = DIRECTION('',(0.572585328809,-0.819845132469,0.));
#2345 = DEFINITIONAL_REPRESENTATION('',(#2346),#2350);
#2346 = LINE('',#2347,#2348);
#2347 = CARTESIAN_POINT('',(0.,0.));
#2348 = VECTOR('',#2349,1.);
#2349 = DIRECTION('',(1.,0.));
#2350 = ( GEOMETRIC_REPRESENTATION_CONTEXT(2) 
PARAMETRIC_REPRESENTATION_CONTEXT() REPRESENTATION_CONTEXT('2D SPACE',''
  ) );
#2351 = ORIENTED_EDGE('',*,*,#2352,.T.);
#2352 = EDGE_CURVE('',#2325,#2353,#2355,.T.);
#2353 = VERTEX_POINT('',#2354);
#2354 = CARTESIAN_POINT('',(-5.729313187106,-3.944548654439,0.));
#2355 = SURFACE_CURVE('',#2356,(#2360,#2367),.PCURVE_S1.);
#2356 = LINE('',#2357,#2358);
#2357 = CARTESIAN_POINT('',(-5.953299067323,-3.650129483772,0.));
#2358 = VECTOR('',#2359,1.);
#2359 = DIRECTION('',(0.605472685324,-0.795866086302,0.));
#2360 = PCURVE('',#144,#2361);
#2361 = DEFINITIONAL_REPRESENTATION('',(#2362),#2366);
#2362 = LINE('',#2363,#2364);
#2363 = CARTESIAN_POINT('',(-5.953299067323,-3.650129483772));
#2364 = VECTOR('',#2365,1.);
#2365 = DIRECTION('',(0.605472685324,-0.795866086302));
#2366 = ( GEOMETRIC_REPRESENTATION_CONTEXT(2) 
PARAMETRIC_REPRESENTATION_CONTEXT() REPRESENTATION_CONTEXT('2D SPACE',''
  ) );
#2367 = PCURVE('',#2368,#2373);
#2368 = PLANE('',#2369);
#2369 = AXIS2_PLACEMENT_3D('',#2370,#2371,#2372);
#2370 = CARTESIAN_POINT('',(-5.953299067323,-3.650129483772,0.));
#2371 = DIRECTION('',(0.795866086302,0.605472685324,-0.));
#2372 = DIRECTION('',(0.605472685324,-0.795866086302,0.));
#2373 = DEFINITIONAL_REPRESENTATION('',(#2374),#2378);
#2374 = LINE('',#2375,#2376);
#2375 = CARTESIAN_POINT('',(0.,0.));
#2376 = VECTOR('',#2377,1.);
#2377 = DIRECTION('',(1.,0.));
#2378 = ( GEOMETRIC_REPRESENTATION_CONTEXT(2) 
PARAMETRIC_REPRESENTATION_CONTEXT() REPRESENTATION_CONTEXT('2D SPACE',''
  ) );
#2379 = ORIENTED_EDGE('',*,*,#2380,.T.);
#2380 = EDGE_CURVE('',#2353,#2381,#2383,.T.);
#2381 = VERTEX_POINT('',#2382);
#2382 = CARTESIAN_POINT('',(-5.494364368009,-4.229465061896,0.));
#2383 = SURFACE_CURVE('',#2384,(#2388,#2395),.PCURVE_S1.);
#2384 = LINE('',#2385,#2386);
#2385 = CARTESIAN_POINT('',(-5.729313187106,-3.944548654439,0.));
#2386 = VECTOR('',#2387,1.);
#2387 = DIRECTION('',(0.636210187902,-0.771515778717,0.));
#2388 = PCURVE('',#144,#2389);
#2389 = DEFINITIONAL_REPRESENTATION('',(#2390),#2394);
#2390 = LINE('',#2391,#2392);
#2391 = CARTESIAN_POINT('',(-5.729313187106,-3.944548654439));
#2392 = VECTOR('',#2393,1.);
#2393 = DIRECTION('',(0.636210187902,-0.771515778717));
#2394 = ( GEOMETRIC_REPRESENTATION_CONTEXT(2) 
PARAMETRIC_REPRESENTATION_CONTEXT() REPRESENTATION_CONTEXT('2D SPACE',''
  ) );
#2395 = PCURVE('',#2396,#2401);
#2396 = PLANE('',#2397);
#2397 = AXIS2_PLACEMENT_3D('',#2398,#2399,#2400);
#2398 = CARTESIAN_POINT('',(-5.729313187106,-3.944548654439,0.));
#2399 = DIRECTION('',(0.771515778717,0.636210187902,-0.));
#2400 = DIRECTION('',(0.636210187902,-0.771515778717,0.));
#2401 = DEFINITIONAL_REPRESENTATION('',(#2402),#2406);
#2402 = LINE('',#2403,#2404);
#2403 = CARTESIAN_POINT('',(0.,0.));
#2404 = VECTOR('',#2405,1.);
#2405 = DIRECTION('',(1.,0.));
#2406 = ( GEOMETRIC_REPRESENTATION_CONTEXT(2) 
PARAMETRIC_REPRESENTATION_CONTEXT() REPRESENTATION_CONTEXT('2D SPACE',''
  ) );
#2407 = ORIENTED_EDGE('',*,*,#2408,.T.);
#2408 = EDGE_CURVE('',#2381,#2409,#2411,.T.);
#2409 = VERTEX_POINT('',#2410);
#2410 = CARTESIAN_POINT('',(-5.249606833062,-4.504192317562,0.));
#2411 = SURFACE_CURVE('',#2412,(#2416,#2423),.PCURVE_S1.);
#2412 = LINE('',#2413,#2414);
#2413 = CARTESIAN_POINT('',(-5.494364368009,-4.229465061896,0.));
#2414 = VECTOR('',#2415,1.);
#2415 = DIRECTION('',(0.665206838158,-0.746659134055,0.));
#2416 = PCURVE('',#144,#2417);
#2417 = DEFINITIONAL_REPRESENTATION('',(#2418),#2422);
#2418 = LINE('',#2419,#2420);
#2419 = CARTESIAN_POINT('',(-5.494364368009,-4.229465061896));
#2420 = VECTOR('',#2421,1.);
#2421 = DIRECTION('',(0.665206838158,-0.746659134055));
#2422 = ( GEOMETRIC_REPRESENTATION_CONTEXT(2) 
PARAMETRIC_REPRESENTATION_CONTEXT() REPRESENTATION_CONTEXT('2D SPACE',''
  ) );
#2423 = PCURVE('',#2424,#2429);
#2424 = PLANE('',#2425);
#2425 = AXIS2_PLACEMENT_3D('',#2426,#2427,#2428);
#2426 = CARTESIAN_POINT('',(-5.494364368009,-4.229465061896,0.));
#2427 = DIRECTION('',(0.746659134055,0.665206838158,-0.));
#2428 = DIRECTION('',(0.665206838158,-0.746659134055,0.));
#2429 = DEFINITIONAL_REPRESENTATION('',(#2430),#2434);
#2430 = LINE('',#2431,#2432);
#2431 = CARTESIAN_POINT('',(0.,0.));
#2432 = VECTOR('',#2433,1.);
#2433 = DIRECTION('',(1.,0.));
#2434 = ( GEOMETRIC_REPRESENTATION_CONTEXT(2) 
PARAMETRIC_REPRESENTATION_CONTEXT() REPRESENTATION_CONTEXT('2D SPACE',''
  ) );
#2435 = ORIENTED_EDGE('',*,*,#2436,.T.);
#2436 = EDGE_CURVE('',#2409,#2437,#2439,.T.);
#2437 = VERTEX_POINT('',#2438);
#2438 = CARTESIAN_POINT('',(-4.996092379413,-4.768068579414,0.));
#2439 = SURFACE_CURVE('',#2440,(#2444,#2451),.PCURVE_S1.);
#2440 = LINE('',#2441,#2442);
#2441 = CARTESIAN_POINT('',(-5.249606833062,-4.504192317562,0.));
#2442 = VECTOR('',#2443,1.);
#2443 = DIRECTION('',(0.692806597998,-0.721123441423,0.));
#2444 = PCURVE('',#144,#2445);
#2445 = DEFINITIONAL_REPRESENTATION('',(#2446),#2450);
#2446 = LINE('',#2447,#2448);
#2447 = CARTESIAN_POINT('',(-5.249606833062,-4.504192317562));
#2448 = VECTOR('',#2449,1.);
#2449 = DIRECTION('',(0.692806597998,-0.721123441423));
#2450 = ( GEOMETRIC_REPRESENTATION_CONTEXT(2) 
PARAMETRIC_REPRESENTATION_CONTEXT() REPRESENTATION_CONTEXT('2D SPACE',''
  ) );
#2451 = PCURVE('',#2452,#2457);
#2452 = PLANE('',#2453);
#2453 = AXIS2_PLACEMENT_3D('',#2454,#2455,#2456);
#2454 = CARTESIAN_POINT('',(-5.249606833062,-4.504192317562,0.));
#2455 = DIRECTION('',(0.721123441423,0.692806597998,-0.));
#2456 = DIRECTION('',(0.692806597998,-0.721123441423,0.));
#2457 = DEFINITIONAL_REPRESENTATION('',(#2458),#2462);
#2458 = LINE('',#2459,#2460);
#2459 = CARTESIAN_POINT('',(0.,0.));
#2460 = VECTOR('',#2461,1.);
#2461 = DIRECTION('',(1.,0.));
#2462 = ( GEOMETRIC_REPRESENTATION_CONTEXT(2) 
PARAMETRIC_REPRESENTATION_CONTEXT() REPRESENTATION_CONTEXT('2D SPACE',''
  ) );
#2463 = ORIENTED_EDGE('',*,*,#2464,.T.);
#2464 = EDGE_CURVE('',#2437,#2465,#2467,.T.);
#2465 = VERTEX_POINT('',#2466);
#2466 = CARTESIAN_POINT('',(-4.734774442381,-5.020458146424,0.));
#2467 = SURFACE_CURVE('',#2468,(#2472,#2479),.PCURVE_S1.);
#2468 = LINE('',#2469,#2470);
#2469 = CARTESIAN_POINT('',(-4.996092379413,-4.768068579414,0.));
#2470 = VECTOR('',#2471,1.);
#2471 = DIRECTION('',(0.719287850267,-0.694712162308,0.));
#2472 = PCURVE('',#144,#2473);
#2473 = DEFINITIONAL_REPRESENTATION('',(#2474),#2478);
#2474 = LINE('',#2475,#2476);
#2475 = CARTESIAN_POINT('',(-4.996092379413,-4.768068579414));
#2476 = VECTOR('',#2477,1.);
#2477 = DIRECTION('',(0.719287850267,-0.694712162308));
#2478 = ( GEOMETRIC_REPRESENTATION_CONTEXT(2) 
PARAMETRIC_REPRESENTATION_CONTEXT() REPRESENTATION_CONTEXT('2D SPACE',''
  ) );
#2479 = PCURVE('',#2480,#2485);
#2480 = PLANE('',#2481);
#2481 = AXIS2_PLACEMENT_3D('',#2482,#2483,#2484);
#2482 = CARTESIAN_POINT('',(-4.996092379413,-4.768068579414,0.));
#2483 = DIRECTION('',(0.694712162308,0.719287850267,-0.));
#2484 = DIRECTION('',(0.719287850267,-0.694712162308,0.));
#2485 = DEFINITIONAL_REPRESENTATION('',(#2486),#2490);
#2486 = LINE('',#2487,#2488);
#2487 = CARTESIAN_POINT('',(0.,0.));
#2488 = VECTOR('',#2489,1.);
#2489 = DIRECTION('',(1.,0.));
#2490 = ( GEOMETRIC_REPRESENTATION_CONTEXT(2) 
PARAMETRIC_REPRESENTATION_CONTEXT() REPRESENTATION_CONTEXT('2D SPACE',''
  ) );
#2491 = ORIENTED_EDGE('',*,*,#2492,.T.);
#2492 = EDGE_CURVE('',#2465,#2493,#2495,.T.);
#2493 = VERTEX_POINT('',#2494);
#2494 = CARTESIAN_POINT('',(-4.466514364942,-5.26075299002,0.));
#2495 = SURFACE_CURVE('',#2496,(#2500,#2507),.PCURVE_S1.);
#2496 = LINE('',#2497,#2498);
#2497 = CARTESIAN_POINT('',(-4.734774442381,-5.020458146424,0.));
#2498 = VECTOR('',#2499,1.);
#2499 = DIRECTION('',(0.74486497089,-0.66721523899,0.));
#2500 = PCURVE('',#144,#2501);
#2501 = DEFINITIONAL_REPRESENTATION('',(#2502),#2506);
#2502 = LINE('',#2503,#2504);
#2503 = CARTESIAN_POINT('',(-4.734774442381,-5.020458146424));
#2504 = VECTOR('',#2505,1.);
#2505 = DIRECTION('',(0.74486497089,-0.66721523899));
#2506 = ( GEOMETRIC_REPRESENTATION_CONTEXT(2) 
PARAMETRIC_REPRESENTATION_CONTEXT() REPRESENTATION_CONTEXT('2D SPACE',''
  ) );
#2507 = PCURVE('',#2508,#2513);
#2508 = PLANE('',#2509);
#2509 = AXIS2_PLACEMENT_3D('',#2510,#2511,#2512);
#2510 = CARTESIAN_POINT('',(-4.734774442381,-5.020458146424,0.));
#2511 = DIRECTION('',(0.66721523899,0.74486497089,-0.));
#2512 = DIRECTION('',(0.74486497089,-0.66721523899,0.));
#2513 = DEFINITIONAL_REPRESENTATION('',(#2514),#2518);
#2514 = LINE('',#2515,#2516);
#2515 = CARTESIAN_POINT('',(0.,0.));
#2516 = VECTOR('',#2517,1.);
#2517 = DIRECTION('',(1.,0.));
#2518 = ( GEOMETRIC_REPRESENTATION_CONTEXT(2) 
PARAMETRIC_REPRESENTATION_CONTEXT() REPRESENTATION_CONTEXT('2D SPACE',''
  ) );
#2519 = ORIENTED_EDGE('',*,*,#2520,.T.);
#2520 = EDGE_CURVE('',#2493,#2521,#2523,.T.);
#2521 = VERTEX_POINT('',#2522);
#2522 = CARTESIAN_POINT('',(-4.192088885614,-5.488374218875,0.));
#2523 = SURFACE_CURVE('',#2524,(#2528,#2535),.PCURVE_S1.);
#2524 = LINE('',#2525,#2526);
#2525 = CARTESIAN_POINT('',(-4.466514364942,-5.26075299002,0.));
#2526 = VECTOR('',#2527,1.);
#2527 = DIRECTION('',(0.769690592139,-0.63841709906,0.));
#2528 = PCURVE('',#144,#2529);
#2529 = DEFINITIONAL_REPRESENTATION('',(#2530),#2534);
#2530 = LINE('',#2531,#2532);
#2531 = CARTESIAN_POINT('',(-4.466514364942,-5.26075299002));
#2532 = VECTOR('',#2533,1.);
#2533 = DIRECTION('',(0.769690592139,-0.63841709906));
#2534 = ( GEOMETRIC_REPRESENTATION_CONTEXT(2) 
PARAMETRIC_REPRESENTATION_CONTEXT() REPRESENTATION_CONTEXT('2D SPACE',''
  ) );
#2535 = PCURVE('',#2536,#2541);
#2536 = PLANE('',#2537);
#2537 = AXIS2_PLACEMENT_3D('',#2538,#2539,#2540);
#2538 = CARTESIAN_POINT('',(-4.466514364942,-5.26075299002,0.));
#2539 = DIRECTION('',(0.63841709906,0.769690592139,-0.));
#2540 = DIRECTION('',(0.769690592139,-0.63841709906,0.));
#2541 = DEFINITIONAL_REPRESENTATION('',(#2542),#2546);
#2542 = LINE('',#2543,#2544);
#2543 = CARTESIAN_POINT('',(0.,0.));
#2544 = VECTOR('',#2545,1.);
#2545 = DIRECTION('',(1.,0.));
#2546 = ( GEOMETRIC_REPRESENTATION_CONTEXT(2) 
PARAMETRIC_REPRESENTATION_CONTEXT() REPRESENTATION_CONTEXT('2D SPACE',''
  ) );
#2547 = ORIENTED_EDGE('',*,*,#2548,.T.);
#2548 = EDGE_CURVE('',#2521,#2549,#2551,.T.);
#2549 = VERTEX_POINT('',#2550);
#2550 = CARTESIAN_POINT('',(-3.912198140034,-5.702773473513,0.));
#2551 = SURFACE_CURVE('',#2552,(#2556,#2563),.PCURVE_S1.);
#2552 = LINE('',#2553,#2554);
#2553 = CARTESIAN_POINT('',(-4.192088885614,-5.488374218875,0.));
#2554 = VECTOR('',#2555,1.);
#2555 = DIRECTION('',(0.793857807798,-0.608103429524,0.));
#2556 = PCURVE('',#144,#2557);
#2557 = DEFINITIONAL_REPRESENTATION('',(#2558),#2562);
#2558 = LINE('',#2559,#2560);
#2559 = CARTESIAN_POINT('',(-4.192088885614,-5.488374218875));
#2560 = VECTOR('',#2561,1.);
#2561 = DIRECTION('',(0.793857807798,-0.608103429524));
#2562 = ( GEOMETRIC_REPRESENTATION_CONTEXT(2) 
PARAMETRIC_REPRESENTATION_CONTEXT() REPRESENTATION_CONTEXT('2D SPACE',''
  ) );
#2563 = PCURVE('',#2564,#2569);
#2564 = PLANE('',#2565);
#2565 = AXIS2_PLACEMENT_3D('',#2566,#2567,#2568);
#2566 = CARTESIAN_POINT('',(-4.192088885614,-5.488374218875,0.));
#2567 = DIRECTION('',(0.608103429524,0.793857807798,-0.));
#2568 = DIRECTION('',(0.793857807798,-0.608103429524,0.));
#2569 = DEFINITIONAL_REPRESENTATION('',(#2570),#2574);
#2570 = LINE('',#2571,#2572);
#2571 = CARTESIAN_POINT('',(0.,0.));
#2572 = VECTOR('',#2573,1.);
#2573 = DIRECTION('',(1.,0.));
#2574 = ( GEOMETRIC_REPRESENTATION_CONTEXT(2) 
PARAMETRIC_REPRESENTATION_CONTEXT() REPRESENTATION_CONTEXT('2D SPACE',''
  ) );
#2575 = ORIENTED_EDGE('',*,*,#2576,.T.);
#2576 = EDGE_CURVE('',#2549,#2577,#2579,.T.);
#2577 = VERTEX_POINT('',#2578);
#2578 = CARTESIAN_POINT('',(-3.627473698823,-5.903434247348,0.));
#2579 = SURFACE_CURVE('',#2580,(#2584,#2591),.PCURVE_S1.);
#2580 = LINE('',#2581,#2582);
#2581 = CARTESIAN_POINT('',(-3.912198140034,-5.702773473513,0.));
#2582 = VECTOR('',#2583,1.);
#2583 = DIRECTION('',(0.817402049699,-0.57606760814,0.));
#2584 = PCURVE('',#144,#2585);
#2585 = DEFINITIONAL_REPRESENTATION('',(#2586),#2590);
#2586 = LINE('',#2587,#2588);
#2587 = CARTESIAN_POINT('',(-3.912198140034,-5.702773473513));
#2588 = VECTOR('',#2589,1.);
#2589 = DIRECTION('',(0.817402049699,-0.57606760814));
#2590 = ( GEOMETRIC_REPRESENTATION_CONTEXT(2) 
PARAMETRIC_REPRESENTATION_CONTEXT() REPRESENTATION_CONTEXT('2D SPACE',''
  ) );
#2591 = PCURVE('',#2592,#2597);
#2592 = PLANE('',#2593);
#2593 = AXIS2_PLACEMENT_3D('',#2594,#2595,#2596);
#2594 = CARTESIAN_POINT('',(-3.912198140034,-5.702773473513,0.));
#2595 = DIRECTION('',(0.57606760814,0.817402049699,-0.));
#2596 = DIRECTION('',(0.817402049699,-0.57606760814,0.));
#2597 = DEFINITIONAL_REPRESENTATION('',(#2598),#2602);
#2598 = LINE('',#2599,#2600);
#2599 = CARTESIAN_POINT('',(0.,0.));
#2600 = VECTOR('',#2601,1.);
#2601 = DIRECTION('',(1.,0.));
#2602 = ( GEOMETRIC_REPRESENTATION_CONTEXT(2) 
PARAMETRIC_REPRESENTATION_CONTEXT() REPRESENTATION_CONTEXT('2D SPACE',''
  ) );
#2603 = ORIENTED_EDGE('',*,*,#2604,.T.);
#2604 = EDGE_CURVE('',#2577,#2605,#2607,.T.);
#2605 = VERTEX_POINT('',#2606);
#2606 = CARTESIAN_POINT('',(-3.338486337801,-6.089873131002,0.));
#2607 = SURFACE_CURVE('',#2608,(#2612,#2619),.PCURVE_S1.);
#2608 = LINE('',#2609,#2610);
#2609 = CARTESIAN_POINT('',(-3.627473698823,-5.903434247348,0.));
#2610 = VECTOR('',#2611,1.);
#2611 = DIRECTION('',(0.840302708389,-0.542117476452,0.));
#2612 = PCURVE('',#144,#2613);
#2613 = DEFINITIONAL_REPRESENTATION('',(#2614),#2618);
#2614 = LINE('',#2615,#2616);
#2615 = CARTESIAN_POINT('',(-3.627473698823,-5.903434247348));
#2616 = VECTOR('',#2617,1.);
#2617 = DIRECTION('',(0.840302708389,-0.542117476452));
#2618 = ( GEOMETRIC_REPRESENTATION_CONTEXT(2) 
PARAMETRIC_REPRESENTATION_CONTEXT() REPRESENTATION_CONTEXT('2D SPACE',''
  ) );
#2619 = PCURVE('',#2620,#2625);
#2620 = PLANE('',#2621);
#2621 = AXIS2_PLACEMENT_3D('',#2622,#2623,#2624);
#2622 = CARTESIAN_POINT('',(-3.627473698823,-5.903434247348,0.));
#2623 = DIRECTION('',(0.542117476452,0.840302708389,-0.));
#2624 = DIRECTION('',(0.840302708389,-0.542117476452,0.));
#2625 = DEFINITIONAL_REPRESENTATION('',(#2626),#2630);
#2626 = LINE('',#2627,#2628);
#2627 = CARTESIAN_POINT('',(0.,0.));
#2628 = VECTOR('',#2629,1.);
#2629 = DIRECTION('',(1.,0.));
#2630 = ( GEOMETRIC_REPRESENTATION_CONTEXT(2) 
PARAMETRIC_REPRESENTATION_CONTEXT() REPRESENTATION_CONTEXT('2D SPACE',''
  ) );
#2631 = ORIENTED_EDGE('',*,*,#2632,.T.);
#2632 = EDGE_CURVE('',#2605,#2633,#2635,.T.);
#2633 = VERTEX_POINT('',#2634);
#2634 = CARTESIAN_POINT('',(-3.045753363274,-6.261640976873,0.));
#2635 = SURFACE_CURVE('',#2636,(#2640,#2647),.PCURVE_S1.);
#2636 = LINE('',#2637,#2638);
#2637 = CARTESIAN_POINT('',(-3.338486337801,-6.089873131002,0.));
#2638 = VECTOR('',#2639,1.);
#2639 = DIRECTION('',(0.86248482412,-0.506082926172,0.));
#2640 = PCURVE('',#144,#2641);
#2641 = DEFINITIONAL_REPRESENTATION('',(#2642),#2646);
#2642 = LINE('',#2643,#2644);
#2643 = CARTESIAN_POINT('',(-3.338486337801,-6.089873131002));
#2644 = VECTOR('',#2645,1.);
#2645 = DIRECTION('',(0.86248482412,-0.506082926172));
#2646 = ( GEOMETRIC_REPRESENTATION_CONTEXT(2) 
PARAMETRIC_REPRESENTATION_CONTEXT() REPRESENTATION_CONTEXT('2D SPACE',''
  ) );
#2647 = PCURVE('',#2648,#2653);
#2648 = PLANE('',#2649);
#2649 = AXIS2_PLACEMENT_3D('',#2650,#2651,#2652);
#2650 = CARTESIAN_POINT('',(-3.338486337801,-6.089873131002,0.));
#2651 = DIRECTION('',(0.506082926172,0.86248482412,-0.));
#2652 = DIRECTION('',(0.86248482412,-0.506082926172,0.));
#2653 = DEFINITIONAL_REPRESENTATION('',(#2654),#2658);
#2654 = LINE('',#2655,#2656);
#2655 = CARTESIAN_POINT('',(0.,0.));
#2656 = VECTOR('',#2657,1.);
#2657 = DIRECTION('',(1.,0.));
#2658 = ( GEOMETRIC_REPRESENTATION_CONTEXT(2) 
PARAMETRIC_REPRESENTATION_CONTEXT() REPRESENTATION_CONTEXT('2D SPACE',''
  ) );
#2659 = ORIENTED_EDGE('',*,*,#2660,.T.);
#2660 = EDGE_CURVE('',#2633,#2661,#2663,.T.);
#2661 = VERTEX_POINT('',#2662);
#2662 = CARTESIAN_POINT('',(-2.749745404215,-6.418323981176,0.));
#2663 = SURFACE_CURVE('',#2664,(#2668,#2675),.PCURVE_S1.);
#2664 = LINE('',#2665,#2666);
#2665 = CARTESIAN_POINT('',(-3.045753363274,-6.261640976873,0.));
#2666 = VECTOR('',#2667,1.);
#2667 = DIRECTION('',(0.883821363354,-0.467824537278,0.));
#2668 = PCURVE('',#144,#2669);
#2669 = DEFINITIONAL_REPRESENTATION('',(#2670),#2674);
#2670 = LINE('',#2671,#2672);
#2671 = CARTESIAN_POINT('',(-3.045753363274,-6.261640976873));
#2672 = VECTOR('',#2673,1.);
#2673 = DIRECTION('',(0.883821363354,-0.467824537278));
#2674 = ( GEOMETRIC_REPRESENTATION_CONTEXT(2) 
PARAMETRIC_REPRESENTATION_CONTEXT() REPRESENTATION_CONTEXT('2D SPACE',''
  ) );
#2675 = PCURVE('',#2676,#2681);
#2676 = PLANE('',#2677);
#2677 = AXIS2_PLACEMENT_3D('',#2678,#2679,#2680);
#2678 = CARTESIAN_POINT('',(-3.045753363274,-6.261640976873,0.));
#2679 = DIRECTION('',(0.467824537278,0.883821363354,-0.));
#2680 = DIRECTION('',(0.883821363354,-0.467824537278,0.));
#2681 = DEFINITIONAL_REPRESENTATION('',(#2682),#2686);
#2682 = LINE('',#2683,#2684);
#2683 = CARTESIAN_POINT('',(0.,0.));
#2684 = VECTOR('',#2685,1.);
#2685 = DIRECTION('',(1.,0.));
#2686 = ( GEOMETRIC_REPRESENTATION_CONTEXT(2) 
PARAMETRIC_REPRESENTATION_CONTEXT() REPRESENTATION_CONTEXT('2D SPACE',''
  ) );
#2687 = ORIENTED_EDGE('',*,*,#2688,.T.);
#2688 = EDGE_CURVE('',#2661,#2689,#2691,.T.);
#2689 = VERTEX_POINT('',#2690);
#2690 = CARTESIAN_POINT('',(-2.450892643504,-6.55954468083,0.));
#2691 = SURFACE_CURVE('',#2692,(#2696,#2703),.PCURVE_S1.);
#2692 = LINE('',#2693,#2694);
#2693 = CARTESIAN_POINT('',(-2.749745404215,-6.418323981176,0.));
#2694 = VECTOR('',#2695,1.);
#2695 = DIRECTION('',(0.904136724504,-0.427243236814,0.));
#2696 = PCURVE('',#144,#2697);
#2697 = DEFINITIONAL_REPRESENTATION('',(#2698),#2702);
#2698 = LINE('',#2699,#2700);
#2699 = CARTESIAN_POINT('',(-2.749745404215,-6.418323981176));
#2700 = VECTOR('',#2701,1.);
#2701 = DIRECTION('',(0.904136724504,-0.427243236814));
#2702 = ( GEOMETRIC_REPRESENTATION_CONTEXT(2) 
PARAMETRIC_REPRESENTATION_CONTEXT() REPRESENTATION_CONTEXT('2D SPACE',''
  ) );
#2703 = PCURVE('',#2704,#2709);
#2704 = PLANE('',#2705);
#2705 = AXIS2_PLACEMENT_3D('',#2706,#2707,#2708);
#2706 = CARTESIAN_POINT('',(-2.749745404215,-6.418323981176,0.));
#2707 = DIRECTION('',(0.427243236814,0.904136724504,-0.));
#2708 = DIRECTION('',(0.904136724504,-0.427243236814,0.));
#2709 = DEFINITIONAL_REPRESENTATION('',(#2710),#2714);
#2710 = LINE('',#2711,#2712);
#2711 = CARTESIAN_POINT('',(0.,0.));
#2712 = VECTOR('',#2713,1.);
#2713 = DIRECTION('',(1.,0.));
#2714 = ( GEOMETRIC_REPRESENTATION_CONTEXT(2) 
PARAMETRIC_REPRESENTATION_CONTEXT() REPRESENTATION_CONTEXT('2D SPACE',''
  ) );
#2715 = ORIENTED_EDGE('',*,*,#2716,.T.);
#2716 = EDGE_CURVE('',#2689,#2717,#2719,.T.);
#2717 = VERTEX_POINT('',#2718);
#2718 = CARTESIAN_POINT('',(-2.149590499671,-6.684962862799,0.));
#2719 = SURFACE_CURVE('',#2720,(#2724,#2731),.PCURVE_S1.);
#2720 = LINE('',#2721,#2722);
#2721 = CARTESIAN_POINT('',(-2.450892643504,-6.55954468083,0.));
#2722 = VECTOR('',#2723,1.);
#2723 = DIRECTION('',(0.923212168913,-0.384290633727,0.));
#2724 = PCURVE('',#144,#2725);
#2725 = DEFINITIONAL_REPRESENTATION('',(#2726),#2730);
#2726 = LINE('',#2727,#2728);
#2727 = CARTESIAN_POINT('',(-2.450892643504,-6.55954468083));
#2728 = VECTOR('',#2729,1.);
#2729 = DIRECTION('',(0.923212168913,-0.384290633727));
#2730 = ( GEOMETRIC_REPRESENTATION_CONTEXT(2) 
PARAMETRIC_REPRESENTATION_CONTEXT() REPRESENTATION_CONTEXT('2D SPACE',''
  ) );
#2731 = PCURVE('',#2732,#2737);
#2732 = PLANE('',#2733);
#2733 = AXIS2_PLACEMENT_3D('',#2734,#2735,#2736);
#2734 = CARTESIAN_POINT('',(-2.450892643504,-6.55954468083,0.));
#2735 = DIRECTION('',(0.384290633727,0.923212168913,-0.));
#2736 = DIRECTION('',(0.923212168913,-0.384290633727,0.));
#2737 = DEFINITIONAL_REPRESENTATION('',(#2738),#2742);
#2738 = LINE('',#2739,#2740);
#2739 = CARTESIAN_POINT('',(0.,0.));
#2740 = VECTOR('',#2741,1.);
#2741 = DIRECTION('',(1.,0.));
#2742 = ( GEOMETRIC_REPRESENTATION_CONTEXT(2) 
PARAMETRIC_REPRESENTATION_CONTEXT() REPRESENTATION_CONTEXT('2D SPACE',''
  ) );
#2743 = ORIENTED_EDGE('',*,*,#2744,.T.);
#2744 = EDGE_CURVE('',#2717,#2745,#2747,.T.);
#2745 = VERTEX_POINT('',#2746);
#2746 = CARTESIAN_POINT('',(-1.846204794928,-6.794276383699,0.));
#2747 = SURFACE_CURVE('',#2748,(#2752,#2759),.PCURVE_S1.);
#2748 = LINE('',#2749,#2750);
#2749 = CARTESIAN_POINT('',(-2.149590499671,-6.684962862799,0.));
#2750 = VECTOR('',#2751,1.);
#2751 = DIRECTION('',(0.940793818899,-0.338979336127,0.));
#2752 = PCURVE('',#144,#2753);
#2753 = DEFINITIONAL_REPRESENTATION('',(#2754),#2758);
#2754 = LINE('',#2755,#2756);
#2755 = CARTESIAN_POINT('',(-2.149590499671,-6.684962862799));
#2756 = VECTOR('',#2757,1.);
#2757 = DIRECTION('',(0.940793818899,-0.338979336127));
#2758 = ( GEOMETRIC_REPRESENTATION_CONTEXT(2) 
PARAMETRIC_REPRESENTATION_CONTEXT() REPRESENTATION_CONTEXT('2D SPACE',''
  ) );
#2759 = PCURVE('',#2760,#2765);
#2760 = PLANE('',#2761);
#2761 = AXIS2_PLACEMENT_3D('',#2762,#2763,#2764);
#2762 = CARTESIAN_POINT('',(-2.149590499671,-6.684962862799,0.));
#2763 = DIRECTION('',(0.338979336127,0.940793818899,-0.));
#2764 = DIRECTION('',(0.940793818899,-0.338979336127,0.));
#2765 = DEFINITIONAL_REPRESENTATION('',(#2766),#2770);
#2766 = LINE('',#2767,#2768);
#2767 = CARTESIAN_POINT('',(0.,0.));
#2768 = VECTOR('',#2769,1.);
#2769 = DIRECTION('',(1.,0.));
#2770 = ( GEOMETRIC_REPRESENTATION_CONTEXT(2) 
PARAMETRIC_REPRESENTATION_CONTEXT() REPRESENTATION_CONTEXT('2D SPACE',''
  ) );
#2771 = ORIENTED_EDGE('',*,*,#2772,.T.);
#2772 = EDGE_CURVE('',#2745,#2773,#2775,.T.);
#2773 = VERTEX_POINT('',#2774);
#2774 = CARTESIAN_POINT('',(-1.541076459388,-6.887221897681,0.));
#2775 = SURFACE_CURVE('',#2776,(#2780,#2787),.PCURVE_S1.);
#2776 = LINE('',#2777,#2778);
#2777 = CARTESIAN_POINT('',(-1.846204794928,-6.794276383699,0.));
#2778 = VECTOR('',#2779,1.);
#2779 = DIRECTION('',(0.9566036695,-0.291392209059,0.));
#2780 = PCURVE('',#144,#2781);
#2781 = DEFINITIONAL_REPRESENTATION('',(#2782),#2786);
#2782 = LINE('',#2783,#2784);
#2783 = CARTESIAN_POINT('',(-1.846204794928,-6.794276383699));
#2784 = VECTOR('',#2785,1.);
#2785 = DIRECTION('',(0.9566036695,-0.291392209059));
#2786 = ( GEOMETRIC_REPRESENTATION_CONTEXT(2) 
PARAMETRIC_REPRESENTATION_CONTEXT() REPRESENTATION_CONTEXT('2D SPACE',''
  ) );
#2787 = PCURVE('',#2788,#2793);
#2788 = PLANE('',#2789);
#2789 = AXIS2_PLACEMENT_3D('',#2790,#2791,#2792);
#2790 = CARTESIAN_POINT('',(-1.846204794928,-6.794276383699,0.));
#2791 = DIRECTION('',(0.291392209059,0.9566036695,-0.));
#2792 = DIRECTION('',(0.9566036695,-0.291392209059,0.));
#2793 = DEFINITIONAL_REPRESENTATION('',(#2794),#2798);
#2794 = LINE('',#2795,#2796);
#2795 = CARTESIAN_POINT('',(0.,0.));
#2796 = VECTOR('',#2797,1.);
#2797 = DIRECTION('',(1.,0.));
#2798 = ( GEOMETRIC_REPRESENTATION_CONTEXT(2) 
PARAMETRIC_REPRESENTATION_CONTEXT() REPRESENTATION_CONTEXT('2D SPACE',''
  ) );
#2799 = ORIENTED_EDGE('',*,*,#2800,.T.);
#2800 = EDGE_CURVE('',#2773,#2801,#2803,.T.);
#2801 = VERTEX_POINT('',#2802);
#2802 = CARTESIAN_POINT('',(-1.23452582866,-6.963575490863,0.));
#2803 = SURFACE_CURVE('',#2804,(#2808,#2815),.PCURVE_S1.);
#2804 = LINE('',#2805,#2806);
#2805 = CARTESIAN_POINT('',(-1.541076459388,-6.887221897681,0.));
#2806 = VECTOR('',#2807,1.);
#2807 = DIRECTION('',(0.970353701903,-0.241689249249,0.));
#2808 = PCURVE('',#144,#2809);
#2809 = DEFINITIONAL_REPRESENTATION('',(#2810),#2814);
#2810 = LINE('',#2811,#2812);
#2811 = CARTESIAN_POINT('',(-1.541076459388,-6.887221897681));
#2812 = VECTOR('',#2813,1.);
#2813 = DIRECTION('',(0.970353701903,-0.241689249249));
#2814 = ( GEOMETRIC_REPRESENTATION_CONTEXT(2) 
PARAMETRIC_REPRESENTATION_CONTEXT() REPRESENTATION_CONTEXT('2D SPACE',''
  ) );
#2815 = PCURVE('',#2816,#2821);
#2816 = PLANE('',#2817);
#2817 = AXIS2_PLACEMENT_3D('',#2818,#2819,#2820);
#2818 = CARTESIAN_POINT('',(-1.541076459388,-6.887221897681,0.));
#2819 = DIRECTION('',(0.241689249249,0.970353701903,-0.));
#2820 = DIRECTION('',(0.970353701903,-0.241689249249,0.));
#2821 = DEFINITIONAL_REPRESENTATION('',(#2822),#2826);
#2822 = LINE('',#2823,#2824);
#2823 = CARTESIAN_POINT('',(0.,0.));
#2824 = VECTOR('',#2825,1.);
#2825 = DIRECTION('',(1.,0.));
#2826 = ( GEOMETRIC_REPRESENTATION_CONTEXT(2) 
PARAMETRIC_REPRESENTATION_CONTEXT() REPRESENTATION_CONTEXT('2D SPACE',''
  ) );
#2827 = ORIENTED_EDGE('',*,*,#2828,.T.);
#2828 = EDGE_CURVE('',#2801,#2829,#2831,.T.);
#2829 = VERTEX_POINT('',#2830);
#2830 = CARTESIAN_POINT('',(-0.926856595028,-7.02315322075,0.));
#2831 = SURFACE_CURVE('',#2832,(#2836,#2843),.PCURVE_S1.);
#2832 = LINE('',#2833,#2834);
#2833 = CARTESIAN_POINT('',(-1.23452582866,-6.963575490863,0.));
#2834 = VECTOR('',#2835,1.);
#2835 = DIRECTION('',(0.98176267441,-0.190110628673,0.));
#2836 = PCURVE('',#144,#2837);
#2837 = DEFINITIONAL_REPRESENTATION('',(#2838),#2842);
#2838 = LINE('',#2839,#2840);
#2839 = CARTESIAN_POINT('',(-1.23452582866,-6.963575490863));
#2840 = VECTOR('',#2841,1.);
#2841 = DIRECTION('',(0.98176267441,-0.190110628673));
#2842 = ( GEOMETRIC_REPRESENTATION_CONTEXT(2) 
PARAMETRIC_REPRESENTATION_CONTEXT() REPRESENTATION_CONTEXT('2D SPACE',''
  ) );
#2843 = PCURVE('',#2844,#2849);
#2844 = PLANE('',#2845);
#2845 = AXIS2_PLACEMENT_3D('',#2846,#2847,#2848);
#2846 = CARTESIAN_POINT('',(-1.23452582866,-6.963575490863,0.));
#2847 = DIRECTION('',(0.190110628673,0.98176267441,-0.));
#2848 = DIRECTION('',(0.98176267441,-0.190110628673,0.));
#2849 = DEFINITIONAL_REPRESENTATION('',(#2850),#2854);
#2850 = LINE('',#2851,#2852);
#2851 = CARTESIAN_POINT('',(0.,0.));
#2852 = VECTOR('',#2853,1.);
#2853 = DIRECTION('',(1.,0.));
#2854 = ( GEOMETRIC_REPRESENTATION_CONTEXT(2) 
PARAMETRIC_REPRESENTATION_CONTEXT() REPRESENTATION_CONTEXT('2D SPACE',''
  ) );
#2855 = ORIENTED_EDGE('',*,*,#2856,.T.);
#2856 = EDGE_CURVE('',#2829,#2857,#2859,.T.);
#2857 = VERTEX_POINT('',#2858);
#2858 = CARTESIAN_POINT('',(-0.61835947288,-7.065811559373,0.));
#2859 = SURFACE_CURVE('',#2860,(#2864,#2871),.PCURVE_S1.);
#2860 = LINE('',#2861,#2862);
#2861 = CARTESIAN_POINT('',(-0.926856595028,-7.02315322075,0.));
#2862 = VECTOR('',#2863,1.);
#2863 = DIRECTION('',(0.990574562171,-0.13697458443,0.));
#2864 = PCURVE('',#144,#2865);
#2865 = DEFINITIONAL_REPRESENTATION('',(#2866),#2870);
#2866 = LINE('',#2867,#2868);
#2867 = CARTESIAN_POINT('',(-0.926856595028,-7.02315322075));
#2868 = VECTOR('',#2869,1.);
#2869 = DIRECTION('',(0.990574562171,-0.13697458443));
#2870 = ( GEOMETRIC_REPRESENTATION_CONTEXT(2) 
PARAMETRIC_REPRESENTATION_CONTEXT() REPRESENTATION_CONTEXT('2D SPACE',''
  ) );
#2871 = PCURVE('',#2872,#2877);
#2872 = PLANE('',#2873);
#2873 = AXIS2_PLACEMENT_3D('',#2874,#2875,#2876);
#2874 = CARTESIAN_POINT('',(-0.926856595028,-7.02315322075,0.));
#2875 = DIRECTION('',(0.13697458443,0.990574562171,-0.));
#2876 = DIRECTION('',(0.990574562171,-0.13697458443,0.));
#2877 = DEFINITIONAL_REPRESENTATION('',(#2878),#2882);
#2878 = LINE('',#2879,#2880);
#2879 = CARTESIAN_POINT('',(0.,0.));
#2880 = VECTOR('',#2881,1.);
#2881 = DIRECTION('',(1.,0.));
#2882 = ( GEOMETRIC_REPRESENTATION_CONTEXT(2) 
PARAMETRIC_REPRESENTATION_CONTEXT() REPRESENTATION_CONTEXT('2D SPACE',''
  ) );
#2883 = ORIENTED_EDGE('',*,*,#2884,.T.);
#2884 = EDGE_CURVE('',#2857,#2885,#2887,.T.);
#2885 = VERTEX_POINT('',#2886);
#2886 = CARTESIAN_POINT('',(-0.309315638137,-7.091447739057,0.));
#2887 = SURFACE_CURVE('',#2888,(#2892,#2899),.PCURVE_S1.);
#2888 = LINE('',#2889,#2890);
#2889 = CARTESIAN_POINT('',(-0.61835947288,-7.065811559373,0.));
#2890 = VECTOR('',#2891,1.);
#2891 = DIRECTION('',(0.996577037619,-8.266926931825E-02,0.));
#2892 = PCURVE('',#144,#2893);
#2893 = DEFINITIONAL_REPRESENTATION('',(#2894),#2898);
#2894 = LINE('',#2895,#2896);
#2895 = CARTESIAN_POINT('',(-0.61835947288,-7.065811559373));
#2896 = VECTOR('',#2897,1.);
#2897 = DIRECTION('',(0.996577037619,-8.266926931825E-02));
#2898 = ( GEOMETRIC_REPRESENTATION_CONTEXT(2) 
PARAMETRIC_REPRESENTATION_CONTEXT() REPRESENTATION_CONTEXT('2D SPACE',''
  ) );
#2899 = PCURVE('',#2900,#2905);
#2900 = PLANE('',#2901);
#2901 = AXIS2_PLACEMENT_3D('',#2902,#2903,#2904);
#2902 = CARTESIAN_POINT('',(-0.61835947288,-7.065811559373,0.));
#2903 = DIRECTION('',(8.266926931825E-02,0.996577037619,-0.));
#2904 = DIRECTION('',(0.996577037619,-8.266926931825E-02,0.));
#2905 = DEFINITIONAL_REPRESENTATION('',(#2906),#2910);
#2906 = LINE('',#2907,#2908);
#2907 = CARTESIAN_POINT('',(0.,0.));
#2908 = VECTOR('',#2909,1.);
#2909 = DIRECTION('',(1.,0.));
#2910 = ( GEOMETRIC_REPRESENTATION_CONTEXT(2) 
PARAMETRIC_REPRESENTATION_CONTEXT() REPRESENTATION_CONTEXT('2D SPACE',''
  ) );
#2911 = ORIENTED_EDGE('',*,*,#2912,.T.);
#2912 = EDGE_CURVE('',#2885,#2913,#2915,.T.);
#2913 = VERTEX_POINT('',#2914);
#2914 = CARTESIAN_POINT('',(-1.157704027486E-15,-7.1,0.));
#2915 = SURFACE_CURVE('',#2916,(#2920,#2927),.PCURVE_S1.);
#2916 = LINE('',#2917,#2918);
#2917 = CARTESIAN_POINT('',(-0.309315638137,-7.091447739057,0.));
#2918 = VECTOR('',#2919,1.);
#2919 = DIRECTION('',(0.999617986051,-2.763841463622E-02,0.));
#2920 = PCURVE('',#144,#2921);
#2921 = DEFINITIONAL_REPRESENTATION('',(#2922),#2926);
#2922 = LINE('',#2923,#2924);
#2923 = CARTESIAN_POINT('',(-0.309315638137,-7.091447739057));
#2924 = VECTOR('',#2925,1.);
#2925 = DIRECTION('',(0.999617986051,-2.763841463622E-02));
#2926 = ( GEOMETRIC_REPRESENTATION_CONTEXT(2) 
PARAMETRIC_REPRESENTATION_CONTEXT() REPRESENTATION_CONTEXT('2D SPACE',''
  ) );
#2927 = PCURVE('',#2928,#2933);
#2928 = PLANE('',#2929);
#2929 = AXIS2_PLACEMENT_3D('',#2930,#2931,#2932);
#2930 = CARTESIAN_POINT('',(-0.309315638137,-7.091447739057,0.));
#2931 = DIRECTION('',(2.763841463622E-02,0.999617986051,-0.));
#2932 = DIRECTION('',(0.999617986051,-2.763841463622E-02,0.));
#2933 = DEFINITIONAL_REPRESENTATION('',(#2934),#2938);
#2934 = LINE('',#2935,#2936);
#2935 = CARTESIAN_POINT('',(0.,0.));
#2936 = VECTOR('',#2937,1.);
#2937 = DIRECTION('',(1.,0.));
#2938 = ( GEOMETRIC_REPRESENTATION_CONTEXT(2) 
PARAMETRIC_REPRESENTATION_CONTEXT() REPRESENTATION_CONTEXT('2D SPACE',''
  ) );
#2939 = ORIENTED_EDGE('',*,*,#2940,.T.);
#2940 = EDGE_CURVE('',#2913,#2941,#2943,.T.);
#2941 = VERTEX_POINT('',#2942);
#2942 = CARTESIAN_POINT('',(0.309315638137,-7.091447739057,0.));
#2943 = SURFACE_CURVE('',#2944,(#2948,#2955),.PCURVE_S1.);
#2944 = LINE('',#2945,#2946);
#2945 = CARTESIAN_POINT('',(-1.157704027486E-15,-7.1,0.));
#2946 = VECTOR('',#2947,1.);
#2947 = DIRECTION('',(0.999617986051,2.763841463622E-02,0.));
#2948 = PCURVE('',#144,#2949);
#2949 = DEFINITIONAL_REPRESENTATION('',(#2950),#2954);
#2950 = LINE('',#2951,#2952);
#2951 = CARTESIAN_POINT('',(-7.070107410084E-16,-7.1));
#2952 = VECTOR('',#2953,1.);
#2953 = DIRECTION('',(0.999617986051,2.763841463622E-02));
#2954 = ( GEOMETRIC_REPRESENTATION_CONTEXT(2) 
PARAMETRIC_REPRESENTATION_CONTEXT() REPRESENTATION_CONTEXT('2D SPACE',''
  ) );
#2955 = PCURVE('',#2956,#2961);
#2956 = PLANE('',#2957);
#2957 = AXIS2_PLACEMENT_3D('',#2958,#2959,#2960);
#2958 = CARTESIAN_POINT('',(-1.157704027486E-15,-7.1,0.));
#2959 = DIRECTION('',(-2.763841463622E-02,0.999617986051,0.));
#2960 = DIRECTION('',(0.999617986051,2.763841463622E-02,0.));
#2961 = DEFINITIONAL_REPRESENTATION('',(#2962),#2966);
#2962 = LINE('',#2963,#2964);
#2963 = CARTESIAN_POINT('',(0.,0.));
#2964 = VECTOR('',#2965,1.);
#2965 = DIRECTION('',(1.,0.));
#2966 = ( GEOMETRIC_REPRESENTATION_CONTEXT(2) 
PARAMETRIC_REPRESENTATION_CONTEXT() REPRESENTATION_CONTEXT('2D SPACE',''
  ) );
#2967 = ORIENTED_EDGE('',*,*,#2968,.T.);
#2968 = EDGE_CURVE('',#2941,#2969,#2971,.T.);
#2969 = VERTEX_POINT('',#2970);
#2970 = CARTESIAN_POINT('',(0.61835947288,-7.065811559373,0.));
#2971 = SURFACE_CURVE('',#2972,(#2976,#2983),.PCURVE_S1.);
#2972 = LINE('',#2973,#2974);
#2973 = CARTESIAN_POINT('',(0.309315638137,-7.091447739057,0.));
#2974 = VECTOR('',#2975,1.);
#2975 = DIRECTION('',(0.996577037619,8.266926931825E-02,0.));
#2976 = PCURVE('',#144,#2977);
#2977 = DEFINITIONAL_REPRESENTATION('',(#2978),#2982);
#2978 = LINE('',#2979,#2980);
#2979 = CARTESIAN_POINT('',(0.309315638137,-7.091447739057));
#2980 = VECTOR('',#2981,1.);
#2981 = DIRECTION('',(0.996577037619,8.266926931825E-02));
#2982 = ( GEOMETRIC_REPRESENTATION_CONTEXT(2) 
PARAMETRIC_REPRESENTATION_CONTEXT() REPRESENTATION_CONTEXT('2D SPACE',''
  ) );
#2983 = PCURVE('',#2984,#2989);
#2984 = PLANE('',#2985);
#2985 = AXIS2_PLACEMENT_3D('',#2986,#2987,#2988);
#2986 = CARTESIAN_POINT('',(0.309315638137,-7.091447739057,0.));
#2987 = DIRECTION('',(-8.266926931825E-02,0.996577037619,0.));
#2988 = DIRECTION('',(0.996577037619,8.266926931825E-02,0.));
#2989 = DEFINITIONAL_REPRESENTATION('',(#2990),#2994);
#2990 = LINE('',#2991,#2992);
#2991 = CARTESIAN_POINT('',(0.,0.));
#2992 = VECTOR('',#2993,1.);
#2993 = DIRECTION('',(1.,0.));
#2994 = ( GEOMETRIC_REPRESENTATION_CONTEXT(2) 
PARAMETRIC_REPRESENTATION_CONTEXT() REPRESENTATION_CONTEXT('2D SPACE',''
  ) );
#2995 = ORIENTED_EDGE('',*,*,#2996,.T.);
#2996 = EDGE_CURVE('',#2969,#2997,#2999,.T.);
#2997 = VERTEX_POINT('',#2998);
#2998 = CARTESIAN_POINT('',(0.926856595028,-7.02315322075,0.));
#2999 = SURFACE_CURVE('',#3000,(#3004,#3011),.PCURVE_S1.);
#3000 = LINE('',#3001,#3002);
#3001 = CARTESIAN_POINT('',(0.61835947288,-7.065811559373,0.));
#3002 = VECTOR('',#3003,1.);
#3003 = DIRECTION('',(0.990574562171,0.13697458443,0.));
#3004 = PCURVE('',#144,#3005);
#3005 = DEFINITIONAL_REPRESENTATION('',(#3006),#3010);
#3006 = LINE('',#3007,#3008);
#3007 = CARTESIAN_POINT('',(0.61835947288,-7.065811559373));
#3008 = VECTOR('',#3009,1.);
#3009 = DIRECTION('',(0.990574562171,0.13697458443));
#3010 = ( GEOMETRIC_REPRESENTATION_CONTEXT(2) 
PARAMETRIC_REPRESENTATION_CONTEXT() REPRESENTATION_CONTEXT('2D SPACE',''
  ) );
#3011 = PCURVE('',#3012,#3017);
#3012 = PLANE('',#3013);
#3013 = AXIS2_PLACEMENT_3D('',#3014,#3015,#3016);
#3014 = CARTESIAN_POINT('',(0.61835947288,-7.065811559373,0.));
#3015 = DIRECTION('',(-0.13697458443,0.990574562171,0.));
#3016 = DIRECTION('',(0.990574562171,0.13697458443,0.));
#3017 = DEFINITIONAL_REPRESENTATION('',(#3018),#3022);
#3018 = LINE('',#3019,#3020);
#3019 = CARTESIAN_POINT('',(0.,0.));
#3020 = VECTOR('',#3021,1.);
#3021 = DIRECTION('',(1.,0.));
#3022 = ( GEOMETRIC_REPRESENTATION_CONTEXT(2) 
PARAMETRIC_REPRESENTATION_CONTEXT() REPRESENTATION_CONTEXT('2D SPACE',''
  ) );
#3023 = ORIENTED_EDGE('',*,*,#3024,.T.);
#3024 = EDGE_CURVE('',#2997,#3025,#3027,.T.);
#3025 = VERTEX_POINT('',#3026);
#3026 = CARTESIAN_POINT('',(1.23452582866,-6.963575490863,0.));
#3027 = SURFACE_CURVE('',#3028,(#3032,#3039),.PCURVE_S1.);
#3028 = LINE('',#3029,#3030);
#3029 = CARTESIAN_POINT('',(0.926856595028,-7.02315322075,0.));
#3030 = VECTOR('',#3031,1.);
#3031 = DIRECTION('',(0.98176267441,0.190110628673,0.));
#3032 = PCURVE('',#144,#3033);
#3033 = DEFINITIONAL_REPRESENTATION('',(#3034),#3038);
#3034 = LINE('',#3035,#3036);
#3035 = CARTESIAN_POINT('',(0.926856595028,-7.02315322075));
#3036 = VECTOR('',#3037,1.);
#3037 = DIRECTION('',(0.98176267441,0.190110628673));
#3038 = ( GEOMETRIC_REPRESENTATION_CONTEXT(2) 
PARAMETRIC_REPRESENTATION_CONTEXT() REPRESENTATION_CONTEXT('2D SPACE',''
  ) );
#3039 = PCURVE('',#3040,#3045);
#3040 = PLANE('',#3041);
#3041 = AXIS2_PLACEMENT_3D('',#3042,#3043,#3044);
#3042 = CARTESIAN_POINT('',(0.926856595028,-7.02315322075,0.));
#3043 = DIRECTION('',(-0.190110628673,0.98176267441,0.));
#3044 = DIRECTION('',(0.98176267441,0.190110628673,0.));
#3045 = DEFINITIONAL_REPRESENTATION('',(#3046),#3050);
#3046 = LINE('',#3047,#3048);
#3047 = CARTESIAN_POINT('',(0.,0.));
#3048 = VECTOR('',#3049,1.);
#3049 = DIRECTION('',(1.,0.));
#3050 = ( GEOMETRIC_REPRESENTATION_CONTEXT(2) 
PARAMETRIC_REPRESENTATION_CONTEXT() REPRESENTATION_CONTEXT('2D SPACE',''
  ) );
#3051 = ORIENTED_EDGE('',*,*,#3052,.T.);
#3052 = EDGE_CURVE('',#3025,#3053,#3055,.T.);
#3053 = VERTEX_POINT('',#3054);
#3054 = CARTESIAN_POINT('',(1.541076459388,-6.887221897681,0.));
#3055 = SURFACE_CURVE('',#3056,(#3060,#3067),.PCURVE_S1.);
#3056 = LINE('',#3057,#3058);
#3057 = CARTESIAN_POINT('',(1.23452582866,-6.963575490863,0.));
#3058 = VECTOR('',#3059,1.);
#3059 = DIRECTION('',(0.970353701903,0.241689249249,0.));
#3060 = PCURVE('',#144,#3061);
#3061 = DEFINITIONAL_REPRESENTATION('',(#3062),#3066);
#3062 = LINE('',#3063,#3064);
#3063 = CARTESIAN_POINT('',(1.23452582866,-6.963575490863));
#3064 = VECTOR('',#3065,1.);
#3065 = DIRECTION('',(0.970353701903,0.241689249249));
#3066 = ( GEOMETRIC_REPRESENTATION_CONTEXT(2) 
PARAMETRIC_REPRESENTATION_CONTEXT() REPRESENTATION_CONTEXT('2D SPACE',''
  ) );
#3067 = PCURVE('',#3068,#3073);
#3068 = PLANE('',#3069);
#3069 = AXIS2_PLACEMENT_3D('',#3070,#3071,#3072);
#3070 = CARTESIAN_POINT('',(1.23452582866,-6.963575490863,0.));
#3071 = DIRECTION('',(-0.241689249249,0.970353701903,0.));
#3072 = DIRECTION('',(0.970353701903,0.241689249249,0.));
#3073 = DEFINITIONAL_REPRESENTATION('',(#3074),#3078);
#3074 = LINE('',#3075,#3076);
#3075 = CARTESIAN_POINT('',(0.,0.));
#3076 = VECTOR('',#3077,1.);
#3077 = DIRECTION('',(1.,0.));
#3078 = ( GEOMETRIC_REPRESENTATION_CONTEXT(2) 
PARAMETRIC_REPRESENTATION_CONTEXT() REPRESENTATION_CONTEXT('2D SPACE',''
  ) );
#3079 = ORIENTED_EDGE('',*,*,#3080,.T.);
#3080 = EDGE_CURVE('',#3053,#3081,#3083,.T.);
#3081 = VERTEX_POINT('',#3082);
#3082 = CARTESIAN_POINT('',(1.846204794928,-6.794276383699,0.));
#3083 = SURFACE_CURVE('',#3084,(#3088,#3095),.PCURVE_S1.);
#3084 = LINE('',#3085,#3086);
#3085 = CARTESIAN_POINT('',(1.541076459388,-6.887221897681,0.));
#3086 = VECTOR('',#3087,1.);
#3087 = DIRECTION('',(0.9566036695,0.291392209059,0.));
#3088 = PCURVE('',#144,#3089);
#3089 = DEFINITIONAL_REPRESENTATION('',(#3090),#3094);
#3090 = LINE('',#3091,#3092);
#3091 = CARTESIAN_POINT('',(1.541076459388,-6.887221897681));
#3092 = VECTOR('',#3093,1.);
#3093 = DIRECTION('',(0.9566036695,0.291392209059));
#3094 = ( GEOMETRIC_REPRESENTATION_CONTEXT(2) 
PARAMETRIC_REPRESENTATION_CONTEXT() REPRESENTATION_CONTEXT('2D SPACE',''
  ) );
#3095 = PCURVE('',#3096,#3101);
#3096 = PLANE('',#3097);
#3097 = AXIS2_PLACEMENT_3D('',#3098,#3099,#3100);
#3098 = CARTESIAN_POINT('',(1.541076459388,-6.887221897681,0.));
#3099 = DIRECTION('',(-0.291392209059,0.9566036695,0.));
#3100 = DIRECTION('',(0.9566036695,0.291392209059,0.));
#3101 = DEFINITIONAL_REPRESENTATION('',(#3102),#3106);
#3102 = LINE('',#3103,#3104);
#3103 = CARTESIAN_POINT('',(0.,0.));
#3104 = VECTOR('',#3105,1.);
#3105 = DIRECTION('',(1.,0.));
#3106 = ( GEOMETRIC_REPRESENTATION_CONTEXT(2) 
PARAMETRIC_REPRESENTATION_CONTEXT() REPRESENTATION_CONTEXT('2D SPACE',''
  ) );
#3107 = ORIENTED_EDGE('',*,*,#3108,.T.);
#3108 = EDGE_CURVE('',#3081,#3109,#3111,.T.);
#3109 = VERTEX_POINT('',#3110);
#3110 = CARTESIAN_POINT('',(2.149590499671,-6.684962862799,0.));
#3111 = SURFACE_CURVE('',#3112,(#3116,#3123),.PCURVE_S1.);
#3112 = LINE('',#3113,#3114);
#3113 = CARTESIAN_POINT('',(1.846204794928,-6.794276383699,0.));
#3114 = VECTOR('',#3115,1.);
#3115 = DIRECTION('',(0.940793818899,0.338979336127,0.));
#3116 = PCURVE('',#144,#3117);
#3117 = DEFINITIONAL_REPRESENTATION('',(#3118),#3122);
#3118 = LINE('',#3119,#3120);
#3119 = CARTESIAN_POINT('',(1.846204794928,-6.794276383699));
#3120 = VECTOR('',#3121,1.);
#3121 = DIRECTION('',(0.940793818899,0.338979336127));
#3122 = ( GEOMETRIC_REPRESENTATION_CONTEXT(2) 
PARAMETRIC_REPRESENTATION_CONTEXT() REPRESENTATION_CONTEXT('2D SPACE',''
  ) );
#3123 = PCURVE('',#3124,#3129);
#3124 = PLANE('',#3125);
#3125 = AXIS2_PLACEMENT_3D('',#3126,#3127,#3128);
#3126 = CARTESIAN_POINT('',(1.846204794928,-6.794276383699,0.));
#3127 = DIRECTION('',(-0.338979336127,0.940793818899,0.));
#3128 = DIRECTION('',(0.940793818899,0.338979336127,0.));
#3129 = DEFINITIONAL_REPRESENTATION('',(#3130),#3134);
#3130 = LINE('',#3131,#3132);
#3131 = CARTESIAN_POINT('',(0.,0.));
#3132 = VECTOR('',#3133,1.);
#3133 = DIRECTION('',(1.,0.));
#3134 = ( GEOMETRIC_REPRESENTATION_CONTEXT(2) 
PARAMETRIC_REPRESENTATION_CONTEXT() REPRESENTATION_CONTEXT('2D SPACE',''
  ) );
#3135 = ORIENTED_EDGE('',*,*,#3136,.T.);
#3136 = EDGE_CURVE('',#3109,#3137,#3139,.T.);
#3137 = VERTEX_POINT('',#3138);
#3138 = CARTESIAN_POINT('',(2.450892643504,-6.55954468083,0.));
#3139 = SURFACE_CURVE('',#3140,(#3144,#3151),.PCURVE_S1.);
#3140 = LINE('',#3141,#3142);
#3141 = CARTESIAN_POINT('',(2.149590499671,-6.684962862799,0.));
#3142 = VECTOR('',#3143,1.);
#3143 = DIRECTION('',(0.923212168913,0.384290633727,0.));
#3144 = PCURVE('',#144,#3145);
#3145 = DEFINITIONAL_REPRESENTATION('',(#3146),#3150);
#3146 = LINE('',#3147,#3148);
#3147 = CARTESIAN_POINT('',(2.149590499671,-6.684962862799));
#3148 = VECTOR('',#3149,1.);
#3149 = DIRECTION('',(0.923212168913,0.384290633727));
#3150 = ( GEOMETRIC_REPRESENTATION_CONTEXT(2) 
PARAMETRIC_REPRESENTATION_CONTEXT() REPRESENTATION_CONTEXT('2D SPACE',''
  ) );
#3151 = PCURVE('',#3152,#3157);
#3152 = PLANE('',#3153);
#3153 = AXIS2_PLACEMENT_3D('',#3154,#3155,#3156);
#3154 = CARTESIAN_POINT('',(2.149590499671,-6.684962862799,0.));
#3155 = DIRECTION('',(-0.384290633727,0.923212168913,0.));
#3156 = DIRECTION('',(0.923212168913,0.384290633727,0.));
#3157 = DEFINITIONAL_REPRESENTATION('',(#3158),#3162);
#3158 = LINE('',#3159,#3160);
#3159 = CARTESIAN_POINT('',(0.,0.));
#3160 = VECTOR('',#3161,1.);
#3161 = DIRECTION('',(1.,0.));
#3162 = ( GEOMETRIC_REPRESENTATION_CONTEXT(2) 
PARAMETRIC_REPRESENTATION_CONTEXT() REPRESENTATION_CONTEXT('2D SPACE',''
  ) );
#3163 = ORIENTED_EDGE('',*,*,#3164,.T.);
#3164 = EDGE_CURVE('',#3137,#3165,#3167,.T.);
#3165 = VERTEX_POINT('',#3166);
#3166 = CARTESIAN_POINT('',(2.749745404215,-6.418323981176,0.));
#3167 = SURFACE_CURVE('',#3168,(#3172,#3179),.PCURVE_S1.);
#3168 = LINE('',#3169,#3170);
#3169 = CARTESIAN_POINT('',(2.450892643504,-6.55954468083,0.));
#3170 = VECTOR('',#3171,1.);
#3171 = DIRECTION('',(0.904136724504,0.427243236814,0.));
#3172 = PCURVE('',#144,#3173);
#3173 = DEFINITIONAL_REPRESENTATION('',(#3174),#3178);
#3174 = LINE('',#3175,#3176);
#3175 = CARTESIAN_POINT('',(2.450892643504,-6.55954468083));
#3176 = VECTOR('',#3177,1.);
#3177 = DIRECTION('',(0.904136724504,0.427243236814));
#3178 = ( GEOMETRIC_REPRESENTATION_CONTEXT(2) 
PARAMETRIC_REPRESENTATION_CONTEXT() REPRESENTATION_CONTEXT('2D SPACE',''
  ) );
#3179 = PCURVE('',#3180,#3185);
#3180 = PLANE('',#3181);
#3181 = AXIS2_PLACEMENT_3D('',#3182,#3183,#3184);
#3182 = CARTESIAN_POINT('',(2.450892643504,-6.55954468083,0.));
#3183 = DIRECTION('',(-0.427243236814,0.904136724504,0.));
#3184 = DIRECTION('',(0.904136724504,0.427243236814,0.));
#3185 = DEFINITIONAL_REPRESENTATION('',(#3186),#3190);
#3186 = LINE('',#3187,#3188);
#3187 = CARTESIAN_POINT('',(0.,0.));
#3188 = VECTOR('',#3189,1.);
#3189 = DIRECTION('',(1.,0.));
#3190 = ( GEOMETRIC_REPRESENTATION_CONTEXT(2) 
PARAMETRIC_REPRESENTATION_CONTEXT() REPRESENTATION_CONTEXT('2D SPACE',''
  ) );
#3191 = ORIENTED_EDGE('',*,*,#3192,.T.);
#3192 = EDGE_CURVE('',#3165,#3193,#3195,.T.);
#3193 = VERTEX_POINT('',#3194);
#3194 = CARTESIAN_POINT('',(3.045753363274,-6.261640976873,0.));
#3195 = SURFACE_CURVE('',#3196,(#3200,#3207),.PCURVE_S1.);
#3196 = LINE('',#3197,#3198);
#3197 = CARTESIAN_POINT('',(2.749745404215,-6.418323981176,0.));
#3198 = VECTOR('',#3199,1.);
#3199 = DIRECTION('',(0.883821363354,0.467824537278,0.));
#3200 = PCURVE('',#144,#3201);
#3201 = DEFINITIONAL_REPRESENTATION('',(#3202),#3206);
#3202 = LINE('',#3203,#3204);
#3203 = CARTESIAN_POINT('',(2.749745404215,-6.418323981176));
#3204 = VECTOR('',#3205,1.);
#3205 = DIRECTION('',(0.883821363354,0.467824537278));
#3206 = ( GEOMETRIC_REPRESENTATION_CONTEXT(2) 
PARAMETRIC_REPRESENTATION_CONTEXT() REPRESENTATION_CONTEXT('2D SPACE',''
  ) );
#3207 = PCURVE('',#3208,#3213);
#3208 = PLANE('',#3209);
#3209 = AXIS2_PLACEMENT_3D('',#3210,#3211,#3212);
#3210 = CARTESIAN_POINT('',(2.749745404215,-6.418323981176,0.));
#3211 = DIRECTION('',(-0.467824537278,0.883821363354,0.));
#3212 = DIRECTION('',(0.883821363354,0.467824537278,0.));
#3213 = DEFINITIONAL_REPRESENTATION('',(#3214),#3218);
#3214 = LINE('',#3215,#3216);
#3215 = CARTESIAN_POINT('',(0.,0.));
#3216 = VECTOR('',#3217,1.);
#3217 = DIRECTION('',(1.,0.));
#3218 = ( GEOMETRIC_REPRESENTATION_CONTEXT(2) 
PARAMETRIC_REPRESENTATION_CONTEXT() REPRESENTATION_CONTEXT('2D SPACE',''
  ) );
#3219 = ORIENTED_EDGE('',*,*,#3220,.T.);
#3220 = EDGE_CURVE('',#3193,#3221,#3223,.T.);
#3221 = VERTEX_POINT('',#3222);
#3222 = CARTESIAN_POINT('',(3.338486337801,-6.089873131002,0.));
#3223 = SURFACE_CURVE('',#3224,(#3228,#3235),.PCURVE_S1.);
#3224 = LINE('',#3225,#3226);
#3225 = CARTESIAN_POINT('',(3.045753363274,-6.261640976873,0.));
#3226 = VECTOR('',#3227,1.);
#3227 = DIRECTION('',(0.86248482412,0.506082926172,0.));
#3228 = PCURVE('',#144,#3229);
#3229 = DEFINITIONAL_REPRESENTATION('',(#3230),#3234);
#3230 = LINE('',#3231,#3232);
#3231 = CARTESIAN_POINT('',(3.045753363274,-6.261640976873));
#3232 = VECTOR('',#3233,1.);
#3233 = DIRECTION('',(0.86248482412,0.506082926172));
#3234 = ( GEOMETRIC_REPRESENTATION_CONTEXT(2) 
PARAMETRIC_REPRESENTATION_CONTEXT() REPRESENTATION_CONTEXT('2D SPACE',''
  ) );
#3235 = PCURVE('',#3236,#3241);
#3236 = PLANE('',#3237);
#3237 = AXIS2_PLACEMENT_3D('',#3238,#3239,#3240);
#3238 = CARTESIAN_POINT('',(3.045753363274,-6.261640976873,0.));
#3239 = DIRECTION('',(-0.506082926172,0.86248482412,0.));
#3240 = DIRECTION('',(0.86248482412,0.506082926172,0.));
#3241 = DEFINITIONAL_REPRESENTATION('',(#3242),#3246);
#3242 = LINE('',#3243,#3244);
#3243 = CARTESIAN_POINT('',(0.,0.));
#3244 = VECTOR('',#3245,1.);
#3245 = DIRECTION('',(1.,0.));
#3246 = ( GEOMETRIC_REPRESENTATION_CONTEXT(2) 
PARAMETRIC_REPRESENTATION_CONTEXT() REPRESENTATION_CONTEXT('2D SPACE',''
  ) );
#3247 = ORIENTED_EDGE('',*,*,#3248,.T.);
#3248 = EDGE_CURVE('',#3221,#3249,#3251,.T.);
#3249 = VERTEX_POINT('',#3250);
#3250 = CARTESIAN_POINT('',(3.627473698823,-5.903434247348,0.));
#3251 = SURFACE_CURVE('',#3252,(#3256,#3263),.PCURVE_S1.);
#3252 = LINE('',#3253,#3254);
#3253 = CARTESIAN_POINT('',(3.338486337801,-6.089873131002,0.));
#3254 = VECTOR('',#3255,1.);
#3255 = DIRECTION('',(0.840302708389,0.542117476452,0.));
#3256 = PCURVE('',#144,#3257);
#3257 = DEFINITIONAL_REPRESENTATION('',(#3258),#3262);
#3258 = LINE('',#3259,#3260);
#3259 = CARTESIAN_POINT('',(3.338486337801,-6.089873131002));
#3260 = VECTOR('',#3261,1.);
#3261 = DIRECTION('',(0.840302708389,0.542117476452));
#3262 = ( GEOMETRIC_REPRESENTATION_CONTEXT(2) 
PARAMETRIC_REPRESENTATION_CONTEXT() REPRESENTATION_CONTEXT('2D SPACE',''
  ) );
#3263 = PCURVE('',#3264,#3269);
#3264 = PLANE('',#3265);
#3265 = AXIS2_PLACEMENT_3D('',#3266,#3267,#3268);
#3266 = CARTESIAN_POINT('',(3.338486337801,-6.089873131002,0.));
#3267 = DIRECTION('',(-0.542117476452,0.840302708389,0.));
#3268 = DIRECTION('',(0.840302708389,0.542117476452,0.));
#3269 = DEFINITIONAL_REPRESENTATION('',(#3270),#3274);
#3270 = LINE('',#3271,#3272);
#3271 = CARTESIAN_POINT('',(0.,0.));
#3272 = VECTOR('',#3273,1.);
#3273 = DIRECTION('',(1.,0.));
#3274 = ( GEOMETRIC_REPRESENTATION_CONTEXT(2) 
PARAMETRIC_REPRESENTATION_CONTEXT() REPRESENTATION_CONTEXT('2D SPACE',''
  ) );
#3275 = ORIENTED_EDGE('',*,*,#3276,.T.);
#3276 = EDGE_CURVE('',#3249,#3277,#3279,.T.);
#3277 = VERTEX_POINT('',#3278);
#3278 = CARTESIAN_POINT('',(3.912198140034,-5.702773473513,0.));
#3279 = SURFACE_CURVE('',#3280,(#3284,#3291),.PCURVE_S1.);
#3280 = LINE('',#3281,#3282);
#3281 = CARTESIAN_POINT('',(3.627473698823,-5.903434247348,0.));
#3282 = VECTOR('',#3283,1.);
#3283 = DIRECTION('',(0.817402049699,0.57606760814,0.));
#3284 = PCURVE('',#144,#3285);
#3285 = DEFINITIONAL_REPRESENTATION('',(#3286),#3290);
#3286 = LINE('',#3287,#3288);
#3287 = CARTESIAN_POINT('',(3.627473698823,-5.903434247348));
#3288 = VECTOR('',#3289,1.);
#3289 = DIRECTION('',(0.817402049699,0.57606760814));
#3290 = ( GEOMETRIC_REPRESENTATION_CONTEXT(2) 
PARAMETRIC_REPRESENTATION_CONTEXT() REPRESENTATION_CONTEXT('2D SPACE',''
  ) );
#3291 = PCURVE('',#3292,#3297);
#3292 = PLANE('',#3293);
#3293 = AXIS2_PLACEMENT_3D('',#3294,#3295,#3296);
#3294 = CARTESIAN_POINT('',(3.627473698823,-5.903434247348,0.));
#3295 = DIRECTION('',(-0.57606760814,0.817402049699,0.));
#3296 = DIRECTION('',(0.817402049699,0.57606760814,0.));
#3297 = DEFINITIONAL_REPRESENTATION('',(#3298),#3302);
#3298 = LINE('',#3299,#3300);
#3299 = CARTESIAN_POINT('',(0.,0.));
#3300 = VECTOR('',#3301,1.);
#3301 = DIRECTION('',(1.,0.));
#3302 = ( GEOMETRIC_REPRESENTATION_CONTEXT(2) 
PARAMETRIC_REPRESENTATION_CONTEXT() REPRESENTATION_CONTEXT('2D SPACE',''
  ) );
#3303 = ORIENTED_EDGE('',*,*,#3304,.T.);
#3304 = EDGE_CURVE('',#3277,#3305,#3307,.T.);
#3305 = VERTEX_POINT('',#3306);
#3306 = CARTESIAN_POINT('',(4.192088885614,-5.488374218875,0.));
#3307 = SURFACE_CURVE('',#3308,(#3312,#3319),.PCURVE_S1.);
#3308 = LINE('',#3309,#3310);
#3309 = CARTESIAN_POINT('',(3.912198140034,-5.702773473513,0.));
#3310 = VECTOR('',#3311,1.);
#3311 = DIRECTION('',(0.793857807798,0.608103429524,0.));
#3312 = PCURVE('',#144,#3313);
#3313 = DEFINITIONAL_REPRESENTATION('',(#3314),#3318);
#3314 = LINE('',#3315,#3316);
#3315 = CARTESIAN_POINT('',(3.912198140034,-5.702773473513));
#3316 = VECTOR('',#3317,1.);
#3317 = DIRECTION('',(0.793857807798,0.608103429524));
#3318 = ( GEOMETRIC_REPRESENTATION_CONTEXT(2) 
PARAMETRIC_REPRESENTATION_CONTEXT() REPRESENTATION_CONTEXT('2D SPACE',''
  ) );
#3319 = PCURVE('',#3320,#3325);
#3320 = PLANE('',#3321);
#3321 = AXIS2_PLACEMENT_3D('',#3322,#3323,#3324);
#3322 = CARTESIAN_POINT('',(3.912198140034,-5.702773473513,0.));
#3323 = DIRECTION('',(-0.608103429524,0.793857807798,0.));
#3324 = DIRECTION('',(0.793857807798,0.608103429524,0.));
#3325 = DEFINITIONAL_REPRESENTATION('',(#3326),#3330);
#3326 = LINE('',#3327,#3328);
#3327 = CARTESIAN_POINT('',(0.,0.));
#3328 = VECTOR('',#3329,1.);
#3329 = DIRECTION('',(1.,0.));
#3330 = ( GEOMETRIC_REPRESENTATION_CONTEXT(2) 
PARAMETRIC_REPRESENTATION_CONTEXT() REPRESENTATION_CONTEXT('2D SPACE',''
  ) );
#3331 = ORIENTED_EDGE('',*,*,#3332,.T.);
#3332 = EDGE_CURVE('',#3305,#3333,#3335,.T.);
#3333 = VERTEX_POINT('',#3334);
#3334 = CARTESIAN_POINT('',(4.466514364942,-5.26075299002,0.));
#3335 = SURFACE_CURVE('',#3336,(#3340,#3347),.PCURVE_S1.);
#3336 = LINE('',#3337,#3338);
#3337 = CARTESIAN_POINT('',(4.192088885614,-5.488374218875,0.));
#3338 = VECTOR('',#3339,1.);
#3339 = DIRECTION('',(0.769690592139,0.63841709906,0.));
#3340 = PCURVE('',#144,#3341);
#3341 = DEFINITIONAL_REPRESENTATION('',(#3342),#3346);
#3342 = LINE('',#3343,#3344);
#3343 = CARTESIAN_POINT('',(4.192088885614,-5.488374218875));
#3344 = VECTOR('',#3345,1.);
#3345 = DIRECTION('',(0.769690592139,0.63841709906));
#3346 = ( GEOMETRIC_REPRESENTATION_CONTEXT(2) 
PARAMETRIC_REPRESENTATION_CONTEXT() REPRESENTATION_CONTEXT('2D SPACE',''
  ) );
#3347 = PCURVE('',#3348,#3353);
#3348 = PLANE('',#3349);
#3349 = AXIS2_PLACEMENT_3D('',#3350,#3351,#3352);
#3350 = CARTESIAN_POINT('',(4.192088885614,-5.488374218875,0.));
#3351 = DIRECTION('',(-0.63841709906,0.769690592139,0.));
#3352 = DIRECTION('',(0.769690592139,0.63841709906,0.));
#3353 = DEFINITIONAL_REPRESENTATION('',(#3354),#3358);
#3354 = LINE('',#3355,#3356);
#3355 = CARTESIAN_POINT('',(0.,0.));
#3356 = VECTOR('',#3357,1.);
#3357 = DIRECTION('',(1.,0.));
#3358 = ( GEOMETRIC_REPRESENTATION_CONTEXT(2) 
PARAMETRIC_REPRESENTATION_CONTEXT() REPRESENTATION_CONTEXT('2D SPACE',''
  ) );
#3359 = ORIENTED_EDGE('',*,*,#3360,.T.);
#3360 = EDGE_CURVE('',#3333,#3361,#3363,.T.);
#3361 = VERTEX_POINT('',#3362);
#3362 = CARTESIAN_POINT('',(4.734774442381,-5.020458146424,0.));
#3363 = SURFACE_CURVE('',#3364,(#3368,#3375),.PCURVE_S1.);
#3364 = LINE('',#3365,#3366);
#3365 = CARTESIAN_POINT('',(4.466514364942,-5.26075299002,0.));
#3366 = VECTOR('',#3367,1.);
#3367 = DIRECTION('',(0.74486497089,0.66721523899,0.));
#3368 = PCURVE('',#144,#3369);
#3369 = DEFINITIONAL_REPRESENTATION('',(#3370),#3374);
#3370 = LINE('',#3371,#3372);
#3371 = CARTESIAN_POINT('',(4.466514364942,-5.26075299002));
#3372 = VECTOR('',#3373,1.);
#3373 = DIRECTION('',(0.74486497089,0.66721523899));
#3374 = ( GEOMETRIC_REPRESENTATION_CONTEXT(2) 
PARAMETRIC_REPRESENTATION_CONTEXT() REPRESENTATION_CONTEXT('2D SPACE',''
  ) );
#3375 = PCURVE('',#3376,#3381);
#3376 = PLANE('',#3377);
#3377 = AXIS2_PLACEMENT_3D('',#3378,#3379,#3380);
#3378 = CARTESIAN_POINT('',(4.466514364942,-5.26075299002,0.));
#3379 = DIRECTION('',(-0.66721523899,0.74486497089,0.));
#3380 = DIRECTION('',(0.74486497089,0.66721523899,0.));
#3381 = DEFINITIONAL_REPRESENTATION('',(#3382),#3386);
#3382 = LINE('',#3383,#3384);
#3383 = CARTESIAN_POINT('',(0.,0.));
#3384 = VECTOR('',#3385,1.);
#3385 = DIRECTION('',(1.,0.));
#3386 = ( GEOMETRIC_REPRESENTATION_CONTEXT(2) 
PARAMETRIC_REPRESENTATION_CONTEXT() REPRESENTATION_CONTEXT('2D SPACE',''
  ) );
#3387 = ORIENTED_EDGE('',*,*,#3388,.T.);
#3388 = EDGE_CURVE('',#3361,#3389,#3391,.T.);
#3389 = VERTEX_POINT('',#3390);
#3390 = CARTESIAN_POINT('',(4.996092379413,-4.768068579414,0.));
#3391 = SURFACE_CURVE('',#3392,(#3396,#3403),.PCURVE_S1.);
#3392 = LINE('',#3393,#3394);
#3393 = CARTESIAN_POINT('',(4.734774442381,-5.020458146424,0.));
#3394 = VECTOR('',#3395,1.);
#3395 = DIRECTION('',(0.719287850267,0.694712162308,0.));
#3396 = PCURVE('',#144,#3397);
#3397 = DEFINITIONAL_REPRESENTATION('',(#3398),#3402);
#3398 = LINE('',#3399,#3400);
#3399 = CARTESIAN_POINT('',(4.734774442381,-5.020458146424));
#3400 = VECTOR('',#3401,1.);
#3401 = DIRECTION('',(0.719287850267,0.694712162308));
#3402 = ( GEOMETRIC_REPRESENTATION_CONTEXT(2) 
PARAMETRIC_REPRESENTATION_CONTEXT() REPRESENTATION_CONTEXT('2D SPACE',''
  ) );
#3403 = PCURVE('',#3404,#3409);
#3404 = PLANE('',#3405);
#3405 = AXIS2_PLACEMENT_3D('',#3406,#3407,#3408);
#3406 = CARTESIAN_POINT('',(4.734774442381,-5.020458146424,0.));
#3407 = DIRECTION('',(-0.694712162308,0.719287850267,0.));
#3408 = DIRECTION('',(0.719287850267,0.694712162308,0.));
#3409 = DEFINITIONAL_REPRESENTATION('',(#3410),#3414);
#3410 = LINE('',#3411,#3412);
#3411 = CARTESIAN_POINT('',(0.,0.));
#3412 = VECTOR('',#3413,1.);
#3413 = DIRECTION('',(1.,0.));
#3414 = ( GEOMETRIC_REPRESENTATION_CONTEXT(2) 
PARAMETRIC_REPRESENTATION_CONTEXT() REPRESENTATION_CONTEXT('2D SPACE',''
  ) );
#3415 = ORIENTED_EDGE('',*,*,#3416,.T.);
#3416 = EDGE_CURVE('',#3389,#3417,#3419,.T.);
#3417 = VERTEX_POINT('',#3418);
#3418 = CARTESIAN_POINT('',(5.249606833062,-4.504192317562,0.));
#3419 = SURFACE_CURVE('',#3420,(#3424,#3431),.PCURVE_S1.);
#3420 = LINE('',#3421,#3422);
#3421 = CARTESIAN_POINT('',(4.996092379413,-4.768068579414,0.));
#3422 = VECTOR('',#3423,1.);
#3423 = DIRECTION('',(0.692806597998,0.721123441423,0.));
#3424 = PCURVE('',#144,#3425);
#3425 = DEFINITIONAL_REPRESENTATION('',(#3426),#3430);
#3426 = LINE('',#3427,#3428);
#3427 = CARTESIAN_POINT('',(4.996092379413,-4.768068579414));
#3428 = VECTOR('',#3429,1.);
#3429 = DIRECTION('',(0.692806597998,0.721123441423));
#3430 = ( GEOMETRIC_REPRESENTATION_CONTEXT(2) 
PARAMETRIC_REPRESENTATION_CONTEXT() REPRESENTATION_CONTEXT('2D SPACE',''
  ) );
#3431 = PCURVE('',#3432,#3437);
#3432 = PLANE('',#3433);
#3433 = AXIS2_PLACEMENT_3D('',#3434,#3435,#3436);
#3434 = CARTESIAN_POINT('',(4.996092379413,-4.768068579414,0.));
#3435 = DIRECTION('',(-0.721123441423,0.692806597998,0.));
#3436 = DIRECTION('',(0.692806597998,0.721123441423,0.));
#3437 = DEFINITIONAL_REPRESENTATION('',(#3438),#3442);
#3438 = LINE('',#3439,#3440);
#3439 = CARTESIAN_POINT('',(0.,0.));
#3440 = VECTOR('',#3441,1.);
#3441 = DIRECTION('',(1.,0.));
#3442 = ( GEOMETRIC_REPRESENTATION_CONTEXT(2) 
PARAMETRIC_REPRESENTATION_CONTEXT() REPRESENTATION_CONTEXT('2D SPACE',''
  ) );
#3443 = ORIENTED_EDGE('',*,*,#3444,.T.);
#3444 = EDGE_CURVE('',#3417,#3445,#3447,.T.);
#3445 = VERTEX_POINT('',#3446);
#3446 = CARTESIAN_POINT('',(5.494364368009,-4.229465061896,0.));
#3447 = SURFACE_CURVE('',#3448,(#3452,#3459),.PCURVE_S1.);
#3448 = LINE('',#3449,#3450);
#3449 = CARTESIAN_POINT('',(5.249606833062,-4.504192317562,0.));
#3450 = VECTOR('',#3451,1.);
#3451 = DIRECTION('',(0.665206838158,0.746659134055,0.));
#3452 = PCURVE('',#144,#3453);
#3453 = DEFINITIONAL_REPRESENTATION('',(#3454),#3458);
#3454 = LINE('',#3455,#3456);
#3455 = CARTESIAN_POINT('',(5.249606833062,-4.504192317562));
#3456 = VECTOR('',#3457,1.);
#3457 = DIRECTION('',(0.665206838158,0.746659134055));
#3458 = ( GEOMETRIC_REPRESENTATION_CONTEXT(2) 
PARAMETRIC_REPRESENTATION_CONTEXT() REPRESENTATION_CONTEXT('2D SPACE',''
  ) );
#3459 = PCURVE('',#3460,#3465);
#3460 = PLANE('',#3461);
#3461 = AXIS2_PLACEMENT_3D('',#3462,#3463,#3464);
#3462 = CARTESIAN_POINT('',(5.249606833062,-4.504192317562,0.));
#3463 = DIRECTION('',(-0.746659134055,0.665206838158,0.));
#3464 = DIRECTION('',(0.665206838158,0.746659134055,0.));
#3465 = DEFINITIONAL_REPRESENTATION('',(#3466),#3470);
#3466 = LINE('',#3467,#3468);
#3467 = CARTESIAN_POINT('',(0.,0.));
#3468 = VECTOR('',#3469,1.);
#3469 = DIRECTION('',(1.,0.));
#3470 = ( GEOMETRIC_REPRESENTATION_CONTEXT(2) 
PARAMETRIC_REPRESENTATION_CONTEXT() REPRESENTATION_CONTEXT('2D SPACE',''
  ) );
#3471 = ORIENTED_EDGE('',*,*,#3472,.T.);
#3472 = EDGE_CURVE('',#3445,#3473,#3475,.T.);
#3473 = VERTEX_POINT('',#3474);
#3474 = CARTESIAN_POINT('',(5.729313187106,-3.944548654439,0.));
#3475 = SURFACE_CURVE('',#3476,(#3480,#3487),.PCURVE_S1.);
#3476 = LINE('',#3477,#3478);
#3477 = CARTESIAN_POINT('',(5.494364368009,-4.229465061896,0.));
#3478 = VECTOR('',#3479,1.);
#3479 = DIRECTION('',(0.636210187902,0.771515778717,0.));
#3480 = PCURVE('',#144,#3481);
#3481 = DEFINITIONAL_REPRESENTATION('',(#3482),#3486);
#3482 = LINE('',#3483,#3484);
#3483 = CARTESIAN_POINT('',(5.494364368009,-4.229465061896));
#3484 = VECTOR('',#3485,1.);
#3485 = DIRECTION('',(0.636210187902,0.771515778717));
#3486 = ( GEOMETRIC_REPRESENTATION_CONTEXT(2) 
PARAMETRIC_REPRESENTATION_CONTEXT() REPRESENTATION_CONTEXT('2D SPACE',''
  ) );
#3487 = PCURVE('',#3488,#3493);
#3488 = PLANE('',#3489);
#3489 = AXIS2_PLACEMENT_3D('',#3490,#3491,#3492);
#3490 = CARTESIAN_POINT('',(5.494364368009,-4.229465061896,0.));
#3491 = DIRECTION('',(-0.771515778717,0.636210187902,0.));
#3492 = DIRECTION('',(0.636210187902,0.771515778717,0.));
#3493 = DEFINITIONAL_REPRESENTATION('',(#3494),#3498);
#3494 = LINE('',#3495,#3496);
#3495 = CARTESIAN_POINT('',(0.,0.));
#3496 = VECTOR('',#3497,1.);
#3497 = DIRECTION('',(1.,0.));
#3498 = ( GEOMETRIC_REPRESENTATION_CONTEXT(2) 
PARAMETRIC_REPRESENTATION_CONTEXT() REPRESENTATION_CONTEXT('2D SPACE',''
  ) );
#3499 = ORIENTED_EDGE('',*,*,#3500,.T.);
#3500 = EDGE_CURVE('',#3473,#3501,#3503,.T.);
#3501 = VERTEX_POINT('',#3502);
#3502 = CARTESIAN_POINT('',(5.953299067323,-3.650129483772,0.));
#3503 = SURFACE_CURVE('',#3504,(#3508,#3515),.PCURVE_S1.);
#3504 = LINE('',#3505,#3506);
#3505 = CARTESIAN_POINT('',(5.729313187106,-3.944548654439,0.));
#3506 = VECTOR('',#3507,1.);
#3507 = DIRECTION('',(0.605472685324,0.795866086302,0.));
#3508 = PCURVE('',#144,#3509);
#3509 = DEFINITIONAL_REPRESENTATION('',(#3510),#3514);
#3510 = LINE('',#3511,#3512);
#3511 = CARTESIAN_POINT('',(5.729313187106,-3.944548654439));
#3512 = VECTOR('',#3513,1.);
#3513 = DIRECTION('',(0.605472685324,0.795866086302));
#3514 = ( GEOMETRIC_REPRESENTATION_CONTEXT(2) 
PARAMETRIC_REPRESENTATION_CONTEXT() REPRESENTATION_CONTEXT('2D SPACE',''
  ) );
#3515 = PCURVE('',#3516,#3521);
#3516 = PLANE('',#3517);
#3517 = AXIS2_PLACEMENT_3D('',#3518,#3519,#3520);
#3518 = CARTESIAN_POINT('',(5.729313187106,-3.944548654439,0.));
#3519 = DIRECTION('',(-0.795866086302,0.605472685324,0.));
#3520 = DIRECTION('',(0.605472685324,0.795866086302,0.));
#3521 = DEFINITIONAL_REPRESENTATION('',(#3522),#3526);
#3522 = LINE('',#3523,#3524);
#3523 = CARTESIAN_POINT('',(0.,0.));
#3524 = VECTOR('',#3525,1.);
#3525 = DIRECTION('',(1.,0.));
#3526 = ( GEOMETRIC_REPRESENTATION_CONTEXT(2) 
PARAMETRIC_REPRESENTATION_CONTEXT() REPRESENTATION_CONTEXT('2D SPACE',''
  ) );
#3527 = ORIENTED_EDGE('',*,*,#3528,.T.);
#3528 = EDGE_CURVE('',#3501,#3529,#3531,.T.);
#3529 = VERTEX_POINT('',#3530);
#3530 = CARTESIAN_POINT('',(6.165064813492,-3.346916831465,0.));
#3531 = SURFACE_CURVE('',#3532,(#3536,#3543),.PCURVE_S1.);
#3532 = LINE('',#3533,#3534);
#3533 = CARTESIAN_POINT('',(5.953299067323,-3.650129483772,0.));
#3534 = VECTOR('',#3535,1.);
#3535 = DIRECTION('',(0.572585328809,0.819845132469,0.));
#3536 = PCURVE('',#144,#3537);
#3537 = DEFINITIONAL_REPRESENTATION('',(#3538),#3542);
#3538 = LINE('',#3539,#3540);
#3539 = CARTESIAN_POINT('',(5.953299067323,-3.650129483772));
#3540 = VECTOR('',#3541,1.);
#3541 = DIRECTION('',(0.572585328809,0.819845132469));
#3542 = ( GEOMETRIC_REPRESENTATION_CONTEXT(2) 
PARAMETRIC_REPRESENTATION_CONTEXT() REPRESENTATION_CONTEXT('2D SPACE',''
  ) );
#3543 = PCURVE('',#3544,#3549);
#3544 = PLANE('',#3545);
#3545 = AXIS2_PLACEMENT_3D('',#3546,#3547,#3548);
#3546 = CARTESIAN_POINT('',(5.953299067323,-3.650129483772,0.));
#3547 = DIRECTION('',(-0.819845132469,0.572585328809,0.));
#3548 = DIRECTION('',(0.572585328809,0.819845132469,0.));
#3549 = DEFINITIONAL_REPRESENTATION('',(#3550),#3554);
#3550 = LINE('',#3551,#3552);
#3551 = CARTESIAN_POINT('',(0.,0.));
#3552 = VECTOR('',#3553,1.);
#3553 = DIRECTION('',(1.,0.));
#3554 = ( GEOMETRIC_REPRESENTATION_CONTEXT(2) 
PARAMETRIC_REPRESENTATION_CONTEXT() REPRESENTATION_CONTEXT('2D SPACE',''
  ) );
#3555 = ORIENTED_EDGE('',*,*,#3556,.T.);
#3556 = EDGE_CURVE('',#3529,#3557,#3559,.T.);
#3557 = VERTEX_POINT('',#3558);
#3558 = CARTESIAN_POINT('',(6.363254876269,-3.035641163355,0.));
#3559 = SURFACE_CURVE('',#3560,(#3564,#3571),.PCURVE_S1.);
#3560 = LINE('',#3561,#3562);
#3561 = CARTESIAN_POINT('',(6.165064813492,-3.346916831465,0.));
#3562 = VECTOR('',#3563,1.);
#3563 = DIRECTION('',(0.537079057675,0.843531911552,0.));
#3564 = PCURVE('',#144,#3565);
#3565 = DEFINITIONAL_REPRESENTATION('',(#3566),#3570);
#3566 = LINE('',#3567,#3568);
#3567 = CARTESIAN_POINT('',(6.165064813492,-3.346916831465));
#3568 = VECTOR('',#3569,1.);
#3569 = DIRECTION('',(0.537079057675,0.843531911552));
#3570 = ( GEOMETRIC_REPRESENTATION_CONTEXT(2) 
PARAMETRIC_REPRESENTATION_CONTEXT() REPRESENTATION_CONTEXT('2D SPACE',''
  ) );
#3571 = PCURVE('',#3572,#3577);
#3572 = PLANE('',#3573);
#3573 = AXIS2_PLACEMENT_3D('',#3574,#3575,#3576);
#3574 = CARTESIAN_POINT('',(6.165064813492,-3.346916831465,0.));
#3575 = DIRECTION('',(-0.843531911552,0.537079057675,0.));
#3576 = DIRECTION('',(0.537079057675,0.843531911552,0.));
#3577 = DEFINITIONAL_REPRESENTATION('',(#3578),#3582);
#3578 = LINE('',#3579,#3580);
#3579 = CARTESIAN_POINT('',(0.,0.));
#3580 = VECTOR('',#3581,1.);
#3581 = DIRECTION('',(1.,0.));
#3582 = ( GEOMETRIC_REPRESENTATION_CONTEXT(2) 
PARAMETRIC_REPRESENTATION_CONTEXT() REPRESENTATION_CONTEXT('2D SPACE',''
  ) );
#3583 = ORIENTED_EDGE('',*,*,#3584,.T.);
#3584 = EDGE_CURVE('',#3557,#3585,#3587,.T.);
#3585 = VERTEX_POINT('',#3586);
#3586 = CARTESIAN_POINT('',(6.546427054942,-2.717052369792,0.));
#3587 = SURFACE_CURVE('',#3588,(#3592,#3599),.PCURVE_S1.);
#3588 = LINE('',#3589,#3590);
#3589 = CARTESIAN_POINT('',(6.363254876269,-3.035641163355,0.));
#3590 = VECTOR('',#3591,1.);
#3591 = DIRECTION('',(0.498437631463,0.866925560554,0.));
#3592 = PCURVE('',#144,#3593);
#3593 = DEFINITIONAL_REPRESENTATION('',(#3594),#3598);
#3594 = LINE('',#3595,#3596);
#3595 = CARTESIAN_POINT('',(6.363254876269,-3.035641163355));
#3596 = VECTOR('',#3597,1.);
#3597 = DIRECTION('',(0.498437631463,0.866925560554));
#3598 = ( GEOMETRIC_REPRESENTATION_CONTEXT(2) 
PARAMETRIC_REPRESENTATION_CONTEXT() REPRESENTATION_CONTEXT('2D SPACE',''
  ) );
#3599 = PCURVE('',#3600,#3605);
#3600 = PLANE('',#3601);
#3601 = AXIS2_PLACEMENT_3D('',#3602,#3603,#3604);
#3602 = CARTESIAN_POINT('',(6.363254876269,-3.035641163355,0.));
#3603 = DIRECTION('',(-0.866925560554,0.498437631463,0.));
#3604 = DIRECTION('',(0.498437631463,0.866925560554,0.));
#3605 = DEFINITIONAL_REPRESENTATION('',(#3606),#3610);
#3606 = LINE('',#3607,#3608);
#3607 = CARTESIAN_POINT('',(0.,0.));
#3608 = VECTOR('',#3609,1.);
#3609 = DIRECTION('',(1.,0.));
#3610 = ( GEOMETRIC_REPRESENTATION_CONTEXT(2) 
PARAMETRIC_REPRESENTATION_CONTEXT() REPRESENTATION_CONTEXT('2D SPACE',''
  ) );
#3611 = ORIENTED_EDGE('',*,*,#3612,.T.);
#3612 = EDGE_CURVE('',#3585,#3613,#3615,.T.);
#3613 = VERTEX_POINT('',#3614);
#3614 = CARTESIAN_POINT('',(6.713073308226,-2.391917959085,0.));
#3615 = SURFACE_CURVE('',#3616,(#3620,#3627),.PCURVE_S1.);
#3616 = LINE('',#3617,#3618);
#3617 = CARTESIAN_POINT('',(6.546427054942,-2.717052369792,0.));
#3618 = VECTOR('',#3619,1.);
#3619 = DIRECTION('',(0.456123019692,0.88991673257,0.));
#3620 = PCURVE('',#144,#3621);
#3621 = DEFINITIONAL_REPRESENTATION('',(#3622),#3626);
#3622 = LINE('',#3623,#3624);
#3623 = CARTESIAN_POINT('',(6.546427054942,-2.717052369792));
#3624 = VECTOR('',#3625,1.);
#3625 = DIRECTION('',(0.456123019692,0.88991673257));
#3626 = ( GEOMETRIC_REPRESENTATION_CONTEXT(2) 
PARAMETRIC_REPRESENTATION_CONTEXT() REPRESENTATION_CONTEXT('2D SPACE',''
  ) );
#3627 = PCURVE('',#3628,#3633);
#3628 = PLANE('',#3629);
#3629 = AXIS2_PLACEMENT_3D('',#3630,#3631,#3632);
#3630 = CARTESIAN_POINT('',(6.546427054942,-2.717052369792,0.));
#3631 = DIRECTION('',(-0.88991673257,0.456123019692,0.));
#3632 = DIRECTION('',(0.456123019692,0.88991673257,0.));
#3633 = DEFINITIONAL_REPRESENTATION('',(#3634),#3638);
#3634 = LINE('',#3635,#3636);
#3635 = CARTESIAN_POINT('',(0.,0.));
#3636 = VECTOR('',#3637,1.);
#3637 = DIRECTION('',(1.,0.));
#3638 = ( GEOMETRIC_REPRESENTATION_CONTEXT(2) 
PARAMETRIC_REPRESENTATION_CONTEXT() REPRESENTATION_CONTEXT('2D SPACE',''
  ) );
#3639 = ORIENTED_EDGE('',*,*,#3640,.T.);
#3640 = EDGE_CURVE('',#3613,#3641,#3643,.T.);
#3641 = VERTEX_POINT('',#3642);
#3642 = CARTESIAN_POINT('',(6.861651472224,-2.061021208507,0.));
#3643 = SURFACE_CURVE('',#3644,(#3648,#3655),.PCURVE_S1.);
#3644 = LINE('',#3645,#3646);
#3645 = CARTESIAN_POINT('',(6.713073308226,-2.391917959085,0.));
#3646 = VECTOR('',#3647,1.);
#3647 = DIRECTION('',(0.409618568775,0.912256887129,0.));
#3648 = PCURVE('',#144,#3649);
#3649 = DEFINITIONAL_REPRESENTATION('',(#3650),#3654);
#3650 = LINE('',#3651,#3652);
#3651 = CARTESIAN_POINT('',(6.713073308226,-2.391917959085));
#3652 = VECTOR('',#3653,1.);
#3653 = DIRECTION('',(0.409618568775,0.912256887129));
#3654 = ( GEOMETRIC_REPRESENTATION_CONTEXT(2) 
PARAMETRIC_REPRESENTATION_CONTEXT() REPRESENTATION_CONTEXT('2D SPACE',''
  ) );
#3655 = PCURVE('',#3656,#3661);
#3656 = PLANE('',#3657);
#3657 = AXIS2_PLACEMENT_3D('',#3658,#3659,#3660);
#3658 = CARTESIAN_POINT('',(6.713073308226,-2.391917959085,0.));
#3659 = DIRECTION('',(-0.912256887129,0.409618568775,0.));
#3660 = DIRECTION('',(0.409618568775,0.912256887129,0.));
#3661 = DEFINITIONAL_REPRESENTATION('',(#3662),#3666);
#3662 = LINE('',#3663,#3664);
#3663 = CARTESIAN_POINT('',(0.,0.));
#3664 = VECTOR('',#3665,1.);
#3665 = DIRECTION('',(1.,0.));
#3666 = ( GEOMETRIC_REPRESENTATION_CONTEXT(2) 
PARAMETRIC_REPRESENTATION_CONTEXT() REPRESENTATION_CONTEXT('2D SPACE',''
  ) );
#3667 = ORIENTED_EDGE('',*,*,#3668,.T.);
#3668 = EDGE_CURVE('',#3641,#3669,#3671,.T.);
#3669 = VERTEX_POINT('',#3670);
#3670 = CARTESIAN_POINT('',(6.990628959937,-1.725159277313,0.));
#3671 = SURFACE_CURVE('',#3672,(#3676,#3683),.PCURVE_S1.);
#3672 = LINE('',#3673,#3674);
#3673 = CARTESIAN_POINT('',(6.861651472224,-2.061021208507,0.));
#3674 = VECTOR('',#3675,1.);
#3675 = DIRECTION('',(0.358494334287,0.933531902124,0.));
#3676 = PCURVE('',#144,#3677);
#3677 = DEFINITIONAL_REPRESENTATION('',(#3678),#3682);
#3678 = LINE('',#3679,#3680);
#3679 = CARTESIAN_POINT('',(6.861651472224,-2.061021208507));
#3680 = VECTOR('',#3681,1.);
#3681 = DIRECTION('',(0.358494334287,0.933531902124));
#3682 = ( GEOMETRIC_REPRESENTATION_CONTEXT(2) 
PARAMETRIC_REPRESENTATION_CONTEXT() REPRESENTATION_CONTEXT('2D SPACE',''
  ) );
#3683 = PCURVE('',#3684,#3689);
#3684 = PLANE('',#3685);
#3685 = AXIS2_PLACEMENT_3D('',#3686,#3687,#3688);
#3686 = CARTESIAN_POINT('',(6.861651472224,-2.061021208507,0.));
#3687 = DIRECTION('',(-0.933531902124,0.358494334287,0.));
#3688 = DIRECTION('',(0.358494334287,0.933531902124,0.));
#3689 = DEFINITIONAL_REPRESENTATION('',(#3690),#3694);
#3690 = LINE('',#3691,#3692);
#3691 = CARTESIAN_POINT('',(0.,0.));
#3692 = VECTOR('',#3693,1.);
#3693 = DIRECTION('',(1.,0.));
#3694 = ( GEOMETRIC_REPRESENTATION_CONTEXT(2) 
PARAMETRIC_REPRESENTATION_CONTEXT() REPRESENTATION_CONTEXT('2D SPACE',''
  ) );
#3695 = ORIENTED_EDGE('',*,*,#3696,.T.);
#3696 = EDGE_CURVE('',#3669,#3697,#3699,.T.);
#3697 = VERTEX_POINT('',#3698);
#3698 = CARTESIAN_POINT('',(7.098538155264,-1.385141286315,0.));
#3699 = SURFACE_CURVE('',#3700,(#3704,#3711),.PCURVE_S1.);
#3700 = LINE('',#3701,#3702);
#3701 = CARTESIAN_POINT('',(6.990628959937,-1.725159277313,0.));
#3702 = VECTOR('',#3703,1.);
#3703 = DIRECTION('',(0.3024950326,0.953150961418,0.));
#3704 = PCURVE('',#144,#3705);
#3705 = DEFINITIONAL_REPRESENTATION('',(#3706),#3710);
#3706 = LINE('',#3707,#3708);
#3707 = CARTESIAN_POINT('',(6.990628959937,-1.725159277313));
#3708 = VECTOR('',#3709,1.);
#3709 = DIRECTION('',(0.3024950326,0.953150961418));
#3710 = ( GEOMETRIC_REPRESENTATION_CONTEXT(2) 
PARAMETRIC_REPRESENTATION_CONTEXT() REPRESENTATION_CONTEXT('2D SPACE',''
  ) );
#3711 = PCURVE('',#3712,#3717);
#3712 = PLANE('',#3713);
#3713 = AXIS2_PLACEMENT_3D('',#3714,#3715,#3716);
#3714 = CARTESIAN_POINT('',(6.990628959937,-1.725159277313,0.));
#3715 = DIRECTION('',(-0.953150961418,0.3024950326,0.));
#3716 = DIRECTION('',(0.3024950326,0.953150961418,0.));
#3717 = DEFINITIONAL_REPRESENTATION('',(#3718),#3722);
#3718 = LINE('',#3719,#3720);
#3719 = CARTESIAN_POINT('',(0.,0.));
#3720 = VECTOR('',#3721,1.);
#3721 = DIRECTION('',(1.,0.));
#3722 = ( GEOMETRIC_REPRESENTATION_CONTEXT(2) 
PARAMETRIC_REPRESENTATION_CONTEXT() REPRESENTATION_CONTEXT('2D SPACE',''
  ) );
#3723 = ORIENTED_EDGE('',*,*,#3724,.T.);
#3724 = EDGE_CURVE('',#3697,#3725,#3727,.T.);
#3725 = VERTEX_POINT('',#3726);
#3726 = CARTESIAN_POINT('',(7.184041214204,-1.041786368633,0.));
#3727 = SURFACE_CURVE('',#3728,(#3732,#3739),.PCURVE_S1.);
#3728 = LINE('',#3729,#3730);
#3729 = CARTESIAN_POINT('',(7.098538155264,-1.385141286315,0.));
#3730 = VECTOR('',#3731,1.);
#3731 = DIRECTION('',(0.241642677061,0.970365300607,0.));
#3732 = PCURVE('',#144,#3733);
#3733 = DEFINITIONAL_REPRESENTATION('',(#3734),#3738);
#3734 = LINE('',#3735,#3736);
#3735 = CARTESIAN_POINT('',(7.098538155264,-1.385141286315));
#3736 = VECTOR('',#3737,1.);
#3737 = DIRECTION('',(0.241642677061,0.970365300607));
#3738 = ( GEOMETRIC_REPRESENTATION_CONTEXT(2) 
PARAMETRIC_REPRESENTATION_CONTEXT() REPRESENTATION_CONTEXT('2D SPACE',''
  ) );
#3739 = PCURVE('',#3740,#3745);
#3740 = PLANE('',#3741);
#3741 = AXIS2_PLACEMENT_3D('',#3742,#3743,#3744);
#3742 = CARTESIAN_POINT('',(7.098538155264,-1.385141286315,0.));
#3743 = DIRECTION('',(-0.970365300607,0.241642677061,0.));
#3744 = DIRECTION('',(0.241642677061,0.970365300607,0.));
#3745 = DEFINITIONAL_REPRESENTATION('',(#3746),#3750);
#3746 = LINE('',#3747,#3748);
#3747 = CARTESIAN_POINT('',(0.,0.));
#3748 = VECTOR('',#3749,1.);
#3749 = DIRECTION('',(1.,0.));
#3750 = ( GEOMETRIC_REPRESENTATION_CONTEXT(2) 
PARAMETRIC_REPRESENTATION_CONTEXT() REPRESENTATION_CONTEXT('2D SPACE',''
  ) );
#3751 = ORIENTED_EDGE('',*,*,#3752,.T.);
#3752 = EDGE_CURVE('',#3725,#3753,#3755,.T.);
#3753 = VERTEX_POINT('',#3754);
#3754 = CARTESIAN_POINT('',(7.245999585084,-0.69592169634,0.));
#3755 = SURFACE_CURVE('',#3756,(#3760,#3767),.PCURVE_S1.);
#3756 = LINE('',#3757,#3758);
#3757 = CARTESIAN_POINT('',(7.184041214204,-1.041786368633,0.));
#3758 = VECTOR('',#3759,1.);
#3759 = DIRECTION('',(0.176333457556,0.984330489087,0.));
#3760 = PCURVE('',#144,#3761);
#3761 = DEFINITIONAL_REPRESENTATION('',(#3762),#3766);
#3762 = LINE('',#3763,#3764);
#3763 = CARTESIAN_POINT('',(7.184041214204,-1.041786368633));
#3764 = VECTOR('',#3765,1.);
#3765 = DIRECTION('',(0.176333457556,0.984330489087));
#3766 = ( GEOMETRIC_REPRESENTATION_CONTEXT(2) 
PARAMETRIC_REPRESENTATION_CONTEXT() REPRESENTATION_CONTEXT('2D SPACE',''
  ) );
#3767 = PCURVE('',#3768,#3773);
#3768 = PLANE('',#3769);
#3769 = AXIS2_PLACEMENT_3D('',#3770,#3771,#3772);
#3770 = CARTESIAN_POINT('',(7.184041214204,-1.041786368633,0.));
#3771 = DIRECTION('',(-0.984330489087,0.176333457556,0.));
#3772 = DIRECTION('',(0.176333457556,0.984330489087,0.));
#3773 = DEFINITIONAL_REPRESENTATION('',(#3774),#3778);
#3774 = LINE('',#3775,#3776);
#3775 = CARTESIAN_POINT('',(0.,0.));
#3776 = VECTOR('',#3777,1.);
#3777 = DIRECTION('',(1.,0.));
#3778 = ( GEOMETRIC_REPRESENTATION_CONTEXT(2) 
PARAMETRIC_REPRESENTATION_CONTEXT() REPRESENTATION_CONTEXT('2D SPACE',''
  ) );
#3779 = ORIENTED_EDGE('',*,*,#3780,.T.);
#3780 = EDGE_CURVE('',#3753,#160,#3781,.T.);
#3781 = SURFACE_CURVE('',#3782,(#3786,#3793),.PCURVE_S1.);
#3782 = LINE('',#3783,#3784);
#3783 = CARTESIAN_POINT('',(7.245999585084,-0.69592169634,0.));
#3784 = VECTOR('',#3785,1.);
#3785 = DIRECTION('',(0.107396121509,0.994216311013,0.));
#3786 = PCURVE('',#144,#3787);
#3787 = DEFINITIONAL_REPRESENTATION('',(#3788),#3792);
#3788 = LINE('',#3789,#3790);
#3789 = CARTESIAN_POINT('',(7.245999585084,-0.69592169634));
#3790 = VECTOR('',#3791,1.);
#3791 = DIRECTION('',(0.107396121509,0.994216311013));
#3792 = ( GEOMETRIC_REPRESENTATION_CONTEXT(2) 
PARAMETRIC_REPRESENTATION_CONTEXT() REPRESENTATION_CONTEXT('2D SPACE',''
  ) );
#3793 = PCURVE('',#177,#3794);
#3794 = DEFINITIONAL_REPRESENTATION('',(#3795),#3799);
#3795 = LINE('',#3796,#3797);
#3796 = CARTESIAN_POINT('',(0.,0.));
#3797 = VECTOR('',#3798,1.);
#3798 = DIRECTION('',(1.,0.));
#3799 = ( GEOMETRIC_REPRESENTATION_CONTEXT(2) 
PARAMETRIC_REPRESENTATION_CONTEXT() REPRESENTATION_CONTEXT('2D SPACE',''
  ) );
#3800 = ORIENTED_EDGE('',*,*,#211,.T.);
#3801 = ADVANCED_FACE('',(#3802,#6680),#90,.T.);
#3802 = FACE_BOUND('',#3803,.T.);
#3803 = EDGE_LOOP('',(#3804,#3805,#3806,#3829,#3852,#3875,#3898,#3921,
    #3944,#3967,#3990,#4013,#4036,#4059,#4082,#4105,#4128,#4151,#4174,
    #4197,#4220,#4243,#4266,#4289,#4312,#4335,#4358,#4381,#4404,#4427,
    #4450,#4473,#4496,#4519,#4542,#4565,#4588,#4611,#4634,#4657,#4680,
    #4703,#4726,#4749,#4772,#4795,#4818,#4841,#4864,#4887,#4910,#4933,
    #4956,#4979,#5002,#5025,#5048,#5071,#5094,#5117,#5140,#5163,#5186,
    #5209,#5232,#5255,#5278,#5301,#5324,#5347,#5370,#5393,#5416,#5439,
    #5462,#5485,#5508,#5531,#5554,#5577,#5600,#5623,#5646,#5669,#5692,
    #5715,#5738,#5761,#5784,#5807,#5830,#5853,#5876,#5899,#5922,#5945,
    #5968,#5991,#6014,#6037,#6060,#6083,#6106,#6129,#6152,#6175,#6198,
    #6221,#6244,#6267,#6290,#6313,#6336,#6359,#6382,#6405,#6428,#6451,
    #6474,#6497,#6520,#6543,#6566,#6589,#6612,#6635,#6658,#6679));
#3804 = ORIENTED_EDGE('',*,*,#74,.T.);
#3805 = ORIENTED_EDGE('',*,*,#236,.T.);
#3806 = ORIENTED_EDGE('',*,*,#3807,.T.);
#3807 = EDGE_CURVE('',#237,#3808,#3810,.T.);
#3808 = VERTEX_POINT('',#3809);
#3809 = CARTESIAN_POINT('',(7.184041214204,1.041786368633,2.));
#3810 = SURFACE_CURVE('',#3811,(#3815,#3822),.PCURVE_S1.);
#3811 = LINE('',#3812,#3813);
#3812 = CARTESIAN_POINT('',(7.245999585084,0.69592169634,2.));
#3813 = VECTOR('',#3814,1.);
#3814 = DIRECTION('',(-0.176333457556,0.984330489087,0.));
#3815 = PCURVE('',#90,#3816);
#3816 = DEFINITIONAL_REPRESENTATION('',(#3817),#3821);
#3817 = LINE('',#3818,#3819);
#3818 = CARTESIAN_POINT('',(7.245999585084,0.69592169634));
#3819 = VECTOR('',#3820,1.);
#3820 = DIRECTION('',(-0.176333457556,0.984330489087));
#3821 = ( GEOMETRIC_REPRESENTATION_CONTEXT(2) 
PARAMETRIC_REPRESENTATION_CONTEXT() REPRESENTATION_CONTEXT('2D SPACE',''
  ) );
#3822 = PCURVE('',#275,#3823);
#3823 = DEFINITIONAL_REPRESENTATION('',(#3824),#3828);
#3824 = LINE('',#3825,#3826);
#3825 = CARTESIAN_POINT('',(0.,-2.));
#3826 = VECTOR('',#3827,1.);
#3827 = DIRECTION('',(1.,0.));
#3828 = ( GEOMETRIC_REPRESENTATION_CONTEXT(2) 
PARAMETRIC_REPRESENTATION_CONTEXT() REPRESENTATION_CONTEXT('2D SPACE',''
  ) );
#3829 = ORIENTED_EDGE('',*,*,#3830,.T.);
#3830 = EDGE_CURVE('',#3808,#3831,#3833,.T.);
#3831 = VERTEX_POINT('',#3832);
#3832 = CARTESIAN_POINT('',(7.098538155264,1.385141286315,2.));
#3833 = SURFACE_CURVE('',#3834,(#3838,#3845),.PCURVE_S1.);
#3834 = LINE('',#3835,#3836);
#3835 = CARTESIAN_POINT('',(7.184041214204,1.041786368633,2.));
#3836 = VECTOR('',#3837,1.);
#3837 = DIRECTION('',(-0.241642677061,0.970365300607,0.));
#3838 = PCURVE('',#90,#3839);
#3839 = DEFINITIONAL_REPRESENTATION('',(#3840),#3844);
#3840 = LINE('',#3841,#3842);
#3841 = CARTESIAN_POINT('',(7.184041214204,1.041786368633));
#3842 = VECTOR('',#3843,1.);
#3843 = DIRECTION('',(-0.241642677061,0.970365300607));
#3844 = ( GEOMETRIC_REPRESENTATION_CONTEXT(2) 
PARAMETRIC_REPRESENTATION_CONTEXT() REPRESENTATION_CONTEXT('2D SPACE',''
  ) );
#3845 = PCURVE('',#352,#3846);
#3846 = DEFINITIONAL_REPRESENTATION('',(#3847),#3851);
#3847 = LINE('',#3848,#3849);
#3848 = CARTESIAN_POINT('',(0.,-2.));
#3849 = VECTOR('',#3850,1.);
#3850 = DIRECTION('',(1.,0.));
#3851 = ( GEOMETRIC_REPRESENTATION_CONTEXT(2) 
PARAMETRIC_REPRESENTATION_CONTEXT() REPRESENTATION_CONTEXT('2D SPACE',''
  ) );
#3852 = ORIENTED_EDGE('',*,*,#3853,.T.);
#3853 = EDGE_CURVE('',#3831,#3854,#3856,.T.);
#3854 = VERTEX_POINT('',#3855);
#3855 = CARTESIAN_POINT('',(6.990628959937,1.725159277313,2.));
#3856 = SURFACE_CURVE('',#3857,(#3861,#3868),.PCURVE_S1.);
#3857 = LINE('',#3858,#3859);
#3858 = CARTESIAN_POINT('',(7.098538155264,1.385141286315,2.));
#3859 = VECTOR('',#3860,1.);
#3860 = DIRECTION('',(-0.3024950326,0.953150961418,0.));
#3861 = PCURVE('',#90,#3862);
#3862 = DEFINITIONAL_REPRESENTATION('',(#3863),#3867);
#3863 = LINE('',#3864,#3865);
#3864 = CARTESIAN_POINT('',(7.098538155264,1.385141286315));
#3865 = VECTOR('',#3866,1.);
#3866 = DIRECTION('',(-0.3024950326,0.953150961418));
#3867 = ( GEOMETRIC_REPRESENTATION_CONTEXT(2) 
PARAMETRIC_REPRESENTATION_CONTEXT() REPRESENTATION_CONTEXT('2D SPACE',''
  ) );
#3868 = PCURVE('',#380,#3869);
#3869 = DEFINITIONAL_REPRESENTATION('',(#3870),#3874);
#3870 = LINE('',#3871,#3872);
#3871 = CARTESIAN_POINT('',(0.,-2.));
#3872 = VECTOR('',#3873,1.);
#3873 = DIRECTION('',(1.,0.));
#3874 = ( GEOMETRIC_REPRESENTATION_CONTEXT(2) 
PARAMETRIC_REPRESENTATION_CONTEXT() REPRESENTATION_CONTEXT('2D SPACE',''
  ) );
#3875 = ORIENTED_EDGE('',*,*,#3876,.T.);
#3876 = EDGE_CURVE('',#3854,#3877,#3879,.T.);
#3877 = VERTEX_POINT('',#3878);
#3878 = CARTESIAN_POINT('',(6.861651472224,2.061021208507,2.));
#3879 = SURFACE_CURVE('',#3880,(#3884,#3891),.PCURVE_S1.);
#3880 = LINE('',#3881,#3882);
#3881 = CARTESIAN_POINT('',(6.990628959937,1.725159277313,2.));
#3882 = VECTOR('',#3883,1.);
#3883 = DIRECTION('',(-0.358494334287,0.933531902124,0.));
#3884 = PCURVE('',#90,#3885);
#3885 = DEFINITIONAL_REPRESENTATION('',(#3886),#3890);
#3886 = LINE('',#3887,#3888);
#3887 = CARTESIAN_POINT('',(6.990628959937,1.725159277313));
#3888 = VECTOR('',#3889,1.);
#3889 = DIRECTION('',(-0.358494334287,0.933531902124));
#3890 = ( GEOMETRIC_REPRESENTATION_CONTEXT(2) 
PARAMETRIC_REPRESENTATION_CONTEXT() REPRESENTATION_CONTEXT('2D SPACE',''
  ) );
#3891 = PCURVE('',#408,#3892);
#3892 = DEFINITIONAL_REPRESENTATION('',(#3893),#3897);
#3893 = LINE('',#3894,#3895);
#3894 = CARTESIAN_POINT('',(0.,-2.));
#3895 = VECTOR('',#3896,1.);
#3896 = DIRECTION('',(1.,0.));
#3897 = ( GEOMETRIC_REPRESENTATION_CONTEXT(2) 
PARAMETRIC_REPRESENTATION_CONTEXT() REPRESENTATION_CONTEXT('2D SPACE',''
  ) );
#3898 = ORIENTED_EDGE('',*,*,#3899,.T.);
#3899 = EDGE_CURVE('',#3877,#3900,#3902,.T.);
#3900 = VERTEX_POINT('',#3901);
#3901 = CARTESIAN_POINT('',(6.713073308226,2.391917959085,2.));
#3902 = SURFACE_CURVE('',#3903,(#3907,#3914),.PCURVE_S1.);
#3903 = LINE('',#3904,#3905);
#3904 = CARTESIAN_POINT('',(6.861651472224,2.061021208507,2.));
#3905 = VECTOR('',#3906,1.);
#3906 = DIRECTION('',(-0.409618568775,0.912256887129,0.));
#3907 = PCURVE('',#90,#3908);
#3908 = DEFINITIONAL_REPRESENTATION('',(#3909),#3913);
#3909 = LINE('',#3910,#3911);
#3910 = CARTESIAN_POINT('',(6.861651472224,2.061021208507));
#3911 = VECTOR('',#3912,1.);
#3912 = DIRECTION('',(-0.409618568775,0.912256887129));
#3913 = ( GEOMETRIC_REPRESENTATION_CONTEXT(2) 
PARAMETRIC_REPRESENTATION_CONTEXT() REPRESENTATION_CONTEXT('2D SPACE',''
  ) );
#3914 = PCURVE('',#436,#3915);
#3915 = DEFINITIONAL_REPRESENTATION('',(#3916),#3920);
#3916 = LINE('',#3917,#3918);
#3917 = CARTESIAN_POINT('',(0.,-2.));
#3918 = VECTOR('',#3919,1.);
#3919 = DIRECTION('',(1.,0.));
#3920 = ( GEOMETRIC_REPRESENTATION_CONTEXT(2) 
PARAMETRIC_REPRESENTATION_CONTEXT() REPRESENTATION_CONTEXT('2D SPACE',''
  ) );
#3921 = ORIENTED_EDGE('',*,*,#3922,.T.);
#3922 = EDGE_CURVE('',#3900,#3923,#3925,.T.);
#3923 = VERTEX_POINT('',#3924);
#3924 = CARTESIAN_POINT('',(6.546427054942,2.717052369792,2.));
#3925 = SURFACE_CURVE('',#3926,(#3930,#3937),.PCURVE_S1.);
#3926 = LINE('',#3927,#3928);
#3927 = CARTESIAN_POINT('',(6.713073308226,2.391917959085,2.));
#3928 = VECTOR('',#3929,1.);
#3929 = DIRECTION('',(-0.456123019692,0.88991673257,0.));
#3930 = PCURVE('',#90,#3931);
#3931 = DEFINITIONAL_REPRESENTATION('',(#3932),#3936);
#3932 = LINE('',#3933,#3934);
#3933 = CARTESIAN_POINT('',(6.713073308226,2.391917959085));
#3934 = VECTOR('',#3935,1.);
#3935 = DIRECTION('',(-0.456123019692,0.88991673257));
#3936 = ( GEOMETRIC_REPRESENTATION_CONTEXT(2) 
PARAMETRIC_REPRESENTATION_CONTEXT() REPRESENTATION_CONTEXT('2D SPACE',''
  ) );
#3937 = PCURVE('',#464,#3938);
#3938 = DEFINITIONAL_REPRESENTATION('',(#3939),#3943);
#3939 = LINE('',#3940,#3941);
#3940 = CARTESIAN_POINT('',(0.,-2.));
#3941 = VECTOR('',#3942,1.);
#3942 = DIRECTION('',(1.,0.));
#3943 = ( GEOMETRIC_REPRESENTATION_CONTEXT(2) 
PARAMETRIC_REPRESENTATION_CONTEXT() REPRESENTATION_CONTEXT('2D SPACE',''
  ) );
#3944 = ORIENTED_EDGE('',*,*,#3945,.T.);
#3945 = EDGE_CURVE('',#3923,#3946,#3948,.T.);
#3946 = VERTEX_POINT('',#3947);
#3947 = CARTESIAN_POINT('',(6.363254876269,3.035641163355,2.));
#3948 = SURFACE_CURVE('',#3949,(#3953,#3960),.PCURVE_S1.);
#3949 = LINE('',#3950,#3951);
#3950 = CARTESIAN_POINT('',(6.546427054942,2.717052369792,2.));
#3951 = VECTOR('',#3952,1.);
#3952 = DIRECTION('',(-0.498437631463,0.866925560554,0.));
#3953 = PCURVE('',#90,#3954);
#3954 = DEFINITIONAL_REPRESENTATION('',(#3955),#3959);
#3955 = LINE('',#3956,#3957);
#3956 = CARTESIAN_POINT('',(6.546427054942,2.717052369792));
#3957 = VECTOR('',#3958,1.);
#3958 = DIRECTION('',(-0.498437631463,0.866925560554));
#3959 = ( GEOMETRIC_REPRESENTATION_CONTEXT(2) 
PARAMETRIC_REPRESENTATION_CONTEXT() REPRESENTATION_CONTEXT('2D SPACE',''
  ) );
#3960 = PCURVE('',#492,#3961);
#3961 = DEFINITIONAL_REPRESENTATION('',(#3962),#3966);
#3962 = LINE('',#3963,#3964);
#3963 = CARTESIAN_POINT('',(0.,-2.));
#3964 = VECTOR('',#3965,1.);
#3965 = DIRECTION('',(1.,0.));
#3966 = ( GEOMETRIC_REPRESENTATION_CONTEXT(2) 
PARAMETRIC_REPRESENTATION_CONTEXT() REPRESENTATION_CONTEXT('2D SPACE',''
  ) );
#3967 = ORIENTED_EDGE('',*,*,#3968,.T.);
#3968 = EDGE_CURVE('',#3946,#3969,#3971,.T.);
#3969 = VERTEX_POINT('',#3970);
#3970 = CARTESIAN_POINT('',(6.165064813492,3.346916831465,2.));
#3971 = SURFACE_CURVE('',#3972,(#3976,#3983),.PCURVE_S1.);
#3972 = LINE('',#3973,#3974);
#3973 = CARTESIAN_POINT('',(6.363254876269,3.035641163355,2.));
#3974 = VECTOR('',#3975,1.);
#3975 = DIRECTION('',(-0.537079057675,0.843531911552,0.));
#3976 = PCURVE('',#90,#3977);
#3977 = DEFINITIONAL_REPRESENTATION('',(#3978),#3982);
#3978 = LINE('',#3979,#3980);
#3979 = CARTESIAN_POINT('',(6.363254876269,3.035641163355));
#3980 = VECTOR('',#3981,1.);
#3981 = DIRECTION('',(-0.537079057675,0.843531911552));
#3982 = ( GEOMETRIC_REPRESENTATION_CONTEXT(2) 
PARAMETRIC_REPRESENTATION_CONTEXT() REPRESENTATION_CONTEXT('2D SPACE',''
  ) );
#3983 = PCURVE('',#520,#3984);
#3984 = DEFINITIONAL_REPRESENTATION('',(#3985),#3989);
#3985 = LINE('',#3986,#3987);
#3986 = CARTESIAN_POINT('',(0.,-2.));
#3987 = VECTOR('',#3988,1.);
#3988 = DIRECTION('',(1.,0.));
#3989 = ( GEOMETRIC_REPRESENTATION_CONTEXT(2) 
PARAMETRIC_REPRESENTATION_CONTEXT() REPRESENTATION_CONTEXT('2D SPACE',''
  ) );
#3990 = ORIENTED_EDGE('',*,*,#3991,.T.);
#3991 = EDGE_CURVE('',#3969,#3992,#3994,.T.);
#3992 = VERTEX_POINT('',#3993);
#3993 = CARTESIAN_POINT('',(5.953299067323,3.650129483772,2.));
#3994 = SURFACE_CURVE('',#3995,(#3999,#4006),.PCURVE_S1.);
#3995 = LINE('',#3996,#3997);
#3996 = CARTESIAN_POINT('',(6.165064813492,3.346916831465,2.));
#3997 = VECTOR('',#3998,1.);
#3998 = DIRECTION('',(-0.572585328809,0.819845132469,0.));
#3999 = PCURVE('',#90,#4000);
#4000 = DEFINITIONAL_REPRESENTATION('',(#4001),#4005);
#4001 = LINE('',#4002,#4003);
#4002 = CARTESIAN_POINT('',(6.165064813492,3.346916831465));
#4003 = VECTOR('',#4004,1.);
#4004 = DIRECTION('',(-0.572585328809,0.819845132469));
#4005 = ( GEOMETRIC_REPRESENTATION_CONTEXT(2) 
PARAMETRIC_REPRESENTATION_CONTEXT() REPRESENTATION_CONTEXT('2D SPACE',''
  ) );
#4006 = PCURVE('',#548,#4007);
#4007 = DEFINITIONAL_REPRESENTATION('',(#4008),#4012);
#4008 = LINE('',#4009,#4010);
#4009 = CARTESIAN_POINT('',(0.,-2.));
#4010 = VECTOR('',#4011,1.);
#4011 = DIRECTION('',(1.,0.));
#4012 = ( GEOMETRIC_REPRESENTATION_CONTEXT(2) 
PARAMETRIC_REPRESENTATION_CONTEXT() REPRESENTATION_CONTEXT('2D SPACE',''
  ) );
#4013 = ORIENTED_EDGE('',*,*,#4014,.T.);
#4014 = EDGE_CURVE('',#3992,#4015,#4017,.T.);
#4015 = VERTEX_POINT('',#4016);
#4016 = CARTESIAN_POINT('',(5.729313187106,3.944548654439,2.));
#4017 = SURFACE_CURVE('',#4018,(#4022,#4029),.PCURVE_S1.);
#4018 = LINE('',#4019,#4020);
#4019 = CARTESIAN_POINT('',(5.953299067323,3.650129483772,2.));
#4020 = VECTOR('',#4021,1.);
#4021 = DIRECTION('',(-0.605472685324,0.795866086302,0.));
#4022 = PCURVE('',#90,#4023);
#4023 = DEFINITIONAL_REPRESENTATION('',(#4024),#4028);
#4024 = LINE('',#4025,#4026);
#4025 = CARTESIAN_POINT('',(5.953299067323,3.650129483772));
#4026 = VECTOR('',#4027,1.);
#4027 = DIRECTION('',(-0.605472685324,0.795866086302));
#4028 = ( GEOMETRIC_REPRESENTATION_CONTEXT(2) 
PARAMETRIC_REPRESENTATION_CONTEXT() REPRESENTATION_CONTEXT('2D SPACE',''
  ) );
#4029 = PCURVE('',#576,#4030);
#4030 = DEFINITIONAL_REPRESENTATION('',(#4031),#4035);
#4031 = LINE('',#4032,#4033);
#4032 = CARTESIAN_POINT('',(0.,-2.));
#4033 = VECTOR('',#4034,1.);
#4034 = DIRECTION('',(1.,0.));
#4035 = ( GEOMETRIC_REPRESENTATION_CONTEXT(2) 
PARAMETRIC_REPRESENTATION_CONTEXT() REPRESENTATION_CONTEXT('2D SPACE',''
  ) );
#4036 = ORIENTED_EDGE('',*,*,#4037,.T.);
#4037 = EDGE_CURVE('',#4015,#4038,#4040,.T.);
#4038 = VERTEX_POINT('',#4039);
#4039 = CARTESIAN_POINT('',(5.494364368009,4.229465061896,2.));
#4040 = SURFACE_CURVE('',#4041,(#4045,#4052),.PCURVE_S1.);
#4041 = LINE('',#4042,#4043);
#4042 = CARTESIAN_POINT('',(5.729313187106,3.944548654439,2.));
#4043 = VECTOR('',#4044,1.);
#4044 = DIRECTION('',(-0.636210187902,0.771515778717,0.));
#4045 = PCURVE('',#90,#4046);
#4046 = DEFINITIONAL_REPRESENTATION('',(#4047),#4051);
#4047 = LINE('',#4048,#4049);
#4048 = CARTESIAN_POINT('',(5.729313187106,3.944548654439));
#4049 = VECTOR('',#4050,1.);
#4050 = DIRECTION('',(-0.636210187902,0.771515778717));
#4051 = ( GEOMETRIC_REPRESENTATION_CONTEXT(2) 
PARAMETRIC_REPRESENTATION_CONTEXT() REPRESENTATION_CONTEXT('2D SPACE',''
  ) );
#4052 = PCURVE('',#604,#4053);
#4053 = DEFINITIONAL_REPRESENTATION('',(#4054),#4058);
#4054 = LINE('',#4055,#4056);
#4055 = CARTESIAN_POINT('',(0.,-2.));
#4056 = VECTOR('',#4057,1.);
#4057 = DIRECTION('',(1.,0.));
#4058 = ( GEOMETRIC_REPRESENTATION_CONTEXT(2) 
PARAMETRIC_REPRESENTATION_CONTEXT() REPRESENTATION_CONTEXT('2D SPACE',''
  ) );
#4059 = ORIENTED_EDGE('',*,*,#4060,.T.);
#4060 = EDGE_CURVE('',#4038,#4061,#4063,.T.);
#4061 = VERTEX_POINT('',#4062);
#4062 = CARTESIAN_POINT('',(5.249606833062,4.504192317562,2.));
#4063 = SURFACE_CURVE('',#4064,(#4068,#4075),.PCURVE_S1.);
#4064 = LINE('',#4065,#4066);
#4065 = CARTESIAN_POINT('',(5.494364368009,4.229465061896,2.));
#4066 = VECTOR('',#4067,1.);
#4067 = DIRECTION('',(-0.665206838158,0.746659134055,0.));
#4068 = PCURVE('',#90,#4069);
#4069 = DEFINITIONAL_REPRESENTATION('',(#4070),#4074);
#4070 = LINE('',#4071,#4072);
#4071 = CARTESIAN_POINT('',(5.494364368009,4.229465061896));
#4072 = VECTOR('',#4073,1.);
#4073 = DIRECTION('',(-0.665206838158,0.746659134055));
#4074 = ( GEOMETRIC_REPRESENTATION_CONTEXT(2) 
PARAMETRIC_REPRESENTATION_CONTEXT() REPRESENTATION_CONTEXT('2D SPACE',''
  ) );
#4075 = PCURVE('',#632,#4076);
#4076 = DEFINITIONAL_REPRESENTATION('',(#4077),#4081);
#4077 = LINE('',#4078,#4079);
#4078 = CARTESIAN_POINT('',(0.,-2.));
#4079 = VECTOR('',#4080,1.);
#4080 = DIRECTION('',(1.,0.));
#4081 = ( GEOMETRIC_REPRESENTATION_CONTEXT(2) 
PARAMETRIC_REPRESENTATION_CONTEXT() REPRESENTATION_CONTEXT('2D SPACE',''
  ) );
#4082 = ORIENTED_EDGE('',*,*,#4083,.T.);
#4083 = EDGE_CURVE('',#4061,#4084,#4086,.T.);
#4084 = VERTEX_POINT('',#4085);
#4085 = CARTESIAN_POINT('',(4.996092379413,4.768068579414,2.));
#4086 = SURFACE_CURVE('',#4087,(#4091,#4098),.PCURVE_S1.);
#4087 = LINE('',#4088,#4089);
#4088 = CARTESIAN_POINT('',(5.249606833062,4.504192317562,2.));
#4089 = VECTOR('',#4090,1.);
#4090 = DIRECTION('',(-0.692806597998,0.721123441423,0.));
#4091 = PCURVE('',#90,#4092);
#4092 = DEFINITIONAL_REPRESENTATION('',(#4093),#4097);
#4093 = LINE('',#4094,#4095);
#4094 = CARTESIAN_POINT('',(5.249606833062,4.504192317562));
#4095 = VECTOR('',#4096,1.);
#4096 = DIRECTION('',(-0.692806597998,0.721123441423));
#4097 = ( GEOMETRIC_REPRESENTATION_CONTEXT(2) 
PARAMETRIC_REPRESENTATION_CONTEXT() REPRESENTATION_CONTEXT('2D SPACE',''
  ) );
#4098 = PCURVE('',#660,#4099);
#4099 = DEFINITIONAL_REPRESENTATION('',(#4100),#4104);
#4100 = LINE('',#4101,#4102);
#4101 = CARTESIAN_POINT('',(0.,-2.));
#4102 = VECTOR('',#4103,1.);
#4103 = DIRECTION('',(1.,0.));
#4104 = ( GEOMETRIC_REPRESENTATION_CONTEXT(2) 
PARAMETRIC_REPRESENTATION_CONTEXT() REPRESENTATION_CONTEXT('2D SPACE',''
  ) );
#4105 = ORIENTED_EDGE('',*,*,#4106,.T.);
#4106 = EDGE_CURVE('',#4084,#4107,#4109,.T.);
#4107 = VERTEX_POINT('',#4108);
#4108 = CARTESIAN_POINT('',(4.734774442381,5.020458146424,2.));
#4109 = SURFACE_CURVE('',#4110,(#4114,#4121),.PCURVE_S1.);
#4110 = LINE('',#4111,#4112);
#4111 = CARTESIAN_POINT('',(4.996092379413,4.768068579414,2.));
#4112 = VECTOR('',#4113,1.);
#4113 = DIRECTION('',(-0.719287850267,0.694712162308,0.));
#4114 = PCURVE('',#90,#4115);
#4115 = DEFINITIONAL_REPRESENTATION('',(#4116),#4120);
#4116 = LINE('',#4117,#4118);
#4117 = CARTESIAN_POINT('',(4.996092379413,4.768068579414));
#4118 = VECTOR('',#4119,1.);
#4119 = DIRECTION('',(-0.719287850267,0.694712162308));
#4120 = ( GEOMETRIC_REPRESENTATION_CONTEXT(2) 
PARAMETRIC_REPRESENTATION_CONTEXT() REPRESENTATION_CONTEXT('2D SPACE',''
  ) );
#4121 = PCURVE('',#688,#4122);
#4122 = DEFINITIONAL_REPRESENTATION('',(#4123),#4127);
#4123 = LINE('',#4124,#4125);
#4124 = CARTESIAN_POINT('',(0.,-2.));
#4125 = VECTOR('',#4126,1.);
#4126 = DIRECTION('',(1.,0.));
#4127 = ( GEOMETRIC_REPRESENTATION_CONTEXT(2) 
PARAMETRIC_REPRESENTATION_CONTEXT() REPRESENTATION_CONTEXT('2D SPACE',''
  ) );
#4128 = ORIENTED_EDGE('',*,*,#4129,.T.);
#4129 = EDGE_CURVE('',#4107,#4130,#4132,.T.);
#4130 = VERTEX_POINT('',#4131);
#4131 = CARTESIAN_POINT('',(4.466514364942,5.26075299002,2.));
#4132 = SURFACE_CURVE('',#4133,(#4137,#4144),.PCURVE_S1.);
#4133 = LINE('',#4134,#4135);
#4134 = CARTESIAN_POINT('',(4.734774442381,5.020458146424,2.));
#4135 = VECTOR('',#4136,1.);
#4136 = DIRECTION('',(-0.74486497089,0.66721523899,0.));
#4137 = PCURVE('',#90,#4138);
#4138 = DEFINITIONAL_REPRESENTATION('',(#4139),#4143);
#4139 = LINE('',#4140,#4141);
#4140 = CARTESIAN_POINT('',(4.734774442381,5.020458146424));
#4141 = VECTOR('',#4142,1.);
#4142 = DIRECTION('',(-0.74486497089,0.66721523899));
#4143 = ( GEOMETRIC_REPRESENTATION_CONTEXT(2) 
PARAMETRIC_REPRESENTATION_CONTEXT() REPRESENTATION_CONTEXT('2D SPACE',''
  ) );
#4144 = PCURVE('',#716,#4145);
#4145 = DEFINITIONAL_REPRESENTATION('',(#4146),#4150);
#4146 = LINE('',#4147,#4148);
#4147 = CARTESIAN_POINT('',(0.,-2.));
#4148 = VECTOR('',#4149,1.);
#4149 = DIRECTION('',(1.,0.));
#4150 = ( GEOMETRIC_REPRESENTATION_CONTEXT(2) 
PARAMETRIC_REPRESENTATION_CONTEXT() REPRESENTATION_CONTEXT('2D SPACE',''
  ) );
#4151 = ORIENTED_EDGE('',*,*,#4152,.T.);
#4152 = EDGE_CURVE('',#4130,#4153,#4155,.T.);
#4153 = VERTEX_POINT('',#4154);
#4154 = CARTESIAN_POINT('',(4.192088885614,5.488374218875,2.));
#4155 = SURFACE_CURVE('',#4156,(#4160,#4167),.PCURVE_S1.);
#4156 = LINE('',#4157,#4158);
#4157 = CARTESIAN_POINT('',(4.466514364942,5.26075299002,2.));
#4158 = VECTOR('',#4159,1.);
#4159 = DIRECTION('',(-0.769690592139,0.63841709906,0.));
#4160 = PCURVE('',#90,#4161);
#4161 = DEFINITIONAL_REPRESENTATION('',(#4162),#4166);
#4162 = LINE('',#4163,#4164);
#4163 = CARTESIAN_POINT('',(4.466514364942,5.26075299002));
#4164 = VECTOR('',#4165,1.);
#4165 = DIRECTION('',(-0.769690592139,0.63841709906));
#4166 = ( GEOMETRIC_REPRESENTATION_CONTEXT(2) 
PARAMETRIC_REPRESENTATION_CONTEXT() REPRESENTATION_CONTEXT('2D SPACE',''
  ) );
#4167 = PCURVE('',#744,#4168);
#4168 = DEFINITIONAL_REPRESENTATION('',(#4169),#4173);
#4169 = LINE('',#4170,#4171);
#4170 = CARTESIAN_POINT('',(0.,-2.));
#4171 = VECTOR('',#4172,1.);
#4172 = DIRECTION('',(1.,0.));
#4173 = ( GEOMETRIC_REPRESENTATION_CONTEXT(2) 
PARAMETRIC_REPRESENTATION_CONTEXT() REPRESENTATION_CONTEXT('2D SPACE',''
  ) );
#4174 = ORIENTED_EDGE('',*,*,#4175,.T.);
#4175 = EDGE_CURVE('',#4153,#4176,#4178,.T.);
#4176 = VERTEX_POINT('',#4177);
#4177 = CARTESIAN_POINT('',(3.912198140034,5.702773473513,2.));
#4178 = SURFACE_CURVE('',#4179,(#4183,#4190),.PCURVE_S1.);
#4179 = LINE('',#4180,#4181);
#4180 = CARTESIAN_POINT('',(4.192088885614,5.488374218875,2.));
#4181 = VECTOR('',#4182,1.);
#4182 = DIRECTION('',(-0.793857807798,0.608103429524,0.));
#4183 = PCURVE('',#90,#4184);
#4184 = DEFINITIONAL_REPRESENTATION('',(#4185),#4189);
#4185 = LINE('',#4186,#4187);
#4186 = CARTESIAN_POINT('',(4.192088885614,5.488374218875));
#4187 = VECTOR('',#4188,1.);
#4188 = DIRECTION('',(-0.793857807798,0.608103429524));
#4189 = ( GEOMETRIC_REPRESENTATION_CONTEXT(2) 
PARAMETRIC_REPRESENTATION_CONTEXT() REPRESENTATION_CONTEXT('2D SPACE',''
  ) );
#4190 = PCURVE('',#772,#4191);
#4191 = DEFINITIONAL_REPRESENTATION('',(#4192),#4196);
#4192 = LINE('',#4193,#4194);
#4193 = CARTESIAN_POINT('',(0.,-2.));
#4194 = VECTOR('',#4195,1.);
#4195 = DIRECTION('',(1.,0.));
#4196 = ( GEOMETRIC_REPRESENTATION_CONTEXT(2) 
PARAMETRIC_REPRESENTATION_CONTEXT() REPRESENTATION_CONTEXT('2D SPACE',''
  ) );
#4197 = ORIENTED_EDGE('',*,*,#4198,.T.);
#4198 = EDGE_CURVE('',#4176,#4199,#4201,.T.);
#4199 = VERTEX_POINT('',#4200);
#4200 = CARTESIAN_POINT('',(3.627473698823,5.903434247348,2.));
#4201 = SURFACE_CURVE('',#4202,(#4206,#4213),.PCURVE_S1.);
#4202 = LINE('',#4203,#4204);
#4203 = CARTESIAN_POINT('',(3.912198140034,5.702773473513,2.));
#4204 = VECTOR('',#4205,1.);
#4205 = DIRECTION('',(-0.817402049699,0.57606760814,0.));
#4206 = PCURVE('',#90,#4207);
#4207 = DEFINITIONAL_REPRESENTATION('',(#4208),#4212);
#4208 = LINE('',#4209,#4210);
#4209 = CARTESIAN_POINT('',(3.912198140034,5.702773473513));
#4210 = VECTOR('',#4211,1.);
#4211 = DIRECTION('',(-0.817402049699,0.57606760814));
#4212 = ( GEOMETRIC_REPRESENTATION_CONTEXT(2) 
PARAMETRIC_REPRESENTATION_CONTEXT() REPRESENTATION_CONTEXT('2D SPACE',''
  ) );
#4213 = PCURVE('',#800,#4214);
#4214 = DEFINITIONAL_REPRESENTATION('',(#4215),#4219);
#4215 = LINE('',#4216,#4217);
#4216 = CARTESIAN_POINT('',(0.,-2.));
#4217 = VECTOR('',#4218,1.);
#4218 = DIRECTION('',(1.,0.));
#4219 = ( GEOMETRIC_REPRESENTATION_CONTEXT(2) 
PARAMETRIC_REPRESENTATION_CONTEXT() REPRESENTATION_CONTEXT('2D SPACE',''
  ) );
#4220 = ORIENTED_EDGE('',*,*,#4221,.T.);
#4221 = EDGE_CURVE('',#4199,#4222,#4224,.T.);
#4222 = VERTEX_POINT('',#4223);
#4223 = CARTESIAN_POINT('',(3.338486337801,6.089873131002,2.));
#4224 = SURFACE_CURVE('',#4225,(#4229,#4236),.PCURVE_S1.);
#4225 = LINE('',#4226,#4227);
#4226 = CARTESIAN_POINT('',(3.627473698823,5.903434247348,2.));
#4227 = VECTOR('',#4228,1.);
#4228 = DIRECTION('',(-0.840302708389,0.542117476452,0.));
#4229 = PCURVE('',#90,#4230);
#4230 = DEFINITIONAL_REPRESENTATION('',(#4231),#4235);
#4231 = LINE('',#4232,#4233);
#4232 = CARTESIAN_POINT('',(3.627473698823,5.903434247348));
#4233 = VECTOR('',#4234,1.);
#4234 = DIRECTION('',(-0.840302708389,0.542117476452));
#4235 = ( GEOMETRIC_REPRESENTATION_CONTEXT(2) 
PARAMETRIC_REPRESENTATION_CONTEXT() REPRESENTATION_CONTEXT('2D SPACE',''
  ) );
#4236 = PCURVE('',#828,#4237);
#4237 = DEFINITIONAL_REPRESENTATION('',(#4238),#4242);
#4238 = LINE('',#4239,#4240);
#4239 = CARTESIAN_POINT('',(0.,-2.));
#4240 = VECTOR('',#4241,1.);
#4241 = DIRECTION('',(1.,0.));
#4242 = ( GEOMETRIC_REPRESENTATION_CONTEXT(2) 
PARAMETRIC_REPRESENTATION_CONTEXT() REPRESENTATION_CONTEXT('2D SPACE',''
  ) );
#4243 = ORIENTED_EDGE('',*,*,#4244,.T.);
#4244 = EDGE_CURVE('',#4222,#4245,#4247,.T.);
#4245 = VERTEX_POINT('',#4246);
#4246 = CARTESIAN_POINT('',(3.045753363274,6.261640976873,2.));
#4247 = SURFACE_CURVE('',#4248,(#4252,#4259),.PCURVE_S1.);
#4248 = LINE('',#4249,#4250);
#4249 = CARTESIAN_POINT('',(3.338486337801,6.089873131002,2.));
#4250 = VECTOR('',#4251,1.);
#4251 = DIRECTION('',(-0.86248482412,0.506082926172,0.));
#4252 = PCURVE('',#90,#4253);
#4253 = DEFINITIONAL_REPRESENTATION('',(#4254),#4258);
#4254 = LINE('',#4255,#4256);
#4255 = CARTESIAN_POINT('',(3.338486337801,6.089873131002));
#4256 = VECTOR('',#4257,1.);
#4257 = DIRECTION('',(-0.86248482412,0.506082926172));
#4258 = ( GEOMETRIC_REPRESENTATION_CONTEXT(2) 
PARAMETRIC_REPRESENTATION_CONTEXT() REPRESENTATION_CONTEXT('2D SPACE',''
  ) );
#4259 = PCURVE('',#856,#4260);
#4260 = DEFINITIONAL_REPRESENTATION('',(#4261),#4265);
#4261 = LINE('',#4262,#4263);
#4262 = CARTESIAN_POINT('',(0.,-2.));
#4263 = VECTOR('',#4264,1.);
#4264 = DIRECTION('',(1.,0.));
#4265 = ( GEOMETRIC_REPRESENTATION_CONTEXT(2) 
PARAMETRIC_REPRESENTATION_CONTEXT() REPRESENTATION_CONTEXT('2D SPACE',''
  ) );
#4266 = ORIENTED_EDGE('',*,*,#4267,.T.);
#4267 = EDGE_CURVE('',#4245,#4268,#4270,.T.);
#4268 = VERTEX_POINT('',#4269);
#4269 = CARTESIAN_POINT('',(2.749745404215,6.418323981176,2.));
#4270 = SURFACE_CURVE('',#4271,(#4275,#4282),.PCURVE_S1.);
#4271 = LINE('',#4272,#4273);
#4272 = CARTESIAN_POINT('',(3.045753363274,6.261640976873,2.));
#4273 = VECTOR('',#4274,1.);
#4274 = DIRECTION('',(-0.883821363354,0.467824537278,0.));
#4275 = PCURVE('',#90,#4276);
#4276 = DEFINITIONAL_REPRESENTATION('',(#4277),#4281);
#4277 = LINE('',#4278,#4279);
#4278 = CARTESIAN_POINT('',(3.045753363274,6.261640976873));
#4279 = VECTOR('',#4280,1.);
#4280 = DIRECTION('',(-0.883821363354,0.467824537278));
#4281 = ( GEOMETRIC_REPRESENTATION_CONTEXT(2) 
PARAMETRIC_REPRESENTATION_CONTEXT() REPRESENTATION_CONTEXT('2D SPACE',''
  ) );
#4282 = PCURVE('',#884,#4283);
#4283 = DEFINITIONAL_REPRESENTATION('',(#4284),#4288);
#4284 = LINE('',#4285,#4286);
#4285 = CARTESIAN_POINT('',(0.,-2.));
#4286 = VECTOR('',#4287,1.);
#4287 = DIRECTION('',(1.,0.));
#4288 = ( GEOMETRIC_REPRESENTATION_CONTEXT(2) 
PARAMETRIC_REPRESENTATION_CONTEXT() REPRESENTATION_CONTEXT('2D SPACE',''
  ) );
#4289 = ORIENTED_EDGE('',*,*,#4290,.T.);
#4290 = EDGE_CURVE('',#4268,#4291,#4293,.T.);
#4291 = VERTEX_POINT('',#4292);
#4292 = CARTESIAN_POINT('',(2.450892643504,6.55954468083,2.));
#4293 = SURFACE_CURVE('',#4294,(#4298,#4305),.PCURVE_S1.);
#4294 = LINE('',#4295,#4296);
#4295 = CARTESIAN_POINT('',(2.749745404215,6.418323981176,2.));
#4296 = VECTOR('',#4297,1.);
#4297 = DIRECTION('',(-0.904136724504,0.427243236814,0.));
#4298 = PCURVE('',#90,#4299);
#4299 = DEFINITIONAL_REPRESENTATION('',(#4300),#4304);
#4300 = LINE('',#4301,#4302);
#4301 = CARTESIAN_POINT('',(2.749745404215,6.418323981176));
#4302 = VECTOR('',#4303,1.);
#4303 = DIRECTION('',(-0.904136724504,0.427243236814));
#4304 = ( GEOMETRIC_REPRESENTATION_CONTEXT(2) 
PARAMETRIC_REPRESENTATION_CONTEXT() REPRESENTATION_CONTEXT('2D SPACE',''
  ) );
#4305 = PCURVE('',#912,#4306);
#4306 = DEFINITIONAL_REPRESENTATION('',(#4307),#4311);
#4307 = LINE('',#4308,#4309);
#4308 = CARTESIAN_POINT('',(0.,-2.));
#4309 = VECTOR('',#4310,1.);
#4310 = DIRECTION('',(1.,0.));
#4311 = ( GEOMETRIC_REPRESENTATION_CONTEXT(2) 
PARAMETRIC_REPRESENTATION_CONTEXT() REPRESENTATION_CONTEXT('2D SPACE',''
  ) );
#4312 = ORIENTED_EDGE('',*,*,#4313,.T.);
#4313 = EDGE_CURVE('',#4291,#4314,#4316,.T.);
#4314 = VERTEX_POINT('',#4315);
#4315 = CARTESIAN_POINT('',(2.149590499671,6.684962862799,2.));
#4316 = SURFACE_CURVE('',#4317,(#4321,#4328),.PCURVE_S1.);
#4317 = LINE('',#4318,#4319);
#4318 = CARTESIAN_POINT('',(2.450892643504,6.55954468083,2.));
#4319 = VECTOR('',#4320,1.);
#4320 = DIRECTION('',(-0.923212168913,0.384290633727,0.));
#4321 = PCURVE('',#90,#4322);
#4322 = DEFINITIONAL_REPRESENTATION('',(#4323),#4327);
#4323 = LINE('',#4324,#4325);
#4324 = CARTESIAN_POINT('',(2.450892643504,6.55954468083));
#4325 = VECTOR('',#4326,1.);
#4326 = DIRECTION('',(-0.923212168913,0.384290633727));
#4327 = ( GEOMETRIC_REPRESENTATION_CONTEXT(2) 
PARAMETRIC_REPRESENTATION_CONTEXT() REPRESENTATION_CONTEXT('2D SPACE',''
  ) );
#4328 = PCURVE('',#940,#4329);
#4329 = DEFINITIONAL_REPRESENTATION('',(#4330),#4334);
#4330 = LINE('',#4331,#4332);
#4331 = CARTESIAN_POINT('',(0.,-2.));
#4332 = VECTOR('',#4333,1.);
#4333 = DIRECTION('',(1.,0.));
#4334 = ( GEOMETRIC_REPRESENTATION_CONTEXT(2) 
PARAMETRIC_REPRESENTATION_CONTEXT() REPRESENTATION_CONTEXT('2D SPACE',''
  ) );
#4335 = ORIENTED_EDGE('',*,*,#4336,.T.);
#4336 = EDGE_CURVE('',#4314,#4337,#4339,.T.);
#4337 = VERTEX_POINT('',#4338);
#4338 = CARTESIAN_POINT('',(1.846204794928,6.794276383699,2.));
#4339 = SURFACE_CURVE('',#4340,(#4344,#4351),.PCURVE_S1.);
#4340 = LINE('',#4341,#4342);
#4341 = CARTESIAN_POINT('',(2.149590499671,6.684962862799,2.));
#4342 = VECTOR('',#4343,1.);
#4343 = DIRECTION('',(-0.940793818899,0.338979336127,0.));
#4344 = PCURVE('',#90,#4345);
#4345 = DEFINITIONAL_REPRESENTATION('',(#4346),#4350);
#4346 = LINE('',#4347,#4348);
#4347 = CARTESIAN_POINT('',(2.149590499671,6.684962862799));
#4348 = VECTOR('',#4349,1.);
#4349 = DIRECTION('',(-0.940793818899,0.338979336127));
#4350 = ( GEOMETRIC_REPRESENTATION_CONTEXT(2) 
PARAMETRIC_REPRESENTATION_CONTEXT() REPRESENTATION_CONTEXT('2D SPACE',''
  ) );
#4351 = PCURVE('',#968,#4352);
#4352 = DEFINITIONAL_REPRESENTATION('',(#4353),#4357);
#4353 = LINE('',#4354,#4355);
#4354 = CARTESIAN_POINT('',(0.,-2.));
#4355 = VECTOR('',#4356,1.);
#4356 = DIRECTION('',(1.,0.));
#4357 = ( GEOMETRIC_REPRESENTATION_CONTEXT(2) 
PARAMETRIC_REPRESENTATION_CONTEXT() REPRESENTATION_CONTEXT('2D SPACE',''
  ) );
#4358 = ORIENTED_EDGE('',*,*,#4359,.T.);
#4359 = EDGE_CURVE('',#4337,#4360,#4362,.T.);
#4360 = VERTEX_POINT('',#4361);
#4361 = CARTESIAN_POINT('',(1.541076459388,6.887221897681,2.));
#4362 = SURFACE_CURVE('',#4363,(#4367,#4374),.PCURVE_S1.);
#4363 = LINE('',#4364,#4365);
#4364 = CARTESIAN_POINT('',(1.846204794928,6.794276383699,2.));
#4365 = VECTOR('',#4366,1.);
#4366 = DIRECTION('',(-0.9566036695,0.291392209059,0.));
#4367 = PCURVE('',#90,#4368);
#4368 = DEFINITIONAL_REPRESENTATION('',(#4369),#4373);
#4369 = LINE('',#4370,#4371);
#4370 = CARTESIAN_POINT('',(1.846204794928,6.794276383699));
#4371 = VECTOR('',#4372,1.);
#4372 = DIRECTION('',(-0.9566036695,0.291392209059));
#4373 = ( GEOMETRIC_REPRESENTATION_CONTEXT(2) 
PARAMETRIC_REPRESENTATION_CONTEXT() REPRESENTATION_CONTEXT('2D SPACE',''
  ) );
#4374 = PCURVE('',#996,#4375);
#4375 = DEFINITIONAL_REPRESENTATION('',(#4376),#4380);
#4376 = LINE('',#4377,#4378);
#4377 = CARTESIAN_POINT('',(0.,-2.));
#4378 = VECTOR('',#4379,1.);
#4379 = DIRECTION('',(1.,0.));
#4380 = ( GEOMETRIC_REPRESENTATION_CONTEXT(2) 
PARAMETRIC_REPRESENTATION_CONTEXT() REPRESENTATION_CONTEXT('2D SPACE',''
  ) );
#4381 = ORIENTED_EDGE('',*,*,#4382,.T.);
#4382 = EDGE_CURVE('',#4360,#4383,#4385,.T.);
#4383 = VERTEX_POINT('',#4384);
#4384 = CARTESIAN_POINT('',(1.23452582866,6.963575490863,2.));
#4385 = SURFACE_CURVE('',#4386,(#4390,#4397),.PCURVE_S1.);
#4386 = LINE('',#4387,#4388);
#4387 = CARTESIAN_POINT('',(1.541076459388,6.887221897681,2.));
#4388 = VECTOR('',#4389,1.);
#4389 = DIRECTION('',(-0.970353701903,0.241689249249,0.));
#4390 = PCURVE('',#90,#4391);
#4391 = DEFINITIONAL_REPRESENTATION('',(#4392),#4396);
#4392 = LINE('',#4393,#4394);
#4393 = CARTESIAN_POINT('',(1.541076459388,6.887221897681));
#4394 = VECTOR('',#4395,1.);
#4395 = DIRECTION('',(-0.970353701903,0.241689249249));
#4396 = ( GEOMETRIC_REPRESENTATION_CONTEXT(2) 
PARAMETRIC_REPRESENTATION_CONTEXT() REPRESENTATION_CONTEXT('2D SPACE',''
  ) );
#4397 = PCURVE('',#1024,#4398);
#4398 = DEFINITIONAL_REPRESENTATION('',(#4399),#4403);
#4399 = LINE('',#4400,#4401);
#4400 = CARTESIAN_POINT('',(0.,-2.));
#4401 = VECTOR('',#4402,1.);
#4402 = DIRECTION('',(1.,0.));
#4403 = ( GEOMETRIC_REPRESENTATION_CONTEXT(2) 
PARAMETRIC_REPRESENTATION_CONTEXT() REPRESENTATION_CONTEXT('2D SPACE',''
  ) );
#4404 = ORIENTED_EDGE('',*,*,#4405,.T.);
#4405 = EDGE_CURVE('',#4383,#4406,#4408,.T.);
#4406 = VERTEX_POINT('',#4407);
#4407 = CARTESIAN_POINT('',(0.926856595028,7.02315322075,2.));
#4408 = SURFACE_CURVE('',#4409,(#4413,#4420),.PCURVE_S1.);
#4409 = LINE('',#4410,#4411);
#4410 = CARTESIAN_POINT('',(1.23452582866,6.963575490863,2.));
#4411 = VECTOR('',#4412,1.);
#4412 = DIRECTION('',(-0.98176267441,0.190110628673,0.));
#4413 = PCURVE('',#90,#4414);
#4414 = DEFINITIONAL_REPRESENTATION('',(#4415),#4419);
#4415 = LINE('',#4416,#4417);
#4416 = CARTESIAN_POINT('',(1.23452582866,6.963575490863));
#4417 = VECTOR('',#4418,1.);
#4418 = DIRECTION('',(-0.98176267441,0.190110628673));
#4419 = ( GEOMETRIC_REPRESENTATION_CONTEXT(2) 
PARAMETRIC_REPRESENTATION_CONTEXT() REPRESENTATION_CONTEXT('2D SPACE',''
  ) );
#4420 = PCURVE('',#1052,#4421);
#4421 = DEFINITIONAL_REPRESENTATION('',(#4422),#4426);
#4422 = LINE('',#4423,#4424);
#4423 = CARTESIAN_POINT('',(0.,-2.));
#4424 = VECTOR('',#4425,1.);
#4425 = DIRECTION('',(1.,0.));
#4426 = ( GEOMETRIC_REPRESENTATION_CONTEXT(2) 
PARAMETRIC_REPRESENTATION_CONTEXT() REPRESENTATION_CONTEXT('2D SPACE',''
  ) );
#4427 = ORIENTED_EDGE('',*,*,#4428,.T.);
#4428 = EDGE_CURVE('',#4406,#4429,#4431,.T.);
#4429 = VERTEX_POINT('',#4430);
#4430 = CARTESIAN_POINT('',(0.61835947288,7.065811559373,2.));
#4431 = SURFACE_CURVE('',#4432,(#4436,#4443),.PCURVE_S1.);
#4432 = LINE('',#4433,#4434);
#4433 = CARTESIAN_POINT('',(0.926856595028,7.02315322075,2.));
#4434 = VECTOR('',#4435,1.);
#4435 = DIRECTION('',(-0.990574562171,0.13697458443,0.));
#4436 = PCURVE('',#90,#4437);
#4437 = DEFINITIONAL_REPRESENTATION('',(#4438),#4442);
#4438 = LINE('',#4439,#4440);
#4439 = CARTESIAN_POINT('',(0.926856595028,7.02315322075));
#4440 = VECTOR('',#4441,1.);
#4441 = DIRECTION('',(-0.990574562171,0.13697458443));
#4442 = ( GEOMETRIC_REPRESENTATION_CONTEXT(2) 
PARAMETRIC_REPRESENTATION_CONTEXT() REPRESENTATION_CONTEXT('2D SPACE',''
  ) );
#4443 = PCURVE('',#1080,#4444);
#4444 = DEFINITIONAL_REPRESENTATION('',(#4445),#4449);
#4445 = LINE('',#4446,#4447);
#4446 = CARTESIAN_POINT('',(0.,-2.));
#4447 = VECTOR('',#4448,1.);
#4448 = DIRECTION('',(1.,0.));
#4449 = ( GEOMETRIC_REPRESENTATION_CONTEXT(2) 
PARAMETRIC_REPRESENTATION_CONTEXT() REPRESENTATION_CONTEXT('2D SPACE',''
  ) );
#4450 = ORIENTED_EDGE('',*,*,#4451,.T.);
#4451 = EDGE_CURVE('',#4429,#4452,#4454,.T.);
#4452 = VERTEX_POINT('',#4453);
#4453 = CARTESIAN_POINT('',(0.309315638137,7.091447739057,2.));
#4454 = SURFACE_CURVE('',#4455,(#4459,#4466),.PCURVE_S1.);
#4455 = LINE('',#4456,#4457);
#4456 = CARTESIAN_POINT('',(0.61835947288,7.065811559373,2.));
#4457 = VECTOR('',#4458,1.);
#4458 = DIRECTION('',(-0.996577037619,8.266926931825E-02,0.));
#4459 = PCURVE('',#90,#4460);
#4460 = DEFINITIONAL_REPRESENTATION('',(#4461),#4465);
#4461 = LINE('',#4462,#4463);
#4462 = CARTESIAN_POINT('',(0.61835947288,7.065811559373));
#4463 = VECTOR('',#4464,1.);
#4464 = DIRECTION('',(-0.996577037619,8.266926931825E-02));
#4465 = ( GEOMETRIC_REPRESENTATION_CONTEXT(2) 
PARAMETRIC_REPRESENTATION_CONTEXT() REPRESENTATION_CONTEXT('2D SPACE',''
  ) );
#4466 = PCURVE('',#1108,#4467);
#4467 = DEFINITIONAL_REPRESENTATION('',(#4468),#4472);
#4468 = LINE('',#4469,#4470);
#4469 = CARTESIAN_POINT('',(0.,-2.));
#4470 = VECTOR('',#4471,1.);
#4471 = DIRECTION('',(1.,0.));
#4472 = ( GEOMETRIC_REPRESENTATION_CONTEXT(2) 
PARAMETRIC_REPRESENTATION_CONTEXT() REPRESENTATION_CONTEXT('2D SPACE',''
  ) );
#4473 = ORIENTED_EDGE('',*,*,#4474,.T.);
#4474 = EDGE_CURVE('',#4452,#4475,#4477,.T.);
#4475 = VERTEX_POINT('',#4476);
#4476 = CARTESIAN_POINT('',(3.859013424954E-16,7.1,2.));
#4477 = SURFACE_CURVE('',#4478,(#4482,#4489),.PCURVE_S1.);
#4478 = LINE('',#4479,#4480);
#4479 = CARTESIAN_POINT('',(0.309315638137,7.091447739057,2.));
#4480 = VECTOR('',#4481,1.);
#4481 = DIRECTION('',(-0.999617986051,2.763841463622E-02,0.));
#4482 = PCURVE('',#90,#4483);
#4483 = DEFINITIONAL_REPRESENTATION('',(#4484),#4488);
#4484 = LINE('',#4485,#4486);
#4485 = CARTESIAN_POINT('',(0.309315638137,7.091447739057));
#4486 = VECTOR('',#4487,1.);
#4487 = DIRECTION('',(-0.999617986051,2.763841463622E-02));
#4488 = ( GEOMETRIC_REPRESENTATION_CONTEXT(2) 
PARAMETRIC_REPRESENTATION_CONTEXT() REPRESENTATION_CONTEXT('2D SPACE',''
  ) );
#4489 = PCURVE('',#1136,#4490);
#4490 = DEFINITIONAL_REPRESENTATION('',(#4491),#4495);
#4491 = LINE('',#4492,#4493);
#4492 = CARTESIAN_POINT('',(0.,-2.));
#4493 = VECTOR('',#4494,1.);
#4494 = DIRECTION('',(1.,0.));
#4495 = ( GEOMETRIC_REPRESENTATION_CONTEXT(2) 
PARAMETRIC_REPRESENTATION_CONTEXT() REPRESENTATION_CONTEXT('2D SPACE',''
  ) );
#4496 = ORIENTED_EDGE('',*,*,#4497,.T.);
#4497 = EDGE_CURVE('',#4475,#4498,#4500,.T.);
#4498 = VERTEX_POINT('',#4499);
#4499 = CARTESIAN_POINT('',(-0.309315638137,7.091447739057,2.));
#4500 = SURFACE_CURVE('',#4501,(#4505,#4512),.PCURVE_S1.);
#4501 = LINE('',#4502,#4503);
#4502 = CARTESIAN_POINT('',(3.859013424954E-16,7.1,2.));
#4503 = VECTOR('',#4504,1.);
#4504 = DIRECTION('',(-0.999617986051,-2.763841463622E-02,0.));
#4505 = PCURVE('',#90,#4506);
#4506 = DEFINITIONAL_REPRESENTATION('',(#4507),#4511);
#4507 = LINE('',#4508,#4509);
#4508 = CARTESIAN_POINT('',(8.365946289731E-16,7.1));
#4509 = VECTOR('',#4510,1.);
#4510 = DIRECTION('',(-0.999617986051,-2.763841463622E-02));
#4511 = ( GEOMETRIC_REPRESENTATION_CONTEXT(2) 
PARAMETRIC_REPRESENTATION_CONTEXT() REPRESENTATION_CONTEXT('2D SPACE',''
  ) );
#4512 = PCURVE('',#1164,#4513);
#4513 = DEFINITIONAL_REPRESENTATION('',(#4514),#4518);
#4514 = LINE('',#4515,#4516);
#4515 = CARTESIAN_POINT('',(0.,-2.));
#4516 = VECTOR('',#4517,1.);
#4517 = DIRECTION('',(1.,0.));
#4518 = ( GEOMETRIC_REPRESENTATION_CONTEXT(2) 
PARAMETRIC_REPRESENTATION_CONTEXT() REPRESENTATION_CONTEXT('2D SPACE',''
  ) );
#4519 = ORIENTED_EDGE('',*,*,#4520,.T.);
#4520 = EDGE_CURVE('',#4498,#4521,#4523,.T.);
#4521 = VERTEX_POINT('',#4522);
#4522 = CARTESIAN_POINT('',(-0.61835947288,7.065811559373,2.));
#4523 = SURFACE_CURVE('',#4524,(#4528,#4535),.PCURVE_S1.);
#4524 = LINE('',#4525,#4526);
#4525 = CARTESIAN_POINT('',(-0.309315638137,7.091447739057,2.));
#4526 = VECTOR('',#4527,1.);
#4527 = DIRECTION('',(-0.996577037619,-8.266926931825E-02,0.));
#4528 = PCURVE('',#90,#4529);
#4529 = DEFINITIONAL_REPRESENTATION('',(#4530),#4534);
#4530 = LINE('',#4531,#4532);
#4531 = CARTESIAN_POINT('',(-0.309315638137,7.091447739057));
#4532 = VECTOR('',#4533,1.);
#4533 = DIRECTION('',(-0.996577037619,-8.266926931825E-02));
#4534 = ( GEOMETRIC_REPRESENTATION_CONTEXT(2) 
PARAMETRIC_REPRESENTATION_CONTEXT() REPRESENTATION_CONTEXT('2D SPACE',''
  ) );
#4535 = PCURVE('',#1192,#4536);
#4536 = DEFINITIONAL_REPRESENTATION('',(#4537),#4541);
#4537 = LINE('',#4538,#4539);
#4538 = CARTESIAN_POINT('',(0.,-2.));
#4539 = VECTOR('',#4540,1.);
#4540 = DIRECTION('',(1.,0.));
#4541 = ( GEOMETRIC_REPRESENTATION_CONTEXT(2) 
PARAMETRIC_REPRESENTATION_CONTEXT() REPRESENTATION_CONTEXT('2D SPACE',''
  ) );
#4542 = ORIENTED_EDGE('',*,*,#4543,.T.);
#4543 = EDGE_CURVE('',#4521,#4544,#4546,.T.);
#4544 = VERTEX_POINT('',#4545);
#4545 = CARTESIAN_POINT('',(-0.926856595028,7.02315322075,2.));
#4546 = SURFACE_CURVE('',#4547,(#4551,#4558),.PCURVE_S1.);
#4547 = LINE('',#4548,#4549);
#4548 = CARTESIAN_POINT('',(-0.61835947288,7.065811559373,2.));
#4549 = VECTOR('',#4550,1.);
#4550 = DIRECTION('',(-0.990574562171,-0.13697458443,0.));
#4551 = PCURVE('',#90,#4552);
#4552 = DEFINITIONAL_REPRESENTATION('',(#4553),#4557);
#4553 = LINE('',#4554,#4555);
#4554 = CARTESIAN_POINT('',(-0.61835947288,7.065811559373));
#4555 = VECTOR('',#4556,1.);
#4556 = DIRECTION('',(-0.990574562171,-0.13697458443));
#4557 = ( GEOMETRIC_REPRESENTATION_CONTEXT(2) 
PARAMETRIC_REPRESENTATION_CONTEXT() REPRESENTATION_CONTEXT('2D SPACE',''
  ) );
#4558 = PCURVE('',#1220,#4559);
#4559 = DEFINITIONAL_REPRESENTATION('',(#4560),#4564);
#4560 = LINE('',#4561,#4562);
#4561 = CARTESIAN_POINT('',(0.,-2.));
#4562 = VECTOR('',#4563,1.);
#4563 = DIRECTION('',(1.,0.));
#4564 = ( GEOMETRIC_REPRESENTATION_CONTEXT(2) 
PARAMETRIC_REPRESENTATION_CONTEXT() REPRESENTATION_CONTEXT('2D SPACE',''
  ) );
#4565 = ORIENTED_EDGE('',*,*,#4566,.T.);
#4566 = EDGE_CURVE('',#4544,#4567,#4569,.T.);
#4567 = VERTEX_POINT('',#4568);
#4568 = CARTESIAN_POINT('',(-1.23452582866,6.963575490863,2.));
#4569 = SURFACE_CURVE('',#4570,(#4574,#4581),.PCURVE_S1.);
#4570 = LINE('',#4571,#4572);
#4571 = CARTESIAN_POINT('',(-0.926856595028,7.02315322075,2.));
#4572 = VECTOR('',#4573,1.);
#4573 = DIRECTION('',(-0.98176267441,-0.190110628673,0.));
#4574 = PCURVE('',#90,#4575);
#4575 = DEFINITIONAL_REPRESENTATION('',(#4576),#4580);
#4576 = LINE('',#4577,#4578);
#4577 = CARTESIAN_POINT('',(-0.926856595028,7.02315322075));
#4578 = VECTOR('',#4579,1.);
#4579 = DIRECTION('',(-0.98176267441,-0.190110628673));
#4580 = ( GEOMETRIC_REPRESENTATION_CONTEXT(2) 
PARAMETRIC_REPRESENTATION_CONTEXT() REPRESENTATION_CONTEXT('2D SPACE',''
  ) );
#4581 = PCURVE('',#1248,#4582);
#4582 = DEFINITIONAL_REPRESENTATION('',(#4583),#4587);
#4583 = LINE('',#4584,#4585);
#4584 = CARTESIAN_POINT('',(0.,-2.));
#4585 = VECTOR('',#4586,1.);
#4586 = DIRECTION('',(1.,0.));
#4587 = ( GEOMETRIC_REPRESENTATION_CONTEXT(2) 
PARAMETRIC_REPRESENTATION_CONTEXT() REPRESENTATION_CONTEXT('2D SPACE',''
  ) );
#4588 = ORIENTED_EDGE('',*,*,#4589,.T.);
#4589 = EDGE_CURVE('',#4567,#4590,#4592,.T.);
#4590 = VERTEX_POINT('',#4591);
#4591 = CARTESIAN_POINT('',(-1.541076459388,6.887221897681,2.));
#4592 = SURFACE_CURVE('',#4593,(#4597,#4604),.PCURVE_S1.);
#4593 = LINE('',#4594,#4595);
#4594 = CARTESIAN_POINT('',(-1.23452582866,6.963575490863,2.));
#4595 = VECTOR('',#4596,1.);
#4596 = DIRECTION('',(-0.970353701903,-0.241689249249,0.));
#4597 = PCURVE('',#90,#4598);
#4598 = DEFINITIONAL_REPRESENTATION('',(#4599),#4603);
#4599 = LINE('',#4600,#4601);
#4600 = CARTESIAN_POINT('',(-1.23452582866,6.963575490863));
#4601 = VECTOR('',#4602,1.);
#4602 = DIRECTION('',(-0.970353701903,-0.241689249249));
#4603 = ( GEOMETRIC_REPRESENTATION_CONTEXT(2) 
PARAMETRIC_REPRESENTATION_CONTEXT() REPRESENTATION_CONTEXT('2D SPACE',''
  ) );
#4604 = PCURVE('',#1276,#4605);
#4605 = DEFINITIONAL_REPRESENTATION('',(#4606),#4610);
#4606 = LINE('',#4607,#4608);
#4607 = CARTESIAN_POINT('',(0.,-2.));
#4608 = VECTOR('',#4609,1.);
#4609 = DIRECTION('',(1.,0.));
#4610 = ( GEOMETRIC_REPRESENTATION_CONTEXT(2) 
PARAMETRIC_REPRESENTATION_CONTEXT() REPRESENTATION_CONTEXT('2D SPACE',''
  ) );
#4611 = ORIENTED_EDGE('',*,*,#4612,.T.);
#4612 = EDGE_CURVE('',#4590,#4613,#4615,.T.);
#4613 = VERTEX_POINT('',#4614);
#4614 = CARTESIAN_POINT('',(-1.846204794928,6.794276383699,2.));
#4615 = SURFACE_CURVE('',#4616,(#4620,#4627),.PCURVE_S1.);
#4616 = LINE('',#4617,#4618);
#4617 = CARTESIAN_POINT('',(-1.541076459388,6.887221897681,2.));
#4618 = VECTOR('',#4619,1.);
#4619 = DIRECTION('',(-0.9566036695,-0.291392209059,0.));
#4620 = PCURVE('',#90,#4621);
#4621 = DEFINITIONAL_REPRESENTATION('',(#4622),#4626);
#4622 = LINE('',#4623,#4624);
#4623 = CARTESIAN_POINT('',(-1.541076459388,6.887221897681));
#4624 = VECTOR('',#4625,1.);
#4625 = DIRECTION('',(-0.9566036695,-0.291392209059));
#4626 = ( GEOMETRIC_REPRESENTATION_CONTEXT(2) 
PARAMETRIC_REPRESENTATION_CONTEXT() REPRESENTATION_CONTEXT('2D SPACE',''
  ) );
#4627 = PCURVE('',#1304,#4628);
#4628 = DEFINITIONAL_REPRESENTATION('',(#4629),#4633);
#4629 = LINE('',#4630,#4631);
#4630 = CARTESIAN_POINT('',(0.,-2.));
#4631 = VECTOR('',#4632,1.);
#4632 = DIRECTION('',(1.,0.));
#4633 = ( GEOMETRIC_REPRESENTATION_CONTEXT(2) 
PARAMETRIC_REPRESENTATION_CONTEXT() REPRESENTATION_CONTEXT('2D SPACE',''
  ) );
#4634 = ORIENTED_EDGE('',*,*,#4635,.T.);
#4635 = EDGE_CURVE('',#4613,#4636,#4638,.T.);
#4636 = VERTEX_POINT('',#4637);
#4637 = CARTESIAN_POINT('',(-2.149590499671,6.684962862799,2.));
#4638 = SURFACE_CURVE('',#4639,(#4643,#4650),.PCURVE_S1.);
#4639 = LINE('',#4640,#4641);
#4640 = CARTESIAN_POINT('',(-1.846204794928,6.794276383699,2.));
#4641 = VECTOR('',#4642,1.);
#4642 = DIRECTION('',(-0.940793818899,-0.338979336127,0.));
#4643 = PCURVE('',#90,#4644);
#4644 = DEFINITIONAL_REPRESENTATION('',(#4645),#4649);
#4645 = LINE('',#4646,#4647);
#4646 = CARTESIAN_POINT('',(-1.846204794928,6.794276383699));
#4647 = VECTOR('',#4648,1.);
#4648 = DIRECTION('',(-0.940793818899,-0.338979336127));
#4649 = ( GEOMETRIC_REPRESENTATION_CONTEXT(2) 
PARAMETRIC_REPRESENTATION_CONTEXT() REPRESENTATION_CONTEXT('2D SPACE',''
  ) );
#4650 = PCURVE('',#1332,#4651);
#4651 = DEFINITIONAL_REPRESENTATION('',(#4652),#4656);
#4652 = LINE('',#4653,#4654);
#4653 = CARTESIAN_POINT('',(0.,-2.));
#4654 = VECTOR('',#4655,1.);
#4655 = DIRECTION('',(1.,0.));
#4656 = ( GEOMETRIC_REPRESENTATION_CONTEXT(2) 
PARAMETRIC_REPRESENTATION_CONTEXT() REPRESENTATION_CONTEXT('2D SPACE',''
  ) );
#4657 = ORIENTED_EDGE('',*,*,#4658,.T.);
#4658 = EDGE_CURVE('',#4636,#4659,#4661,.T.);
#4659 = VERTEX_POINT('',#4660);
#4660 = CARTESIAN_POINT('',(-2.450892643504,6.55954468083,2.));
#4661 = SURFACE_CURVE('',#4662,(#4666,#4673),.PCURVE_S1.);
#4662 = LINE('',#4663,#4664);
#4663 = CARTESIAN_POINT('',(-2.149590499671,6.684962862799,2.));
#4664 = VECTOR('',#4665,1.);
#4665 = DIRECTION('',(-0.923212168913,-0.384290633727,0.));
#4666 = PCURVE('',#90,#4667);
#4667 = DEFINITIONAL_REPRESENTATION('',(#4668),#4672);
#4668 = LINE('',#4669,#4670);
#4669 = CARTESIAN_POINT('',(-2.149590499671,6.684962862799));
#4670 = VECTOR('',#4671,1.);
#4671 = DIRECTION('',(-0.923212168913,-0.384290633727));
#4672 = ( GEOMETRIC_REPRESENTATION_CONTEXT(2) 
PARAMETRIC_REPRESENTATION_CONTEXT() REPRESENTATION_CONTEXT('2D SPACE',''
  ) );
#4673 = PCURVE('',#1360,#4674);
#4674 = DEFINITIONAL_REPRESENTATION('',(#4675),#4679);
#4675 = LINE('',#4676,#4677);
#4676 = CARTESIAN_POINT('',(0.,-2.));
#4677 = VECTOR('',#4678,1.);
#4678 = DIRECTION('',(1.,0.));
#4679 = ( GEOMETRIC_REPRESENTATION_CONTEXT(2) 
PARAMETRIC_REPRESENTATION_CONTEXT() REPRESENTATION_CONTEXT('2D SPACE',''
  ) );
#4680 = ORIENTED_EDGE('',*,*,#4681,.T.);
#4681 = EDGE_CURVE('',#4659,#4682,#4684,.T.);
#4682 = VERTEX_POINT('',#4683);
#4683 = CARTESIAN_POINT('',(-2.749745404215,6.418323981176,2.));
#4684 = SURFACE_CURVE('',#4685,(#4689,#4696),.PCURVE_S1.);
#4685 = LINE('',#4686,#4687);
#4686 = CARTESIAN_POINT('',(-2.450892643504,6.55954468083,2.));
#4687 = VECTOR('',#4688,1.);
#4688 = DIRECTION('',(-0.904136724504,-0.427243236814,0.));
#4689 = PCURVE('',#90,#4690);
#4690 = DEFINITIONAL_REPRESENTATION('',(#4691),#4695);
#4691 = LINE('',#4692,#4693);
#4692 = CARTESIAN_POINT('',(-2.450892643504,6.55954468083));
#4693 = VECTOR('',#4694,1.);
#4694 = DIRECTION('',(-0.904136724504,-0.427243236814));
#4695 = ( GEOMETRIC_REPRESENTATION_CONTEXT(2) 
PARAMETRIC_REPRESENTATION_CONTEXT() REPRESENTATION_CONTEXT('2D SPACE',''
  ) );
#4696 = PCURVE('',#1388,#4697);
#4697 = DEFINITIONAL_REPRESENTATION('',(#4698),#4702);
#4698 = LINE('',#4699,#4700);
#4699 = CARTESIAN_POINT('',(0.,-2.));
#4700 = VECTOR('',#4701,1.);
#4701 = DIRECTION('',(1.,0.));
#4702 = ( GEOMETRIC_REPRESENTATION_CONTEXT(2) 
PARAMETRIC_REPRESENTATION_CONTEXT() REPRESENTATION_CONTEXT('2D SPACE',''
  ) );
#4703 = ORIENTED_EDGE('',*,*,#4704,.T.);
#4704 = EDGE_CURVE('',#4682,#4705,#4707,.T.);
#4705 = VERTEX_POINT('',#4706);
#4706 = CARTESIAN_POINT('',(-3.045753363274,6.261640976873,2.));
#4707 = SURFACE_CURVE('',#4708,(#4712,#4719),.PCURVE_S1.);
#4708 = LINE('',#4709,#4710);
#4709 = CARTESIAN_POINT('',(-2.749745404215,6.418323981176,2.));
#4710 = VECTOR('',#4711,1.);
#4711 = DIRECTION('',(-0.883821363354,-0.467824537278,0.));
#4712 = PCURVE('',#90,#4713);
#4713 = DEFINITIONAL_REPRESENTATION('',(#4714),#4718);
#4714 = LINE('',#4715,#4716);
#4715 = CARTESIAN_POINT('',(-2.749745404215,6.418323981176));
#4716 = VECTOR('',#4717,1.);
#4717 = DIRECTION('',(-0.883821363354,-0.467824537278));
#4718 = ( GEOMETRIC_REPRESENTATION_CONTEXT(2) 
PARAMETRIC_REPRESENTATION_CONTEXT() REPRESENTATION_CONTEXT('2D SPACE',''
  ) );
#4719 = PCURVE('',#1416,#4720);
#4720 = DEFINITIONAL_REPRESENTATION('',(#4721),#4725);
#4721 = LINE('',#4722,#4723);
#4722 = CARTESIAN_POINT('',(0.,-2.));
#4723 = VECTOR('',#4724,1.);
#4724 = DIRECTION('',(1.,0.));
#4725 = ( GEOMETRIC_REPRESENTATION_CONTEXT(2) 
PARAMETRIC_REPRESENTATION_CONTEXT() REPRESENTATION_CONTEXT('2D SPACE',''
  ) );
#4726 = ORIENTED_EDGE('',*,*,#4727,.T.);
#4727 = EDGE_CURVE('',#4705,#4728,#4730,.T.);
#4728 = VERTEX_POINT('',#4729);
#4729 = CARTESIAN_POINT('',(-3.338486337801,6.089873131002,2.));
#4730 = SURFACE_CURVE('',#4731,(#4735,#4742),.PCURVE_S1.);
#4731 = LINE('',#4732,#4733);
#4732 = CARTESIAN_POINT('',(-3.045753363274,6.261640976873,2.));
#4733 = VECTOR('',#4734,1.);
#4734 = DIRECTION('',(-0.86248482412,-0.506082926172,0.));
#4735 = PCURVE('',#90,#4736);
#4736 = DEFINITIONAL_REPRESENTATION('',(#4737),#4741);
#4737 = LINE('',#4738,#4739);
#4738 = CARTESIAN_POINT('',(-3.045753363274,6.261640976873));
#4739 = VECTOR('',#4740,1.);
#4740 = DIRECTION('',(-0.86248482412,-0.506082926172));
#4741 = ( GEOMETRIC_REPRESENTATION_CONTEXT(2) 
PARAMETRIC_REPRESENTATION_CONTEXT() REPRESENTATION_CONTEXT('2D SPACE',''
  ) );
#4742 = PCURVE('',#1444,#4743);
#4743 = DEFINITIONAL_REPRESENTATION('',(#4744),#4748);
#4744 = LINE('',#4745,#4746);
#4745 = CARTESIAN_POINT('',(0.,-2.));
#4746 = VECTOR('',#4747,1.);
#4747 = DIRECTION('',(1.,0.));
#4748 = ( GEOMETRIC_REPRESENTATION_CONTEXT(2) 
PARAMETRIC_REPRESENTATION_CONTEXT() REPRESENTATION_CONTEXT('2D SPACE',''
  ) );
#4749 = ORIENTED_EDGE('',*,*,#4750,.T.);
#4750 = EDGE_CURVE('',#4728,#4751,#4753,.T.);
#4751 = VERTEX_POINT('',#4752);
#4752 = CARTESIAN_POINT('',(-3.627473698823,5.903434247348,2.));
#4753 = SURFACE_CURVE('',#4754,(#4758,#4765),.PCURVE_S1.);
#4754 = LINE('',#4755,#4756);
#4755 = CARTESIAN_POINT('',(-3.338486337801,6.089873131002,2.));
#4756 = VECTOR('',#4757,1.);
#4757 = DIRECTION('',(-0.840302708389,-0.542117476452,0.));
#4758 = PCURVE('',#90,#4759);
#4759 = DEFINITIONAL_REPRESENTATION('',(#4760),#4764);
#4760 = LINE('',#4761,#4762);
#4761 = CARTESIAN_POINT('',(-3.338486337801,6.089873131002));
#4762 = VECTOR('',#4763,1.);
#4763 = DIRECTION('',(-0.840302708389,-0.542117476452));
#4764 = ( GEOMETRIC_REPRESENTATION_CONTEXT(2) 
PARAMETRIC_REPRESENTATION_CONTEXT() REPRESENTATION_CONTEXT('2D SPACE',''
  ) );
#4765 = PCURVE('',#1472,#4766);
#4766 = DEFINITIONAL_REPRESENTATION('',(#4767),#4771);
#4767 = LINE('',#4768,#4769);
#4768 = CARTESIAN_POINT('',(0.,-2.));
#4769 = VECTOR('',#4770,1.);
#4770 = DIRECTION('',(1.,0.));
#4771 = ( GEOMETRIC_REPRESENTATION_CONTEXT(2) 
PARAMETRIC_REPRESENTATION_CONTEXT() REPRESENTATION_CONTEXT('2D SPACE',''
  ) );
#4772 = ORIENTED_EDGE('',*,*,#4773,.T.);
#4773 = EDGE_CURVE('',#4751,#4774,#4776,.T.);
#4774 = VERTEX_POINT('',#4775);
#4775 = CARTESIAN_POINT('',(-3.912198140034,5.702773473513,2.));
#4776 = SURFACE_CURVE('',#4777,(#4781,#4788),.PCURVE_S1.);
#4777 = LINE('',#4778,#4779);
#4778 = CARTESIAN_POINT('',(-3.627473698823,5.903434247348,2.));
#4779 = VECTOR('',#4780,1.);
#4780 = DIRECTION('',(-0.817402049699,-0.57606760814,0.));
#4781 = PCURVE('',#90,#4782);
#4782 = DEFINITIONAL_REPRESENTATION('',(#4783),#4787);
#4783 = LINE('',#4784,#4785);
#4784 = CARTESIAN_POINT('',(-3.627473698823,5.903434247348));
#4785 = VECTOR('',#4786,1.);
#4786 = DIRECTION('',(-0.817402049699,-0.57606760814));
#4787 = ( GEOMETRIC_REPRESENTATION_CONTEXT(2) 
PARAMETRIC_REPRESENTATION_CONTEXT() REPRESENTATION_CONTEXT('2D SPACE',''
  ) );
#4788 = PCURVE('',#1500,#4789);
#4789 = DEFINITIONAL_REPRESENTATION('',(#4790),#4794);
#4790 = LINE('',#4791,#4792);
#4791 = CARTESIAN_POINT('',(0.,-2.));
#4792 = VECTOR('',#4793,1.);
#4793 = DIRECTION('',(1.,0.));
#4794 = ( GEOMETRIC_REPRESENTATION_CONTEXT(2) 
PARAMETRIC_REPRESENTATION_CONTEXT() REPRESENTATION_CONTEXT('2D SPACE',''
  ) );
#4795 = ORIENTED_EDGE('',*,*,#4796,.T.);
#4796 = EDGE_CURVE('',#4774,#4797,#4799,.T.);
#4797 = VERTEX_POINT('',#4798);
#4798 = CARTESIAN_POINT('',(-4.192088885614,5.488374218875,2.));
#4799 = SURFACE_CURVE('',#4800,(#4804,#4811),.PCURVE_S1.);
#4800 = LINE('',#4801,#4802);
#4801 = CARTESIAN_POINT('',(-3.912198140034,5.702773473513,2.));
#4802 = VECTOR('',#4803,1.);
#4803 = DIRECTION('',(-0.793857807798,-0.608103429524,0.));
#4804 = PCURVE('',#90,#4805);
#4805 = DEFINITIONAL_REPRESENTATION('',(#4806),#4810);
#4806 = LINE('',#4807,#4808);
#4807 = CARTESIAN_POINT('',(-3.912198140034,5.702773473513));
#4808 = VECTOR('',#4809,1.);
#4809 = DIRECTION('',(-0.793857807798,-0.608103429524));
#4810 = ( GEOMETRIC_REPRESENTATION_CONTEXT(2) 
PARAMETRIC_REPRESENTATION_CONTEXT() REPRESENTATION_CONTEXT('2D SPACE',''
  ) );
#4811 = PCURVE('',#1528,#4812);
#4812 = DEFINITIONAL_REPRESENTATION('',(#4813),#4817);
#4813 = LINE('',#4814,#4815);
#4814 = CARTESIAN_POINT('',(0.,-2.));
#4815 = VECTOR('',#4816,1.);
#4816 = DIRECTION('',(1.,0.));
#4817 = ( GEOMETRIC_REPRESENTATION_CONTEXT(2) 
PARAMETRIC_REPRESENTATION_CONTEXT() REPRESENTATION_CONTEXT('2D SPACE',''
  ) );
#4818 = ORIENTED_EDGE('',*,*,#4819,.T.);
#4819 = EDGE_CURVE('',#4797,#4820,#4822,.T.);
#4820 = VERTEX_POINT('',#4821);
#4821 = CARTESIAN_POINT('',(-4.466514364942,5.26075299002,2.));
#4822 = SURFACE_CURVE('',#4823,(#4827,#4834),.PCURVE_S1.);
#4823 = LINE('',#4824,#4825);
#4824 = CARTESIAN_POINT('',(-4.192088885614,5.488374218875,2.));
#4825 = VECTOR('',#4826,1.);
#4826 = DIRECTION('',(-0.769690592139,-0.63841709906,0.));
#4827 = PCURVE('',#90,#4828);
#4828 = DEFINITIONAL_REPRESENTATION('',(#4829),#4833);
#4829 = LINE('',#4830,#4831);
#4830 = CARTESIAN_POINT('',(-4.192088885614,5.488374218875));
#4831 = VECTOR('',#4832,1.);
#4832 = DIRECTION('',(-0.769690592139,-0.63841709906));
#4833 = ( GEOMETRIC_REPRESENTATION_CONTEXT(2) 
PARAMETRIC_REPRESENTATION_CONTEXT() REPRESENTATION_CONTEXT('2D SPACE',''
  ) );
#4834 = PCURVE('',#1556,#4835);
#4835 = DEFINITIONAL_REPRESENTATION('',(#4836),#4840);
#4836 = LINE('',#4837,#4838);
#4837 = CARTESIAN_POINT('',(0.,-2.));
#4838 = VECTOR('',#4839,1.);
#4839 = DIRECTION('',(1.,0.));
#4840 = ( GEOMETRIC_REPRESENTATION_CONTEXT(2) 
PARAMETRIC_REPRESENTATION_CONTEXT() REPRESENTATION_CONTEXT('2D SPACE',''
  ) );
#4841 = ORIENTED_EDGE('',*,*,#4842,.T.);
#4842 = EDGE_CURVE('',#4820,#4843,#4845,.T.);
#4843 = VERTEX_POINT('',#4844);
#4844 = CARTESIAN_POINT('',(-4.734774442381,5.020458146424,2.));
#4845 = SURFACE_CURVE('',#4846,(#4850,#4857),.PCURVE_S1.);
#4846 = LINE('',#4847,#4848);
#4847 = CARTESIAN_POINT('',(-4.466514364942,5.26075299002,2.));
#4848 = VECTOR('',#4849,1.);
#4849 = DIRECTION('',(-0.74486497089,-0.66721523899,0.));
#4850 = PCURVE('',#90,#4851);
#4851 = DEFINITIONAL_REPRESENTATION('',(#4852),#4856);
#4852 = LINE('',#4853,#4854);
#4853 = CARTESIAN_POINT('',(-4.466514364942,5.26075299002));
#4854 = VECTOR('',#4855,1.);
#4855 = DIRECTION('',(-0.74486497089,-0.66721523899));
#4856 = ( GEOMETRIC_REPRESENTATION_CONTEXT(2) 
PARAMETRIC_REPRESENTATION_CONTEXT() REPRESENTATION_CONTEXT('2D SPACE',''
  ) );
#4857 = PCURVE('',#1584,#4858);
#4858 = DEFINITIONAL_REPRESENTATION('',(#4859),#4863);
#4859 = LINE('',#4860,#4861);
#4860 = CARTESIAN_POINT('',(0.,-2.));
#4861 = VECTOR('',#4862,1.);
#4862 = DIRECTION('',(1.,0.));
#4863 = ( GEOMETRIC_REPRESENTATION_CONTEXT(2) 
PARAMETRIC_REPRESENTATION_CONTEXT() REPRESENTATION_CONTEXT('2D SPACE',''
  ) );
#4864 = ORIENTED_EDGE('',*,*,#4865,.T.);
#4865 = EDGE_CURVE('',#4843,#4866,#4868,.T.);
#4866 = VERTEX_POINT('',#4867);
#4867 = CARTESIAN_POINT('',(-4.996092379413,4.768068579414,2.));
#4868 = SURFACE_CURVE('',#4869,(#4873,#4880),.PCURVE_S1.);
#4869 = LINE('',#4870,#4871);
#4870 = CARTESIAN_POINT('',(-4.734774442381,5.020458146424,2.));
#4871 = VECTOR('',#4872,1.);
#4872 = DIRECTION('',(-0.719287850267,-0.694712162308,0.));
#4873 = PCURVE('',#90,#4874);
#4874 = DEFINITIONAL_REPRESENTATION('',(#4875),#4879);
#4875 = LINE('',#4876,#4877);
#4876 = CARTESIAN_POINT('',(-4.734774442381,5.020458146424));
#4877 = VECTOR('',#4878,1.);
#4878 = DIRECTION('',(-0.719287850267,-0.694712162308));
#4879 = ( GEOMETRIC_REPRESENTATION_CONTEXT(2) 
PARAMETRIC_REPRESENTATION_CONTEXT() REPRESENTATION_CONTEXT('2D SPACE',''
  ) );
#4880 = PCURVE('',#1612,#4881);
#4881 = DEFINITIONAL_REPRESENTATION('',(#4882),#4886);
#4882 = LINE('',#4883,#4884);
#4883 = CARTESIAN_POINT('',(0.,-2.));
#4884 = VECTOR('',#4885,1.);
#4885 = DIRECTION('',(1.,0.));
#4886 = ( GEOMETRIC_REPRESENTATION_CONTEXT(2) 
PARAMETRIC_REPRESENTATION_CONTEXT() REPRESENTATION_CONTEXT('2D SPACE',''
  ) );
#4887 = ORIENTED_EDGE('',*,*,#4888,.T.);
#4888 = EDGE_CURVE('',#4866,#4889,#4891,.T.);
#4889 = VERTEX_POINT('',#4890);
#4890 = CARTESIAN_POINT('',(-5.249606833062,4.504192317562,2.));
#4891 = SURFACE_CURVE('',#4892,(#4896,#4903),.PCURVE_S1.);
#4892 = LINE('',#4893,#4894);
#4893 = CARTESIAN_POINT('',(-4.996092379413,4.768068579414,2.));
#4894 = VECTOR('',#4895,1.);
#4895 = DIRECTION('',(-0.692806597998,-0.721123441423,0.));
#4896 = PCURVE('',#90,#4897);
#4897 = DEFINITIONAL_REPRESENTATION('',(#4898),#4902);
#4898 = LINE('',#4899,#4900);
#4899 = CARTESIAN_POINT('',(-4.996092379413,4.768068579414));
#4900 = VECTOR('',#4901,1.);
#4901 = DIRECTION('',(-0.692806597998,-0.721123441423));
#4902 = ( GEOMETRIC_REPRESENTATION_CONTEXT(2) 
PARAMETRIC_REPRESENTATION_CONTEXT() REPRESENTATION_CONTEXT('2D SPACE',''
  ) );
#4903 = PCURVE('',#1640,#4904);
#4904 = DEFINITIONAL_REPRESENTATION('',(#4905),#4909);
#4905 = LINE('',#4906,#4907);
#4906 = CARTESIAN_POINT('',(0.,-2.));
#4907 = VECTOR('',#4908,1.);
#4908 = DIRECTION('',(1.,0.));
#4909 = ( GEOMETRIC_REPRESENTATION_CONTEXT(2) 
PARAMETRIC_REPRESENTATION_CONTEXT() REPRESENTATION_CONTEXT('2D SPACE',''
  ) );
#4910 = ORIENTED_EDGE('',*,*,#4911,.T.);
#4911 = EDGE_CURVE('',#4889,#4912,#4914,.T.);
#4912 = VERTEX_POINT('',#4913);
#4913 = CARTESIAN_POINT('',(-5.494364368009,4.229465061896,2.));
#4914 = SURFACE_CURVE('',#4915,(#4919,#4926),.PCURVE_S1.);
#4915 = LINE('',#4916,#4917);
#4916 = CARTESIAN_POINT('',(-5.249606833062,4.504192317562,2.));
#4917 = VECTOR('',#4918,1.);
#4918 = DIRECTION('',(-0.665206838158,-0.746659134055,0.));
#4919 = PCURVE('',#90,#4920);
#4920 = DEFINITIONAL_REPRESENTATION('',(#4921),#4925);
#4921 = LINE('',#4922,#4923);
#4922 = CARTESIAN_POINT('',(-5.249606833062,4.504192317562));
#4923 = VECTOR('',#4924,1.);
#4924 = DIRECTION('',(-0.665206838158,-0.746659134055));
#4925 = ( GEOMETRIC_REPRESENTATION_CONTEXT(2) 
PARAMETRIC_REPRESENTATION_CONTEXT() REPRESENTATION_CONTEXT('2D SPACE',''
  ) );
#4926 = PCURVE('',#1668,#4927);
#4927 = DEFINITIONAL_REPRESENTATION('',(#4928),#4932);
#4928 = LINE('',#4929,#4930);
#4929 = CARTESIAN_POINT('',(0.,-2.));
#4930 = VECTOR('',#4931,1.);
#4931 = DIRECTION('',(1.,0.));
#4932 = ( GEOMETRIC_REPRESENTATION_CONTEXT(2) 
PARAMETRIC_REPRESENTATION_CONTEXT() REPRESENTATION_CONTEXT('2D SPACE',''
  ) );
#4933 = ORIENTED_EDGE('',*,*,#4934,.T.);
#4934 = EDGE_CURVE('',#4912,#4935,#4937,.T.);
#4935 = VERTEX_POINT('',#4936);
#4936 = CARTESIAN_POINT('',(-5.729313187106,3.944548654439,2.));
#4937 = SURFACE_CURVE('',#4938,(#4942,#4949),.PCURVE_S1.);
#4938 = LINE('',#4939,#4940);
#4939 = CARTESIAN_POINT('',(-5.494364368009,4.229465061896,2.));
#4940 = VECTOR('',#4941,1.);
#4941 = DIRECTION('',(-0.636210187902,-0.771515778717,0.));
#4942 = PCURVE('',#90,#4943);
#4943 = DEFINITIONAL_REPRESENTATION('',(#4944),#4948);
#4944 = LINE('',#4945,#4946);
#4945 = CARTESIAN_POINT('',(-5.494364368009,4.229465061896));
#4946 = VECTOR('',#4947,1.);
#4947 = DIRECTION('',(-0.636210187902,-0.771515778717));
#4948 = ( GEOMETRIC_REPRESENTATION_CONTEXT(2) 
PARAMETRIC_REPRESENTATION_CONTEXT() REPRESENTATION_CONTEXT('2D SPACE',''
  ) );
#4949 = PCURVE('',#1696,#4950);
#4950 = DEFINITIONAL_REPRESENTATION('',(#4951),#4955);
#4951 = LINE('',#4952,#4953);
#4952 = CARTESIAN_POINT('',(0.,-2.));
#4953 = VECTOR('',#4954,1.);
#4954 = DIRECTION('',(1.,0.));
#4955 = ( GEOMETRIC_REPRESENTATION_CONTEXT(2) 
PARAMETRIC_REPRESENTATION_CONTEXT() REPRESENTATION_CONTEXT('2D SPACE',''
  ) );
#4956 = ORIENTED_EDGE('',*,*,#4957,.T.);
#4957 = EDGE_CURVE('',#4935,#4958,#4960,.T.);
#4958 = VERTEX_POINT('',#4959);
#4959 = CARTESIAN_POINT('',(-5.953299067323,3.650129483772,2.));
#4960 = SURFACE_CURVE('',#4961,(#4965,#4972),.PCURVE_S1.);
#4961 = LINE('',#4962,#4963);
#4962 = CARTESIAN_POINT('',(-5.729313187106,3.944548654439,2.));
#4963 = VECTOR('',#4964,1.);
#4964 = DIRECTION('',(-0.605472685324,-0.795866086302,0.));
#4965 = PCURVE('',#90,#4966);
#4966 = DEFINITIONAL_REPRESENTATION('',(#4967),#4971);
#4967 = LINE('',#4968,#4969);
#4968 = CARTESIAN_POINT('',(-5.729313187106,3.944548654439));
#4969 = VECTOR('',#4970,1.);
#4970 = DIRECTION('',(-0.605472685324,-0.795866086302));
#4971 = ( GEOMETRIC_REPRESENTATION_CONTEXT(2) 
PARAMETRIC_REPRESENTATION_CONTEXT() REPRESENTATION_CONTEXT('2D SPACE',''
  ) );
#4972 = PCURVE('',#1724,#4973);
#4973 = DEFINITIONAL_REPRESENTATION('',(#4974),#4978);
#4974 = LINE('',#4975,#4976);
#4975 = CARTESIAN_POINT('',(0.,-2.));
#4976 = VECTOR('',#4977,1.);
#4977 = DIRECTION('',(1.,0.));
#4978 = ( GEOMETRIC_REPRESENTATION_CONTEXT(2) 
PARAMETRIC_REPRESENTATION_CONTEXT() REPRESENTATION_CONTEXT('2D SPACE',''
  ) );
#4979 = ORIENTED_EDGE('',*,*,#4980,.T.);
#4980 = EDGE_CURVE('',#4958,#4981,#4983,.T.);
#4981 = VERTEX_POINT('',#4982);
#4982 = CARTESIAN_POINT('',(-6.165064813492,3.346916831465,2.));
#4983 = SURFACE_CURVE('',#4984,(#4988,#4995),.PCURVE_S1.);
#4984 = LINE('',#4985,#4986);
#4985 = CARTESIAN_POINT('',(-5.953299067323,3.650129483772,2.));
#4986 = VECTOR('',#4987,1.);
#4987 = DIRECTION('',(-0.572585328809,-0.819845132469,0.));
#4988 = PCURVE('',#90,#4989);
#4989 = DEFINITIONAL_REPRESENTATION('',(#4990),#4994);
#4990 = LINE('',#4991,#4992);
#4991 = CARTESIAN_POINT('',(-5.953299067323,3.650129483772));
#4992 = VECTOR('',#4993,1.);
#4993 = DIRECTION('',(-0.572585328809,-0.819845132469));
#4994 = ( GEOMETRIC_REPRESENTATION_CONTEXT(2) 
PARAMETRIC_REPRESENTATION_CONTEXT() REPRESENTATION_CONTEXT('2D SPACE',''
  ) );
#4995 = PCURVE('',#1752,#4996);
#4996 = DEFINITIONAL_REPRESENTATION('',(#4997),#5001);
#4997 = LINE('',#4998,#4999);
#4998 = CARTESIAN_POINT('',(0.,-2.));
#4999 = VECTOR('',#5000,1.);
#5000 = DIRECTION('',(1.,0.));
#5001 = ( GEOMETRIC_REPRESENTATION_CONTEXT(2) 
PARAMETRIC_REPRESENTATION_CONTEXT() REPRESENTATION_CONTEXT('2D SPACE',''
  ) );
#5002 = ORIENTED_EDGE('',*,*,#5003,.T.);
#5003 = EDGE_CURVE('',#4981,#5004,#5006,.T.);
#5004 = VERTEX_POINT('',#5005);
#5005 = CARTESIAN_POINT('',(-6.363254876269,3.035641163355,2.));
#5006 = SURFACE_CURVE('',#5007,(#5011,#5018),.PCURVE_S1.);
#5007 = LINE('',#5008,#5009);
#5008 = CARTESIAN_POINT('',(-6.165064813492,3.346916831465,2.));
#5009 = VECTOR('',#5010,1.);
#5010 = DIRECTION('',(-0.537079057675,-0.843531911552,0.));
#5011 = PCURVE('',#90,#5012);
#5012 = DEFINITIONAL_REPRESENTATION('',(#5013),#5017);
#5013 = LINE('',#5014,#5015);
#5014 = CARTESIAN_POINT('',(-6.165064813492,3.346916831465));
#5015 = VECTOR('',#5016,1.);
#5016 = DIRECTION('',(-0.537079057675,-0.843531911552));
#5017 = ( GEOMETRIC_REPRESENTATION_CONTEXT(2) 
PARAMETRIC_REPRESENTATION_CONTEXT() REPRESENTATION_CONTEXT('2D SPACE',''
  ) );
#5018 = PCURVE('',#1780,#5019);
#5019 = DEFINITIONAL_REPRESENTATION('',(#5020),#5024);
#5020 = LINE('',#5021,#5022);
#5021 = CARTESIAN_POINT('',(0.,-2.));
#5022 = VECTOR('',#5023,1.);
#5023 = DIRECTION('',(1.,0.));
#5024 = ( GEOMETRIC_REPRESENTATION_CONTEXT(2) 
PARAMETRIC_REPRESENTATION_CONTEXT() REPRESENTATION_CONTEXT('2D SPACE',''
  ) );
#5025 = ORIENTED_EDGE('',*,*,#5026,.T.);
#5026 = EDGE_CURVE('',#5004,#5027,#5029,.T.);
#5027 = VERTEX_POINT('',#5028);
#5028 = CARTESIAN_POINT('',(-6.546427054942,2.717052369792,2.));
#5029 = SURFACE_CURVE('',#5030,(#5034,#5041),.PCURVE_S1.);
#5030 = LINE('',#5031,#5032);
#5031 = CARTESIAN_POINT('',(-6.363254876269,3.035641163355,2.));
#5032 = VECTOR('',#5033,1.);
#5033 = DIRECTION('',(-0.498437631463,-0.866925560554,0.));
#5034 = PCURVE('',#90,#5035);
#5035 = DEFINITIONAL_REPRESENTATION('',(#5036),#5040);
#5036 = LINE('',#5037,#5038);
#5037 = CARTESIAN_POINT('',(-6.363254876269,3.035641163355));
#5038 = VECTOR('',#5039,1.);
#5039 = DIRECTION('',(-0.498437631463,-0.866925560554));
#5040 = ( GEOMETRIC_REPRESENTATION_CONTEXT(2) 
PARAMETRIC_REPRESENTATION_CONTEXT() REPRESENTATION_CONTEXT('2D SPACE',''
  ) );
#5041 = PCURVE('',#1808,#5042);
#5042 = DEFINITIONAL_REPRESENTATION('',(#5043),#5047);
#5043 = LINE('',#5044,#5045);
#5044 = CARTESIAN_POINT('',(0.,-2.));
#5045 = VECTOR('',#5046,1.);
#5046 = DIRECTION('',(1.,0.));
#5047 = ( GEOMETRIC_REPRESENTATION_CONTEXT(2) 
PARAMETRIC_REPRESENTATION_CONTEXT() REPRESENTATION_CONTEXT('2D SPACE',''
  ) );
#5048 = ORIENTED_EDGE('',*,*,#5049,.T.);
#5049 = EDGE_CURVE('',#5027,#5050,#5052,.T.);
#5050 = VERTEX_POINT('',#5051);
#5051 = CARTESIAN_POINT('',(-6.713073308226,2.391917959085,2.));
#5052 = SURFACE_CURVE('',#5053,(#5057,#5064),.PCURVE_S1.);
#5053 = LINE('',#5054,#5055);
#5054 = CARTESIAN_POINT('',(-6.546427054942,2.717052369792,2.));
#5055 = VECTOR('',#5056,1.);
#5056 = DIRECTION('',(-0.456123019692,-0.88991673257,0.));
#5057 = PCURVE('',#90,#5058);
#5058 = DEFINITIONAL_REPRESENTATION('',(#5059),#5063);
#5059 = LINE('',#5060,#5061);
#5060 = CARTESIAN_POINT('',(-6.546427054942,2.717052369792));
#5061 = VECTOR('',#5062,1.);
#5062 = DIRECTION('',(-0.456123019692,-0.88991673257));
#5063 = ( GEOMETRIC_REPRESENTATION_CONTEXT(2) 
PARAMETRIC_REPRESENTATION_CONTEXT() REPRESENTATION_CONTEXT('2D SPACE',''
  ) );
#5064 = PCURVE('',#1836,#5065);
#5065 = DEFINITIONAL_REPRESENTATION('',(#5066),#5070);
#5066 = LINE('',#5067,#5068);
#5067 = CARTESIAN_POINT('',(0.,-2.));
#5068 = VECTOR('',#5069,1.);
#5069 = DIRECTION('',(1.,0.));
#5070 = ( GEOMETRIC_REPRESENTATION_CONTEXT(2) 
PARAMETRIC_REPRESENTATION_CONTEXT() REPRESENTATION_CONTEXT('2D SPACE',''
  ) );
#5071 = ORIENTED_EDGE('',*,*,#5072,.T.);
#5072 = EDGE_CURVE('',#5050,#5073,#5075,.T.);
#5073 = VERTEX_POINT('',#5074);
#5074 = CARTESIAN_POINT('',(-6.861651472224,2.061021208507,2.));
#5075 = SURFACE_CURVE('',#5076,(#5080,#5087),.PCURVE_S1.);
#5076 = LINE('',#5077,#5078);
#5077 = CARTESIAN_POINT('',(-6.713073308226,2.391917959085,2.));
#5078 = VECTOR('',#5079,1.);
#5079 = DIRECTION('',(-0.409618568775,-0.912256887129,0.));
#5080 = PCURVE('',#90,#5081);
#5081 = DEFINITIONAL_REPRESENTATION('',(#5082),#5086);
#5082 = LINE('',#5083,#5084);
#5083 = CARTESIAN_POINT('',(-6.713073308226,2.391917959085));
#5084 = VECTOR('',#5085,1.);
#5085 = DIRECTION('',(-0.409618568775,-0.912256887129));
#5086 = ( GEOMETRIC_REPRESENTATION_CONTEXT(2) 
PARAMETRIC_REPRESENTATION_CONTEXT() REPRESENTATION_CONTEXT('2D SPACE',''
  ) );
#5087 = PCURVE('',#1864,#5088);
#5088 = DEFINITIONAL_REPRESENTATION('',(#5089),#5093);
#5089 = LINE('',#5090,#5091);
#5090 = CARTESIAN_POINT('',(0.,-2.));
#5091 = VECTOR('',#5092,1.);
#5092 = DIRECTION('',(1.,0.));
#5093 = ( GEOMETRIC_REPRESENTATION_CONTEXT(2) 
PARAMETRIC_REPRESENTATION_CONTEXT() REPRESENTATION_CONTEXT('2D SPACE',''
  ) );
#5094 = ORIENTED_EDGE('',*,*,#5095,.T.);
#5095 = EDGE_CURVE('',#5073,#5096,#5098,.T.);
#5096 = VERTEX_POINT('',#5097);
#5097 = CARTESIAN_POINT('',(-6.990628959937,1.725159277313,2.));
#5098 = SURFACE_CURVE('',#5099,(#5103,#5110),.PCURVE_S1.);
#5099 = LINE('',#5100,#5101);
#5100 = CARTESIAN_POINT('',(-6.861651472224,2.061021208507,2.));
#5101 = VECTOR('',#5102,1.);
#5102 = DIRECTION('',(-0.358494334287,-0.933531902124,0.));
#5103 = PCURVE('',#90,#5104);
#5104 = DEFINITIONAL_REPRESENTATION('',(#5105),#5109);
#5105 = LINE('',#5106,#5107);
#5106 = CARTESIAN_POINT('',(-6.861651472224,2.061021208507));
#5107 = VECTOR('',#5108,1.);
#5108 = DIRECTION('',(-0.358494334287,-0.933531902124));
#5109 = ( GEOMETRIC_REPRESENTATION_CONTEXT(2) 
PARAMETRIC_REPRESENTATION_CONTEXT() REPRESENTATION_CONTEXT('2D SPACE',''
  ) );
#5110 = PCURVE('',#1892,#5111);
#5111 = DEFINITIONAL_REPRESENTATION('',(#5112),#5116);
#5112 = LINE('',#5113,#5114);
#5113 = CARTESIAN_POINT('',(0.,-2.));
#5114 = VECTOR('',#5115,1.);
#5115 = DIRECTION('',(1.,0.));
#5116 = ( GEOMETRIC_REPRESENTATION_CONTEXT(2) 
PARAMETRIC_REPRESENTATION_CONTEXT() REPRESENTATION_CONTEXT('2D SPACE',''
  ) );
#5117 = ORIENTED_EDGE('',*,*,#5118,.T.);
#5118 = EDGE_CURVE('',#5096,#5119,#5121,.T.);
#5119 = VERTEX_POINT('',#5120);
#5120 = CARTESIAN_POINT('',(-7.098538155264,1.385141286315,2.));
#5121 = SURFACE_CURVE('',#5122,(#5126,#5133),.PCURVE_S1.);
#5122 = LINE('',#5123,#5124);
#5123 = CARTESIAN_POINT('',(-6.990628959937,1.725159277313,2.));
#5124 = VECTOR('',#5125,1.);
#5125 = DIRECTION('',(-0.3024950326,-0.953150961418,0.));
#5126 = PCURVE('',#90,#5127);
#5127 = DEFINITIONAL_REPRESENTATION('',(#5128),#5132);
#5128 = LINE('',#5129,#5130);
#5129 = CARTESIAN_POINT('',(-6.990628959937,1.725159277313));
#5130 = VECTOR('',#5131,1.);
#5131 = DIRECTION('',(-0.3024950326,-0.953150961418));
#5132 = ( GEOMETRIC_REPRESENTATION_CONTEXT(2) 
PARAMETRIC_REPRESENTATION_CONTEXT() REPRESENTATION_CONTEXT('2D SPACE',''
  ) );
#5133 = PCURVE('',#1920,#5134);
#5134 = DEFINITIONAL_REPRESENTATION('',(#5135),#5139);
#5135 = LINE('',#5136,#5137);
#5136 = CARTESIAN_POINT('',(0.,-2.));
#5137 = VECTOR('',#5138,1.);
#5138 = DIRECTION('',(1.,0.));
#5139 = ( GEOMETRIC_REPRESENTATION_CONTEXT(2) 
PARAMETRIC_REPRESENTATION_CONTEXT() REPRESENTATION_CONTEXT('2D SPACE',''
  ) );
#5140 = ORIENTED_EDGE('',*,*,#5141,.T.);
#5141 = EDGE_CURVE('',#5119,#5142,#5144,.T.);
#5142 = VERTEX_POINT('',#5143);
#5143 = CARTESIAN_POINT('',(-7.184041214204,1.041786368633,2.));
#5144 = SURFACE_CURVE('',#5145,(#5149,#5156),.PCURVE_S1.);
#5145 = LINE('',#5146,#5147);
#5146 = CARTESIAN_POINT('',(-7.098538155264,1.385141286315,2.));
#5147 = VECTOR('',#5148,1.);
#5148 = DIRECTION('',(-0.241642677061,-0.970365300607,0.));
#5149 = PCURVE('',#90,#5150);
#5150 = DEFINITIONAL_REPRESENTATION('',(#5151),#5155);
#5151 = LINE('',#5152,#5153);
#5152 = CARTESIAN_POINT('',(-7.098538155264,1.385141286315));
#5153 = VECTOR('',#5154,1.);
#5154 = DIRECTION('',(-0.241642677061,-0.970365300607));
#5155 = ( GEOMETRIC_REPRESENTATION_CONTEXT(2) 
PARAMETRIC_REPRESENTATION_CONTEXT() REPRESENTATION_CONTEXT('2D SPACE',''
  ) );
#5156 = PCURVE('',#1948,#5157);
#5157 = DEFINITIONAL_REPRESENTATION('',(#5158),#5162);
#5158 = LINE('',#5159,#5160);
#5159 = CARTESIAN_POINT('',(0.,-2.));
#5160 = VECTOR('',#5161,1.);
#5161 = DIRECTION('',(1.,0.));
#5162 = ( GEOMETRIC_REPRESENTATION_CONTEXT(2) 
PARAMETRIC_REPRESENTATION_CONTEXT() REPRESENTATION_CONTEXT('2D SPACE',''
  ) );
#5163 = ORIENTED_EDGE('',*,*,#5164,.T.);
#5164 = EDGE_CURVE('',#5142,#5165,#5167,.T.);
#5165 = VERTEX_POINT('',#5166);
#5166 = CARTESIAN_POINT('',(-7.245999585084,0.69592169634,2.));
#5167 = SURFACE_CURVE('',#5168,(#5172,#5179),.PCURVE_S1.);
#5168 = LINE('',#5169,#5170);
#5169 = CARTESIAN_POINT('',(-7.184041214204,1.041786368633,2.));
#5170 = VECTOR('',#5171,1.);
#5171 = DIRECTION('',(-0.176333457556,-0.984330489087,0.));
#5172 = PCURVE('',#90,#5173);
#5173 = DEFINITIONAL_REPRESENTATION('',(#5174),#5178);
#5174 = LINE('',#5175,#5176);
#5175 = CARTESIAN_POINT('',(-7.184041214204,1.041786368633));
#5176 = VECTOR('',#5177,1.);
#5177 = DIRECTION('',(-0.176333457556,-0.984330489087));
#5178 = ( GEOMETRIC_REPRESENTATION_CONTEXT(2) 
PARAMETRIC_REPRESENTATION_CONTEXT() REPRESENTATION_CONTEXT('2D SPACE',''
  ) );
#5179 = PCURVE('',#1976,#5180);
#5180 = DEFINITIONAL_REPRESENTATION('',(#5181),#5185);
#5181 = LINE('',#5182,#5183);
#5182 = CARTESIAN_POINT('',(0.,-2.));
#5183 = VECTOR('',#5184,1.);
#5184 = DIRECTION('',(1.,0.));
#5185 = ( GEOMETRIC_REPRESENTATION_CONTEXT(2) 
PARAMETRIC_REPRESENTATION_CONTEXT() REPRESENTATION_CONTEXT('2D SPACE',''
  ) );
#5186 = ORIENTED_EDGE('',*,*,#5187,.T.);
#5187 = EDGE_CURVE('',#5165,#5188,#5190,.T.);
#5188 = VERTEX_POINT('',#5189);
#5189 = CARTESIAN_POINT('',(-7.283541292514,0.348380487725,2.));
#5190 = SURFACE_CURVE('',#5191,(#5195,#5202),.PCURVE_S1.);
#5191 = LINE('',#5192,#5193);
#5192 = CARTESIAN_POINT('',(-7.245999585084,0.69592169634,2.));
#5193 = VECTOR('',#5194,1.);
#5194 = DIRECTION('',(-0.107396121509,-0.994216311013,0.));
#5195 = PCURVE('',#90,#5196);
#5196 = DEFINITIONAL_REPRESENTATION('',(#5197),#5201);
#5197 = LINE('',#5198,#5199);
#5198 = CARTESIAN_POINT('',(-7.245999585084,0.69592169634));
#5199 = VECTOR('',#5200,1.);
#5200 = DIRECTION('',(-0.107396121509,-0.994216311013));
#5201 = ( GEOMETRIC_REPRESENTATION_CONTEXT(2) 
PARAMETRIC_REPRESENTATION_CONTEXT() REPRESENTATION_CONTEXT('2D SPACE',''
  ) );
#5202 = PCURVE('',#2004,#5203);
#5203 = DEFINITIONAL_REPRESENTATION('',(#5204),#5208);
#5204 = LINE('',#5205,#5206);
#5205 = CARTESIAN_POINT('',(0.,-2.));
#5206 = VECTOR('',#5207,1.);
#5207 = DIRECTION('',(1.,0.));
#5208 = ( GEOMETRIC_REPRESENTATION_CONTEXT(2) 
PARAMETRIC_REPRESENTATION_CONTEXT() REPRESENTATION_CONTEXT('2D SPACE',''
  ) );
#5209 = ORIENTED_EDGE('',*,*,#5210,.T.);
#5210 = EDGE_CURVE('',#5188,#5211,#5213,.T.);
#5211 = VERTEX_POINT('',#5212);
#5212 = CARTESIAN_POINT('',(-7.296117649877,8.694992273946E-16,2.));
#5213 = SURFACE_CURVE('',#5214,(#5218,#5225),.PCURVE_S1.);
#5214 = LINE('',#5215,#5216);
#5215 = CARTESIAN_POINT('',(-7.283541292514,0.348380487725,2.));
#5216 = VECTOR('',#5217,1.);
#5217 = DIRECTION('',(-3.607598938854E-02,-0.999349049627,0.));
#5218 = PCURVE('',#90,#5219);
#5219 = DEFINITIONAL_REPRESENTATION('',(#5220),#5224);
#5220 = LINE('',#5221,#5222);
#5221 = CARTESIAN_POINT('',(-7.283541292514,0.348380487725));
#5222 = VECTOR('',#5223,1.);
#5223 = DIRECTION('',(-3.607598938854E-02,-0.999349049627));
#5224 = ( GEOMETRIC_REPRESENTATION_CONTEXT(2) 
PARAMETRIC_REPRESENTATION_CONTEXT() REPRESENTATION_CONTEXT('2D SPACE',''
  ) );
#5225 = PCURVE('',#2032,#5226);
#5226 = DEFINITIONAL_REPRESENTATION('',(#5227),#5231);
#5227 = LINE('',#5228,#5229);
#5228 = CARTESIAN_POINT('',(0.,-2.));
#5229 = VECTOR('',#5230,1.);
#5230 = DIRECTION('',(1.,0.));
#5231 = ( GEOMETRIC_REPRESENTATION_CONTEXT(2) 
PARAMETRIC_REPRESENTATION_CONTEXT() REPRESENTATION_CONTEXT('2D SPACE',''
  ) );
#5232 = ORIENTED_EDGE('',*,*,#5233,.T.);
#5233 = EDGE_CURVE('',#5211,#5234,#5236,.T.);
#5234 = VERTEX_POINT('',#5235);
#5235 = CARTESIAN_POINT('',(-7.283541292514,-0.348380487725,2.));
#5236 = SURFACE_CURVE('',#5237,(#5241,#5248),.PCURVE_S1.);
#5237 = LINE('',#5238,#5239);
#5238 = CARTESIAN_POINT('',(-7.296117649877,8.694992273946E-16,2.));
#5239 = VECTOR('',#5240,1.);
#5240 = DIRECTION('',(3.607598938854E-02,-0.999349049627,0.));
#5241 = PCURVE('',#90,#5242);
#5242 = DEFINITIONAL_REPRESENTATION('',(#5243),#5247);
#5243 = LINE('',#5244,#5245);
#5244 = CARTESIAN_POINT('',(-7.296117649877,1.43581945185E-15));
#5245 = VECTOR('',#5246,1.);
#5246 = DIRECTION('',(3.607598938854E-02,-0.999349049627));
#5247 = ( GEOMETRIC_REPRESENTATION_CONTEXT(2) 
PARAMETRIC_REPRESENTATION_CONTEXT() REPRESENTATION_CONTEXT('2D SPACE',''
  ) );
#5248 = PCURVE('',#2060,#5249);
#5249 = DEFINITIONAL_REPRESENTATION('',(#5250),#5254);
#5250 = LINE('',#5251,#5252);
#5251 = CARTESIAN_POINT('',(0.,-2.));
#5252 = VECTOR('',#5253,1.);
#5253 = DIRECTION('',(1.,0.));
#5254 = ( GEOMETRIC_REPRESENTATION_CONTEXT(2) 
PARAMETRIC_REPRESENTATION_CONTEXT() REPRESENTATION_CONTEXT('2D SPACE',''
  ) );
#5255 = ORIENTED_EDGE('',*,*,#5256,.T.);
#5256 = EDGE_CURVE('',#5234,#5257,#5259,.T.);
#5257 = VERTEX_POINT('',#5258);
#5258 = CARTESIAN_POINT('',(-7.245999585084,-0.69592169634,2.));
#5259 = SURFACE_CURVE('',#5260,(#5264,#5271),.PCURVE_S1.);
#5260 = LINE('',#5261,#5262);
#5261 = CARTESIAN_POINT('',(-7.283541292514,-0.348380487725,2.));
#5262 = VECTOR('',#5263,1.);
#5263 = DIRECTION('',(0.107396121509,-0.994216311013,0.));
#5264 = PCURVE('',#90,#5265);
#5265 = DEFINITIONAL_REPRESENTATION('',(#5266),#5270);
#5266 = LINE('',#5267,#5268);
#5267 = CARTESIAN_POINT('',(-7.283541292514,-0.348380487725));
#5268 = VECTOR('',#5269,1.);
#5269 = DIRECTION('',(0.107396121509,-0.994216311013));
#5270 = ( GEOMETRIC_REPRESENTATION_CONTEXT(2) 
PARAMETRIC_REPRESENTATION_CONTEXT() REPRESENTATION_CONTEXT('2D SPACE',''
  ) );
#5271 = PCURVE('',#2088,#5272);
#5272 = DEFINITIONAL_REPRESENTATION('',(#5273),#5277);
#5273 = LINE('',#5274,#5275);
#5274 = CARTESIAN_POINT('',(0.,-2.));
#5275 = VECTOR('',#5276,1.);
#5276 = DIRECTION('',(1.,0.));
#5277 = ( GEOMETRIC_REPRESENTATION_CONTEXT(2) 
PARAMETRIC_REPRESENTATION_CONTEXT() REPRESENTATION_CONTEXT('2D SPACE',''
  ) );
#5278 = ORIENTED_EDGE('',*,*,#5279,.T.);
#5279 = EDGE_CURVE('',#5257,#5280,#5282,.T.);
#5280 = VERTEX_POINT('',#5281);
#5281 = CARTESIAN_POINT('',(-7.184041214204,-1.041786368633,2.));
#5282 = SURFACE_CURVE('',#5283,(#5287,#5294),.PCURVE_S1.);
#5283 = LINE('',#5284,#5285);
#5284 = CARTESIAN_POINT('',(-7.245999585084,-0.69592169634,2.));
#5285 = VECTOR('',#5286,1.);
#5286 = DIRECTION('',(0.176333457556,-0.984330489087,0.));
#5287 = PCURVE('',#90,#5288);
#5288 = DEFINITIONAL_REPRESENTATION('',(#5289),#5293);
#5289 = LINE('',#5290,#5291);
#5290 = CARTESIAN_POINT('',(-7.245999585084,-0.69592169634));
#5291 = VECTOR('',#5292,1.);
#5292 = DIRECTION('',(0.176333457556,-0.984330489087));
#5293 = ( GEOMETRIC_REPRESENTATION_CONTEXT(2) 
PARAMETRIC_REPRESENTATION_CONTEXT() REPRESENTATION_CONTEXT('2D SPACE',''
  ) );
#5294 = PCURVE('',#2116,#5295);
#5295 = DEFINITIONAL_REPRESENTATION('',(#5296),#5300);
#5296 = LINE('',#5297,#5298);
#5297 = CARTESIAN_POINT('',(0.,-2.));
#5298 = VECTOR('',#5299,1.);
#5299 = DIRECTION('',(1.,0.));
#5300 = ( GEOMETRIC_REPRESENTATION_CONTEXT(2) 
PARAMETRIC_REPRESENTATION_CONTEXT() REPRESENTATION_CONTEXT('2D SPACE',''
  ) );
#5301 = ORIENTED_EDGE('',*,*,#5302,.T.);
#5302 = EDGE_CURVE('',#5280,#5303,#5305,.T.);
#5303 = VERTEX_POINT('',#5304);
#5304 = CARTESIAN_POINT('',(-7.098538155264,-1.385141286315,2.));
#5305 = SURFACE_CURVE('',#5306,(#5310,#5317),.PCURVE_S1.);
#5306 = LINE('',#5307,#5308);
#5307 = CARTESIAN_POINT('',(-7.184041214204,-1.041786368633,2.));
#5308 = VECTOR('',#5309,1.);
#5309 = DIRECTION('',(0.241642677061,-0.970365300607,0.));
#5310 = PCURVE('',#90,#5311);
#5311 = DEFINITIONAL_REPRESENTATION('',(#5312),#5316);
#5312 = LINE('',#5313,#5314);
#5313 = CARTESIAN_POINT('',(-7.184041214204,-1.041786368633));
#5314 = VECTOR('',#5315,1.);
#5315 = DIRECTION('',(0.241642677061,-0.970365300607));
#5316 = ( GEOMETRIC_REPRESENTATION_CONTEXT(2) 
PARAMETRIC_REPRESENTATION_CONTEXT() REPRESENTATION_CONTEXT('2D SPACE',''
  ) );
#5317 = PCURVE('',#2144,#5318);
#5318 = DEFINITIONAL_REPRESENTATION('',(#5319),#5323);
#5319 = LINE('',#5320,#5321);
#5320 = CARTESIAN_POINT('',(0.,-2.));
#5321 = VECTOR('',#5322,1.);
#5322 = DIRECTION('',(1.,0.));
#5323 = ( GEOMETRIC_REPRESENTATION_CONTEXT(2) 
PARAMETRIC_REPRESENTATION_CONTEXT() REPRESENTATION_CONTEXT('2D SPACE',''
  ) );
#5324 = ORIENTED_EDGE('',*,*,#5325,.T.);
#5325 = EDGE_CURVE('',#5303,#5326,#5328,.T.);
#5326 = VERTEX_POINT('',#5327);
#5327 = CARTESIAN_POINT('',(-6.990628959937,-1.725159277313,2.));
#5328 = SURFACE_CURVE('',#5329,(#5333,#5340),.PCURVE_S1.);
#5329 = LINE('',#5330,#5331);
#5330 = CARTESIAN_POINT('',(-7.098538155264,-1.385141286315,2.));
#5331 = VECTOR('',#5332,1.);
#5332 = DIRECTION('',(0.3024950326,-0.953150961418,0.));
#5333 = PCURVE('',#90,#5334);
#5334 = DEFINITIONAL_REPRESENTATION('',(#5335),#5339);
#5335 = LINE('',#5336,#5337);
#5336 = CARTESIAN_POINT('',(-7.098538155264,-1.385141286315));
#5337 = VECTOR('',#5338,1.);
#5338 = DIRECTION('',(0.3024950326,-0.953150961418));
#5339 = ( GEOMETRIC_REPRESENTATION_CONTEXT(2) 
PARAMETRIC_REPRESENTATION_CONTEXT() REPRESENTATION_CONTEXT('2D SPACE',''
  ) );
#5340 = PCURVE('',#2172,#5341);
#5341 = DEFINITIONAL_REPRESENTATION('',(#5342),#5346);
#5342 = LINE('',#5343,#5344);
#5343 = CARTESIAN_POINT('',(0.,-2.));
#5344 = VECTOR('',#5345,1.);
#5345 = DIRECTION('',(1.,0.));
#5346 = ( GEOMETRIC_REPRESENTATION_CONTEXT(2) 
PARAMETRIC_REPRESENTATION_CONTEXT() REPRESENTATION_CONTEXT('2D SPACE',''
  ) );
#5347 = ORIENTED_EDGE('',*,*,#5348,.T.);
#5348 = EDGE_CURVE('',#5326,#5349,#5351,.T.);
#5349 = VERTEX_POINT('',#5350);
#5350 = CARTESIAN_POINT('',(-6.861651472224,-2.061021208507,2.));
#5351 = SURFACE_CURVE('',#5352,(#5356,#5363),.PCURVE_S1.);
#5352 = LINE('',#5353,#5354);
#5353 = CARTESIAN_POINT('',(-6.990628959937,-1.725159277313,2.));
#5354 = VECTOR('',#5355,1.);
#5355 = DIRECTION('',(0.358494334287,-0.933531902124,0.));
#5356 = PCURVE('',#90,#5357);
#5357 = DEFINITIONAL_REPRESENTATION('',(#5358),#5362);
#5358 = LINE('',#5359,#5360);
#5359 = CARTESIAN_POINT('',(-6.990628959937,-1.725159277313));
#5360 = VECTOR('',#5361,1.);
#5361 = DIRECTION('',(0.358494334287,-0.933531902124));
#5362 = ( GEOMETRIC_REPRESENTATION_CONTEXT(2) 
PARAMETRIC_REPRESENTATION_CONTEXT() REPRESENTATION_CONTEXT('2D SPACE',''
  ) );
#5363 = PCURVE('',#2200,#5364);
#5364 = DEFINITIONAL_REPRESENTATION('',(#5365),#5369);
#5365 = LINE('',#5366,#5367);
#5366 = CARTESIAN_POINT('',(0.,-2.));
#5367 = VECTOR('',#5368,1.);
#5368 = DIRECTION('',(1.,0.));
#5369 = ( GEOMETRIC_REPRESENTATION_CONTEXT(2) 
PARAMETRIC_REPRESENTATION_CONTEXT() REPRESENTATION_CONTEXT('2D SPACE',''
  ) );
#5370 = ORIENTED_EDGE('',*,*,#5371,.T.);
#5371 = EDGE_CURVE('',#5349,#5372,#5374,.T.);
#5372 = VERTEX_POINT('',#5373);
#5373 = CARTESIAN_POINT('',(-6.713073308226,-2.391917959085,2.));
#5374 = SURFACE_CURVE('',#5375,(#5379,#5386),.PCURVE_S1.);
#5375 = LINE('',#5376,#5377);
#5376 = CARTESIAN_POINT('',(-6.861651472224,-2.061021208507,2.));
#5377 = VECTOR('',#5378,1.);
#5378 = DIRECTION('',(0.409618568775,-0.912256887129,0.));
#5379 = PCURVE('',#90,#5380);
#5380 = DEFINITIONAL_REPRESENTATION('',(#5381),#5385);
#5381 = LINE('',#5382,#5383);
#5382 = CARTESIAN_POINT('',(-6.861651472224,-2.061021208507));
#5383 = VECTOR('',#5384,1.);
#5384 = DIRECTION('',(0.409618568775,-0.912256887129));
#5385 = ( GEOMETRIC_REPRESENTATION_CONTEXT(2) 
PARAMETRIC_REPRESENTATION_CONTEXT() REPRESENTATION_CONTEXT('2D SPACE',''
  ) );
#5386 = PCURVE('',#2228,#5387);
#5387 = DEFINITIONAL_REPRESENTATION('',(#5388),#5392);
#5388 = LINE('',#5389,#5390);
#5389 = CARTESIAN_POINT('',(0.,-2.));
#5390 = VECTOR('',#5391,1.);
#5391 = DIRECTION('',(1.,0.));
#5392 = ( GEOMETRIC_REPRESENTATION_CONTEXT(2) 
PARAMETRIC_REPRESENTATION_CONTEXT() REPRESENTATION_CONTEXT('2D SPACE',''
  ) );
#5393 = ORIENTED_EDGE('',*,*,#5394,.T.);
#5394 = EDGE_CURVE('',#5372,#5395,#5397,.T.);
#5395 = VERTEX_POINT('',#5396);
#5396 = CARTESIAN_POINT('',(-6.546427054942,-2.717052369792,2.));
#5397 = SURFACE_CURVE('',#5398,(#5402,#5409),.PCURVE_S1.);
#5398 = LINE('',#5399,#5400);
#5399 = CARTESIAN_POINT('',(-6.713073308226,-2.391917959085,2.));
#5400 = VECTOR('',#5401,1.);
#5401 = DIRECTION('',(0.456123019692,-0.88991673257,0.));
#5402 = PCURVE('',#90,#5403);
#5403 = DEFINITIONAL_REPRESENTATION('',(#5404),#5408);
#5404 = LINE('',#5405,#5406);
#5405 = CARTESIAN_POINT('',(-6.713073308226,-2.391917959085));
#5406 = VECTOR('',#5407,1.);
#5407 = DIRECTION('',(0.456123019692,-0.88991673257));
#5408 = ( GEOMETRIC_REPRESENTATION_CONTEXT(2) 
PARAMETRIC_REPRESENTATION_CONTEXT() REPRESENTATION_CONTEXT('2D SPACE',''
  ) );
#5409 = PCURVE('',#2256,#5410);
#5410 = DEFINITIONAL_REPRESENTATION('',(#5411),#5415);
#5411 = LINE('',#5412,#5413);
#5412 = CARTESIAN_POINT('',(0.,-2.));
#5413 = VECTOR('',#5414,1.);
#5414 = DIRECTION('',(1.,0.));
#5415 = ( GEOMETRIC_REPRESENTATION_CONTEXT(2) 
PARAMETRIC_REPRESENTATION_CONTEXT() REPRESENTATION_CONTEXT('2D SPACE',''
  ) );
#5416 = ORIENTED_EDGE('',*,*,#5417,.T.);
#5417 = EDGE_CURVE('',#5395,#5418,#5420,.T.);
#5418 = VERTEX_POINT('',#5419);
#5419 = CARTESIAN_POINT('',(-6.363254876269,-3.035641163355,2.));
#5420 = SURFACE_CURVE('',#5421,(#5425,#5432),.PCURVE_S1.);
#5421 = LINE('',#5422,#5423);
#5422 = CARTESIAN_POINT('',(-6.546427054942,-2.717052369792,2.));
#5423 = VECTOR('',#5424,1.);
#5424 = DIRECTION('',(0.498437631463,-0.866925560554,0.));
#5425 = PCURVE('',#90,#5426);
#5426 = DEFINITIONAL_REPRESENTATION('',(#5427),#5431);
#5427 = LINE('',#5428,#5429);
#5428 = CARTESIAN_POINT('',(-6.546427054942,-2.717052369792));
#5429 = VECTOR('',#5430,1.);
#5430 = DIRECTION('',(0.498437631463,-0.866925560554));
#5431 = ( GEOMETRIC_REPRESENTATION_CONTEXT(2) 
PARAMETRIC_REPRESENTATION_CONTEXT() REPRESENTATION_CONTEXT('2D SPACE',''
  ) );
#5432 = PCURVE('',#2284,#5433);
#5433 = DEFINITIONAL_REPRESENTATION('',(#5434),#5438);
#5434 = LINE('',#5435,#5436);
#5435 = CARTESIAN_POINT('',(0.,-2.));
#5436 = VECTOR('',#5437,1.);
#5437 = DIRECTION('',(1.,0.));
#5438 = ( GEOMETRIC_REPRESENTATION_CONTEXT(2) 
PARAMETRIC_REPRESENTATION_CONTEXT() REPRESENTATION_CONTEXT('2D SPACE',''
  ) );
#5439 = ORIENTED_EDGE('',*,*,#5440,.T.);
#5440 = EDGE_CURVE('',#5418,#5441,#5443,.T.);
#5441 = VERTEX_POINT('',#5442);
#5442 = CARTESIAN_POINT('',(-6.165064813492,-3.346916831465,2.));
#5443 = SURFACE_CURVE('',#5444,(#5448,#5455),.PCURVE_S1.);
#5444 = LINE('',#5445,#5446);
#5445 = CARTESIAN_POINT('',(-6.363254876269,-3.035641163355,2.));
#5446 = VECTOR('',#5447,1.);
#5447 = DIRECTION('',(0.537079057675,-0.843531911552,0.));
#5448 = PCURVE('',#90,#5449);
#5449 = DEFINITIONAL_REPRESENTATION('',(#5450),#5454);
#5450 = LINE('',#5451,#5452);
#5451 = CARTESIAN_POINT('',(-6.363254876269,-3.035641163355));
#5452 = VECTOR('',#5453,1.);
#5453 = DIRECTION('',(0.537079057675,-0.843531911552));
#5454 = ( GEOMETRIC_REPRESENTATION_CONTEXT(2) 
PARAMETRIC_REPRESENTATION_CONTEXT() REPRESENTATION_CONTEXT('2D SPACE',''
  ) );
#5455 = PCURVE('',#2312,#5456);
#5456 = DEFINITIONAL_REPRESENTATION('',(#5457),#5461);
#5457 = LINE('',#5458,#5459);
#5458 = CARTESIAN_POINT('',(0.,-2.));
#5459 = VECTOR('',#5460,1.);
#5460 = DIRECTION('',(1.,0.));
#5461 = ( GEOMETRIC_REPRESENTATION_CONTEXT(2) 
PARAMETRIC_REPRESENTATION_CONTEXT() REPRESENTATION_CONTEXT('2D SPACE',''
  ) );
#5462 = ORIENTED_EDGE('',*,*,#5463,.T.);
#5463 = EDGE_CURVE('',#5441,#5464,#5466,.T.);
#5464 = VERTEX_POINT('',#5465);
#5465 = CARTESIAN_POINT('',(-5.953299067323,-3.650129483772,2.));
#5466 = SURFACE_CURVE('',#5467,(#5471,#5478),.PCURVE_S1.);
#5467 = LINE('',#5468,#5469);
#5468 = CARTESIAN_POINT('',(-6.165064813492,-3.346916831465,2.));
#5469 = VECTOR('',#5470,1.);
#5470 = DIRECTION('',(0.572585328809,-0.819845132469,0.));
#5471 = PCURVE('',#90,#5472);
#5472 = DEFINITIONAL_REPRESENTATION('',(#5473),#5477);
#5473 = LINE('',#5474,#5475);
#5474 = CARTESIAN_POINT('',(-6.165064813492,-3.346916831465));
#5475 = VECTOR('',#5476,1.);
#5476 = DIRECTION('',(0.572585328809,-0.819845132469));
#5477 = ( GEOMETRIC_REPRESENTATION_CONTEXT(2) 
PARAMETRIC_REPRESENTATION_CONTEXT() REPRESENTATION_CONTEXT('2D SPACE',''
  ) );
#5478 = PCURVE('',#2340,#5479);
#5479 = DEFINITIONAL_REPRESENTATION('',(#5480),#5484);
#5480 = LINE('',#5481,#5482);
#5481 = CARTESIAN_POINT('',(0.,-2.));
#5482 = VECTOR('',#5483,1.);
#5483 = DIRECTION('',(1.,0.));
#5484 = ( GEOMETRIC_REPRESENTATION_CONTEXT(2) 
PARAMETRIC_REPRESENTATION_CONTEXT() REPRESENTATION_CONTEXT('2D SPACE',''
  ) );
#5485 = ORIENTED_EDGE('',*,*,#5486,.T.);
#5486 = EDGE_CURVE('',#5464,#5487,#5489,.T.);
#5487 = VERTEX_POINT('',#5488);
#5488 = CARTESIAN_POINT('',(-5.729313187106,-3.944548654439,2.));
#5489 = SURFACE_CURVE('',#5490,(#5494,#5501),.PCURVE_S1.);
#5490 = LINE('',#5491,#5492);
#5491 = CARTESIAN_POINT('',(-5.953299067323,-3.650129483772,2.));
#5492 = VECTOR('',#5493,1.);
#5493 = DIRECTION('',(0.605472685324,-0.795866086302,0.));
#5494 = PCURVE('',#90,#5495);
#5495 = DEFINITIONAL_REPRESENTATION('',(#5496),#5500);
#5496 = LINE('',#5497,#5498);
#5497 = CARTESIAN_POINT('',(-5.953299067323,-3.650129483772));
#5498 = VECTOR('',#5499,1.);
#5499 = DIRECTION('',(0.605472685324,-0.795866086302));
#5500 = ( GEOMETRIC_REPRESENTATION_CONTEXT(2) 
PARAMETRIC_REPRESENTATION_CONTEXT() REPRESENTATION_CONTEXT('2D SPACE',''
  ) );
#5501 = PCURVE('',#2368,#5502);
#5502 = DEFINITIONAL_REPRESENTATION('',(#5503),#5507);
#5503 = LINE('',#5504,#5505);
#5504 = CARTESIAN_POINT('',(0.,-2.));
#5505 = VECTOR('',#5506,1.);
#5506 = DIRECTION('',(1.,0.));
#5507 = ( GEOMETRIC_REPRESENTATION_CONTEXT(2) 
PARAMETRIC_REPRESENTATION_CONTEXT() REPRESENTATION_CONTEXT('2D SPACE',''
  ) );
#5508 = ORIENTED_EDGE('',*,*,#5509,.T.);
#5509 = EDGE_CURVE('',#5487,#5510,#5512,.T.);
#5510 = VERTEX_POINT('',#5511);
#5511 = CARTESIAN_POINT('',(-5.494364368009,-4.229465061896,2.));
#5512 = SURFACE_CURVE('',#5513,(#5517,#5524),.PCURVE_S1.);
#5513 = LINE('',#5514,#5515);
#5514 = CARTESIAN_POINT('',(-5.729313187106,-3.944548654439,2.));
#5515 = VECTOR('',#5516,1.);
#5516 = DIRECTION('',(0.636210187902,-0.771515778717,0.));
#5517 = PCURVE('',#90,#5518);
#5518 = DEFINITIONAL_REPRESENTATION('',(#5519),#5523);
#5519 = LINE('',#5520,#5521);
#5520 = CARTESIAN_POINT('',(-5.729313187106,-3.944548654439));
#5521 = VECTOR('',#5522,1.);
#5522 = DIRECTION('',(0.636210187902,-0.771515778717));
#5523 = ( GEOMETRIC_REPRESENTATION_CONTEXT(2) 
PARAMETRIC_REPRESENTATION_CONTEXT() REPRESENTATION_CONTEXT('2D SPACE',''
  ) );
#5524 = PCURVE('',#2396,#5525);
#5525 = DEFINITIONAL_REPRESENTATION('',(#5526),#5530);
#5526 = LINE('',#5527,#5528);
#5527 = CARTESIAN_POINT('',(0.,-2.));
#5528 = VECTOR('',#5529,1.);
#5529 = DIRECTION('',(1.,0.));
#5530 = ( GEOMETRIC_REPRESENTATION_CONTEXT(2) 
PARAMETRIC_REPRESENTATION_CONTEXT() REPRESENTATION_CONTEXT('2D SPACE',''
  ) );
#5531 = ORIENTED_EDGE('',*,*,#5532,.T.);
#5532 = EDGE_CURVE('',#5510,#5533,#5535,.T.);
#5533 = VERTEX_POINT('',#5534);
#5534 = CARTESIAN_POINT('',(-5.249606833062,-4.504192317562,2.));
#5535 = SURFACE_CURVE('',#5536,(#5540,#5547),.PCURVE_S1.);
#5536 = LINE('',#5537,#5538);
#5537 = CARTESIAN_POINT('',(-5.494364368009,-4.229465061896,2.));
#5538 = VECTOR('',#5539,1.);
#5539 = DIRECTION('',(0.665206838158,-0.746659134055,0.));
#5540 = PCURVE('',#90,#5541);
#5541 = DEFINITIONAL_REPRESENTATION('',(#5542),#5546);
#5542 = LINE('',#5543,#5544);
#5543 = CARTESIAN_POINT('',(-5.494364368009,-4.229465061896));
#5544 = VECTOR('',#5545,1.);
#5545 = DIRECTION('',(0.665206838158,-0.746659134055));
#5546 = ( GEOMETRIC_REPRESENTATION_CONTEXT(2) 
PARAMETRIC_REPRESENTATION_CONTEXT() REPRESENTATION_CONTEXT('2D SPACE',''
  ) );
#5547 = PCURVE('',#2424,#5548);
#5548 = DEFINITIONAL_REPRESENTATION('',(#5549),#5553);
#5549 = LINE('',#5550,#5551);
#5550 = CARTESIAN_POINT('',(0.,-2.));
#5551 = VECTOR('',#5552,1.);
#5552 = DIRECTION('',(1.,0.));
#5553 = ( GEOMETRIC_REPRESENTATION_CONTEXT(2) 
PARAMETRIC_REPRESENTATION_CONTEXT() REPRESENTATION_CONTEXT('2D SPACE',''
  ) );
#5554 = ORIENTED_EDGE('',*,*,#5555,.T.);
#5555 = EDGE_CURVE('',#5533,#5556,#5558,.T.);
#5556 = VERTEX_POINT('',#5557);
#5557 = CARTESIAN_POINT('',(-4.996092379413,-4.768068579414,2.));
#5558 = SURFACE_CURVE('',#5559,(#5563,#5570),.PCURVE_S1.);
#5559 = LINE('',#5560,#5561);
#5560 = CARTESIAN_POINT('',(-5.249606833062,-4.504192317562,2.));
#5561 = VECTOR('',#5562,1.);
#5562 = DIRECTION('',(0.692806597998,-0.721123441423,0.));
#5563 = PCURVE('',#90,#5564);
#5564 = DEFINITIONAL_REPRESENTATION('',(#5565),#5569);
#5565 = LINE('',#5566,#5567);
#5566 = CARTESIAN_POINT('',(-5.249606833062,-4.504192317562));
#5567 = VECTOR('',#5568,1.);
#5568 = DIRECTION('',(0.692806597998,-0.721123441423));
#5569 = ( GEOMETRIC_REPRESENTATION_CONTEXT(2) 
PARAMETRIC_REPRESENTATION_CONTEXT() REPRESENTATION_CONTEXT('2D SPACE',''
  ) );
#5570 = PCURVE('',#2452,#5571);
#5571 = DEFINITIONAL_REPRESENTATION('',(#5572),#5576);
#5572 = LINE('',#5573,#5574);
#5573 = CARTESIAN_POINT('',(0.,-2.));
#5574 = VECTOR('',#5575,1.);
#5575 = DIRECTION('',(1.,0.));
#5576 = ( GEOMETRIC_REPRESENTATION_CONTEXT(2) 
PARAMETRIC_REPRESENTATION_CONTEXT() REPRESENTATION_CONTEXT('2D SPACE',''
  ) );
#5577 = ORIENTED_EDGE('',*,*,#5578,.T.);
#5578 = EDGE_CURVE('',#5556,#5579,#5581,.T.);
#5579 = VERTEX_POINT('',#5580);
#5580 = CARTESIAN_POINT('',(-4.734774442381,-5.020458146424,2.));
#5581 = SURFACE_CURVE('',#5582,(#5586,#5593),.PCURVE_S1.);
#5582 = LINE('',#5583,#5584);
#5583 = CARTESIAN_POINT('',(-4.996092379413,-4.768068579414,2.));
#5584 = VECTOR('',#5585,1.);
#5585 = DIRECTION('',(0.719287850267,-0.694712162308,0.));
#5586 = PCURVE('',#90,#5587);
#5587 = DEFINITIONAL_REPRESENTATION('',(#5588),#5592);
#5588 = LINE('',#5589,#5590);
#5589 = CARTESIAN_POINT('',(-4.996092379413,-4.768068579414));
#5590 = VECTOR('',#5591,1.);
#5591 = DIRECTION('',(0.719287850267,-0.694712162308));
#5592 = ( GEOMETRIC_REPRESENTATION_CONTEXT(2) 
PARAMETRIC_REPRESENTATION_CONTEXT() REPRESENTATION_CONTEXT('2D SPACE',''
  ) );
#5593 = PCURVE('',#2480,#5594);
#5594 = DEFINITIONAL_REPRESENTATION('',(#5595),#5599);
#5595 = LINE('',#5596,#5597);
#5596 = CARTESIAN_POINT('',(0.,-2.));
#5597 = VECTOR('',#5598,1.);
#5598 = DIRECTION('',(1.,0.));
#5599 = ( GEOMETRIC_REPRESENTATION_CONTEXT(2) 
PARAMETRIC_REPRESENTATION_CONTEXT() REPRESENTATION_CONTEXT('2D SPACE',''
  ) );
#5600 = ORIENTED_EDGE('',*,*,#5601,.T.);
#5601 = EDGE_CURVE('',#5579,#5602,#5604,.T.);
#5602 = VERTEX_POINT('',#5603);
#5603 = CARTESIAN_POINT('',(-4.466514364942,-5.26075299002,2.));
#5604 = SURFACE_CURVE('',#5605,(#5609,#5616),.PCURVE_S1.);
#5605 = LINE('',#5606,#5607);
#5606 = CARTESIAN_POINT('',(-4.734774442381,-5.020458146424,2.));
#5607 = VECTOR('',#5608,1.);
#5608 = DIRECTION('',(0.74486497089,-0.66721523899,0.));
#5609 = PCURVE('',#90,#5610);
#5610 = DEFINITIONAL_REPRESENTATION('',(#5611),#5615);
#5611 = LINE('',#5612,#5613);
#5612 = CARTESIAN_POINT('',(-4.734774442381,-5.020458146424));
#5613 = VECTOR('',#5614,1.);
#5614 = DIRECTION('',(0.74486497089,-0.66721523899));
#5615 = ( GEOMETRIC_REPRESENTATION_CONTEXT(2) 
PARAMETRIC_REPRESENTATION_CONTEXT() REPRESENTATION_CONTEXT('2D SPACE',''
  ) );
#5616 = PCURVE('',#2508,#5617);
#5617 = DEFINITIONAL_REPRESENTATION('',(#5618),#5622);
#5618 = LINE('',#5619,#5620);
#5619 = CARTESIAN_POINT('',(0.,-2.));
#5620 = VECTOR('',#5621,1.);
#5621 = DIRECTION('',(1.,0.));
#5622 = ( GEOMETRIC_REPRESENTATION_CONTEXT(2) 
PARAMETRIC_REPRESENTATION_CONTEXT() REPRESENTATION_CONTEXT('2D SPACE',''
  ) );
#5623 = ORIENTED_EDGE('',*,*,#5624,.T.);
#5624 = EDGE_CURVE('',#5602,#5625,#5627,.T.);
#5625 = VERTEX_POINT('',#5626);
#5626 = CARTESIAN_POINT('',(-4.192088885614,-5.488374218875,2.));
#5627 = SURFACE_CURVE('',#5628,(#5632,#5639),.PCURVE_S1.);
#5628 = LINE('',#5629,#5630);
#5629 = CARTESIAN_POINT('',(-4.466514364942,-5.26075299002,2.));
#5630 = VECTOR('',#5631,1.);
#5631 = DIRECTION('',(0.769690592139,-0.63841709906,0.));
#5632 = PCURVE('',#90,#5633);
#5633 = DEFINITIONAL_REPRESENTATION('',(#5634),#5638);
#5634 = LINE('',#5635,#5636);
#5635 = CARTESIAN_POINT('',(-4.466514364942,-5.26075299002));
#5636 = VECTOR('',#5637,1.);
#5637 = DIRECTION('',(0.769690592139,-0.63841709906));
#5638 = ( GEOMETRIC_REPRESENTATION_CONTEXT(2) 
PARAMETRIC_REPRESENTATION_CONTEXT() REPRESENTATION_CONTEXT('2D SPACE',''
  ) );
#5639 = PCURVE('',#2536,#5640);
#5640 = DEFINITIONAL_REPRESENTATION('',(#5641),#5645);
#5641 = LINE('',#5642,#5643);
#5642 = CARTESIAN_POINT('',(0.,-2.));
#5643 = VECTOR('',#5644,1.);
#5644 = DIRECTION('',(1.,0.));
#5645 = ( GEOMETRIC_REPRESENTATION_CONTEXT(2) 
PARAMETRIC_REPRESENTATION_CONTEXT() REPRESENTATION_CONTEXT('2D SPACE',''
  ) );
#5646 = ORIENTED_EDGE('',*,*,#5647,.T.);
#5647 = EDGE_CURVE('',#5625,#5648,#5650,.T.);
#5648 = VERTEX_POINT('',#5649);
#5649 = CARTESIAN_POINT('',(-3.912198140034,-5.702773473513,2.));
#5650 = SURFACE_CURVE('',#5651,(#5655,#5662),.PCURVE_S1.);
#5651 = LINE('',#5652,#5653);
#5652 = CARTESIAN_POINT('',(-4.192088885614,-5.488374218875,2.));
#5653 = VECTOR('',#5654,1.);
#5654 = DIRECTION('',(0.793857807798,-0.608103429524,0.));
#5655 = PCURVE('',#90,#5656);
#5656 = DEFINITIONAL_REPRESENTATION('',(#5657),#5661);
#5657 = LINE('',#5658,#5659);
#5658 = CARTESIAN_POINT('',(-4.192088885614,-5.488374218875));
#5659 = VECTOR('',#5660,1.);
#5660 = DIRECTION('',(0.793857807798,-0.608103429524));
#5661 = ( GEOMETRIC_REPRESENTATION_CONTEXT(2) 
PARAMETRIC_REPRESENTATION_CONTEXT() REPRESENTATION_CONTEXT('2D SPACE',''
  ) );
#5662 = PCURVE('',#2564,#5663);
#5663 = DEFINITIONAL_REPRESENTATION('',(#5664),#5668);
#5664 = LINE('',#5665,#5666);
#5665 = CARTESIAN_POINT('',(0.,-2.));
#5666 = VECTOR('',#5667,1.);
#5667 = DIRECTION('',(1.,0.));
#5668 = ( GEOMETRIC_REPRESENTATION_CONTEXT(2) 
PARAMETRIC_REPRESENTATION_CONTEXT() REPRESENTATION_CONTEXT('2D SPACE',''
  ) );
#5669 = ORIENTED_EDGE('',*,*,#5670,.T.);
#5670 = EDGE_CURVE('',#5648,#5671,#5673,.T.);
#5671 = VERTEX_POINT('',#5672);
#5672 = CARTESIAN_POINT('',(-3.627473698823,-5.903434247348,2.));
#5673 = SURFACE_CURVE('',#5674,(#5678,#5685),.PCURVE_S1.);
#5674 = LINE('',#5675,#5676);
#5675 = CARTESIAN_POINT('',(-3.912198140034,-5.702773473513,2.));
#5676 = VECTOR('',#5677,1.);
#5677 = DIRECTION('',(0.817402049699,-0.57606760814,0.));
#5678 = PCURVE('',#90,#5679);
#5679 = DEFINITIONAL_REPRESENTATION('',(#5680),#5684);
#5680 = LINE('',#5681,#5682);
#5681 = CARTESIAN_POINT('',(-3.912198140034,-5.702773473513));
#5682 = VECTOR('',#5683,1.);
#5683 = DIRECTION('',(0.817402049699,-0.57606760814));
#5684 = ( GEOMETRIC_REPRESENTATION_CONTEXT(2) 
PARAMETRIC_REPRESENTATION_CONTEXT() REPRESENTATION_CONTEXT('2D SPACE',''
  ) );
#5685 = PCURVE('',#2592,#5686);
#5686 = DEFINITIONAL_REPRESENTATION('',(#5687),#5691);
#5687 = LINE('',#5688,#5689);
#5688 = CARTESIAN_POINT('',(0.,-2.));
#5689 = VECTOR('',#5690,1.);
#5690 = DIRECTION('',(1.,0.));
#5691 = ( GEOMETRIC_REPRESENTATION_CONTEXT(2) 
PARAMETRIC_REPRESENTATION_CONTEXT() REPRESENTATION_CONTEXT('2D SPACE',''
  ) );
#5692 = ORIENTED_EDGE('',*,*,#5693,.T.);
#5693 = EDGE_CURVE('',#5671,#5694,#5696,.T.);
#5694 = VERTEX_POINT('',#5695);
#5695 = CARTESIAN_POINT('',(-3.338486337801,-6.089873131002,2.));
#5696 = SURFACE_CURVE('',#5697,(#5701,#5708),.PCURVE_S1.);
#5697 = LINE('',#5698,#5699);
#5698 = CARTESIAN_POINT('',(-3.627473698823,-5.903434247348,2.));
#5699 = VECTOR('',#5700,1.);
#5700 = DIRECTION('',(0.840302708389,-0.542117476452,0.));
#5701 = PCURVE('',#90,#5702);
#5702 = DEFINITIONAL_REPRESENTATION('',(#5703),#5707);
#5703 = LINE('',#5704,#5705);
#5704 = CARTESIAN_POINT('',(-3.627473698823,-5.903434247348));
#5705 = VECTOR('',#5706,1.);
#5706 = DIRECTION('',(0.840302708389,-0.542117476452));
#5707 = ( GEOMETRIC_REPRESENTATION_CONTEXT(2) 
PARAMETRIC_REPRESENTATION_CONTEXT() REPRESENTATION_CONTEXT('2D SPACE',''
  ) );
#5708 = PCURVE('',#2620,#5709);
#5709 = DEFINITIONAL_REPRESENTATION('',(#5710),#5714);
#5710 = LINE('',#5711,#5712);
#5711 = CARTESIAN_POINT('',(0.,-2.));
#5712 = VECTOR('',#5713,1.);
#5713 = DIRECTION('',(1.,0.));
#5714 = ( GEOMETRIC_REPRESENTATION_CONTEXT(2) 
PARAMETRIC_REPRESENTATION_CONTEXT() REPRESENTATION_CONTEXT('2D SPACE',''
  ) );
#5715 = ORIENTED_EDGE('',*,*,#5716,.T.);
#5716 = EDGE_CURVE('',#5694,#5717,#5719,.T.);
#5717 = VERTEX_POINT('',#5718);
#5718 = CARTESIAN_POINT('',(-3.045753363274,-6.261640976873,2.));
#5719 = SURFACE_CURVE('',#5720,(#5724,#5731),.PCURVE_S1.);
#5720 = LINE('',#5721,#5722);
#5721 = CARTESIAN_POINT('',(-3.338486337801,-6.089873131002,2.));
#5722 = VECTOR('',#5723,1.);
#5723 = DIRECTION('',(0.86248482412,-0.506082926172,0.));
#5724 = PCURVE('',#90,#5725);
#5725 = DEFINITIONAL_REPRESENTATION('',(#5726),#5730);
#5726 = LINE('',#5727,#5728);
#5727 = CARTESIAN_POINT('',(-3.338486337801,-6.089873131002));
#5728 = VECTOR('',#5729,1.);
#5729 = DIRECTION('',(0.86248482412,-0.506082926172));
#5730 = ( GEOMETRIC_REPRESENTATION_CONTEXT(2) 
PARAMETRIC_REPRESENTATION_CONTEXT() REPRESENTATION_CONTEXT('2D SPACE',''
  ) );
#5731 = PCURVE('',#2648,#5732);
#5732 = DEFINITIONAL_REPRESENTATION('',(#5733),#5737);
#5733 = LINE('',#5734,#5735);
#5734 = CARTESIAN_POINT('',(0.,-2.));
#5735 = VECTOR('',#5736,1.);
#5736 = DIRECTION('',(1.,0.));
#5737 = ( GEOMETRIC_REPRESENTATION_CONTEXT(2) 
PARAMETRIC_REPRESENTATION_CONTEXT() REPRESENTATION_CONTEXT('2D SPACE',''
  ) );
#5738 = ORIENTED_EDGE('',*,*,#5739,.T.);
#5739 = EDGE_CURVE('',#5717,#5740,#5742,.T.);
#5740 = VERTEX_POINT('',#5741);
#5741 = CARTESIAN_POINT('',(-2.749745404215,-6.418323981176,2.));
#5742 = SURFACE_CURVE('',#5743,(#5747,#5754),.PCURVE_S1.);
#5743 = LINE('',#5744,#5745);
#5744 = CARTESIAN_POINT('',(-3.045753363274,-6.261640976873,2.));
#5745 = VECTOR('',#5746,1.);
#5746 = DIRECTION('',(0.883821363354,-0.467824537278,0.));
#5747 = PCURVE('',#90,#5748);
#5748 = DEFINITIONAL_REPRESENTATION('',(#5749),#5753);
#5749 = LINE('',#5750,#5751);
#5750 = CARTESIAN_POINT('',(-3.045753363274,-6.261640976873));
#5751 = VECTOR('',#5752,1.);
#5752 = DIRECTION('',(0.883821363354,-0.467824537278));
#5753 = ( GEOMETRIC_REPRESENTATION_CONTEXT(2) 
PARAMETRIC_REPRESENTATION_CONTEXT() REPRESENTATION_CONTEXT('2D SPACE',''
  ) );
#5754 = PCURVE('',#2676,#5755);
#5755 = DEFINITIONAL_REPRESENTATION('',(#5756),#5760);
#5756 = LINE('',#5757,#5758);
#5757 = CARTESIAN_POINT('',(0.,-2.));
#5758 = VECTOR('',#5759,1.);
#5759 = DIRECTION('',(1.,0.));
#5760 = ( GEOMETRIC_REPRESENTATION_CONTEXT(2) 
PARAMETRIC_REPRESENTATION_CONTEXT() REPRESENTATION_CONTEXT('2D SPACE',''
  ) );
#5761 = ORIENTED_EDGE('',*,*,#5762,.T.);
#5762 = EDGE_CURVE('',#5740,#5763,#5765,.T.);
#5763 = VERTEX_POINT('',#5764);
#5764 = CARTESIAN_POINT('',(-2.450892643504,-6.55954468083,2.));
#5765 = SURFACE_CURVE('',#5766,(#5770,#5777),.PCURVE_S1.);
#5766 = LINE('',#5767,#5768);
#5767 = CARTESIAN_POINT('',(-2.749745404215,-6.418323981176,2.));
#5768 = VECTOR('',#5769,1.);
#5769 = DIRECTION('',(0.904136724504,-0.427243236814,0.));
#5770 = PCURVE('',#90,#5771);
#5771 = DEFINITIONAL_REPRESENTATION('',(#5772),#5776);
#5772 = LINE('',#5773,#5774);
#5773 = CARTESIAN_POINT('',(-2.749745404215,-6.418323981176));
#5774 = VECTOR('',#5775,1.);
#5775 = DIRECTION('',(0.904136724504,-0.427243236814));
#5776 = ( GEOMETRIC_REPRESENTATION_CONTEXT(2) 
PARAMETRIC_REPRESENTATION_CONTEXT() REPRESENTATION_CONTEXT('2D SPACE',''
  ) );
#5777 = PCURVE('',#2704,#5778);
#5778 = DEFINITIONAL_REPRESENTATION('',(#5779),#5783);
#5779 = LINE('',#5780,#5781);
#5780 = CARTESIAN_POINT('',(0.,-2.));
#5781 = VECTOR('',#5782,1.);
#5782 = DIRECTION('',(1.,0.));
#5783 = ( GEOMETRIC_REPRESENTATION_CONTEXT(2) 
PARAMETRIC_REPRESENTATION_CONTEXT() REPRESENTATION_CONTEXT('2D SPACE',''
  ) );
#5784 = ORIENTED_EDGE('',*,*,#5785,.T.);
#5785 = EDGE_CURVE('',#5763,#5786,#5788,.T.);
#5786 = VERTEX_POINT('',#5787);
#5787 = CARTESIAN_POINT('',(-2.149590499671,-6.684962862799,2.));
#5788 = SURFACE_CURVE('',#5789,(#5793,#5800),.PCURVE_S1.);
#5789 = LINE('',#5790,#5791);
#5790 = CARTESIAN_POINT('',(-2.450892643504,-6.55954468083,2.));
#5791 = VECTOR('',#5792,1.);
#5792 = DIRECTION('',(0.923212168913,-0.384290633727,0.));
#5793 = PCURVE('',#90,#5794);
#5794 = DEFINITIONAL_REPRESENTATION('',(#5795),#5799);
#5795 = LINE('',#5796,#5797);
#5796 = CARTESIAN_POINT('',(-2.450892643504,-6.55954468083));
#5797 = VECTOR('',#5798,1.);
#5798 = DIRECTION('',(0.923212168913,-0.384290633727));
#5799 = ( GEOMETRIC_REPRESENTATION_CONTEXT(2) 
PARAMETRIC_REPRESENTATION_CONTEXT() REPRESENTATION_CONTEXT('2D SPACE',''
  ) );
#5800 = PCURVE('',#2732,#5801);
#5801 = DEFINITIONAL_REPRESENTATION('',(#5802),#5806);
#5802 = LINE('',#5803,#5804);
#5803 = CARTESIAN_POINT('',(0.,-2.));
#5804 = VECTOR('',#5805,1.);
#5805 = DIRECTION('',(1.,0.));
#5806 = ( GEOMETRIC_REPRESENTATION_CONTEXT(2) 
PARAMETRIC_REPRESENTATION_CONTEXT() REPRESENTATION_CONTEXT('2D SPACE',''
  ) );
#5807 = ORIENTED_EDGE('',*,*,#5808,.T.);
#5808 = EDGE_CURVE('',#5786,#5809,#5811,.T.);
#5809 = VERTEX_POINT('',#5810);
#5810 = CARTESIAN_POINT('',(-1.846204794928,-6.794276383699,2.));
#5811 = SURFACE_CURVE('',#5812,(#5816,#5823),.PCURVE_S1.);
#5812 = LINE('',#5813,#5814);
#5813 = CARTESIAN_POINT('',(-2.149590499671,-6.684962862799,2.));
#5814 = VECTOR('',#5815,1.);
#5815 = DIRECTION('',(0.940793818899,-0.338979336127,0.));
#5816 = PCURVE('',#90,#5817);
#5817 = DEFINITIONAL_REPRESENTATION('',(#5818),#5822);
#5818 = LINE('',#5819,#5820);
#5819 = CARTESIAN_POINT('',(-2.149590499671,-6.684962862799));
#5820 = VECTOR('',#5821,1.);
#5821 = DIRECTION('',(0.940793818899,-0.338979336127));
#5822 = ( GEOMETRIC_REPRESENTATION_CONTEXT(2) 
PARAMETRIC_REPRESENTATION_CONTEXT() REPRESENTATION_CONTEXT('2D SPACE',''
  ) );
#5823 = PCURVE('',#2760,#5824);
#5824 = DEFINITIONAL_REPRESENTATION('',(#5825),#5829);
#5825 = LINE('',#5826,#5827);
#5826 = CARTESIAN_POINT('',(0.,-2.));
#5827 = VECTOR('',#5828,1.);
#5828 = DIRECTION('',(1.,0.));
#5829 = ( GEOMETRIC_REPRESENTATION_CONTEXT(2) 
PARAMETRIC_REPRESENTATION_CONTEXT() REPRESENTATION_CONTEXT('2D SPACE',''
  ) );
#5830 = ORIENTED_EDGE('',*,*,#5831,.T.);
#5831 = EDGE_CURVE('',#5809,#5832,#5834,.T.);
#5832 = VERTEX_POINT('',#5833);
#5833 = CARTESIAN_POINT('',(-1.541076459388,-6.887221897681,2.));
#5834 = SURFACE_CURVE('',#5835,(#5839,#5846),.PCURVE_S1.);
#5835 = LINE('',#5836,#5837);
#5836 = CARTESIAN_POINT('',(-1.846204794928,-6.794276383699,2.));
#5837 = VECTOR('',#5838,1.);
#5838 = DIRECTION('',(0.9566036695,-0.291392209059,0.));
#5839 = PCURVE('',#90,#5840);
#5840 = DEFINITIONAL_REPRESENTATION('',(#5841),#5845);
#5841 = LINE('',#5842,#5843);
#5842 = CARTESIAN_POINT('',(-1.846204794928,-6.794276383699));
#5843 = VECTOR('',#5844,1.);
#5844 = DIRECTION('',(0.9566036695,-0.291392209059));
#5845 = ( GEOMETRIC_REPRESENTATION_CONTEXT(2) 
PARAMETRIC_REPRESENTATION_CONTEXT() REPRESENTATION_CONTEXT('2D SPACE',''
  ) );
#5846 = PCURVE('',#2788,#5847);
#5847 = DEFINITIONAL_REPRESENTATION('',(#5848),#5852);
#5848 = LINE('',#5849,#5850);
#5849 = CARTESIAN_POINT('',(0.,-2.));
#5850 = VECTOR('',#5851,1.);
#5851 = DIRECTION('',(1.,0.));
#5852 = ( GEOMETRIC_REPRESENTATION_CONTEXT(2) 
PARAMETRIC_REPRESENTATION_CONTEXT() REPRESENTATION_CONTEXT('2D SPACE',''
  ) );
#5853 = ORIENTED_EDGE('',*,*,#5854,.T.);
#5854 = EDGE_CURVE('',#5832,#5855,#5857,.T.);
#5855 = VERTEX_POINT('',#5856);
#5856 = CARTESIAN_POINT('',(-1.23452582866,-6.963575490863,2.));
#5857 = SURFACE_CURVE('',#5858,(#5862,#5869),.PCURVE_S1.);
#5858 = LINE('',#5859,#5860);
#5859 = CARTESIAN_POINT('',(-1.541076459388,-6.887221897681,2.));
#5860 = VECTOR('',#5861,1.);
#5861 = DIRECTION('',(0.970353701903,-0.241689249249,0.));
#5862 = PCURVE('',#90,#5863);
#5863 = DEFINITIONAL_REPRESENTATION('',(#5864),#5868);
#5864 = LINE('',#5865,#5866);
#5865 = CARTESIAN_POINT('',(-1.541076459388,-6.887221897681));
#5866 = VECTOR('',#5867,1.);
#5867 = DIRECTION('',(0.970353701903,-0.241689249249));
#5868 = ( GEOMETRIC_REPRESENTATION_CONTEXT(2) 
PARAMETRIC_REPRESENTATION_CONTEXT() REPRESENTATION_CONTEXT('2D SPACE',''
  ) );
#5869 = PCURVE('',#2816,#5870);
#5870 = DEFINITIONAL_REPRESENTATION('',(#5871),#5875);
#5871 = LINE('',#5872,#5873);
#5872 = CARTESIAN_POINT('',(0.,-2.));
#5873 = VECTOR('',#5874,1.);
#5874 = DIRECTION('',(1.,0.));
#5875 = ( GEOMETRIC_REPRESENTATION_CONTEXT(2) 
PARAMETRIC_REPRESENTATION_CONTEXT() REPRESENTATION_CONTEXT('2D SPACE',''
  ) );
#5876 = ORIENTED_EDGE('',*,*,#5877,.T.);
#5877 = EDGE_CURVE('',#5855,#5878,#5880,.T.);
#5878 = VERTEX_POINT('',#5879);
#5879 = CARTESIAN_POINT('',(-0.926856595028,-7.02315322075,2.));
#5880 = SURFACE_CURVE('',#5881,(#5885,#5892),.PCURVE_S1.);
#5881 = LINE('',#5882,#5883);
#5882 = CARTESIAN_POINT('',(-1.23452582866,-6.963575490863,2.));
#5883 = VECTOR('',#5884,1.);
#5884 = DIRECTION('',(0.98176267441,-0.190110628673,0.));
#5885 = PCURVE('',#90,#5886);
#5886 = DEFINITIONAL_REPRESENTATION('',(#5887),#5891);
#5887 = LINE('',#5888,#5889);
#5888 = CARTESIAN_POINT('',(-1.23452582866,-6.963575490863));
#5889 = VECTOR('',#5890,1.);
#5890 = DIRECTION('',(0.98176267441,-0.190110628673));
#5891 = ( GEOMETRIC_REPRESENTATION_CONTEXT(2) 
PARAMETRIC_REPRESENTATION_CONTEXT() REPRESENTATION_CONTEXT('2D SPACE',''
  ) );
#5892 = PCURVE('',#2844,#5893);
#5893 = DEFINITIONAL_REPRESENTATION('',(#5894),#5898);
#5894 = LINE('',#5895,#5896);
#5895 = CARTESIAN_POINT('',(0.,-2.));
#5896 = VECTOR('',#5897,1.);
#5897 = DIRECTION('',(1.,0.));
#5898 = ( GEOMETRIC_REPRESENTATION_CONTEXT(2) 
PARAMETRIC_REPRESENTATION_CONTEXT() REPRESENTATION_CONTEXT('2D SPACE',''
  ) );
#5899 = ORIENTED_EDGE('',*,*,#5900,.T.);
#5900 = EDGE_CURVE('',#5878,#5901,#5903,.T.);
#5901 = VERTEX_POINT('',#5902);
#5902 = CARTESIAN_POINT('',(-0.61835947288,-7.065811559373,2.));
#5903 = SURFACE_CURVE('',#5904,(#5908,#5915),.PCURVE_S1.);
#5904 = LINE('',#5905,#5906);
#5905 = CARTESIAN_POINT('',(-0.926856595028,-7.02315322075,2.));
#5906 = VECTOR('',#5907,1.);
#5907 = DIRECTION('',(0.990574562171,-0.13697458443,0.));
#5908 = PCURVE('',#90,#5909);
#5909 = DEFINITIONAL_REPRESENTATION('',(#5910),#5914);
#5910 = LINE('',#5911,#5912);
#5911 = CARTESIAN_POINT('',(-0.926856595028,-7.02315322075));
#5912 = VECTOR('',#5913,1.);
#5913 = DIRECTION('',(0.990574562171,-0.13697458443));
#5914 = ( GEOMETRIC_REPRESENTATION_CONTEXT(2) 
PARAMETRIC_REPRESENTATION_CONTEXT() REPRESENTATION_CONTEXT('2D SPACE',''
  ) );
#5915 = PCURVE('',#2872,#5916);
#5916 = DEFINITIONAL_REPRESENTATION('',(#5917),#5921);
#5917 = LINE('',#5918,#5919);
#5918 = CARTESIAN_POINT('',(0.,-2.));
#5919 = VECTOR('',#5920,1.);
#5920 = DIRECTION('',(1.,0.));
#5921 = ( GEOMETRIC_REPRESENTATION_CONTEXT(2) 
PARAMETRIC_REPRESENTATION_CONTEXT() REPRESENTATION_CONTEXT('2D SPACE',''
  ) );
#5922 = ORIENTED_EDGE('',*,*,#5923,.T.);
#5923 = EDGE_CURVE('',#5901,#5924,#5926,.T.);
#5924 = VERTEX_POINT('',#5925);
#5925 = CARTESIAN_POINT('',(-0.309315638137,-7.091447739057,2.));
#5926 = SURFACE_CURVE('',#5927,(#5931,#5938),.PCURVE_S1.);
#5927 = LINE('',#5928,#5929);
#5928 = CARTESIAN_POINT('',(-0.61835947288,-7.065811559373,2.));
#5929 = VECTOR('',#5930,1.);
#5930 = DIRECTION('',(0.996577037619,-8.266926931825E-02,0.));
#5931 = PCURVE('',#90,#5932);
#5932 = DEFINITIONAL_REPRESENTATION('',(#5933),#5937);
#5933 = LINE('',#5934,#5935);
#5934 = CARTESIAN_POINT('',(-0.61835947288,-7.065811559373));
#5935 = VECTOR('',#5936,1.);
#5936 = DIRECTION('',(0.996577037619,-8.266926931825E-02));
#5937 = ( GEOMETRIC_REPRESENTATION_CONTEXT(2) 
PARAMETRIC_REPRESENTATION_CONTEXT() REPRESENTATION_CONTEXT('2D SPACE',''
  ) );
#5938 = PCURVE('',#2900,#5939);
#5939 = DEFINITIONAL_REPRESENTATION('',(#5940),#5944);
#5940 = LINE('',#5941,#5942);
#5941 = CARTESIAN_POINT('',(0.,-2.));
#5942 = VECTOR('',#5943,1.);
#5943 = DIRECTION('',(1.,0.));
#5944 = ( GEOMETRIC_REPRESENTATION_CONTEXT(2) 
PARAMETRIC_REPRESENTATION_CONTEXT() REPRESENTATION_CONTEXT('2D SPACE',''
  ) );
#5945 = ORIENTED_EDGE('',*,*,#5946,.T.);
#5946 = EDGE_CURVE('',#5924,#5947,#5949,.T.);
#5947 = VERTEX_POINT('',#5948);
#5948 = CARTESIAN_POINT('',(-1.157704027486E-15,-7.1,2.));
#5949 = SURFACE_CURVE('',#5950,(#5954,#5961),.PCURVE_S1.);
#5950 = LINE('',#5951,#5952);
#5951 = CARTESIAN_POINT('',(-0.309315638137,-7.091447739057,2.));
#5952 = VECTOR('',#5953,1.);
#5953 = DIRECTION('',(0.999617986051,-2.763841463622E-02,0.));
#5954 = PCURVE('',#90,#5955);
#5955 = DEFINITIONAL_REPRESENTATION('',(#5956),#5960);
#5956 = LINE('',#5957,#5958);
#5957 = CARTESIAN_POINT('',(-0.309315638137,-7.091447739057));
#5958 = VECTOR('',#5959,1.);
#5959 = DIRECTION('',(0.999617986051,-2.763841463622E-02));
#5960 = ( GEOMETRIC_REPRESENTATION_CONTEXT(2) 
PARAMETRIC_REPRESENTATION_CONTEXT() REPRESENTATION_CONTEXT('2D SPACE',''
  ) );
#5961 = PCURVE('',#2928,#5962);
#5962 = DEFINITIONAL_REPRESENTATION('',(#5963),#5967);
#5963 = LINE('',#5964,#5965);
#5964 = CARTESIAN_POINT('',(0.,-2.));
#5965 = VECTOR('',#5966,1.);
#5966 = DIRECTION('',(1.,0.));
#5967 = ( GEOMETRIC_REPRESENTATION_CONTEXT(2) 
PARAMETRIC_REPRESENTATION_CONTEXT() REPRESENTATION_CONTEXT('2D SPACE',''
  ) );
#5968 = ORIENTED_EDGE('',*,*,#5969,.T.);
#5969 = EDGE_CURVE('',#5947,#5970,#5972,.T.);
#5970 = VERTEX_POINT('',#5971);
#5971 = CARTESIAN_POINT('',(0.309315638137,-7.091447739057,2.));
#5972 = SURFACE_CURVE('',#5973,(#5977,#5984),.PCURVE_S1.);
#5973 = LINE('',#5974,#5975);
#5974 = CARTESIAN_POINT('',(-1.157704027486E-15,-7.1,2.));
#5975 = VECTOR('',#5976,1.);
#5976 = DIRECTION('',(0.999617986051,2.763841463622E-02,0.));
#5977 = PCURVE('',#90,#5978);
#5978 = DEFINITIONAL_REPRESENTATION('',(#5979),#5983);
#5979 = LINE('',#5980,#5981);
#5980 = CARTESIAN_POINT('',(-7.070107410084E-16,-7.1));
#5981 = VECTOR('',#5982,1.);
#5982 = DIRECTION('',(0.999617986051,2.763841463622E-02));
#5983 = ( GEOMETRIC_REPRESENTATION_CONTEXT(2) 
PARAMETRIC_REPRESENTATION_CONTEXT() REPRESENTATION_CONTEXT('2D SPACE',''
  ) );
#5984 = PCURVE('',#2956,#5985);
#5985 = DEFINITIONAL_REPRESENTATION('',(#5986),#5990);
#5986 = LINE('',#5987,#5988);
#5987 = CARTESIAN_POINT('',(0.,-2.));
#5988 = VECTOR('',#5989,1.);
#5989 = DIRECTION('',(1.,0.));
#5990 = ( GEOMETRIC_REPRESENTATION_CONTEXT(2) 
PARAMETRIC_REPRESENTATION_CONTEXT() REPRESENTATION_CONTEXT('2D SPACE',''
  ) );
#5991 = ORIENTED_EDGE('',*,*,#5992,.T.);
#5992 = EDGE_CURVE('',#5970,#5993,#5995,.T.);
#5993 = VERTEX_POINT('',#5994);
#5994 = CARTESIAN_POINT('',(0.61835947288,-7.065811559373,2.));
#5995 = SURFACE_CURVE('',#5996,(#6000,#6007),.PCURVE_S1.);
#5996 = LINE('',#5997,#5998);
#5997 = CARTESIAN_POINT('',(0.309315638137,-7.091447739057,2.));
#5998 = VECTOR('',#5999,1.);
#5999 = DIRECTION('',(0.996577037619,8.266926931825E-02,0.));
#6000 = PCURVE('',#90,#6001);
#6001 = DEFINITIONAL_REPRESENTATION('',(#6002),#6006);
#6002 = LINE('',#6003,#6004);
#6003 = CARTESIAN_POINT('',(0.309315638137,-7.091447739057));
#6004 = VECTOR('',#6005,1.);
#6005 = DIRECTION('',(0.996577037619,8.266926931825E-02));
#6006 = ( GEOMETRIC_REPRESENTATION_CONTEXT(2) 
PARAMETRIC_REPRESENTATION_CONTEXT() REPRESENTATION_CONTEXT('2D SPACE',''
  ) );
#6007 = PCURVE('',#2984,#6008);
#6008 = DEFINITIONAL_REPRESENTATION('',(#6009),#6013);
#6009 = LINE('',#6010,#6011);
#6010 = CARTESIAN_POINT('',(0.,-2.));
#6011 = VECTOR('',#6012,1.);
#6012 = DIRECTION('',(1.,0.));
#6013 = ( GEOMETRIC_REPRESENTATION_CONTEXT(2) 
PARAMETRIC_REPRESENTATION_CONTEXT() REPRESENTATION_CONTEXT('2D SPACE',''
  ) );
#6014 = ORIENTED_EDGE('',*,*,#6015,.T.);
#6015 = EDGE_CURVE('',#5993,#6016,#6018,.T.);
#6016 = VERTEX_POINT('',#6017);
#6017 = CARTESIAN_POINT('',(0.926856595028,-7.02315322075,2.));
#6018 = SURFACE_CURVE('',#6019,(#6023,#6030),.PCURVE_S1.);
#6019 = LINE('',#6020,#6021);
#6020 = CARTESIAN_POINT('',(0.61835947288,-7.065811559373,2.));
#6021 = VECTOR('',#6022,1.);
#6022 = DIRECTION('',(0.990574562171,0.13697458443,0.));
#6023 = PCURVE('',#90,#6024);
#6024 = DEFINITIONAL_REPRESENTATION('',(#6025),#6029);
#6025 = LINE('',#6026,#6027);
#6026 = CARTESIAN_POINT('',(0.61835947288,-7.065811559373));
#6027 = VECTOR('',#6028,1.);
#6028 = DIRECTION('',(0.990574562171,0.13697458443));
#6029 = ( GEOMETRIC_REPRESENTATION_CONTEXT(2) 
PARAMETRIC_REPRESENTATION_CONTEXT() REPRESENTATION_CONTEXT('2D SPACE',''
  ) );
#6030 = PCURVE('',#3012,#6031);
#6031 = DEFINITIONAL_REPRESENTATION('',(#6032),#6036);
#6032 = LINE('',#6033,#6034);
#6033 = CARTESIAN_POINT('',(0.,-2.));
#6034 = VECTOR('',#6035,1.);
#6035 = DIRECTION('',(1.,0.));
#6036 = ( GEOMETRIC_REPRESENTATION_CONTEXT(2) 
PARAMETRIC_REPRESENTATION_CONTEXT() REPRESENTATION_CONTEXT('2D SPACE',''
  ) );
#6037 = ORIENTED_EDGE('',*,*,#6038,.T.);
#6038 = EDGE_CURVE('',#6016,#6039,#6041,.T.);
#6039 = VERTEX_POINT('',#6040);
#6040 = CARTESIAN_POINT('',(1.23452582866,-6.963575490863,2.));
#6041 = SURFACE_CURVE('',#6042,(#6046,#6053),.PCURVE_S1.);
#6042 = LINE('',#6043,#6044);
#6043 = CARTESIAN_POINT('',(0.926856595028,-7.02315322075,2.));
#6044 = VECTOR('',#6045,1.);
#6045 = DIRECTION('',(0.98176267441,0.190110628673,0.));
#6046 = PCURVE('',#90,#6047);
#6047 = DEFINITIONAL_REPRESENTATION('',(#6048),#6052);
#6048 = LINE('',#6049,#6050);
#6049 = CARTESIAN_POINT('',(0.926856595028,-7.02315322075));
#6050 = VECTOR('',#6051,1.);
#6051 = DIRECTION('',(0.98176267441,0.190110628673));
#6052 = ( GEOMETRIC_REPRESENTATION_CONTEXT(2) 
PARAMETRIC_REPRESENTATION_CONTEXT() REPRESENTATION_CONTEXT('2D SPACE',''
  ) );
#6053 = PCURVE('',#3040,#6054);
#6054 = DEFINITIONAL_REPRESENTATION('',(#6055),#6059);
#6055 = LINE('',#6056,#6057);
#6056 = CARTESIAN_POINT('',(0.,-2.));
#6057 = VECTOR('',#6058,1.);
#6058 = DIRECTION('',(1.,0.));
#6059 = ( GEOMETRIC_REPRESENTATION_CONTEXT(2) 
PARAMETRIC_REPRESENTATION_CONTEXT() REPRESENTATION_CONTEXT('2D SPACE',''
  ) );
#6060 = ORIENTED_EDGE('',*,*,#6061,.T.);
#6061 = EDGE_CURVE('',#6039,#6062,#6064,.T.);
#6062 = VERTEX_POINT('',#6063);
#6063 = CARTESIAN_POINT('',(1.541076459388,-6.887221897681,2.));
#6064 = SURFACE_CURVE('',#6065,(#6069,#6076),.PCURVE_S1.);
#6065 = LINE('',#6066,#6067);
#6066 = CARTESIAN_POINT('',(1.23452582866,-6.963575490863,2.));
#6067 = VECTOR('',#6068,1.);
#6068 = DIRECTION('',(0.970353701903,0.241689249249,0.));
#6069 = PCURVE('',#90,#6070);
#6070 = DEFINITIONAL_REPRESENTATION('',(#6071),#6075);
#6071 = LINE('',#6072,#6073);
#6072 = CARTESIAN_POINT('',(1.23452582866,-6.963575490863));
#6073 = VECTOR('',#6074,1.);
#6074 = DIRECTION('',(0.970353701903,0.241689249249));
#6075 = ( GEOMETRIC_REPRESENTATION_CONTEXT(2) 
PARAMETRIC_REPRESENTATION_CONTEXT() REPRESENTATION_CONTEXT('2D SPACE',''
  ) );
#6076 = PCURVE('',#3068,#6077);
#6077 = DEFINITIONAL_REPRESENTATION('',(#6078),#6082);
#6078 = LINE('',#6079,#6080);
#6079 = CARTESIAN_POINT('',(0.,-2.));
#6080 = VECTOR('',#6081,1.);
#6081 = DIRECTION('',(1.,0.));
#6082 = ( GEOMETRIC_REPRESENTATION_CONTEXT(2) 
PARAMETRIC_REPRESENTATION_CONTEXT() REPRESENTATION_CONTEXT('2D SPACE',''
  ) );
#6083 = ORIENTED_EDGE('',*,*,#6084,.T.);
#6084 = EDGE_CURVE('',#6062,#6085,#6087,.T.);
#6085 = VERTEX_POINT('',#6086);
#6086 = CARTESIAN_POINT('',(1.846204794928,-6.794276383699,2.));
#6087 = SURFACE_CURVE('',#6088,(#6092,#6099),.PCURVE_S1.);
#6088 = LINE('',#6089,#6090);
#6089 = CARTESIAN_POINT('',(1.541076459388,-6.887221897681,2.));
#6090 = VECTOR('',#6091,1.);
#6091 = DIRECTION('',(0.9566036695,0.291392209059,0.));
#6092 = PCURVE('',#90,#6093);
#6093 = DEFINITIONAL_REPRESENTATION('',(#6094),#6098);
#6094 = LINE('',#6095,#6096);
#6095 = CARTESIAN_POINT('',(1.541076459388,-6.887221897681));
#6096 = VECTOR('',#6097,1.);
#6097 = DIRECTION('',(0.9566036695,0.291392209059));
#6098 = ( GEOMETRIC_REPRESENTATION_CONTEXT(2) 
PARAMETRIC_REPRESENTATION_CONTEXT() REPRESENTATION_CONTEXT('2D SPACE',''
  ) );
#6099 = PCURVE('',#3096,#6100);
#6100 = DEFINITIONAL_REPRESENTATION('',(#6101),#6105);
#6101 = LINE('',#6102,#6103);
#6102 = CARTESIAN_POINT('',(0.,-2.));
#6103 = VECTOR('',#6104,1.);
#6104 = DIRECTION('',(1.,0.));
#6105 = ( GEOMETRIC_REPRESENTATION_CONTEXT(2) 
PARAMETRIC_REPRESENTATION_CONTEXT() REPRESENTATION_CONTEXT('2D SPACE',''
  ) );
#6106 = ORIENTED_EDGE('',*,*,#6107,.T.);
#6107 = EDGE_CURVE('',#6085,#6108,#6110,.T.);
#6108 = VERTEX_POINT('',#6109);
#6109 = CARTESIAN_POINT('',(2.149590499671,-6.684962862799,2.));
#6110 = SURFACE_CURVE('',#6111,(#6115,#6122),.PCURVE_S1.);
#6111 = LINE('',#6112,#6113);
#6112 = CARTESIAN_POINT('',(1.846204794928,-6.794276383699,2.));
#6113 = VECTOR('',#6114,1.);
#6114 = DIRECTION('',(0.940793818899,0.338979336127,0.));
#6115 = PCURVE('',#90,#6116);
#6116 = DEFINITIONAL_REPRESENTATION('',(#6117),#6121);
#6117 = LINE('',#6118,#6119);
#6118 = CARTESIAN_POINT('',(1.846204794928,-6.794276383699));
#6119 = VECTOR('',#6120,1.);
#6120 = DIRECTION('',(0.940793818899,0.338979336127));
#6121 = ( GEOMETRIC_REPRESENTATION_CONTEXT(2) 
PARAMETRIC_REPRESENTATION_CONTEXT() REPRESENTATION_CONTEXT('2D SPACE',''
  ) );
#6122 = PCURVE('',#3124,#6123);
#6123 = DEFINITIONAL_REPRESENTATION('',(#6124),#6128);
#6124 = LINE('',#6125,#6126);
#6125 = CARTESIAN_POINT('',(0.,-2.));
#6126 = VECTOR('',#6127,1.);
#6127 = DIRECTION('',(1.,0.));
#6128 = ( GEOMETRIC_REPRESENTATION_CONTEXT(2) 
PARAMETRIC_REPRESENTATION_CONTEXT() REPRESENTATION_CONTEXT('2D SPACE',''
  ) );
#6129 = ORIENTED_EDGE('',*,*,#6130,.T.);
#6130 = EDGE_CURVE('',#6108,#6131,#6133,.T.);
#6131 = VERTEX_POINT('',#6132);
#6132 = CARTESIAN_POINT('',(2.450892643504,-6.55954468083,2.));
#6133 = SURFACE_CURVE('',#6134,(#6138,#6145),.PCURVE_S1.);
#6134 = LINE('',#6135,#6136);
#6135 = CARTESIAN_POINT('',(2.149590499671,-6.684962862799,2.));
#6136 = VECTOR('',#6137,1.);
#6137 = DIRECTION('',(0.923212168913,0.384290633727,0.));
#6138 = PCURVE('',#90,#6139);
#6139 = DEFINITIONAL_REPRESENTATION('',(#6140),#6144);
#6140 = LINE('',#6141,#6142);
#6141 = CARTESIAN_POINT('',(2.149590499671,-6.684962862799));
#6142 = VECTOR('',#6143,1.);
#6143 = DIRECTION('',(0.923212168913,0.384290633727));
#6144 = ( GEOMETRIC_REPRESENTATION_CONTEXT(2) 
PARAMETRIC_REPRESENTATION_CONTEXT() REPRESENTATION_CONTEXT('2D SPACE',''
  ) );
#6145 = PCURVE('',#3152,#6146);
#6146 = DEFINITIONAL_REPRESENTATION('',(#6147),#6151);
#6147 = LINE('',#6148,#6149);
#6148 = CARTESIAN_POINT('',(0.,-2.));
#6149 = VECTOR('',#6150,1.);
#6150 = DIRECTION('',(1.,0.));
#6151 = ( GEOMETRIC_REPRESENTATION_CONTEXT(2) 
PARAMETRIC_REPRESENTATION_CONTEXT() REPRESENTATION_CONTEXT('2D SPACE',''
  ) );
#6152 = ORIENTED_EDGE('',*,*,#6153,.T.);
#6153 = EDGE_CURVE('',#6131,#6154,#6156,.T.);
#6154 = VERTEX_POINT('',#6155);
#6155 = CARTESIAN_POINT('',(2.749745404215,-6.418323981176,2.));
#6156 = SURFACE_CURVE('',#6157,(#6161,#6168),.PCURVE_S1.);
#6157 = LINE('',#6158,#6159);
#6158 = CARTESIAN_POINT('',(2.450892643504,-6.55954468083,2.));
#6159 = VECTOR('',#6160,1.);
#6160 = DIRECTION('',(0.904136724504,0.427243236814,0.));
#6161 = PCURVE('',#90,#6162);
#6162 = DEFINITIONAL_REPRESENTATION('',(#6163),#6167);
#6163 = LINE('',#6164,#6165);
#6164 = CARTESIAN_POINT('',(2.450892643504,-6.55954468083));
#6165 = VECTOR('',#6166,1.);
#6166 = DIRECTION('',(0.904136724504,0.427243236814));
#6167 = ( GEOMETRIC_REPRESENTATION_CONTEXT(2) 
PARAMETRIC_REPRESENTATION_CONTEXT() REPRESENTATION_CONTEXT('2D SPACE',''
  ) );
#6168 = PCURVE('',#3180,#6169);
#6169 = DEFINITIONAL_REPRESENTATION('',(#6170),#6174);
#6170 = LINE('',#6171,#6172);
#6171 = CARTESIAN_POINT('',(0.,-2.));
#6172 = VECTOR('',#6173,1.);
#6173 = DIRECTION('',(1.,0.));
#6174 = ( GEOMETRIC_REPRESENTATION_CONTEXT(2) 
PARAMETRIC_REPRESENTATION_CONTEXT() REPRESENTATION_CONTEXT('2D SPACE',''
  ) );
#6175 = ORIENTED_EDGE('',*,*,#6176,.T.);
#6176 = EDGE_CURVE('',#6154,#6177,#6179,.T.);
#6177 = VERTEX_POINT('',#6178);
#6178 = CARTESIAN_POINT('',(3.045753363274,-6.261640976873,2.));
#6179 = SURFACE_CURVE('',#6180,(#6184,#6191),.PCURVE_S1.);
#6180 = LINE('',#6181,#6182);
#6181 = CARTESIAN_POINT('',(2.749745404215,-6.418323981176,2.));
#6182 = VECTOR('',#6183,1.);
#6183 = DIRECTION('',(0.883821363354,0.467824537278,0.));
#6184 = PCURVE('',#90,#6185);
#6185 = DEFINITIONAL_REPRESENTATION('',(#6186),#6190);
#6186 = LINE('',#6187,#6188);
#6187 = CARTESIAN_POINT('',(2.749745404215,-6.418323981176));
#6188 = VECTOR('',#6189,1.);
#6189 = DIRECTION('',(0.883821363354,0.467824537278));
#6190 = ( GEOMETRIC_REPRESENTATION_CONTEXT(2) 
PARAMETRIC_REPRESENTATION_CONTEXT() REPRESENTATION_CONTEXT('2D SPACE',''
  ) );
#6191 = PCURVE('',#3208,#6192);
#6192 = DEFINITIONAL_REPRESENTATION('',(#6193),#6197);
#6193 = LINE('',#6194,#6195);
#6194 = CARTESIAN_POINT('',(0.,-2.));
#6195 = VECTOR('',#6196,1.);
#6196 = DIRECTION('',(1.,0.));
#6197 = ( GEOMETRIC_REPRESENTATION_CONTEXT(2) 
PARAMETRIC_REPRESENTATION_CONTEXT() REPRESENTATION_CONTEXT('2D SPACE',''
  ) );
#6198 = ORIENTED_EDGE('',*,*,#6199,.T.);
#6199 = EDGE_CURVE('',#6177,#6200,#6202,.T.);
#6200 = VERTEX_POINT('',#6201);
#6201 = CARTESIAN_POINT('',(3.338486337801,-6.089873131002,2.));
#6202 = SURFACE_CURVE('',#6203,(#6207,#6214),.PCURVE_S1.);
#6203 = LINE('',#6204,#6205);
#6204 = CARTESIAN_POINT('',(3.045753363274,-6.261640976873,2.));
#6205 = VECTOR('',#6206,1.);
#6206 = DIRECTION('',(0.86248482412,0.506082926172,0.));
#6207 = PCURVE('',#90,#6208);
#6208 = DEFINITIONAL_REPRESENTATION('',(#6209),#6213);
#6209 = LINE('',#6210,#6211);
#6210 = CARTESIAN_POINT('',(3.045753363274,-6.261640976873));
#6211 = VECTOR('',#6212,1.);
#6212 = DIRECTION('',(0.86248482412,0.506082926172));
#6213 = ( GEOMETRIC_REPRESENTATION_CONTEXT(2) 
PARAMETRIC_REPRESENTATION_CONTEXT() REPRESENTATION_CONTEXT('2D SPACE',''
  ) );
#6214 = PCURVE('',#3236,#6215);
#6215 = DEFINITIONAL_REPRESENTATION('',(#6216),#6220);
#6216 = LINE('',#6217,#6218);
#6217 = CARTESIAN_POINT('',(0.,-2.));
#6218 = VECTOR('',#6219,1.);
#6219 = DIRECTION('',(1.,0.));
#6220 = ( GEOMETRIC_REPRESENTATION_CONTEXT(2) 
PARAMETRIC_REPRESENTATION_CONTEXT() REPRESENTATION_CONTEXT('2D SPACE',''
  ) );
#6221 = ORIENTED_EDGE('',*,*,#6222,.T.);
#6222 = EDGE_CURVE('',#6200,#6223,#6225,.T.);
#6223 = VERTEX_POINT('',#6224);
#6224 = CARTESIAN_POINT('',(3.627473698823,-5.903434247348,2.));
#6225 = SURFACE_CURVE('',#6226,(#6230,#6237),.PCURVE_S1.);
#6226 = LINE('',#6227,#6228);
#6227 = CARTESIAN_POINT('',(3.338486337801,-6.089873131002,2.));
#6228 = VECTOR('',#6229,1.);
#6229 = DIRECTION('',(0.840302708389,0.542117476452,0.));
#6230 = PCURVE('',#90,#6231);
#6231 = DEFINITIONAL_REPRESENTATION('',(#6232),#6236);
#6232 = LINE('',#6233,#6234);
#6233 = CARTESIAN_POINT('',(3.338486337801,-6.089873131002));
#6234 = VECTOR('',#6235,1.);
#6235 = DIRECTION('',(0.840302708389,0.542117476452));
#6236 = ( GEOMETRIC_REPRESENTATION_CONTEXT(2) 
PARAMETRIC_REPRESENTATION_CONTEXT() REPRESENTATION_CONTEXT('2D SPACE',''
  ) );
#6237 = PCURVE('',#3264,#6238);
#6238 = DEFINITIONAL_REPRESENTATION('',(#6239),#6243);
#6239 = LINE('',#6240,#6241);
#6240 = CARTESIAN_POINT('',(0.,-2.));
#6241 = VECTOR('',#6242,1.);
#6242 = DIRECTION('',(1.,0.));
#6243 = ( GEOMETRIC_REPRESENTATION_CONTEXT(2) 
PARAMETRIC_REPRESENTATION_CONTEXT() REPRESENTATION_CONTEXT('2D SPACE',''
  ) );
#6244 = ORIENTED_EDGE('',*,*,#6245,.T.);
#6245 = EDGE_CURVE('',#6223,#6246,#6248,.T.);
#6246 = VERTEX_POINT('',#6247);
#6247 = CARTESIAN_POINT('',(3.912198140034,-5.702773473513,2.));
#6248 = SURFACE_CURVE('',#6249,(#6253,#6260),.PCURVE_S1.);
#6249 = LINE('',#6250,#6251);
#6250 = CARTESIAN_POINT('',(3.627473698823,-5.903434247348,2.));
#6251 = VECTOR('',#6252,1.);
#6252 = DIRECTION('',(0.817402049699,0.57606760814,0.));
#6253 = PCURVE('',#90,#6254);
#6254 = DEFINITIONAL_REPRESENTATION('',(#6255),#6259);
#6255 = LINE('',#6256,#6257);
#6256 = CARTESIAN_POINT('',(3.627473698823,-5.903434247348));
#6257 = VECTOR('',#6258,1.);
#6258 = DIRECTION('',(0.817402049699,0.57606760814));
#6259 = ( GEOMETRIC_REPRESENTATION_CONTEXT(2) 
PARAMETRIC_REPRESENTATION_CONTEXT() REPRESENTATION_CONTEXT('2D SPACE',''
  ) );
#6260 = PCURVE('',#3292,#6261);
#6261 = DEFINITIONAL_REPRESENTATION('',(#6262),#6266);
#6262 = LINE('',#6263,#6264);
#6263 = CARTESIAN_POINT('',(0.,-2.));
#6264 = VECTOR('',#6265,1.);
#6265 = DIRECTION('',(1.,0.));
#6266 = ( GEOMETRIC_REPRESENTATION_CONTEXT(2) 
PARAMETRIC_REPRESENTATION_CONTEXT() REPRESENTATION_CONTEXT('2D SPACE',''
  ) );
#6267 = ORIENTED_EDGE('',*,*,#6268,.T.);
#6268 = EDGE_CURVE('',#6246,#6269,#6271,.T.);
#6269 = VERTEX_POINT('',#6270);
#6270 = CARTESIAN_POINT('',(4.192088885614,-5.488374218875,2.));
#6271 = SURFACE_CURVE('',#6272,(#6276,#6283),.PCURVE_S1.);
#6272 = LINE('',#6273,#6274);
#6273 = CARTESIAN_POINT('',(3.912198140034,-5.702773473513,2.));
#6274 = VECTOR('',#6275,1.);
#6275 = DIRECTION('',(0.793857807798,0.608103429524,0.));
#6276 = PCURVE('',#90,#6277);
#6277 = DEFINITIONAL_REPRESENTATION('',(#6278),#6282);
#6278 = LINE('',#6279,#6280);
#6279 = CARTESIAN_POINT('',(3.912198140034,-5.702773473513));
#6280 = VECTOR('',#6281,1.);
#6281 = DIRECTION('',(0.793857807798,0.608103429524));
#6282 = ( GEOMETRIC_REPRESENTATION_CONTEXT(2) 
PARAMETRIC_REPRESENTATION_CONTEXT() REPRESENTATION_CONTEXT('2D SPACE',''
  ) );
#6283 = PCURVE('',#3320,#6284);
#6284 = DEFINITIONAL_REPRESENTATION('',(#6285),#6289);
#6285 = LINE('',#6286,#6287);
#6286 = CARTESIAN_POINT('',(0.,-2.));
#6287 = VECTOR('',#6288,1.);
#6288 = DIRECTION('',(1.,0.));
#6289 = ( GEOMETRIC_REPRESENTATION_CONTEXT(2) 
PARAMETRIC_REPRESENTATION_CONTEXT() REPRESENTATION_CONTEXT('2D SPACE',''
  ) );
#6290 = ORIENTED_EDGE('',*,*,#6291,.T.);
#6291 = EDGE_CURVE('',#6269,#6292,#6294,.T.);
#6292 = VERTEX_POINT('',#6293);
#6293 = CARTESIAN_POINT('',(4.466514364942,-5.26075299002,2.));
#6294 = SURFACE_CURVE('',#6295,(#6299,#6306),.PCURVE_S1.);
#6295 = LINE('',#6296,#6297);
#6296 = CARTESIAN_POINT('',(4.192088885614,-5.488374218875,2.));
#6297 = VECTOR('',#6298,1.);
#6298 = DIRECTION('',(0.769690592139,0.63841709906,0.));
#6299 = PCURVE('',#90,#6300);
#6300 = DEFINITIONAL_REPRESENTATION('',(#6301),#6305);
#6301 = LINE('',#6302,#6303);
#6302 = CARTESIAN_POINT('',(4.192088885614,-5.488374218875));
#6303 = VECTOR('',#6304,1.);
#6304 = DIRECTION('',(0.769690592139,0.63841709906));
#6305 = ( GEOMETRIC_REPRESENTATION_CONTEXT(2) 
PARAMETRIC_REPRESENTATION_CONTEXT() REPRESENTATION_CONTEXT('2D SPACE',''
  ) );
#6306 = PCURVE('',#3348,#6307);
#6307 = DEFINITIONAL_REPRESENTATION('',(#6308),#6312);
#6308 = LINE('',#6309,#6310);
#6309 = CARTESIAN_POINT('',(0.,-2.));
#6310 = VECTOR('',#6311,1.);
#6311 = DIRECTION('',(1.,0.));
#6312 = ( GEOMETRIC_REPRESENTATION_CONTEXT(2) 
PARAMETRIC_REPRESENTATION_CONTEXT() REPRESENTATION_CONTEXT('2D SPACE',''
  ) );
#6313 = ORIENTED_EDGE('',*,*,#6314,.T.);
#6314 = EDGE_CURVE('',#6292,#6315,#6317,.T.);
#6315 = VERTEX_POINT('',#6316);
#6316 = CARTESIAN_POINT('',(4.734774442381,-5.020458146424,2.));
#6317 = SURFACE_CURVE('',#6318,(#6322,#6329),.PCURVE_S1.);
#6318 = LINE('',#6319,#6320);
#6319 = CARTESIAN_POINT('',(4.466514364942,-5.26075299002,2.));
#6320 = VECTOR('',#6321,1.);
#6321 = DIRECTION('',(0.74486497089,0.66721523899,0.));
#6322 = PCURVE('',#90,#6323);
#6323 = DEFINITIONAL_REPRESENTATION('',(#6324),#6328);
#6324 = LINE('',#6325,#6326);
#6325 = CARTESIAN_POINT('',(4.466514364942,-5.26075299002));
#6326 = VECTOR('',#6327,1.);
#6327 = DIRECTION('',(0.74486497089,0.66721523899));
#6328 = ( GEOMETRIC_REPRESENTATION_CONTEXT(2) 
PARAMETRIC_REPRESENTATION_CONTEXT() REPRESENTATION_CONTEXT('2D SPACE',''
  ) );
#6329 = PCURVE('',#3376,#6330);
#6330 = DEFINITIONAL_REPRESENTATION('',(#6331),#6335);
#6331 = LINE('',#6332,#6333);
#6332 = CARTESIAN_POINT('',(0.,-2.));
#6333 = VECTOR('',#6334,1.);
#6334 = DIRECTION('',(1.,0.));
#6335 = ( GEOMETRIC_REPRESENTATION_CONTEXT(2) 
PARAMETRIC_REPRESENTATION_CONTEXT() REPRESENTATION_CONTEXT('2D SPACE',''
  ) );
#6336 = ORIENTED_EDGE('',*,*,#6337,.T.);
#6337 = EDGE_CURVE('',#6315,#6338,#6340,.T.);
#6338 = VERTEX_POINT('',#6339);
#6339 = CARTESIAN_POINT('',(4.996092379413,-4.768068579414,2.));
#6340 = SURFACE_CURVE('',#6341,(#6345,#6352),.PCURVE_S1.);
#6341 = LINE('',#6342,#6343);
#6342 = CARTESIAN_POINT('',(4.734774442381,-5.020458146424,2.));
#6343 = VECTOR('',#6344,1.);
#6344 = DIRECTION('',(0.719287850267,0.694712162308,0.));
#6345 = PCURVE('',#90,#6346);
#6346 = DEFINITIONAL_REPRESENTATION('',(#6347),#6351);
#6347 = LINE('',#6348,#6349);
#6348 = CARTESIAN_POINT('',(4.734774442381,-5.020458146424));
#6349 = VECTOR('',#6350,1.);
#6350 = DIRECTION('',(0.719287850267,0.694712162308));
#6351 = ( GEOMETRIC_REPRESENTATION_CONTEXT(2) 
PARAMETRIC_REPRESENTATION_CONTEXT() REPRESENTATION_CONTEXT('2D SPACE',''
  ) );
#6352 = PCURVE('',#3404,#6353);
#6353 = DEFINITIONAL_REPRESENTATION('',(#6354),#6358);
#6354 = LINE('',#6355,#6356);
#6355 = CARTESIAN_POINT('',(0.,-2.));
#6356 = VECTOR('',#6357,1.);
#6357 = DIRECTION('',(1.,0.));
#6358 = ( GEOMETRIC_REPRESENTATION_CONTEXT(2) 
PARAMETRIC_REPRESENTATION_CONTEXT() REPRESENTATION_CONTEXT('2D SPACE',''
  ) );
#6359 = ORIENTED_EDGE('',*,*,#6360,.T.);
#6360 = EDGE_CURVE('',#6338,#6361,#6363,.T.);
#6361 = VERTEX_POINT('',#6362);
#6362 = CARTESIAN_POINT('',(5.249606833062,-4.504192317562,2.));
#6363 = SURFACE_CURVE('',#6364,(#6368,#6375),.PCURVE_S1.);
#6364 = LINE('',#6365,#6366);
#6365 = CARTESIAN_POINT('',(4.996092379413,-4.768068579414,2.));
#6366 = VECTOR('',#6367,1.);
#6367 = DIRECTION('',(0.692806597998,0.721123441423,0.));
#6368 = PCURVE('',#90,#6369);
#6369 = DEFINITIONAL_REPRESENTATION('',(#6370),#6374);
#6370 = LINE('',#6371,#6372);
#6371 = CARTESIAN_POINT('',(4.996092379413,-4.768068579414));
#6372 = VECTOR('',#6373,1.);
#6373 = DIRECTION('',(0.692806597998,0.721123441423));
#6374 = ( GEOMETRIC_REPRESENTATION_CONTEXT(2) 
PARAMETRIC_REPRESENTATION_CONTEXT() REPRESENTATION_CONTEXT('2D SPACE',''
  ) );
#6375 = PCURVE('',#3432,#6376);
#6376 = DEFINITIONAL_REPRESENTATION('',(#6377),#6381);
#6377 = LINE('',#6378,#6379);
#6378 = CARTESIAN_POINT('',(0.,-2.));
#6379 = VECTOR('',#6380,1.);
#6380 = DIRECTION('',(1.,0.));
#6381 = ( GEOMETRIC_REPRESENTATION_CONTEXT(2) 
PARAMETRIC_REPRESENTATION_CONTEXT() REPRESENTATION_CONTEXT('2D SPACE',''
  ) );
#6382 = ORIENTED_EDGE('',*,*,#6383,.T.);
#6383 = EDGE_CURVE('',#6361,#6384,#6386,.T.);
#6384 = VERTEX_POINT('',#6385);
#6385 = CARTESIAN_POINT('',(5.494364368009,-4.229465061896,2.));
#6386 = SURFACE_CURVE('',#6387,(#6391,#6398),.PCURVE_S1.);
#6387 = LINE('',#6388,#6389);
#6388 = CARTESIAN_POINT('',(5.249606833062,-4.504192317562,2.));
#6389 = VECTOR('',#6390,1.);
#6390 = DIRECTION('',(0.665206838158,0.746659134055,0.));
#6391 = PCURVE('',#90,#6392);
#6392 = DEFINITIONAL_REPRESENTATION('',(#6393),#6397);
#6393 = LINE('',#6394,#6395);
#6394 = CARTESIAN_POINT('',(5.249606833062,-4.504192317562));
#6395 = VECTOR('',#6396,1.);
#6396 = DIRECTION('',(0.665206838158,0.746659134055));
#6397 = ( GEOMETRIC_REPRESENTATION_CONTEXT(2) 
PARAMETRIC_REPRESENTATION_CONTEXT() REPRESENTATION_CONTEXT('2D SPACE',''
  ) );
#6398 = PCURVE('',#3460,#6399);
#6399 = DEFINITIONAL_REPRESENTATION('',(#6400),#6404);
#6400 = LINE('',#6401,#6402);
#6401 = CARTESIAN_POINT('',(0.,-2.));
#6402 = VECTOR('',#6403,1.);
#6403 = DIRECTION('',(1.,0.));
#6404 = ( GEOMETRIC_REPRESENTATION_CONTEXT(2) 
PARAMETRIC_REPRESENTATION_CONTEXT() REPRESENTATION_CONTEXT('2D SPACE',''
  ) );
#6405 = ORIENTED_EDGE('',*,*,#6406,.T.);
#6406 = EDGE_CURVE('',#6384,#6407,#6409,.T.);
#6407 = VERTEX_POINT('',#6408);
#6408 = CARTESIAN_POINT('',(5.729313187106,-3.944548654439,2.));
#6409 = SURFACE_CURVE('',#6410,(#6414,#6421),.PCURVE_S1.);
#6410 = LINE('',#6411,#6412);
#6411 = CARTESIAN_POINT('',(5.494364368009,-4.229465061896,2.));
#6412 = VECTOR('',#6413,1.);
#6413 = DIRECTION('',(0.636210187902,0.771515778717,0.));
#6414 = PCURVE('',#90,#6415);
#6415 = DEFINITIONAL_REPRESENTATION('',(#6416),#6420);
#6416 = LINE('',#6417,#6418);
#6417 = CARTESIAN_POINT('',(5.494364368009,-4.229465061896));
#6418 = VECTOR('',#6419,1.);
#6419 = DIRECTION('',(0.636210187902,0.771515778717));
#6420 = ( GEOMETRIC_REPRESENTATION_CONTEXT(2) 
PARAMETRIC_REPRESENTATION_CONTEXT() REPRESENTATION_CONTEXT('2D SPACE',''
  ) );
#6421 = PCURVE('',#3488,#6422);
#6422 = DEFINITIONAL_REPRESENTATION('',(#6423),#6427);
#6423 = LINE('',#6424,#6425);
#6424 = CARTESIAN_POINT('',(0.,-2.));
#6425 = VECTOR('',#6426,1.);
#6426 = DIRECTION('',(1.,0.));
#6427 = ( GEOMETRIC_REPRESENTATION_CONTEXT(2) 
PARAMETRIC_REPRESENTATION_CONTEXT() REPRESENTATION_CONTEXT('2D SPACE',''
  ) );
#6428 = ORIENTED_EDGE('',*,*,#6429,.T.);
#6429 = EDGE_CURVE('',#6407,#6430,#6432,.T.);
#6430 = VERTEX_POINT('',#6431);
#6431 = CARTESIAN_POINT('',(5.953299067323,-3.650129483772,2.));
#6432 = SURFACE_CURVE('',#6433,(#6437,#6444),.PCURVE_S1.);
#6433 = LINE('',#6434,#6435);
#6434 = CARTESIAN_POINT('',(5.729313187106,-3.944548654439,2.));
#6435 = VECTOR('',#6436,1.);
#6436 = DIRECTION('',(0.605472685324,0.795866086302,0.));
#6437 = PCURVE('',#90,#6438);
#6438 = DEFINITIONAL_REPRESENTATION('',(#6439),#6443);
#6439 = LINE('',#6440,#6441);
#6440 = CARTESIAN_POINT('',(5.729313187106,-3.944548654439));
#6441 = VECTOR('',#6442,1.);
#6442 = DIRECTION('',(0.605472685324,0.795866086302));
#6443 = ( GEOMETRIC_REPRESENTATION_CONTEXT(2) 
PARAMETRIC_REPRESENTATION_CONTEXT() REPRESENTATION_CONTEXT('2D SPACE',''
  ) );
#6444 = PCURVE('',#3516,#6445);
#6445 = DEFINITIONAL_REPRESENTATION('',(#6446),#6450);
#6446 = LINE('',#6447,#6448);
#6447 = CARTESIAN_POINT('',(0.,-2.));
#6448 = VECTOR('',#6449,1.);
#6449 = DIRECTION('',(1.,0.));
#6450 = ( GEOMETRIC_REPRESENTATION_CONTEXT(2) 
PARAMETRIC_REPRESENTATION_CONTEXT() REPRESENTATION_CONTEXT('2D SPACE',''
  ) );
#6451 = ORIENTED_EDGE('',*,*,#6452,.T.);
#6452 = EDGE_CURVE('',#6430,#6453,#6455,.T.);
#6453 = VERTEX_POINT('',#6454);
#6454 = CARTESIAN_POINT('',(6.165064813492,-3.346916831465,2.));
#6455 = SURFACE_CURVE('',#6456,(#6460,#6467),.PCURVE_S1.);
#6456 = LINE('',#6457,#6458);
#6457 = CARTESIAN_POINT('',(5.953299067323,-3.650129483772,2.));
#6458 = VECTOR('',#6459,1.);
#6459 = DIRECTION('',(0.572585328809,0.819845132469,0.));
#6460 = PCURVE('',#90,#6461);
#6461 = DEFINITIONAL_REPRESENTATION('',(#6462),#6466);
#6462 = LINE('',#6463,#6464);
#6463 = CARTESIAN_POINT('',(5.953299067323,-3.650129483772));
#6464 = VECTOR('',#6465,1.);
#6465 = DIRECTION('',(0.572585328809,0.819845132469));
#6466 = ( GEOMETRIC_REPRESENTATION_CONTEXT(2) 
PARAMETRIC_REPRESENTATION_CONTEXT() REPRESENTATION_CONTEXT('2D SPACE',''
  ) );
#6467 = PCURVE('',#3544,#6468);
#6468 = DEFINITIONAL_REPRESENTATION('',(#6469),#6473);
#6469 = LINE('',#6470,#6471);
#6470 = CARTESIAN_POINT('',(0.,-2.));
#6471 = VECTOR('',#6472,1.);
#6472 = DIRECTION('',(1.,0.));
#6473 = ( GEOMETRIC_REPRESENTATION_CONTEXT(2) 
PARAMETRIC_REPRESENTATION_CONTEXT() REPRESENTATION_CONTEXT('2D SPACE',''
  ) );
#6474 = ORIENTED_EDGE('',*,*,#6475,.T.);
#6475 = EDGE_CURVE('',#6453,#6476,#6478,.T.);
#6476 = VERTEX_POINT('',#6477);
#6477 = CARTESIAN_POINT('',(6.363254876269,-3.035641163355,2.));
#6478 = SURFACE_CURVE('',#6479,(#6483,#6490),.PCURVE_S1.);
#6479 = LINE('',#6480,#6481);
#6480 = CARTESIAN_POINT('',(6.165064813492,-3.346916831465,2.));
#6481 = VECTOR('',#6482,1.);
#6482 = DIRECTION('',(0.537079057675,0.843531911552,0.));
#6483 = PCURVE('',#90,#6484);
#6484 = DEFINITIONAL_REPRESENTATION('',(#6485),#6489);
#6485 = LINE('',#6486,#6487);
#6486 = CARTESIAN_POINT('',(6.165064813492,-3.346916831465));
#6487 = VECTOR('',#6488,1.);
#6488 = DIRECTION('',(0.537079057675,0.843531911552));
#6489 = ( GEOMETRIC_REPRESENTATION_CONTEXT(2) 
PARAMETRIC_REPRESENTATION_CONTEXT() REPRESENTATION_CONTEXT('2D SPACE',''
  ) );
#6490 = PCURVE('',#3572,#6491);
#6491 = DEFINITIONAL_REPRESENTATION('',(#6492),#6496);
#6492 = LINE('',#6493,#6494);
#6493 = CARTESIAN_POINT('',(0.,-2.));
#6494 = VECTOR('',#6495,1.);
#6495 = DIRECTION('',(1.,0.));
#6496 = ( GEOMETRIC_REPRESENTATION_CONTEXT(2) 
PARAMETRIC_REPRESENTATION_CONTEXT() REPRESENTATION_CONTEXT('2D SPACE',''
  ) );
#6497 = ORIENTED_EDGE('',*,*,#6498,.T.);
#6498 = EDGE_CURVE('',#6476,#6499,#6501,.T.);
#6499 = VERTEX_POINT('',#6500);
#6500 = CARTESIAN_POINT('',(6.546427054942,-2.717052369792,2.));
#6501 = SURFACE_CURVE('',#6502,(#6506,#6513),.PCURVE_S1.);
#6502 = LINE('',#6503,#6504);
#6503 = CARTESIAN_POINT('',(6.363254876269,-3.035641163355,2.));
#6504 = VECTOR('',#6505,1.);
#6505 = DIRECTION('',(0.498437631463,0.866925560554,0.));
#6506 = PCURVE('',#90,#6507);
#6507 = DEFINITIONAL_REPRESENTATION('',(#6508),#6512);
#6508 = LINE('',#6509,#6510);
#6509 = CARTESIAN_POINT('',(6.363254876269,-3.035641163355));
#6510 = VECTOR('',#6511,1.);
#6511 = DIRECTION('',(0.498437631463,0.866925560554));
#6512 = ( GEOMETRIC_REPRESENTATION_CONTEXT(2) 
PARAMETRIC_REPRESENTATION_CONTEXT() REPRESENTATION_CONTEXT('2D SPACE',''
  ) );
#6513 = PCURVE('',#3600,#6514);
#6514 = DEFINITIONAL_REPRESENTATION('',(#6515),#6519);
#6515 = LINE('',#6516,#6517);
#6516 = CARTESIAN_POINT('',(0.,-2.));
#6517 = VECTOR('',#6518,1.);
#6518 = DIRECTION('',(1.,0.));
#6519 = ( GEOMETRIC_REPRESENTATION_CONTEXT(2) 
PARAMETRIC_REPRESENTATION_CONTEXT() REPRESENTATION_CONTEXT('2D SPACE',''
  ) );
#6520 = ORIENTED_EDGE('',*,*,#6521,.T.);
#6521 = EDGE_CURVE('',#6499,#6522,#6524,.T.);
#6522 = VERTEX_POINT('',#6523);
#6523 = CARTESIAN_POINT('',(6.713073308226,-2.391917959085,2.));
#6524 = SURFACE_CURVE('',#6525,(#6529,#6536),.PCURVE_S1.);
#6525 = LINE('',#6526,#6527);
#6526 = CARTESIAN_POINT('',(6.546427054942,-2.717052369792,2.));
#6527 = VECTOR('',#6528,1.);
#6528 = DIRECTION('',(0.456123019692,0.88991673257,0.));
#6529 = PCURVE('',#90,#6530);
#6530 = DEFINITIONAL_REPRESENTATION('',(#6531),#6535);
#6531 = LINE('',#6532,#6533);
#6532 = CARTESIAN_POINT('',(6.546427054942,-2.717052369792));
#6533 = VECTOR('',#6534,1.);
#6534 = DIRECTION('',(0.456123019692,0.88991673257));
#6535 = ( GEOMETRIC_REPRESENTATION_CONTEXT(2) 
PARAMETRIC_REPRESENTATION_CONTEXT() REPRESENTATION_CONTEXT('2D SPACE',''
  ) );
#6536 = PCURVE('',#3628,#6537);
#6537 = DEFINITIONAL_REPRESENTATION('',(#6538),#6542);
#6538 = LINE('',#6539,#6540);
#6539 = CARTESIAN_POINT('',(0.,-2.));
#6540 = VECTOR('',#6541,1.);
#6541 = DIRECTION('',(1.,0.));
#6542 = ( GEOMETRIC_REPRESENTATION_CONTEXT(2) 
PARAMETRIC_REPRESENTATION_CONTEXT() REPRESENTATION_CONTEXT('2D SPACE',''
  ) );
#6543 = ORIENTED_EDGE('',*,*,#6544,.T.);
#6544 = EDGE_CURVE('',#6522,#6545,#6547,.T.);
#6545 = VERTEX_POINT('',#6546);
#6546 = CARTESIAN_POINT('',(6.861651472224,-2.061021208507,2.));
#6547 = SURFACE_CURVE('',#6548,(#6552,#6559),.PCURVE_S1.);
#6548 = LINE('',#6549,#6550);
#6549 = CARTESIAN_POINT('',(6.713073308226,-2.391917959085,2.));
#6550 = VECTOR('',#6551,1.);
#6551 = DIRECTION('',(0.409618568775,0.912256887129,0.));
#6552 = PCURVE('',#90,#6553);
#6553 = DEFINITIONAL_REPRESENTATION('',(#6554),#6558);
#6554 = LINE('',#6555,#6556);
#6555 = CARTESIAN_POINT('',(6.713073308226,-2.391917959085));
#6556 = VECTOR('',#6557,1.);
#6557 = DIRECTION('',(0.409618568775,0.912256887129));
#6558 = ( GEOMETRIC_REPRESENTATION_CONTEXT(2) 
PARAMETRIC_REPRESENTATION_CONTEXT() REPRESENTATION_CONTEXT('2D SPACE',''
  ) );
#6559 = PCURVE('',#3656,#6560);
#6560 = DEFINITIONAL_REPRESENTATION('',(#6561),#6565);
#6561 = LINE('',#6562,#6563);
#6562 = CARTESIAN_POINT('',(0.,-2.));
#6563 = VECTOR('',#6564,1.);
#6564 = DIRECTION('',(1.,0.));
#6565 = ( GEOMETRIC_REPRESENTATION_CONTEXT(2) 
PARAMETRIC_REPRESENTATION_CONTEXT() REPRESENTATION_CONTEXT('2D SPACE',''
  ) );
#6566 = ORIENTED_EDGE('',*,*,#6567,.T.);
#6567 = EDGE_CURVE('',#6545,#6568,#6570,.T.);
#6568 = VERTEX_POINT('',#6569);
#6569 = CARTESIAN_POINT('',(6.990628959937,-1.725159277313,2.));
#6570 = SURFACE_CURVE('',#6571,(#6575,#6582),.PCURVE_S1.);
#6571 = LINE('',#6572,#6573);
#6572 = CARTESIAN_POINT('',(6.861651472224,-2.061021208507,2.));
#6573 = VECTOR('',#6574,1.);
#6574 = DIRECTION('',(0.358494334287,0.933531902124,0.));
#6575 = PCURVE('',#90,#6576);
#6576 = DEFINITIONAL_REPRESENTATION('',(#6577),#6581);
#6577 = LINE('',#6578,#6579);
#6578 = CARTESIAN_POINT('',(6.861651472224,-2.061021208507));
#6579 = VECTOR('',#6580,1.);
#6580 = DIRECTION('',(0.358494334287,0.933531902124));
#6581 = ( GEOMETRIC_REPRESENTATION_CONTEXT(2) 
PARAMETRIC_REPRESENTATION_CONTEXT() REPRESENTATION_CONTEXT('2D SPACE',''
  ) );
#6582 = PCURVE('',#3684,#6583);
#6583 = DEFINITIONAL_REPRESENTATION('',(#6584),#6588);
#6584 = LINE('',#6585,#6586);
#6585 = CARTESIAN_POINT('',(0.,-2.));
#6586 = VECTOR('',#6587,1.);
#6587 = DIRECTION('',(1.,0.));
#6588 = ( GEOMETRIC_REPRESENTATION_CONTEXT(2) 
PARAMETRIC_REPRESENTATION_CONTEXT() REPRESENTATION_CONTEXT('2D SPACE',''
  ) );
#6589 = ORIENTED_EDGE('',*,*,#6590,.T.);
#6590 = EDGE_CURVE('',#6568,#6591,#6593,.T.);
#6591 = VERTEX_POINT('',#6592);
#6592 = CARTESIAN_POINT('',(7.098538155264,-1.385141286315,2.));
#6593 = SURFACE_CURVE('',#6594,(#6598,#6605),.PCURVE_S1.);
#6594 = LINE('',#6595,#6596);
#6595 = CARTESIAN_POINT('',(6.990628959937,-1.725159277313,2.));
#6596 = VECTOR('',#6597,1.);
#6597 = DIRECTION('',(0.3024950326,0.953150961418,0.));
#6598 = PCURVE('',#90,#6599);
#6599 = DEFINITIONAL_REPRESENTATION('',(#6600),#6604);
#6600 = LINE('',#6601,#6602);
#6601 = CARTESIAN_POINT('',(6.990628959937,-1.725159277313));
#6602 = VECTOR('',#6603,1.);
#6603 = DIRECTION('',(0.3024950326,0.953150961418));
#6604 = ( GEOMETRIC_REPRESENTATION_CONTEXT(2) 
PARAMETRIC_REPRESENTATION_CONTEXT() REPRESENTATION_CONTEXT('2D SPACE',''
  ) );
#6605 = PCURVE('',#3712,#6606);
#6606 = DEFINITIONAL_REPRESENTATION('',(#6607),#6611);
#6607 = LINE('',#6608,#6609);
#6608 = CARTESIAN_POINT('',(0.,-2.));
#6609 = VECTOR('',#6610,1.);
#6610 = DIRECTION('',(1.,0.));
#6611 = ( GEOMETRIC_REPRESENTATION_CONTEXT(2) 
PARAMETRIC_REPRESENTATION_CONTEXT() REPRESENTATION_CONTEXT('2D SPACE',''
  ) );
#6612 = ORIENTED_EDGE('',*,*,#6613,.T.);
#6613 = EDGE_CURVE('',#6591,#6614,#6616,.T.);
#6614 = VERTEX_POINT('',#6615);
#6615 = CARTESIAN_POINT('',(7.184041214204,-1.041786368633,2.));
#6616 = SURFACE_CURVE('',#6617,(#6621,#6628),.PCURVE_S1.);
#6617 = LINE('',#6618,#6619);
#6618 = CARTESIAN_POINT('',(7.098538155264,-1.385141286315,2.));
#6619 = VECTOR('',#6620,1.);
#6620 = DIRECTION('',(0.241642677061,0.970365300607,0.));
#6621 = PCURVE('',#90,#6622);
#6622 = DEFINITIONAL_REPRESENTATION('',(#6623),#6627);
#6623 = LINE('',#6624,#6625);
#6624 = CARTESIAN_POINT('',(7.098538155264,-1.385141286315));
#6625 = VECTOR('',#6626,1.);
#6626 = DIRECTION('',(0.241642677061,0.970365300607));
#6627 = ( GEOMETRIC_REPRESENTATION_CONTEXT(2) 
PARAMETRIC_REPRESENTATION_CONTEXT() REPRESENTATION_CONTEXT('2D SPACE',''
  ) );
#6628 = PCURVE('',#3740,#6629);
#6629 = DEFINITIONAL_REPRESENTATION('',(#6630),#6634);
#6630 = LINE('',#6631,#6632);
#6631 = CARTESIAN_POINT('',(0.,-2.));
#6632 = VECTOR('',#6633,1.);
#6633 = DIRECTION('',(1.,0.));
#6634 = ( GEOMETRIC_REPRESENTATION_CONTEXT(2) 
PARAMETRIC_REPRESENTATION_CONTEXT() REPRESENTATION_CONTEXT('2D SPACE',''
  ) );
#6635 = ORIENTED_EDGE('',*,*,#6636,.T.);
#6636 = EDGE_CURVE('',#6614,#6637,#6639,.T.);
#6637 = VERTEX_POINT('',#6638);
#6638 = CARTESIAN_POINT('',(7.245999585084,-0.69592169634,2.));
#6639 = SURFACE_CURVE('',#6640,(#6644,#6651),.PCURVE_S1.);
#6640 = LINE('',#6641,#6642);
#6641 = CARTESIAN_POINT('',(7.184041214204,-1.041786368633,2.));
#6642 = VECTOR('',#6643,1.);
#6643 = DIRECTION('',(0.176333457556,0.984330489087,0.));
#6644 = PCURVE('',#90,#6645);
#6645 = DEFINITIONAL_REPRESENTATION('',(#6646),#6650);
#6646 = LINE('',#6647,#6648);
#6647 = CARTESIAN_POINT('',(7.184041214204,-1.041786368633));
#6648 = VECTOR('',#6649,1.);
#6649 = DIRECTION('',(0.176333457556,0.984330489087));
#6650 = ( GEOMETRIC_REPRESENTATION_CONTEXT(2) 
PARAMETRIC_REPRESENTATION_CONTEXT() REPRESENTATION_CONTEXT('2D SPACE',''
  ) );
#6651 = PCURVE('',#3768,#6652);
#6652 = DEFINITIONAL_REPRESENTATION('',(#6653),#6657);
#6653 = LINE('',#6654,#6655);
#6654 = CARTESIAN_POINT('',(0.,-2.));
#6655 = VECTOR('',#6656,1.);
#6656 = DIRECTION('',(1.,0.));
#6657 = ( GEOMETRIC_REPRESENTATION_CONTEXT(2) 
PARAMETRIC_REPRESENTATION_CONTEXT() REPRESENTATION_CONTEXT('2D SPACE',''
  ) );
#6658 = ORIENTED_EDGE('',*,*,#6659,.T.);
#6659 = EDGE_CURVE('',#6637,#162,#6660,.T.);
#6660 = SURFACE_CURVE('',#6661,(#6665,#6672),.PCURVE_S1.);
#6661 = LINE('',#6662,#6663);
#6662 = CARTESIAN_POINT('',(7.245999585084,-0.69592169634,2.));
#6663 = VECTOR('',#6664,1.);
#6664 = DIRECTION('',(0.107396121509,0.994216311013,0.));
#6665 = PCURVE('',#90,#6666);
#6666 = DEFINITIONAL_REPRESENTATION('',(#6667),#6671);
#6667 = LINE('',#6668,#6669);
#6668 = CARTESIAN_POINT('',(7.245999585084,-0.69592169634));
#6669 = VECTOR('',#6670,1.);
#6670 = DIRECTION('',(0.107396121509,0.994216311013));
#6671 = ( GEOMETRIC_REPRESENTATION_CONTEXT(2) 
PARAMETRIC_REPRESENTATION_CONTEXT() REPRESENTATION_CONTEXT('2D SPACE',''
  ) );
#6672 = PCURVE('',#177,#6673);
#6673 = DEFINITIONAL_REPRESENTATION('',(#6674),#6678);
#6674 = LINE('',#6675,#6676);
#6675 = CARTESIAN_POINT('',(0.,-2.));
#6676 = VECTOR('',#6677,1.);
#6677 = DIRECTION('',(1.,0.));
#6678 = ( GEOMETRIC_REPRESENTATION_CONTEXT(2) 
PARAMETRIC_REPRESENTATION_CONTEXT() REPRESENTATION_CONTEXT('2D SPACE',''
  ) );
#6679 = ORIENTED_EDGE('',*,*,#189,.T.);
#6680 = FACE_BOUND('',#6681,.T.);
#6681 = EDGE_LOOP('',(#6682,#6710,#6736,#6762));
#6682 = ORIENTED_EDGE('',*,*,#6683,.T.);
#6683 = EDGE_CURVE('',#6684,#6686,#6688,.T.);
#6684 = VERTEX_POINT('',#6685);
#6685 = CARTESIAN_POINT('',(4.,-1.5,2.));
#6686 = VERTEX_POINT('',#6687);
#6687 = CARTESIAN_POINT('',(-4.,-1.5,2.));
#6688 = SURFACE_CURVE('',#6689,(#6693,#6699),.PCURVE_S1.);
#6689 = LINE('',#6690,#6691);
#6690 = CARTESIAN_POINT('',(-2.,-1.5,2.));
#6691 = VECTOR('',#6692,1.);
#6692 = DIRECTION('',(-1.,-0.,0.));
#6693 = PCURVE('',#90,#6694);
#6694 = DEFINITIONAL_REPRESENTATION('',(#6695),#6698);
#6695 = B_SPLINE_CURVE_WITH_KNOTS('',1,(#6696,#6697),.UNSPECIFIED.,.F.,
  .F.,(2,2),(-6.,2.),.PIECEWISE_BEZIER_KNOTS.);
#6696 = CARTESIAN_POINT('',(4.,-1.5));
#6697 = CARTESIAN_POINT('',(-4.,-1.5));
#6698 = ( GEOMETRIC_REPRESENTATION_CONTEXT(2) 
PARAMETRIC_REPRESENTATION_CONTEXT() REPRESENTATION_CONTEXT('2D SPACE',''
  ) );
#6699 = PCURVE('',#6700,#6705);
#6700 = PLANE('',#6701);
#6701 = AXIS2_PLACEMENT_3D('',#6702,#6703,#6704);
#6702 = CARTESIAN_POINT('',(-4.,-1.5,1.9));
#6703 = DIRECTION('',(-0.,1.,0.));
#6704 = DIRECTION('',(0.,0.,1.));
#6705 = DEFINITIONAL_REPRESENTATION('',(#6706),#6709);
#6706 = B_SPLINE_CURVE_WITH_KNOTS('',1,(#6707,#6708),.UNSPECIFIED.,.F.,
  .F.,(2,2),(-6.,2.),.PIECEWISE_BEZIER_KNOTS.);
#6707 = CARTESIAN_POINT('',(1.E-01,8.));
#6708 = CARTESIAN_POINT('',(1.E-01,0.));
#6709 = ( GEOMETRIC_REPRESENTATION_CONTEXT(2) 
PARAMETRIC_REPRESENTATION_CONTEXT() REPRESENTATION_CONTEXT('2D SPACE',''
  ) );
#6710 = ORIENTED_EDGE('',*,*,#6711,.T.);
#6711 = EDGE_CURVE('',#6686,#6712,#6714,.T.);
#6712 = VERTEX_POINT('',#6713);
#6713 = CARTESIAN_POINT('',(-4.,1.5,2.));
#6714 = SURFACE_CURVE('',#6715,(#6719,#6725),.PCURVE_S1.);
#6715 = LINE('',#6716,#6717);
#6716 = CARTESIAN_POINT('',(-4.,-0.75,2.));
#6717 = VECTOR('',#6718,1.);
#6718 = DIRECTION('',(-0.,1.,0.));
#6719 = PCURVE('',#90,#6720);
#6720 = DEFINITIONAL_REPRESENTATION('',(#6721),#6724);
#6721 = B_SPLINE_CURVE_WITH_KNOTS('',1,(#6722,#6723),.UNSPECIFIED.,.F.,
  .F.,(2,2),(-0.75,2.25),.PIECEWISE_BEZIER_KNOTS.);
#6722 = CARTESIAN_POINT('',(-4.,-1.5));
#6723 = CARTESIAN_POINT('',(-4.,1.5));
#6724 = ( GEOMETRIC_REPRESENTATION_CONTEXT(2) 
PARAMETRIC_REPRESENTATION_CONTEXT() REPRESENTATION_CONTEXT('2D SPACE',''
  ) );
#6725 = PCURVE('',#6726,#6731);
#6726 = PLANE('',#6727);
#6727 = AXIS2_PLACEMENT_3D('',#6728,#6729,#6730);
#6728 = CARTESIAN_POINT('',(-4.,-1.5,1.9));
#6729 = DIRECTION('',(1.,0.,-0.));
#6730 = DIRECTION('',(0.,0.,1.));
#6731 = DEFINITIONAL_REPRESENTATION('',(#6732),#6735);
#6732 = B_SPLINE_CURVE_WITH_KNOTS('',1,(#6733,#6734),.UNSPECIFIED.,.F.,
  .F.,(2,2),(-0.75,2.25),.PIECEWISE_BEZIER_KNOTS.);
#6733 = CARTESIAN_POINT('',(1.E-01,0.));
#6734 = CARTESIAN_POINT('',(1.E-01,-3.));
#6735 = ( GEOMETRIC_REPRESENTATION_CONTEXT(2) 
PARAMETRIC_REPRESENTATION_CONTEXT() REPRESENTATION_CONTEXT('2D SPACE',''
  ) );
#6736 = ORIENTED_EDGE('',*,*,#6737,.F.);
#6737 = EDGE_CURVE('',#6738,#6712,#6740,.T.);
#6738 = VERTEX_POINT('',#6739);
#6739 = CARTESIAN_POINT('',(4.,1.5,2.));
#6740 = SURFACE_CURVE('',#6741,(#6745,#6751),.PCURVE_S1.);
#6741 = LINE('',#6742,#6743);
#6742 = CARTESIAN_POINT('',(-2.,1.5,2.));
#6743 = VECTOR('',#6744,1.);
#6744 = DIRECTION('',(-1.,-0.,0.));
#6745 = PCURVE('',#90,#6746);
#6746 = DEFINITIONAL_REPRESENTATION('',(#6747),#6750);
#6747 = B_SPLINE_CURVE_WITH_KNOTS('',1,(#6748,#6749),.UNSPECIFIED.,.F.,
  .F.,(2,2),(-6.,2.),.PIECEWISE_BEZIER_KNOTS.);
#6748 = CARTESIAN_POINT('',(4.,1.5));
#6749 = CARTESIAN_POINT('',(-4.,1.5));
#6750 = ( GEOMETRIC_REPRESENTATION_CONTEXT(2) 
PARAMETRIC_REPRESENTATION_CONTEXT() REPRESENTATION_CONTEXT('2D SPACE',''
  ) );
#6751 = PCURVE('',#6752,#6757);
#6752 = PLANE('',#6753);
#6753 = AXIS2_PLACEMENT_3D('',#6754,#6755,#6756);
#6754 = CARTESIAN_POINT('',(-4.,1.5,1.9));
#6755 = DIRECTION('',(-0.,1.,0.));
#6756 = DIRECTION('',(0.,0.,1.));
#6757 = DEFINITIONAL_REPRESENTATION('',(#6758),#6761);
#6758 = B_SPLINE_CURVE_WITH_KNOTS('',1,(#6759,#6760),.UNSPECIFIED.,.F.,
  .F.,(2,2),(-6.,2.),.PIECEWISE_BEZIER_KNOTS.);
#6759 = CARTESIAN_POINT('',(1.E-01,8.));
#6760 = CARTESIAN_POINT('',(1.E-01,0.));
#6761 = ( GEOMETRIC_REPRESENTATION_CONTEXT(2) 
PARAMETRIC_REPRESENTATION_CONTEXT() REPRESENTATION_CONTEXT('2D SPACE',''
  ) );
#6762 = ORIENTED_EDGE('',*,*,#6763,.F.);
#6763 = EDGE_CURVE('',#6684,#6738,#6764,.T.);
#6764 = SURFACE_CURVE('',#6765,(#6769,#6775),.PCURVE_S1.);
#6765 = LINE('',#6766,#6767);
#6766 = CARTESIAN_POINT('',(4.,-0.75,2.));
#6767 = VECTOR('',#6768,1.);
#6768 = DIRECTION('',(-0.,1.,0.));
#6769 = PCURVE('',#90,#6770);
#6770 = DEFINITIONAL_REPRESENTATION('',(#6771),#6774);
#6771 = B_SPLINE_CURVE_WITH_KNOTS('',1,(#6772,#6773),.UNSPECIFIED.,.F.,
  .F.,(2,2),(-0.75,2.25),.PIECEWISE_BEZIER_KNOTS.);
#6772 = CARTESIAN_POINT('',(4.,-1.5));
#6773 = CARTESIAN_POINT('',(4.,1.5));
#6774 = ( GEOMETRIC_REPRESENTATION_CONTEXT(2) 
PARAMETRIC_REPRESENTATION_CONTEXT() REPRESENTATION_CONTEXT('2D SPACE',''
  ) );
#6775 = PCURVE('',#6776,#6781);
#6776 = PLANE('',#6777);
#6777 = AXIS2_PLACEMENT_3D('',#6778,#6779,#6780);
#6778 = CARTESIAN_POINT('',(4.,-1.5,1.9));
#6779 = DIRECTION('',(1.,0.,-0.));
#6780 = DIRECTION('',(0.,0.,1.));
#6781 = DEFINITIONAL_REPRESENTATION('',(#6782),#6785);
#6782 = B_SPLINE_CURVE_WITH_KNOTS('',1,(#6783,#6784),.UNSPECIFIED.,.F.,
  .F.,(2,2),(-0.75,2.25),.PIECEWISE_BEZIER_KNOTS.);
#6783 = CARTESIAN_POINT('',(1.E-01,0.));
#6784 = CARTESIAN_POINT('',(1.E-01,-3.));
#6785 = ( GEOMETRIC_REPRESENTATION_CONTEXT(2) 
PARAMETRIC_REPRESENTATION_CONTEXT() REPRESENTATION_CONTEXT('2D SPACE',''
  ) );
#6786 = ADVANCED_FACE('',(#6787),#177,.F.);
#6787 = FACE_BOUND('',#6788,.F.);
#6788 = EDGE_LOOP('',(#6789,#6810,#6811,#6812));
#6789 = ORIENTED_EDGE('',*,*,#6790,.T.);
#6790 = EDGE_CURVE('',#3753,#6637,#6791,.T.);
#6791 = SURFACE_CURVE('',#6792,(#6796,#6803),.PCURVE_S1.);
#6792 = LINE('',#6793,#6794);
#6793 = CARTESIAN_POINT('',(7.245999585084,-0.69592169634,0.));
#6794 = VECTOR('',#6795,1.);
#6795 = DIRECTION('',(0.,0.,1.));
#6796 = PCURVE('',#177,#6797);
#6797 = DEFINITIONAL_REPRESENTATION('',(#6798),#6802);
#6798 = LINE('',#6799,#6800);
#6799 = CARTESIAN_POINT('',(0.,0.));
#6800 = VECTOR('',#6801,1.);
#6801 = DIRECTION('',(0.,-1.));
#6802 = ( GEOMETRIC_REPRESENTATION_CONTEXT(2) 
PARAMETRIC_REPRESENTATION_CONTEXT() REPRESENTATION_CONTEXT('2D SPACE',''
  ) );
#6803 = PCURVE('',#3768,#6804);
#6804 = DEFINITIONAL_REPRESENTATION('',(#6805),#6809);
#6805 = LINE('',#6806,#6807);
#6806 = CARTESIAN_POINT('',(0.351370475798,0.));
#6807 = VECTOR('',#6808,1.);
#6808 = DIRECTION('',(0.,-1.));
#6809 = ( GEOMETRIC_REPRESENTATION_CONTEXT(2) 
PARAMETRIC_REPRESENTATION_CONTEXT() REPRESENTATION_CONTEXT('2D SPACE',''
  ) );
#6810 = ORIENTED_EDGE('',*,*,#6659,.T.);
#6811 = ORIENTED_EDGE('',*,*,#159,.F.);
#6812 = ORIENTED_EDGE('',*,*,#3780,.F.);
#6813 = ADVANCED_FACE('',(#6814),#275,.F.);
#6814 = FACE_BOUND('',#6815,.F.);
#6815 = EDGE_LOOP('',(#6816,#6817,#6818,#6839));
#6816 = ORIENTED_EDGE('',*,*,#259,.T.);
#6817 = ORIENTED_EDGE('',*,*,#3807,.T.);
#6818 = ORIENTED_EDGE('',*,*,#6819,.F.);
#6819 = EDGE_CURVE('',#314,#3808,#6820,.T.);
#6820 = SURFACE_CURVE('',#6821,(#6825,#6832),.PCURVE_S1.);
#6821 = LINE('',#6822,#6823);
#6822 = CARTESIAN_POINT('',(7.184041214204,1.041786368633,0.));
#6823 = VECTOR('',#6824,1.);
#6824 = DIRECTION('',(0.,0.,1.));
#6825 = PCURVE('',#275,#6826);
#6826 = DEFINITIONAL_REPRESENTATION('',(#6827),#6831);
#6827 = LINE('',#6828,#6829);
#6828 = CARTESIAN_POINT('',(0.351370475798,0.));
#6829 = VECTOR('',#6830,1.);
#6830 = DIRECTION('',(0.,-1.));
#6831 = ( GEOMETRIC_REPRESENTATION_CONTEXT(2) 
PARAMETRIC_REPRESENTATION_CONTEXT() REPRESENTATION_CONTEXT('2D SPACE',''
  ) );
#6832 = PCURVE('',#352,#6833);
#6833 = DEFINITIONAL_REPRESENTATION('',(#6834),#6838);
#6834 = LINE('',#6835,#6836);
#6835 = CARTESIAN_POINT('',(0.,0.));
#6836 = VECTOR('',#6837,1.);
#6837 = DIRECTION('',(0.,-1.));
#6838 = ( GEOMETRIC_REPRESENTATION_CONTEXT(2) 
PARAMETRIC_REPRESENTATION_CONTEXT() REPRESENTATION_CONTEXT('2D SPACE',''
  ) );
#6839 = ORIENTED_EDGE('',*,*,#313,.F.);
#6840 = ADVANCED_FACE('',(#6841),#352,.F.);
#6841 = FACE_BOUND('',#6842,.F.);
#6842 = EDGE_LOOP('',(#6843,#6844,#6845,#6866));
#6843 = ORIENTED_EDGE('',*,*,#6819,.T.);
#6844 = ORIENTED_EDGE('',*,*,#3830,.T.);
#6845 = ORIENTED_EDGE('',*,*,#6846,.F.);
#6846 = EDGE_CURVE('',#337,#3831,#6847,.T.);
#6847 = SURFACE_CURVE('',#6848,(#6852,#6859),.PCURVE_S1.);
#6848 = LINE('',#6849,#6850);
#6849 = CARTESIAN_POINT('',(7.098538155264,1.385141286315,0.));
#6850 = VECTOR('',#6851,1.);
#6851 = DIRECTION('',(0.,0.,1.));
#6852 = PCURVE('',#352,#6853);
#6853 = DEFINITIONAL_REPRESENTATION('',(#6854),#6858);
#6854 = LINE('',#6855,#6856);
#6855 = CARTESIAN_POINT('',(0.35384088597,0.));
#6856 = VECTOR('',#6857,1.);
#6857 = DIRECTION('',(0.,-1.));
#6858 = ( GEOMETRIC_REPRESENTATION_CONTEXT(2) 
PARAMETRIC_REPRESENTATION_CONTEXT() REPRESENTATION_CONTEXT('2D SPACE',''
  ) );
#6859 = PCURVE('',#380,#6860);
#6860 = DEFINITIONAL_REPRESENTATION('',(#6861),#6865);
#6861 = LINE('',#6862,#6863);
#6862 = CARTESIAN_POINT('',(0.,0.));
#6863 = VECTOR('',#6864,1.);
#6864 = DIRECTION('',(0.,-1.));
#6865 = ( GEOMETRIC_REPRESENTATION_CONTEXT(2) 
PARAMETRIC_REPRESENTATION_CONTEXT() REPRESENTATION_CONTEXT('2D SPACE',''
  ) );
#6866 = ORIENTED_EDGE('',*,*,#336,.F.);
#6867 = ADVANCED_FACE('',(#6868),#380,.F.);
#6868 = FACE_BOUND('',#6869,.F.);
#6869 = EDGE_LOOP('',(#6870,#6871,#6872,#6893));
#6870 = ORIENTED_EDGE('',*,*,#6846,.T.);
#6871 = ORIENTED_EDGE('',*,*,#3853,.T.);
#6872 = ORIENTED_EDGE('',*,*,#6873,.F.);
#6873 = EDGE_CURVE('',#365,#3854,#6874,.T.);
#6874 = SURFACE_CURVE('',#6875,(#6879,#6886),.PCURVE_S1.);
#6875 = LINE('',#6876,#6877);
#6876 = CARTESIAN_POINT('',(6.990628959937,1.725159277313,0.));
#6877 = VECTOR('',#6878,1.);
#6878 = DIRECTION('',(0.,0.,1.));
#6879 = PCURVE('',#380,#6880);
#6880 = DEFINITIONAL_REPRESENTATION('',(#6881),#6885);
#6881 = LINE('',#6882,#6883);
#6882 = CARTESIAN_POINT('',(0.356730470578,0.));
#6883 = VECTOR('',#6884,1.);
#6884 = DIRECTION('',(0.,-1.));
#6885 = ( GEOMETRIC_REPRESENTATION_CONTEXT(2) 
PARAMETRIC_REPRESENTATION_CONTEXT() REPRESENTATION_CONTEXT('2D SPACE',''
  ) );
#6886 = PCURVE('',#408,#6887);
#6887 = DEFINITIONAL_REPRESENTATION('',(#6888),#6892);
#6888 = LINE('',#6889,#6890);
#6889 = CARTESIAN_POINT('',(0.,0.));
#6890 = VECTOR('',#6891,1.);
#6891 = DIRECTION('',(0.,-1.));
#6892 = ( GEOMETRIC_REPRESENTATION_CONTEXT(2) 
PARAMETRIC_REPRESENTATION_CONTEXT() REPRESENTATION_CONTEXT('2D SPACE',''
  ) );
#6893 = ORIENTED_EDGE('',*,*,#364,.F.);
#6894 = ADVANCED_FACE('',(#6895),#408,.F.);
#6895 = FACE_BOUND('',#6896,.F.);
#6896 = EDGE_LOOP('',(#6897,#6898,#6899,#6920));
#6897 = ORIENTED_EDGE('',*,*,#6873,.T.);
#6898 = ORIENTED_EDGE('',*,*,#3876,.T.);
#6899 = ORIENTED_EDGE('',*,*,#6900,.F.);
#6900 = EDGE_CURVE('',#393,#3877,#6901,.T.);
#6901 = SURFACE_CURVE('',#6902,(#6906,#6913),.PCURVE_S1.);
#6902 = LINE('',#6903,#6904);
#6903 = CARTESIAN_POINT('',(6.861651472224,2.061021208507,0.));
#6904 = VECTOR('',#6905,1.);
#6905 = DIRECTION('',(0.,0.,1.));
#6906 = PCURVE('',#408,#6907);
#6907 = DEFINITIONAL_REPRESENTATION('',(#6908),#6912);
#6908 = LINE('',#6909,#6910);
#6909 = CARTESIAN_POINT('',(0.359775526074,0.));
#6910 = VECTOR('',#6911,1.);
#6911 = DIRECTION('',(0.,-1.));
#6912 = ( GEOMETRIC_REPRESENTATION_CONTEXT(2) 
PARAMETRIC_REPRESENTATION_CONTEXT() REPRESENTATION_CONTEXT('2D SPACE',''
  ) );
#6913 = PCURVE('',#436,#6914);
#6914 = DEFINITIONAL_REPRESENTATION('',(#6915),#6919);
#6915 = LINE('',#6916,#6917);
#6916 = CARTESIAN_POINT('',(0.,0.));
#6917 = VECTOR('',#6918,1.);
#6918 = DIRECTION('',(0.,-1.));
#6919 = ( GEOMETRIC_REPRESENTATION_CONTEXT(2) 
PARAMETRIC_REPRESENTATION_CONTEXT() REPRESENTATION_CONTEXT('2D SPACE',''
  ) );
#6920 = ORIENTED_EDGE('',*,*,#392,.F.);
#6921 = ADVANCED_FACE('',(#6922),#436,.F.);
#6922 = FACE_BOUND('',#6923,.F.);
#6923 = EDGE_LOOP('',(#6924,#6925,#6926,#6947));
#6924 = ORIENTED_EDGE('',*,*,#6900,.T.);
#6925 = ORIENTED_EDGE('',*,*,#3899,.T.);
#6926 = ORIENTED_EDGE('',*,*,#6927,.F.);
#6927 = EDGE_CURVE('',#421,#3900,#6928,.T.);
#6928 = SURFACE_CURVE('',#6929,(#6933,#6940),.PCURVE_S1.);
#6929 = LINE('',#6930,#6931);
#6930 = CARTESIAN_POINT('',(6.713073308226,2.391917959085,0.));
#6931 = VECTOR('',#6932,1.);
#6932 = DIRECTION('',(0.,0.,1.));
#6933 = PCURVE('',#436,#6934);
#6934 = DEFINITIONAL_REPRESENTATION('',(#6935),#6939);
#6935 = LINE('',#6936,#6937);
#6936 = CARTESIAN_POINT('',(0.362723214532,0.));
#6937 = VECTOR('',#6938,1.);
#6938 = DIRECTION('',(0.,-1.));
#6939 = ( GEOMETRIC_REPRESENTATION_CONTEXT(2) 
PARAMETRIC_REPRESENTATION_CONTEXT() REPRESENTATION_CONTEXT('2D SPACE',''
  ) );
#6940 = PCURVE('',#464,#6941);
#6941 = DEFINITIONAL_REPRESENTATION('',(#6942),#6946);
#6942 = LINE('',#6943,#6944);
#6943 = CARTESIAN_POINT('',(0.,0.));
#6944 = VECTOR('',#6945,1.);
#6945 = DIRECTION('',(0.,-1.));
#6946 = ( GEOMETRIC_REPRESENTATION_CONTEXT(2) 
PARAMETRIC_REPRESENTATION_CONTEXT() REPRESENTATION_CONTEXT('2D SPACE',''
  ) );
#6947 = ORIENTED_EDGE('',*,*,#420,.F.);
#6948 = ADVANCED_FACE('',(#6949),#464,.F.);
#6949 = FACE_BOUND('',#6950,.F.);
#6950 = EDGE_LOOP('',(#6951,#6952,#6953,#6974));
#6951 = ORIENTED_EDGE('',*,*,#6927,.T.);
#6952 = ORIENTED_EDGE('',*,*,#3922,.T.);
#6953 = ORIENTED_EDGE('',*,*,#6954,.F.);
#6954 = EDGE_CURVE('',#449,#3923,#6955,.T.);
#6955 = SURFACE_CURVE('',#6956,(#6960,#6967),.PCURVE_S1.);
#6956 = LINE('',#6957,#6958);
#6957 = CARTESIAN_POINT('',(6.546427054942,2.717052369792,0.));
#6958 = VECTOR('',#6959,1.);
#6959 = DIRECTION('',(0.,0.,1.));
#6960 = PCURVE('',#464,#6961);
#6961 = DEFINITIONAL_REPRESENTATION('',(#6962),#6966);
#6962 = LINE('',#6963,#6964);
#6963 = CARTESIAN_POINT('',(0.365353744691,0.));
#6964 = VECTOR('',#6965,1.);
#6965 = DIRECTION('',(0.,-1.));
#6966 = ( GEOMETRIC_REPRESENTATION_CONTEXT(2) 
PARAMETRIC_REPRESENTATION_CONTEXT() REPRESENTATION_CONTEXT('2D SPACE',''
  ) );
#6967 = PCURVE('',#492,#6968);
#6968 = DEFINITIONAL_REPRESENTATION('',(#6969),#6973);
#6969 = LINE('',#6970,#6971);
#6970 = CARTESIAN_POINT('',(0.,0.));
#6971 = VECTOR('',#6972,1.);
#6972 = DIRECTION('',(0.,-1.));
#6973 = ( GEOMETRIC_REPRESENTATION_CONTEXT(2) 
PARAMETRIC_REPRESENTATION_CONTEXT() REPRESENTATION_CONTEXT('2D SPACE',''
  ) );
#6974 = ORIENTED_EDGE('',*,*,#448,.F.);
#6975 = ADVANCED_FACE('',(#6976),#492,.F.);
#6976 = FACE_BOUND('',#6977,.F.);
#6977 = EDGE_LOOP('',(#6978,#6979,#6980,#7001));
#6978 = ORIENTED_EDGE('',*,*,#6954,.T.);
#6979 = ORIENTED_EDGE('',*,*,#3945,.T.);
#6980 = ORIENTED_EDGE('',*,*,#6981,.F.);
#6981 = EDGE_CURVE('',#477,#3946,#6982,.T.);
#6982 = SURFACE_CURVE('',#6983,(#6987,#6994),.PCURVE_S1.);
#6983 = LINE('',#6984,#6985);
#6984 = CARTESIAN_POINT('',(6.363254876269,3.035641163355,0.));
#6985 = VECTOR('',#6986,1.);
#6986 = DIRECTION('',(0.,0.,1.));
#6987 = PCURVE('',#492,#6988);
#6988 = DEFINITIONAL_REPRESENTATION('',(#6989),#6993);
#6989 = LINE('',#6990,#6991);
#6990 = CARTESIAN_POINT('',(0.367492675334,0.));
#6991 = VECTOR('',#6992,1.);
#6992 = DIRECTION('',(0.,-1.));
#6993 = ( GEOMETRIC_REPRESENTATION_CONTEXT(2) 
PARAMETRIC_REPRESENTATION_CONTEXT() REPRESENTATION_CONTEXT('2D SPACE',''
  ) );
#6994 = PCURVE('',#520,#6995);
#6995 = DEFINITIONAL_REPRESENTATION('',(#6996),#7000);
#6996 = LINE('',#6997,#6998);
#6997 = CARTESIAN_POINT('',(0.,0.));
#6998 = VECTOR('',#6999,1.);
#6999 = DIRECTION('',(0.,-1.));
#7000 = ( GEOMETRIC_REPRESENTATION_CONTEXT(2) 
PARAMETRIC_REPRESENTATION_CONTEXT() REPRESENTATION_CONTEXT('2D SPACE',''
  ) );
#7001 = ORIENTED_EDGE('',*,*,#476,.F.);
#7002 = ADVANCED_FACE('',(#7003),#520,.F.);
#7003 = FACE_BOUND('',#7004,.F.);
#7004 = EDGE_LOOP('',(#7005,#7006,#7007,#7028));
#7005 = ORIENTED_EDGE('',*,*,#6981,.T.);
#7006 = ORIENTED_EDGE('',*,*,#3968,.T.);
#7007 = ORIENTED_EDGE('',*,*,#7008,.F.);
#7008 = EDGE_CURVE('',#505,#3969,#7009,.T.);
#7009 = SURFACE_CURVE('',#7010,(#7014,#7021),.PCURVE_S1.);
#7010 = LINE('',#7011,#7012);
#7011 = CARTESIAN_POINT('',(6.165064813492,3.346916831465,0.));
#7012 = VECTOR('',#7013,1.);
#7013 = DIRECTION('',(0.,0.,1.));
#7014 = PCURVE('',#520,#7015);
#7015 = DEFINITIONAL_REPRESENTATION('',(#7016),#7020);
#7016 = LINE('',#7017,#7018);
#7017 = CARTESIAN_POINT('',(0.369014691497,0.));
#7018 = VECTOR('',#7019,1.);
#7019 = DIRECTION('',(0.,-1.));
#7020 = ( GEOMETRIC_REPRESENTATION_CONTEXT(2) 
PARAMETRIC_REPRESENTATION_CONTEXT() REPRESENTATION_CONTEXT('2D SPACE',''
  ) );
#7021 = PCURVE('',#548,#7022);
#7022 = DEFINITIONAL_REPRESENTATION('',(#7023),#7027);
#7023 = LINE('',#7024,#7025);
#7024 = CARTESIAN_POINT('',(0.,0.));
#7025 = VECTOR('',#7026,1.);
#7026 = DIRECTION('',(0.,-1.));
#7027 = ( GEOMETRIC_REPRESENTATION_CONTEXT(2) 
PARAMETRIC_REPRESENTATION_CONTEXT() REPRESENTATION_CONTEXT('2D SPACE',''
  ) );
#7028 = ORIENTED_EDGE('',*,*,#504,.F.);
#7029 = ADVANCED_FACE('',(#7030),#548,.F.);
#7030 = FACE_BOUND('',#7031,.F.);
#7031 = EDGE_LOOP('',(#7032,#7033,#7034,#7055));
#7032 = ORIENTED_EDGE('',*,*,#7008,.T.);
#7033 = ORIENTED_EDGE('',*,*,#3991,.T.);
#7034 = ORIENTED_EDGE('',*,*,#7035,.F.);
#7035 = EDGE_CURVE('',#533,#3992,#7036,.T.);
#7036 = SURFACE_CURVE('',#7037,(#7041,#7048),.PCURVE_S1.);
#7037 = LINE('',#7038,#7039);
#7038 = CARTESIAN_POINT('',(5.953299067323,3.650129483772,0.));
#7039 = VECTOR('',#7040,1.);
#7040 = DIRECTION('',(0.,0.,1.));
#7041 = PCURVE('',#548,#7042);
#7042 = DEFINITIONAL_REPRESENTATION('',(#7043),#7047);
#7043 = LINE('',#7044,#7045);
#7044 = CARTESIAN_POINT('',(0.369841376498,0.));
#7045 = VECTOR('',#7046,1.);
#7046 = DIRECTION('',(0.,-1.));
#7047 = ( GEOMETRIC_REPRESENTATION_CONTEXT(2) 
PARAMETRIC_REPRESENTATION_CONTEXT() REPRESENTATION_CONTEXT('2D SPACE',''
  ) );
#7048 = PCURVE('',#576,#7049);
#7049 = DEFINITIONAL_REPRESENTATION('',(#7050),#7054);
#7050 = LINE('',#7051,#7052);
#7051 = CARTESIAN_POINT('',(0.,0.));
#7052 = VECTOR('',#7053,1.);
#7053 = DIRECTION('',(0.,-1.));
#7054 = ( GEOMETRIC_REPRESENTATION_CONTEXT(2) 
PARAMETRIC_REPRESENTATION_CONTEXT() REPRESENTATION_CONTEXT('2D SPACE',''
  ) );
#7055 = ORIENTED_EDGE('',*,*,#532,.F.);
#7056 = ADVANCED_FACE('',(#7057),#576,.F.);
#7057 = FACE_BOUND('',#7058,.F.);
#7058 = EDGE_LOOP('',(#7059,#7060,#7061,#7082));
#7059 = ORIENTED_EDGE('',*,*,#7035,.T.);
#7060 = ORIENTED_EDGE('',*,*,#4014,.T.);
#7061 = ORIENTED_EDGE('',*,*,#7062,.F.);
#7062 = EDGE_CURVE('',#561,#4015,#7063,.T.);
#7063 = SURFACE_CURVE('',#7064,(#7068,#7075),.PCURVE_S1.);
#7064 = LINE('',#7065,#7066);
#7065 = CARTESIAN_POINT('',(5.729313187106,3.944548654439,0.));
#7066 = VECTOR('',#7067,1.);
#7067 = DIRECTION('',(0.,0.,1.));
#7068 = PCURVE('',#576,#7069);
#7069 = DEFINITIONAL_REPRESENTATION('',(#7070),#7074);
#7070 = LINE('',#7071,#7072);
#7071 = CARTESIAN_POINT('',(0.369935565461,0.));
#7072 = VECTOR('',#7073,1.);
#7073 = DIRECTION('',(0.,-1.));
#7074 = ( GEOMETRIC_REPRESENTATION_CONTEXT(2) 
PARAMETRIC_REPRESENTATION_CONTEXT() REPRESENTATION_CONTEXT('2D SPACE',''
  ) );
#7075 = PCURVE('',#604,#7076);
#7076 = DEFINITIONAL_REPRESENTATION('',(#7077),#7081);
#7077 = LINE('',#7078,#7079);
#7078 = CARTESIAN_POINT('',(0.,0.));
#7079 = VECTOR('',#7080,1.);
#7080 = DIRECTION('',(0.,-1.));
#7081 = ( GEOMETRIC_REPRESENTATION_CONTEXT(2) 
PARAMETRIC_REPRESENTATION_CONTEXT() REPRESENTATION_CONTEXT('2D SPACE',''
  ) );
#7082 = ORIENTED_EDGE('',*,*,#560,.F.);
#7083 = ADVANCED_FACE('',(#7084),#604,.F.);
#7084 = FACE_BOUND('',#7085,.F.);
#7085 = EDGE_LOOP('',(#7086,#7087,#7088,#7109));
#7086 = ORIENTED_EDGE('',*,*,#7062,.T.);
#7087 = ORIENTED_EDGE('',*,*,#4037,.T.);
#7088 = ORIENTED_EDGE('',*,*,#7089,.F.);
#7089 = EDGE_CURVE('',#589,#4038,#7090,.T.);
#7090 = SURFACE_CURVE('',#7091,(#7095,#7102),.PCURVE_S1.);
#7091 = LINE('',#7092,#7093);
#7092 = CARTESIAN_POINT('',(5.494364368009,4.229465061896,0.));
#7093 = VECTOR('',#7094,1.);
#7094 = DIRECTION('',(0.,0.,1.));
#7095 = PCURVE('',#604,#7096);
#7096 = DEFINITIONAL_REPRESENTATION('',(#7097),#7101);
#7097 = LINE('',#7098,#7099);
#7098 = CARTESIAN_POINT('',(0.369294336314,0.));
#7099 = VECTOR('',#7100,1.);
#7100 = DIRECTION('',(0.,-1.));
#7101 = ( GEOMETRIC_REPRESENTATION_CONTEXT(2) 
PARAMETRIC_REPRESENTATION_CONTEXT() REPRESENTATION_CONTEXT('2D SPACE',''
  ) );
#7102 = PCURVE('',#632,#7103);
#7103 = DEFINITIONAL_REPRESENTATION('',(#7104),#7108);
#7104 = LINE('',#7105,#7106);
#7105 = CARTESIAN_POINT('',(0.,0.));
#7106 = VECTOR('',#7107,1.);
#7107 = DIRECTION('',(0.,-1.));
#7108 = ( GEOMETRIC_REPRESENTATION_CONTEXT(2) 
PARAMETRIC_REPRESENTATION_CONTEXT() REPRESENTATION_CONTEXT('2D SPACE',''
  ) );
#7109 = ORIENTED_EDGE('',*,*,#588,.F.);
#7110 = ADVANCED_FACE('',(#7111),#632,.F.);
#7111 = FACE_BOUND('',#7112,.F.);
#7112 = EDGE_LOOP('',(#7113,#7114,#7115,#7136));
#7113 = ORIENTED_EDGE('',*,*,#7089,.T.);
#7114 = ORIENTED_EDGE('',*,*,#4060,.T.);
#7115 = ORIENTED_EDGE('',*,*,#7116,.F.);
#7116 = EDGE_CURVE('',#617,#4061,#7117,.T.);
#7117 = SURFACE_CURVE('',#7118,(#7122,#7129),.PCURVE_S1.);
#7118 = LINE('',#7119,#7120);
#7119 = CARTESIAN_POINT('',(5.249606833062,4.504192317562,0.));
#7120 = VECTOR('',#7121,1.);
#7121 = DIRECTION('',(0.,0.,1.));
#7122 = PCURVE('',#632,#7123);
#7123 = DEFINITIONAL_REPRESENTATION('',(#7124),#7128);
#7124 = LINE('',#7125,#7126);
#7125 = CARTESIAN_POINT('',(0.367942000754,0.));
#7126 = VECTOR('',#7127,1.);
#7127 = DIRECTION('',(0.,-1.));
#7128 = ( GEOMETRIC_REPRESENTATION_CONTEXT(2) 
PARAMETRIC_REPRESENTATION_CONTEXT() REPRESENTATION_CONTEXT('2D SPACE',''
  ) );
#7129 = PCURVE('',#660,#7130);
#7130 = DEFINITIONAL_REPRESENTATION('',(#7131),#7135);
#7131 = LINE('',#7132,#7133);
#7132 = CARTESIAN_POINT('',(0.,0.));
#7133 = VECTOR('',#7134,1.);
#7134 = DIRECTION('',(0.,-1.));
#7135 = ( GEOMETRIC_REPRESENTATION_CONTEXT(2) 
PARAMETRIC_REPRESENTATION_CONTEXT() REPRESENTATION_CONTEXT('2D SPACE',''
  ) );
#7136 = ORIENTED_EDGE('',*,*,#616,.F.);
#7137 = ADVANCED_FACE('',(#7138),#660,.F.);
#7138 = FACE_BOUND('',#7139,.F.);
#7139 = EDGE_LOOP('',(#7140,#7141,#7142,#7163));
#7140 = ORIENTED_EDGE('',*,*,#7116,.T.);
#7141 = ORIENTED_EDGE('',*,*,#4083,.T.);
#7142 = ORIENTED_EDGE('',*,*,#7143,.F.);
#7143 = EDGE_CURVE('',#645,#4084,#7144,.T.);
#7144 = SURFACE_CURVE('',#7145,(#7149,#7156),.PCURVE_S1.);
#7145 = LINE('',#7146,#7147);
#7146 = CARTESIAN_POINT('',(4.996092379413,4.768068579414,0.));
#7147 = VECTOR('',#7148,1.);
#7148 = DIRECTION('',(0.,0.,1.));
#7149 = PCURVE('',#660,#7150);
#7150 = DEFINITIONAL_REPRESENTATION('',(#7151),#7155);
#7151 = LINE('',#7152,#7153);
#7152 = CARTESIAN_POINT('',(0.365923844233,0.));
#7153 = VECTOR('',#7154,1.);
#7154 = DIRECTION('',(0.,-1.));
#7155 = ( GEOMETRIC_REPRESENTATION_CONTEXT(2) 
PARAMETRIC_REPRESENTATION_CONTEXT() REPRESENTATION_CONTEXT('2D SPACE',''
  ) );
#7156 = PCURVE('',#688,#7157);
#7157 = DEFINITIONAL_REPRESENTATION('',(#7158),#7162);
#7158 = LINE('',#7159,#7160);
#7159 = CARTESIAN_POINT('',(0.,0.));
#7160 = VECTOR('',#7161,1.);
#7161 = DIRECTION('',(0.,-1.));
#7162 = ( GEOMETRIC_REPRESENTATION_CONTEXT(2) 
PARAMETRIC_REPRESENTATION_CONTEXT() REPRESENTATION_CONTEXT('2D SPACE',''
  ) );
#7163 = ORIENTED_EDGE('',*,*,#644,.F.);
#7164 = ADVANCED_FACE('',(#7165),#688,.F.);
#7165 = FACE_BOUND('',#7166,.F.);
#7166 = EDGE_LOOP('',(#7167,#7168,#7169,#7190));
#7167 = ORIENTED_EDGE('',*,*,#7143,.T.);
#7168 = ORIENTED_EDGE('',*,*,#4106,.T.);
#7169 = ORIENTED_EDGE('',*,*,#7170,.F.);
#7170 = EDGE_CURVE('',#673,#4107,#7171,.T.);
#7171 = SURFACE_CURVE('',#7172,(#7176,#7183),.PCURVE_S1.);
#7172 = LINE('',#7173,#7174);
#7173 = CARTESIAN_POINT('',(4.734774442381,5.020458146424,0.));
#7174 = VECTOR('',#7175,1.);
#7175 = DIRECTION('',(0.,0.,1.));
#7176 = PCURVE('',#688,#7177);
#7177 = DEFINITIONAL_REPRESENTATION('',(#7178),#7182);
#7178 = LINE('',#7179,#7180);
#7179 = CARTESIAN_POINT('',(0.363300919005,0.));
#7180 = VECTOR('',#7181,1.);
#7181 = DIRECTION('',(0.,-1.));
#7182 = ( GEOMETRIC_REPRESENTATION_CONTEXT(2) 
PARAMETRIC_REPRESENTATION_CONTEXT() REPRESENTATION_CONTEXT('2D SPACE',''
  ) );
#7183 = PCURVE('',#716,#7184);
#7184 = DEFINITIONAL_REPRESENTATION('',(#7185),#7189);
#7185 = LINE('',#7186,#7187);
#7186 = CARTESIAN_POINT('',(0.,0.));
#7187 = VECTOR('',#7188,1.);
#7188 = DIRECTION('',(0.,-1.));
#7189 = ( GEOMETRIC_REPRESENTATION_CONTEXT(2) 
PARAMETRIC_REPRESENTATION_CONTEXT() REPRESENTATION_CONTEXT('2D SPACE',''
  ) );
#7190 = ORIENTED_EDGE('',*,*,#672,.F.);
#7191 = ADVANCED_FACE('',(#7192),#716,.F.);
#7192 = FACE_BOUND('',#7193,.F.);
#7193 = EDGE_LOOP('',(#7194,#7195,#7196,#7217));
#7194 = ORIENTED_EDGE('',*,*,#7170,.T.);
#7195 = ORIENTED_EDGE('',*,*,#4129,.T.);
#7196 = ORIENTED_EDGE('',*,*,#7197,.F.);
#7197 = EDGE_CURVE('',#701,#4130,#7198,.T.);
#7198 = SURFACE_CURVE('',#7199,(#7203,#7210),.PCURVE_S1.);
#7199 = LINE('',#7200,#7201);
#7200 = CARTESIAN_POINT('',(4.466514364942,5.26075299002,0.));
#7201 = VECTOR('',#7202,1.);
#7202 = DIRECTION('',(0.,0.,1.));
#7203 = PCURVE('',#716,#7204);
#7204 = DEFINITIONAL_REPRESENTATION('',(#7205),#7209);
#7205 = LINE('',#7206,#7207);
#7206 = CARTESIAN_POINT('',(0.36014591627,0.));
#7207 = VECTOR('',#7208,1.);
#7208 = DIRECTION('',(0.,-1.));
#7209 = ( GEOMETRIC_REPRESENTATION_CONTEXT(2) 
PARAMETRIC_REPRESENTATION_CONTEXT() REPRESENTATION_CONTEXT('2D SPACE',''
  ) );
#7210 = PCURVE('',#744,#7211);
#7211 = DEFINITIONAL_REPRESENTATION('',(#7212),#7216);
#7212 = LINE('',#7213,#7214);
#7213 = CARTESIAN_POINT('',(0.,0.));
#7214 = VECTOR('',#7215,1.);
#7215 = DIRECTION('',(0.,-1.));
#7216 = ( GEOMETRIC_REPRESENTATION_CONTEXT(2) 
PARAMETRIC_REPRESENTATION_CONTEXT() REPRESENTATION_CONTEXT('2D SPACE',''
  ) );
#7217 = ORIENTED_EDGE('',*,*,#700,.F.);
#7218 = ADVANCED_FACE('',(#7219),#744,.F.);
#7219 = FACE_BOUND('',#7220,.F.);
#7220 = EDGE_LOOP('',(#7221,#7222,#7223,#7244));
#7221 = ORIENTED_EDGE('',*,*,#7197,.T.);
#7222 = ORIENTED_EDGE('',*,*,#4152,.T.);
#7223 = ORIENTED_EDGE('',*,*,#7224,.F.);
#7224 = EDGE_CURVE('',#729,#4153,#7225,.T.);
#7225 = SURFACE_CURVE('',#7226,(#7230,#7237),.PCURVE_S1.);
#7226 = LINE('',#7227,#7228);
#7227 = CARTESIAN_POINT('',(4.192088885614,5.488374218875,0.));
#7228 = VECTOR('',#7229,1.);
#7229 = DIRECTION('',(0.,0.,1.));
#7230 = PCURVE('',#744,#7231);
#7231 = DEFINITIONAL_REPRESENTATION('',(#7232),#7236);
#7232 = LINE('',#7233,#7234);
#7233 = CARTESIAN_POINT('',(0.356539994292,0.));
#7234 = VECTOR('',#7235,1.);
#7235 = DIRECTION('',(0.,-1.));
#7236 = ( GEOMETRIC_REPRESENTATION_CONTEXT(2) 
PARAMETRIC_REPRESENTATION_CONTEXT() REPRESENTATION_CONTEXT('2D SPACE',''
  ) );
#7237 = PCURVE('',#772,#7238);
#7238 = DEFINITIONAL_REPRESENTATION('',(#7239),#7243);
#7239 = LINE('',#7240,#7241);
#7240 = CARTESIAN_POINT('',(0.,0.));
#7241 = VECTOR('',#7242,1.);
#7242 = DIRECTION('',(0.,-1.));
#7243 = ( GEOMETRIC_REPRESENTATION_CONTEXT(2) 
PARAMETRIC_REPRESENTATION_CONTEXT() REPRESENTATION_CONTEXT('2D SPACE',''
  ) );
#7244 = ORIENTED_EDGE('',*,*,#728,.F.);
#7245 = ADVANCED_FACE('',(#7246),#772,.F.);
#7246 = FACE_BOUND('',#7247,.F.);
#7247 = EDGE_LOOP('',(#7248,#7249,#7250,#7271));
#7248 = ORIENTED_EDGE('',*,*,#7224,.T.);
#7249 = ORIENTED_EDGE('',*,*,#4175,.T.);
#7250 = ORIENTED_EDGE('',*,*,#7251,.F.);
#7251 = EDGE_CURVE('',#757,#4176,#7252,.T.);
#7252 = SURFACE_CURVE('',#7253,(#7257,#7264),.PCURVE_S1.);
#7253 = LINE('',#7254,#7255);
#7254 = CARTESIAN_POINT('',(3.912198140034,5.702773473513,0.));
#7255 = VECTOR('',#7256,1.);
#7256 = DIRECTION('',(0.,0.,1.));
#7257 = PCURVE('',#772,#7258);
#7258 = DEFINITIONAL_REPRESENTATION('',(#7259),#7263);
#7259 = LINE('',#7260,#7261);
#7260 = CARTESIAN_POINT('',(0.352570375742,0.));
#7261 = VECTOR('',#7262,1.);
#7262 = DIRECTION('',(0.,-1.));
#7263 = ( GEOMETRIC_REPRESENTATION_CONTEXT(2) 
PARAMETRIC_REPRESENTATION_CONTEXT() REPRESENTATION_CONTEXT('2D SPACE',''
  ) );
#7264 = PCURVE('',#800,#7265);
#7265 = DEFINITIONAL_REPRESENTATION('',(#7266),#7270);
#7266 = LINE('',#7267,#7268);
#7267 = CARTESIAN_POINT('',(0.,0.));
#7268 = VECTOR('',#7269,1.);
#7269 = DIRECTION('',(0.,-1.));
#7270 = ( GEOMETRIC_REPRESENTATION_CONTEXT(2) 
PARAMETRIC_REPRESENTATION_CONTEXT() REPRESENTATION_CONTEXT('2D SPACE',''
  ) );
#7271 = ORIENTED_EDGE('',*,*,#756,.F.);
#7272 = ADVANCED_FACE('',(#7273),#800,.F.);
#7273 = FACE_BOUND('',#7274,.F.);
#7274 = EDGE_LOOP('',(#7275,#7276,#7277,#7298));
#7275 = ORIENTED_EDGE('',*,*,#7251,.T.);
#7276 = ORIENTED_EDGE('',*,*,#4198,.T.);
#7277 = ORIENTED_EDGE('',*,*,#7278,.F.);
#7278 = EDGE_CURVE('',#785,#4199,#7279,.T.);
#7279 = SURFACE_CURVE('',#7280,(#7284,#7291),.PCURVE_S1.);
#7280 = LINE('',#7281,#7282);
#7281 = CARTESIAN_POINT('',(3.627473698823,5.903434247348,0.));
#7282 = VECTOR('',#7283,1.);
#7283 = DIRECTION('',(0.,0.,1.));
#7284 = PCURVE('',#800,#7285);
#7285 = DEFINITIONAL_REPRESENTATION('',(#7286),#7290);
#7286 = LINE('',#7287,#7288);
#7287 = CARTESIAN_POINT('',(0.348328513876,0.));
#7288 = VECTOR('',#7289,1.);
#7289 = DIRECTION('',(0.,-1.));
#7290 = ( GEOMETRIC_REPRESENTATION_CONTEXT(2) 
PARAMETRIC_REPRESENTATION_CONTEXT() REPRESENTATION_CONTEXT('2D SPACE',''
  ) );
#7291 = PCURVE('',#828,#7292);
#7292 = DEFINITIONAL_REPRESENTATION('',(#7293),#7297);
#7293 = LINE('',#7294,#7295);
#7294 = CARTESIAN_POINT('',(0.,0.));
#7295 = VECTOR('',#7296,1.);
#7296 = DIRECTION('',(0.,-1.));
#7297 = ( GEOMETRIC_REPRESENTATION_CONTEXT(2) 
PARAMETRIC_REPRESENTATION_CONTEXT() REPRESENTATION_CONTEXT('2D SPACE',''
  ) );
#7298 = ORIENTED_EDGE('',*,*,#784,.F.);
#7299 = ADVANCED_FACE('',(#7300),#828,.F.);
#7300 = FACE_BOUND('',#7301,.F.);
#7301 = EDGE_LOOP('',(#7302,#7303,#7304,#7325));
#7302 = ORIENTED_EDGE('',*,*,#7278,.T.);
#7303 = ORIENTED_EDGE('',*,*,#4221,.T.);
#7304 = ORIENTED_EDGE('',*,*,#7305,.F.);
#7305 = EDGE_CURVE('',#813,#4222,#7306,.T.);
#7306 = SURFACE_CURVE('',#7307,(#7311,#7318),.PCURVE_S1.);
#7307 = LINE('',#7308,#7309);
#7308 = CARTESIAN_POINT('',(3.338486337801,6.089873131002,0.));
#7309 = VECTOR('',#7310,1.);
#7310 = DIRECTION('',(0.,0.,1.));
#7311 = PCURVE('',#828,#7312);
#7312 = DEFINITIONAL_REPRESENTATION('',(#7313),#7317);
#7313 = LINE('',#7314,#7315);
#7314 = CARTESIAN_POINT('',(0.343908639275,0.));
#7315 = VECTOR('',#7316,1.);
#7316 = DIRECTION('',(0.,-1.));
#7317 = ( GEOMETRIC_REPRESENTATION_CONTEXT(2) 
PARAMETRIC_REPRESENTATION_CONTEXT() REPRESENTATION_CONTEXT('2D SPACE',''
  ) );
#7318 = PCURVE('',#856,#7319);
#7319 = DEFINITIONAL_REPRESENTATION('',(#7320),#7324);
#7320 = LINE('',#7321,#7322);
#7321 = CARTESIAN_POINT('',(0.,0.));
#7322 = VECTOR('',#7323,1.);
#7323 = DIRECTION('',(0.,-1.));
#7324 = ( GEOMETRIC_REPRESENTATION_CONTEXT(2) 
PARAMETRIC_REPRESENTATION_CONTEXT() REPRESENTATION_CONTEXT('2D SPACE',''
  ) );
#7325 = ORIENTED_EDGE('',*,*,#812,.F.);
#7326 = ADVANCED_FACE('',(#7327),#856,.F.);
#7327 = FACE_BOUND('',#7328,.F.);
#7328 = EDGE_LOOP('',(#7329,#7330,#7331,#7352));
#7329 = ORIENTED_EDGE('',*,*,#7305,.T.);
#7330 = ORIENTED_EDGE('',*,*,#4244,.T.);
#7331 = ORIENTED_EDGE('',*,*,#7332,.F.);
#7332 = EDGE_CURVE('',#841,#4245,#7333,.T.);
#7333 = SURFACE_CURVE('',#7334,(#7338,#7345),.PCURVE_S1.);
#7334 = LINE('',#7335,#7336);
#7335 = CARTESIAN_POINT('',(3.045753363274,6.261640976873,0.));
#7336 = VECTOR('',#7337,1.);
#7337 = DIRECTION('',(0.,0.,1.));
#7338 = PCURVE('',#856,#7339);
#7339 = DEFINITIONAL_REPRESENTATION('',(#7340),#7344);
#7340 = LINE('',#7341,#7342);
#7341 = CARTESIAN_POINT('',(0.33940652211,0.));
#7342 = VECTOR('',#7343,1.);
#7343 = DIRECTION('',(0.,-1.));
#7344 = ( GEOMETRIC_REPRESENTATION_CONTEXT(2) 
PARAMETRIC_REPRESENTATION_CONTEXT() REPRESENTATION_CONTEXT('2D SPACE',''
  ) );
#7345 = PCURVE('',#884,#7346);
#7346 = DEFINITIONAL_REPRESENTATION('',(#7347),#7351);
#7347 = LINE('',#7348,#7349);
#7348 = CARTESIAN_POINT('',(0.,0.));
#7349 = VECTOR('',#7350,1.);
#7350 = DIRECTION('',(0.,-1.));
#7351 = ( GEOMETRIC_REPRESENTATION_CONTEXT(2) 
PARAMETRIC_REPRESENTATION_CONTEXT() REPRESENTATION_CONTEXT('2D SPACE',''
  ) );
#7352 = ORIENTED_EDGE('',*,*,#840,.F.);
#7353 = ADVANCED_FACE('',(#7354),#884,.F.);
#7354 = FACE_BOUND('',#7355,.F.);
#7355 = EDGE_LOOP('',(#7356,#7357,#7358,#7379));
#7356 = ORIENTED_EDGE('',*,*,#7332,.T.);
#7357 = ORIENTED_EDGE('',*,*,#4267,.T.);
#7358 = ORIENTED_EDGE('',*,*,#7359,.F.);
#7359 = EDGE_CURVE('',#869,#4268,#7360,.T.);
#7360 = SURFACE_CURVE('',#7361,(#7365,#7372),.PCURVE_S1.);
#7361 = LINE('',#7362,#7363);
#7362 = CARTESIAN_POINT('',(2.749745404215,6.418323981176,0.));
#7363 = VECTOR('',#7364,1.);
#7364 = DIRECTION('',(0.,0.,1.));
#7365 = PCURVE('',#884,#7366);
#7366 = DEFINITIONAL_REPRESENTATION('',(#7367),#7371);
#7367 = LINE('',#7368,#7369);
#7368 = CARTESIAN_POINT('',(0.334918311927,0.));
#7369 = VECTOR('',#7370,1.);
#7370 = DIRECTION('',(0.,-1.));
#7371 = ( GEOMETRIC_REPRESENTATION_CONTEXT(2) 
PARAMETRIC_REPRESENTATION_CONTEXT() REPRESENTATION_CONTEXT('2D SPACE',''
  ) );
#7372 = PCURVE('',#912,#7373);
#7373 = DEFINITIONAL_REPRESENTATION('',(#7374),#7378);
#7374 = LINE('',#7375,#7376);
#7375 = CARTESIAN_POINT('',(0.,0.));
#7376 = VECTOR('',#7377,1.);
#7377 = DIRECTION('',(0.,-1.));
#7378 = ( GEOMETRIC_REPRESENTATION_CONTEXT(2) 
PARAMETRIC_REPRESENTATION_CONTEXT() REPRESENTATION_CONTEXT('2D SPACE',''
  ) );
#7379 = ORIENTED_EDGE('',*,*,#868,.F.);
#7380 = ADVANCED_FACE('',(#7381),#912,.F.);
#7381 = FACE_BOUND('',#7382,.F.);
#7382 = EDGE_LOOP('',(#7383,#7384,#7385,#7406));
#7383 = ORIENTED_EDGE('',*,*,#7359,.T.);
#7384 = ORIENTED_EDGE('',*,*,#4290,.T.);
#7385 = ORIENTED_EDGE('',*,*,#7386,.F.);
#7386 = EDGE_CURVE('',#897,#4291,#7387,.T.);
#7387 = SURFACE_CURVE('',#7388,(#7392,#7399),.PCURVE_S1.);
#7388 = LINE('',#7389,#7390);
#7389 = CARTESIAN_POINT('',(2.450892643504,6.55954468083,0.));
#7390 = VECTOR('',#7391,1.);
#7391 = DIRECTION('',(0.,0.,1.));
#7392 = PCURVE('',#912,#7393);
#7393 = DEFINITIONAL_REPRESENTATION('',(#7394),#7398);
#7394 = LINE('',#7395,#7396);
#7395 = CARTESIAN_POINT('',(0.330539345003,0.));
#7396 = VECTOR('',#7397,1.);
#7397 = DIRECTION('',(0.,-1.));
#7398 = ( GEOMETRIC_REPRESENTATION_CONTEXT(2) 
PARAMETRIC_REPRESENTATION_CONTEXT() REPRESENTATION_CONTEXT('2D SPACE',''
  ) );
#7399 = PCURVE('',#940,#7400);
#7400 = DEFINITIONAL_REPRESENTATION('',(#7401),#7405);
#7401 = LINE('',#7402,#7403);
#7402 = CARTESIAN_POINT('',(0.,0.));
#7403 = VECTOR('',#7404,1.);
#7404 = DIRECTION('',(0.,-1.));
#7405 = ( GEOMETRIC_REPRESENTATION_CONTEXT(2) 
PARAMETRIC_REPRESENTATION_CONTEXT() REPRESENTATION_CONTEXT('2D SPACE',''
  ) );
#7406 = ORIENTED_EDGE('',*,*,#896,.F.);
#7407 = ADVANCED_FACE('',(#7408),#940,.F.);
#7408 = FACE_BOUND('',#7409,.F.);
#7409 = EDGE_LOOP('',(#7410,#7411,#7412,#7433));
#7410 = ORIENTED_EDGE('',*,*,#7386,.T.);
#7411 = ORIENTED_EDGE('',*,*,#4313,.T.);
#7412 = ORIENTED_EDGE('',*,*,#7413,.F.);
#7413 = EDGE_CURVE('',#925,#4314,#7414,.T.);
#7414 = SURFACE_CURVE('',#7415,(#7419,#7426),.PCURVE_S1.);
#7415 = LINE('',#7416,#7417);
#7416 = CARTESIAN_POINT('',(2.149590499671,6.684962862799,0.));
#7417 = VECTOR('',#7418,1.);
#7418 = DIRECTION('',(0.,0.,1.));
#7419 = PCURVE('',#940,#7420);
#7420 = DEFINITIONAL_REPRESENTATION('',(#7421),#7425);
#7421 = LINE('',#7422,#7423);
#7422 = CARTESIAN_POINT('',(0.326362838337,0.));
#7423 = VECTOR('',#7424,1.);
#7424 = DIRECTION('',(0.,-1.));
#7425 = ( GEOMETRIC_REPRESENTATION_CONTEXT(2) 
PARAMETRIC_REPRESENTATION_CONTEXT() REPRESENTATION_CONTEXT('2D SPACE',''
  ) );
#7426 = PCURVE('',#968,#7427);
#7427 = DEFINITIONAL_REPRESENTATION('',(#7428),#7432);
#7428 = LINE('',#7429,#7430);
#7429 = CARTESIAN_POINT('',(0.,0.));
#7430 = VECTOR('',#7431,1.);
#7431 = DIRECTION('',(0.,-1.));
#7432 = ( GEOMETRIC_REPRESENTATION_CONTEXT(2) 
PARAMETRIC_REPRESENTATION_CONTEXT() REPRESENTATION_CONTEXT('2D SPACE',''
  ) );
#7433 = ORIENTED_EDGE('',*,*,#924,.F.);
#7434 = ADVANCED_FACE('',(#7435),#968,.F.);
#7435 = FACE_BOUND('',#7436,.F.);
#7436 = EDGE_LOOP('',(#7437,#7438,#7439,#7460));
#7437 = ORIENTED_EDGE('',*,*,#7413,.T.);
#7438 = ORIENTED_EDGE('',*,*,#4336,.T.);
#7439 = ORIENTED_EDGE('',*,*,#7440,.F.);
#7440 = EDGE_CURVE('',#953,#4337,#7441,.T.);
#7441 = SURFACE_CURVE('',#7442,(#7446,#7453),.PCURVE_S1.);
#7442 = LINE('',#7443,#7444);
#7443 = CARTESIAN_POINT('',(1.846204794928,6.794276383699,0.));
#7444 = VECTOR('',#7445,1.);
#7445 = DIRECTION('',(0.,0.,1.));
#7446 = PCURVE('',#968,#7447);
#7447 = DEFINITIONAL_REPRESENTATION('',(#7448),#7452);
#7448 = LINE('',#7449,#7450);
#7449 = CARTESIAN_POINT('',(0.322478420509,0.));
#7450 = VECTOR('',#7451,1.);
#7451 = DIRECTION('',(0.,-1.));
#7452 = ( GEOMETRIC_REPRESENTATION_CONTEXT(2) 
PARAMETRIC_REPRESENTATION_CONTEXT() REPRESENTATION_CONTEXT('2D SPACE',''
  ) );
#7453 = PCURVE('',#996,#7454);
#7454 = DEFINITIONAL_REPRESENTATION('',(#7455),#7459);
#7455 = LINE('',#7456,#7457);
#7456 = CARTESIAN_POINT('',(0.,0.));
#7457 = VECTOR('',#7458,1.);
#7458 = DIRECTION('',(0.,-1.));
#7459 = ( GEOMETRIC_REPRESENTATION_CONTEXT(2) 
PARAMETRIC_REPRESENTATION_CONTEXT() REPRESENTATION_CONTEXT('2D SPACE',''
  ) );
#7460 = ORIENTED_EDGE('',*,*,#952,.F.);
#7461 = ADVANCED_FACE('',(#7462),#996,.F.);
#7462 = FACE_BOUND('',#7463,.F.);
#7463 = EDGE_LOOP('',(#7464,#7465,#7466,#7487));
#7464 = ORIENTED_EDGE('',*,*,#7440,.T.);
#7465 = ORIENTED_EDGE('',*,*,#4359,.T.);
#7466 = ORIENTED_EDGE('',*,*,#7467,.F.);
#7467 = EDGE_CURVE('',#981,#4360,#7468,.T.);
#7468 = SURFACE_CURVE('',#7469,(#7473,#7480),.PCURVE_S1.);
#7469 = LINE('',#7470,#7471);
#7470 = CARTESIAN_POINT('',(1.541076459388,6.887221897681,0.));
#7471 = VECTOR('',#7472,1.);
#7472 = DIRECTION('',(0.,0.,1.));
#7473 = PCURVE('',#996,#7474);
#7474 = DEFINITIONAL_REPRESENTATION('',(#7475),#7479);
#7475 = LINE('',#7476,#7477);
#7476 = CARTESIAN_POINT('',(0.318970484087,0.));
#7477 = VECTOR('',#7478,1.);
#7478 = DIRECTION('',(0.,-1.));
#7479 = ( GEOMETRIC_REPRESENTATION_CONTEXT(2) 
PARAMETRIC_REPRESENTATION_CONTEXT() REPRESENTATION_CONTEXT('2D SPACE',''
  ) );
#7480 = PCURVE('',#1024,#7481);
#7481 = DEFINITIONAL_REPRESENTATION('',(#7482),#7486);
#7482 = LINE('',#7483,#7484);
#7483 = CARTESIAN_POINT('',(0.,0.));
#7484 = VECTOR('',#7485,1.);
#7485 = DIRECTION('',(0.,-1.));
#7486 = ( GEOMETRIC_REPRESENTATION_CONTEXT(2) 
PARAMETRIC_REPRESENTATION_CONTEXT() REPRESENTATION_CONTEXT('2D SPACE',''
  ) );
#7487 = ORIENTED_EDGE('',*,*,#980,.F.);
#7488 = ADVANCED_FACE('',(#7489),#1024,.F.);
#7489 = FACE_BOUND('',#7490,.F.);
#7490 = EDGE_LOOP('',(#7491,#7492,#7493,#7514));
#7491 = ORIENTED_EDGE('',*,*,#7467,.T.);
#7492 = ORIENTED_EDGE('',*,*,#4382,.T.);
#7493 = ORIENTED_EDGE('',*,*,#7494,.F.);
#7494 = EDGE_CURVE('',#1009,#4383,#7495,.T.);
#7495 = SURFACE_CURVE('',#7496,(#7500,#7507),.PCURVE_S1.);
#7496 = LINE('',#7497,#7498);
#7497 = CARTESIAN_POINT('',(1.23452582866,6.963575490863,0.));
#7498 = VECTOR('',#7499,1.);
#7499 = DIRECTION('',(0.,0.,1.));
#7500 = PCURVE('',#1024,#7501);
#7501 = DEFINITIONAL_REPRESENTATION('',(#7502),#7506);
#7502 = LINE('',#7503,#7504);
#7503 = CARTESIAN_POINT('',(0.315916381962,0.));
#7504 = VECTOR('',#7505,1.);
#7505 = DIRECTION('',(0.,-1.));
#7506 = ( GEOMETRIC_REPRESENTATION_CONTEXT(2) 
PARAMETRIC_REPRESENTATION_CONTEXT() REPRESENTATION_CONTEXT('2D SPACE',''
  ) );
#7507 = PCURVE('',#1052,#7508);
#7508 = DEFINITIONAL_REPRESENTATION('',(#7509),#7513);
#7509 = LINE('',#7510,#7511);
#7510 = CARTESIAN_POINT('',(0.,0.));
#7511 = VECTOR('',#7512,1.);
#7512 = DIRECTION('',(0.,-1.));
#7513 = ( GEOMETRIC_REPRESENTATION_CONTEXT(2) 
PARAMETRIC_REPRESENTATION_CONTEXT() REPRESENTATION_CONTEXT('2D SPACE',''
  ) );
#7514 = ORIENTED_EDGE('',*,*,#1008,.F.);
#7515 = ADVANCED_FACE('',(#7516),#1052,.F.);
#7516 = FACE_BOUND('',#7517,.F.);
#7517 = EDGE_LOOP('',(#7518,#7519,#7520,#7541));
#7518 = ORIENTED_EDGE('',*,*,#7494,.T.);
#7519 = ORIENTED_EDGE('',*,*,#4405,.T.);
#7520 = ORIENTED_EDGE('',*,*,#7521,.F.);
#7521 = EDGE_CURVE('',#1037,#4406,#7522,.T.);
#7522 = SURFACE_CURVE('',#7523,(#7527,#7534),.PCURVE_S1.);
#7523 = LINE('',#7524,#7525);
#7524 = CARTESIAN_POINT('',(0.926856595028,7.02315322075,0.));
#7525 = VECTOR('',#7526,1.);
#7526 = DIRECTION('',(0.,0.,1.));
#7527 = PCURVE('',#1052,#7528);
#7528 = DEFINITIONAL_REPRESENTATION('',(#7529),#7533);
#7529 = LINE('',#7530,#7531);
#7530 = CARTESIAN_POINT('',(0.313384529328,0.));
#7531 = VECTOR('',#7532,1.);
#7532 = DIRECTION('',(0.,-1.));
#7533 = ( GEOMETRIC_REPRESENTATION_CONTEXT(2) 
PARAMETRIC_REPRESENTATION_CONTEXT() REPRESENTATION_CONTEXT('2D SPACE',''
  ) );
#7534 = PCURVE('',#1080,#7535);
#7535 = DEFINITIONAL_REPRESENTATION('',(#7536),#7540);
#7536 = LINE('',#7537,#7538);
#7537 = CARTESIAN_POINT('',(0.,0.));
#7538 = VECTOR('',#7539,1.);
#7539 = DIRECTION('',(0.,-1.));
#7540 = ( GEOMETRIC_REPRESENTATION_CONTEXT(2) 
PARAMETRIC_REPRESENTATION_CONTEXT() REPRESENTATION_CONTEXT('2D SPACE',''
  ) );
#7541 = ORIENTED_EDGE('',*,*,#1036,.F.);
#7542 = ADVANCED_FACE('',(#7543),#1080,.F.);
#7543 = FACE_BOUND('',#7544,.F.);
#7544 = EDGE_LOOP('',(#7545,#7546,#7547,#7568));
#7545 = ORIENTED_EDGE('',*,*,#7521,.T.);
#7546 = ORIENTED_EDGE('',*,*,#4428,.T.);
#7547 = ORIENTED_EDGE('',*,*,#7548,.F.);
#7548 = EDGE_CURVE('',#1065,#4429,#7549,.T.);
#7549 = SURFACE_CURVE('',#7550,(#7554,#7561),.PCURVE_S1.);
#7550 = LINE('',#7551,#7552);
#7551 = CARTESIAN_POINT('',(0.61835947288,7.065811559373,0.));
#7552 = VECTOR('',#7553,1.);
#7553 = DIRECTION('',(0.,0.,1.));
#7554 = PCURVE('',#1080,#7555);
#7555 = DEFINITIONAL_REPRESENTATION('',(#7556),#7560);
#7556 = LINE('',#7557,#7558);
#7557 = CARTESIAN_POINT('',(0.311432509908,0.));
#7558 = VECTOR('',#7559,1.);
#7559 = DIRECTION('',(0.,-1.));
#7560 = ( GEOMETRIC_REPRESENTATION_CONTEXT(2) 
PARAMETRIC_REPRESENTATION_CONTEXT() REPRESENTATION_CONTEXT('2D SPACE',''
  ) );
#7561 = PCURVE('',#1108,#7562);
#7562 = DEFINITIONAL_REPRESENTATION('',(#7563),#7567);
#7563 = LINE('',#7564,#7565);
#7564 = CARTESIAN_POINT('',(0.,0.));
#7565 = VECTOR('',#7566,1.);
#7566 = DIRECTION('',(0.,-1.));
#7567 = ( GEOMETRIC_REPRESENTATION_CONTEXT(2) 
PARAMETRIC_REPRESENTATION_CONTEXT() REPRESENTATION_CONTEXT('2D SPACE',''
  ) );
#7568 = ORIENTED_EDGE('',*,*,#1064,.F.);
#7569 = ADVANCED_FACE('',(#7570),#1108,.F.);
#7570 = FACE_BOUND('',#7571,.F.);
#7571 = EDGE_LOOP('',(#7572,#7573,#7574,#7595));
#7572 = ORIENTED_EDGE('',*,*,#7548,.T.);
#7573 = ORIENTED_EDGE('',*,*,#4451,.T.);
#7574 = ORIENTED_EDGE('',*,*,#7575,.F.);
#7575 = EDGE_CURVE('',#1093,#4452,#7576,.T.);
#7576 = SURFACE_CURVE('',#7577,(#7581,#7588),.PCURVE_S1.);
#7577 = LINE('',#7578,#7579);
#7578 = CARTESIAN_POINT('',(0.309315638137,7.091447739057,0.));
#7579 = VECTOR('',#7580,1.);
#7580 = DIRECTION('',(0.,0.,1.));
#7581 = PCURVE('',#1108,#7582);
#7582 = DEFINITIONAL_REPRESENTATION('',(#7583),#7587);
#7583 = LINE('',#7584,#7585);
#7584 = CARTESIAN_POINT('',(0.310105313565,0.));
#7585 = VECTOR('',#7586,1.);
#7586 = DIRECTION('',(0.,-1.));
#7587 = ( GEOMETRIC_REPRESENTATION_CONTEXT(2) 
PARAMETRIC_REPRESENTATION_CONTEXT() REPRESENTATION_CONTEXT('2D SPACE',''
  ) );
#7588 = PCURVE('',#1136,#7589);
#7589 = DEFINITIONAL_REPRESENTATION('',(#7590),#7594);
#7590 = LINE('',#7591,#7592);
#7591 = CARTESIAN_POINT('',(0.,0.));
#7592 = VECTOR('',#7593,1.);
#7593 = DIRECTION('',(0.,-1.));
#7594 = ( GEOMETRIC_REPRESENTATION_CONTEXT(2) 
PARAMETRIC_REPRESENTATION_CONTEXT() REPRESENTATION_CONTEXT('2D SPACE',''
  ) );
#7595 = ORIENTED_EDGE('',*,*,#1092,.F.);
#7596 = ADVANCED_FACE('',(#7597),#1136,.F.);
#7597 = FACE_BOUND('',#7598,.F.);
#7598 = EDGE_LOOP('',(#7599,#7600,#7601,#7622));
#7599 = ORIENTED_EDGE('',*,*,#7575,.T.);
#7600 = ORIENTED_EDGE('',*,*,#4474,.T.);
#7601 = ORIENTED_EDGE('',*,*,#7602,.F.);
#7602 = EDGE_CURVE('',#1121,#4475,#7603,.T.);
#7603 = SURFACE_CURVE('',#7604,(#7608,#7615),.PCURVE_S1.);
#7604 = LINE('',#7605,#7606);
#7605 = CARTESIAN_POINT('',(3.859013424954E-16,7.1,0.));
#7606 = VECTOR('',#7607,1.);
#7607 = DIRECTION('',(0.,0.,1.));
#7608 = PCURVE('',#1136,#7609);
#7609 = DEFINITIONAL_REPRESENTATION('',(#7610),#7614);
#7610 = LINE('',#7611,#7612);
#7611 = CARTESIAN_POINT('',(0.309433846183,0.));
#7612 = VECTOR('',#7613,1.);
#7613 = DIRECTION('',(0.,-1.));
#7614 = ( GEOMETRIC_REPRESENTATION_CONTEXT(2) 
PARAMETRIC_REPRESENTATION_CONTEXT() REPRESENTATION_CONTEXT('2D SPACE',''
  ) );
#7615 = PCURVE('',#1164,#7616);
#7616 = DEFINITIONAL_REPRESENTATION('',(#7617),#7621);
#7617 = LINE('',#7618,#7619);
#7618 = CARTESIAN_POINT('',(0.,0.));
#7619 = VECTOR('',#7620,1.);
#7620 = DIRECTION('',(0.,-1.));
#7621 = ( GEOMETRIC_REPRESENTATION_CONTEXT(2) 
PARAMETRIC_REPRESENTATION_CONTEXT() REPRESENTATION_CONTEXT('2D SPACE',''
  ) );
#7622 = ORIENTED_EDGE('',*,*,#1120,.F.);
#7623 = ADVANCED_FACE('',(#7624),#1164,.F.);
#7624 = FACE_BOUND('',#7625,.F.);
#7625 = EDGE_LOOP('',(#7626,#7627,#7628,#7649));
#7626 = ORIENTED_EDGE('',*,*,#7602,.T.);
#7627 = ORIENTED_EDGE('',*,*,#4497,.T.);
#7628 = ORIENTED_EDGE('',*,*,#7629,.F.);
#7629 = EDGE_CURVE('',#1149,#4498,#7630,.T.);
#7630 = SURFACE_CURVE('',#7631,(#7635,#7642),.PCURVE_S1.);
#7631 = LINE('',#7632,#7633);
#7632 = CARTESIAN_POINT('',(-0.309315638137,7.091447739057,0.));
#7633 = VECTOR('',#7634,1.);
#7634 = DIRECTION('',(0.,0.,1.));
#7635 = PCURVE('',#1164,#7636);
#7636 = DEFINITIONAL_REPRESENTATION('',(#7637),#7641);
#7637 = LINE('',#7638,#7639);
#7638 = CARTESIAN_POINT('',(0.309433846183,0.));
#7639 = VECTOR('',#7640,1.);
#7640 = DIRECTION('',(0.,-1.));
#7641 = ( GEOMETRIC_REPRESENTATION_CONTEXT(2) 
PARAMETRIC_REPRESENTATION_CONTEXT() REPRESENTATION_CONTEXT('2D SPACE',''
  ) );
#7642 = PCURVE('',#1192,#7643);
#7643 = DEFINITIONAL_REPRESENTATION('',(#7644),#7648);
#7644 = LINE('',#7645,#7646);
#7645 = CARTESIAN_POINT('',(0.,0.));
#7646 = VECTOR('',#7647,1.);
#7647 = DIRECTION('',(0.,-1.));
#7648 = ( GEOMETRIC_REPRESENTATION_CONTEXT(2) 
PARAMETRIC_REPRESENTATION_CONTEXT() REPRESENTATION_CONTEXT('2D SPACE',''
  ) );
#7649 = ORIENTED_EDGE('',*,*,#1148,.F.);
#7650 = ADVANCED_FACE('',(#7651),#1192,.F.);
#7651 = FACE_BOUND('',#7652,.F.);
#7652 = EDGE_LOOP('',(#7653,#7654,#7655,#7676));
#7653 = ORIENTED_EDGE('',*,*,#7629,.T.);
#7654 = ORIENTED_EDGE('',*,*,#4520,.T.);
#7655 = ORIENTED_EDGE('',*,*,#7656,.F.);
#7656 = EDGE_CURVE('',#1177,#4521,#7657,.T.);
#7657 = SURFACE_CURVE('',#7658,(#7662,#7669),.PCURVE_S1.);
#7658 = LINE('',#7659,#7660);
#7659 = CARTESIAN_POINT('',(-0.61835947288,7.065811559373,0.));
#7660 = VECTOR('',#7661,1.);
#7661 = DIRECTION('',(0.,0.,1.));
#7662 = PCURVE('',#1192,#7663);
#7663 = DEFINITIONAL_REPRESENTATION('',(#7664),#7668);
#7664 = LINE('',#7665,#7666);
#7665 = CARTESIAN_POINT('',(0.310105313565,0.));
#7666 = VECTOR('',#7667,1.);
#7667 = DIRECTION('',(0.,-1.));
#7668 = ( GEOMETRIC_REPRESENTATION_CONTEXT(2) 
PARAMETRIC_REPRESENTATION_CONTEXT() REPRESENTATION_CONTEXT('2D SPACE',''
  ) );
#7669 = PCURVE('',#1220,#7670);
#7670 = DEFINITIONAL_REPRESENTATION('',(#7671),#7675);
#7671 = LINE('',#7672,#7673);
#7672 = CARTESIAN_POINT('',(0.,0.));
#7673 = VECTOR('',#7674,1.);
#7674 = DIRECTION('',(0.,-1.));
#7675 = ( GEOMETRIC_REPRESENTATION_CONTEXT(2) 
PARAMETRIC_REPRESENTATION_CONTEXT() REPRESENTATION_CONTEXT('2D SPACE',''
  ) );
#7676 = ORIENTED_EDGE('',*,*,#1176,.F.);
#7677 = ADVANCED_FACE('',(#7678),#1220,.F.);
#7678 = FACE_BOUND('',#7679,.F.);
#7679 = EDGE_LOOP('',(#7680,#7681,#7682,#7703));
#7680 = ORIENTED_EDGE('',*,*,#7656,.T.);
#7681 = ORIENTED_EDGE('',*,*,#4543,.T.);
#7682 = ORIENTED_EDGE('',*,*,#7683,.F.);
#7683 = EDGE_CURVE('',#1205,#4544,#7684,.T.);
#7684 = SURFACE_CURVE('',#7685,(#7689,#7696),.PCURVE_S1.);
#7685 = LINE('',#7686,#7687);
#7686 = CARTESIAN_POINT('',(-0.926856595028,7.02315322075,0.));
#7687 = VECTOR('',#7688,1.);
#7688 = DIRECTION('',(0.,0.,1.));
#7689 = PCURVE('',#1220,#7690);
#7690 = DEFINITIONAL_REPRESENTATION('',(#7691),#7695);
#7691 = LINE('',#7692,#7693);
#7692 = CARTESIAN_POINT('',(0.311432509908,0.));
#7693 = VECTOR('',#7694,1.);
#7694 = DIRECTION('',(0.,-1.));
#7695 = ( GEOMETRIC_REPRESENTATION_CONTEXT(2) 
PARAMETRIC_REPRESENTATION_CONTEXT() REPRESENTATION_CONTEXT('2D SPACE',''
  ) );
#7696 = PCURVE('',#1248,#7697);
#7697 = DEFINITIONAL_REPRESENTATION('',(#7698),#7702);
#7698 = LINE('',#7699,#7700);
#7699 = CARTESIAN_POINT('',(0.,0.));
#7700 = VECTOR('',#7701,1.);
#7701 = DIRECTION('',(0.,-1.));
#7702 = ( GEOMETRIC_REPRESENTATION_CONTEXT(2) 
PARAMETRIC_REPRESENTATION_CONTEXT() REPRESENTATION_CONTEXT('2D SPACE',''
  ) );
#7703 = ORIENTED_EDGE('',*,*,#1204,.F.);
#7704 = ADVANCED_FACE('',(#7705),#1248,.F.);
#7705 = FACE_BOUND('',#7706,.F.);
#7706 = EDGE_LOOP('',(#7707,#7708,#7709,#7730));
#7707 = ORIENTED_EDGE('',*,*,#7683,.T.);
#7708 = ORIENTED_EDGE('',*,*,#4566,.T.);
#7709 = ORIENTED_EDGE('',*,*,#7710,.F.);
#7710 = EDGE_CURVE('',#1233,#4567,#7711,.T.);
#7711 = SURFACE_CURVE('',#7712,(#7716,#7723),.PCURVE_S1.);
#7712 = LINE('',#7713,#7714);
#7713 = CARTESIAN_POINT('',(-1.23452582866,6.963575490863,0.));
#7714 = VECTOR('',#7715,1.);
#7715 = DIRECTION('',(0.,0.,1.));
#7716 = PCURVE('',#1248,#7717);
#7717 = DEFINITIONAL_REPRESENTATION('',(#7718),#7722);
#7718 = LINE('',#7719,#7720);
#7719 = CARTESIAN_POINT('',(0.313384529328,0.));
#7720 = VECTOR('',#7721,1.);
#7721 = DIRECTION('',(0.,-1.));
#7722 = ( GEOMETRIC_REPRESENTATION_CONTEXT(2) 
PARAMETRIC_REPRESENTATION_CONTEXT() REPRESENTATION_CONTEXT('2D SPACE',''
  ) );
#7723 = PCURVE('',#1276,#7724);
#7724 = DEFINITIONAL_REPRESENTATION('',(#7725),#7729);
#7725 = LINE('',#7726,#7727);
#7726 = CARTESIAN_POINT('',(0.,0.));
#7727 = VECTOR('',#7728,1.);
#7728 = DIRECTION('',(0.,-1.));
#7729 = ( GEOMETRIC_REPRESENTATION_CONTEXT(2) 
PARAMETRIC_REPRESENTATION_CONTEXT() REPRESENTATION_CONTEXT('2D SPACE',''
  ) );
#7730 = ORIENTED_EDGE('',*,*,#1232,.F.);
#7731 = ADVANCED_FACE('',(#7732),#1276,.F.);
#7732 = FACE_BOUND('',#7733,.F.);
#7733 = EDGE_LOOP('',(#7734,#7735,#7736,#7757));
#7734 = ORIENTED_EDGE('',*,*,#7710,.T.);
#7735 = ORIENTED_EDGE('',*,*,#4589,.T.);
#7736 = ORIENTED_EDGE('',*,*,#7737,.F.);
#7737 = EDGE_CURVE('',#1261,#4590,#7738,.T.);
#7738 = SURFACE_CURVE('',#7739,(#7743,#7750),.PCURVE_S1.);
#7739 = LINE('',#7740,#7741);
#7740 = CARTESIAN_POINT('',(-1.541076459388,6.887221897681,0.));
#7741 = VECTOR('',#7742,1.);
#7742 = DIRECTION('',(0.,0.,1.));
#7743 = PCURVE('',#1276,#7744);
#7744 = DEFINITIONAL_REPRESENTATION('',(#7745),#7749);
#7745 = LINE('',#7746,#7747);
#7746 = CARTESIAN_POINT('',(0.315916381962,0.));
#7747 = VECTOR('',#7748,1.);
#7748 = DIRECTION('',(0.,-1.));
#7749 = ( GEOMETRIC_REPRESENTATION_CONTEXT(2) 
PARAMETRIC_REPRESENTATION_CONTEXT() REPRESENTATION_CONTEXT('2D SPACE',''
  ) );
#7750 = PCURVE('',#1304,#7751);
#7751 = DEFINITIONAL_REPRESENTATION('',(#7752),#7756);
#7752 = LINE('',#7753,#7754);
#7753 = CARTESIAN_POINT('',(0.,0.));
#7754 = VECTOR('',#7755,1.);
#7755 = DIRECTION('',(0.,-1.));
#7756 = ( GEOMETRIC_REPRESENTATION_CONTEXT(2) 
PARAMETRIC_REPRESENTATION_CONTEXT() REPRESENTATION_CONTEXT('2D SPACE',''
  ) );
#7757 = ORIENTED_EDGE('',*,*,#1260,.F.);
#7758 = ADVANCED_FACE('',(#7759),#1304,.F.);
#7759 = FACE_BOUND('',#7760,.F.);
#7760 = EDGE_LOOP('',(#7761,#7762,#7763,#7784));
#7761 = ORIENTED_EDGE('',*,*,#7737,.T.);
#7762 = ORIENTED_EDGE('',*,*,#4612,.T.);
#7763 = ORIENTED_EDGE('',*,*,#7764,.F.);
#7764 = EDGE_CURVE('',#1289,#4613,#7765,.T.);
#7765 = SURFACE_CURVE('',#7766,(#7770,#7777),.PCURVE_S1.);
#7766 = LINE('',#7767,#7768);
#7767 = CARTESIAN_POINT('',(-1.846204794928,6.794276383699,0.));
#7768 = VECTOR('',#7769,1.);
#7769 = DIRECTION('',(0.,0.,1.));
#7770 = PCURVE('',#1304,#7771);
#7771 = DEFINITIONAL_REPRESENTATION('',(#7772),#7776);
#7772 = LINE('',#7773,#7774);
#7773 = CARTESIAN_POINT('',(0.318970484087,0.));
#7774 = VECTOR('',#7775,1.);
#7775 = DIRECTION('',(0.,-1.));
#7776 = ( GEOMETRIC_REPRESENTATION_CONTEXT(2) 
PARAMETRIC_REPRESENTATION_CONTEXT() REPRESENTATION_CONTEXT('2D SPACE',''
  ) );
#7777 = PCURVE('',#1332,#7778);
#7778 = DEFINITIONAL_REPRESENTATION('',(#7779),#7783);
#7779 = LINE('',#7780,#7781);
#7780 = CARTESIAN_POINT('',(0.,0.));
#7781 = VECTOR('',#7782,1.);
#7782 = DIRECTION('',(0.,-1.));
#7783 = ( GEOMETRIC_REPRESENTATION_CONTEXT(2) 
PARAMETRIC_REPRESENTATION_CONTEXT() REPRESENTATION_CONTEXT('2D SPACE',''
  ) );
#7784 = ORIENTED_EDGE('',*,*,#1288,.F.);
#7785 = ADVANCED_FACE('',(#7786),#1332,.F.);
#7786 = FACE_BOUND('',#7787,.F.);
#7787 = EDGE_LOOP('',(#7788,#7789,#7790,#7811));
#7788 = ORIENTED_EDGE('',*,*,#7764,.T.);
#7789 = ORIENTED_EDGE('',*,*,#4635,.T.);
#7790 = ORIENTED_EDGE('',*,*,#7791,.F.);
#7791 = EDGE_CURVE('',#1317,#4636,#7792,.T.);
#7792 = SURFACE_CURVE('',#7793,(#7797,#7804),.PCURVE_S1.);
#7793 = LINE('',#7794,#7795);
#7794 = CARTESIAN_POINT('',(-2.149590499671,6.684962862799,0.));
#7795 = VECTOR('',#7796,1.);
#7796 = DIRECTION('',(0.,0.,1.));
#7797 = PCURVE('',#1332,#7798);
#7798 = DEFINITIONAL_REPRESENTATION('',(#7799),#7803);
#7799 = LINE('',#7800,#7801);
#7800 = CARTESIAN_POINT('',(0.322478420509,0.));
#7801 = VECTOR('',#7802,1.);
#7802 = DIRECTION('',(0.,-1.));
#7803 = ( GEOMETRIC_REPRESENTATION_CONTEXT(2) 
PARAMETRIC_REPRESENTATION_CONTEXT() REPRESENTATION_CONTEXT('2D SPACE',''
  ) );
#7804 = PCURVE('',#1360,#7805);
#7805 = DEFINITIONAL_REPRESENTATION('',(#7806),#7810);
#7806 = LINE('',#7807,#7808);
#7807 = CARTESIAN_POINT('',(0.,0.));
#7808 = VECTOR('',#7809,1.);
#7809 = DIRECTION('',(0.,-1.));
#7810 = ( GEOMETRIC_REPRESENTATION_CONTEXT(2) 
PARAMETRIC_REPRESENTATION_CONTEXT() REPRESENTATION_CONTEXT('2D SPACE',''
  ) );
#7811 = ORIENTED_EDGE('',*,*,#1316,.F.);
#7812 = ADVANCED_FACE('',(#7813),#1360,.F.);
#7813 = FACE_BOUND('',#7814,.F.);
#7814 = EDGE_LOOP('',(#7815,#7816,#7817,#7838));
#7815 = ORIENTED_EDGE('',*,*,#7791,.T.);
#7816 = ORIENTED_EDGE('',*,*,#4658,.T.);
#7817 = ORIENTED_EDGE('',*,*,#7818,.F.);
#7818 = EDGE_CURVE('',#1345,#4659,#7819,.T.);
#7819 = SURFACE_CURVE('',#7820,(#7824,#7831),.PCURVE_S1.);
#7820 = LINE('',#7821,#7822);
#7821 = CARTESIAN_POINT('',(-2.450892643504,6.55954468083,0.));
#7822 = VECTOR('',#7823,1.);
#7823 = DIRECTION('',(0.,0.,1.));
#7824 = PCURVE('',#1360,#7825);
#7825 = DEFINITIONAL_REPRESENTATION('',(#7826),#7830);
#7826 = LINE('',#7827,#7828);
#7827 = CARTESIAN_POINT('',(0.326362838337,0.));
#7828 = VECTOR('',#7829,1.);
#7829 = DIRECTION('',(0.,-1.));
#7830 = ( GEOMETRIC_REPRESENTATION_CONTEXT(2) 
PARAMETRIC_REPRESENTATION_CONTEXT() REPRESENTATION_CONTEXT('2D SPACE',''
  ) );
#7831 = PCURVE('',#1388,#7832);
#7832 = DEFINITIONAL_REPRESENTATION('',(#7833),#7837);
#7833 = LINE('',#7834,#7835);
#7834 = CARTESIAN_POINT('',(0.,0.));
#7835 = VECTOR('',#7836,1.);
#7836 = DIRECTION('',(0.,-1.));
#7837 = ( GEOMETRIC_REPRESENTATION_CONTEXT(2) 
PARAMETRIC_REPRESENTATION_CONTEXT() REPRESENTATION_CONTEXT('2D SPACE',''
  ) );
#7838 = ORIENTED_EDGE('',*,*,#1344,.F.);
#7839 = ADVANCED_FACE('',(#7840),#1388,.F.);
#7840 = FACE_BOUND('',#7841,.F.);
#7841 = EDGE_LOOP('',(#7842,#7843,#7844,#7865));
#7842 = ORIENTED_EDGE('',*,*,#7818,.T.);
#7843 = ORIENTED_EDGE('',*,*,#4681,.T.);
#7844 = ORIENTED_EDGE('',*,*,#7845,.F.);
#7845 = EDGE_CURVE('',#1373,#4682,#7846,.T.);
#7846 = SURFACE_CURVE('',#7847,(#7851,#7858),.PCURVE_S1.);
#7847 = LINE('',#7848,#7849);
#7848 = CARTESIAN_POINT('',(-2.749745404215,6.418323981176,0.));
#7849 = VECTOR('',#7850,1.);
#7850 = DIRECTION('',(0.,0.,1.));
#7851 = PCURVE('',#1388,#7852);
#7852 = DEFINITIONAL_REPRESENTATION('',(#7853),#7857);
#7853 = LINE('',#7854,#7855);
#7854 = CARTESIAN_POINT('',(0.330539345003,0.));
#7855 = VECTOR('',#7856,1.);
#7856 = DIRECTION('',(0.,-1.));
#7857 = ( GEOMETRIC_REPRESENTATION_CONTEXT(2) 
PARAMETRIC_REPRESENTATION_CONTEXT() REPRESENTATION_CONTEXT('2D SPACE',''
  ) );
#7858 = PCURVE('',#1416,#7859);
#7859 = DEFINITIONAL_REPRESENTATION('',(#7860),#7864);
#7860 = LINE('',#7861,#7862);
#7861 = CARTESIAN_POINT('',(0.,0.));
#7862 = VECTOR('',#7863,1.);
#7863 = DIRECTION('',(0.,-1.));
#7864 = ( GEOMETRIC_REPRESENTATION_CONTEXT(2) 
PARAMETRIC_REPRESENTATION_CONTEXT() REPRESENTATION_CONTEXT('2D SPACE',''
  ) );
#7865 = ORIENTED_EDGE('',*,*,#1372,.F.);
#7866 = ADVANCED_FACE('',(#7867),#1416,.F.);
#7867 = FACE_BOUND('',#7868,.F.);
#7868 = EDGE_LOOP('',(#7869,#7870,#7871,#7892));
#7869 = ORIENTED_EDGE('',*,*,#7845,.T.);
#7870 = ORIENTED_EDGE('',*,*,#4704,.T.);
#7871 = ORIENTED_EDGE('',*,*,#7872,.F.);
#7872 = EDGE_CURVE('',#1401,#4705,#7873,.T.);
#7873 = SURFACE_CURVE('',#7874,(#7878,#7885),.PCURVE_S1.);
#7874 = LINE('',#7875,#7876);
#7875 = CARTESIAN_POINT('',(-3.045753363274,6.261640976873,0.));
#7876 = VECTOR('',#7877,1.);
#7877 = DIRECTION('',(0.,0.,1.));
#7878 = PCURVE('',#1416,#7879);
#7879 = DEFINITIONAL_REPRESENTATION('',(#7880),#7884);
#7880 = LINE('',#7881,#7882);
#7881 = CARTESIAN_POINT('',(0.334918311927,0.));
#7882 = VECTOR('',#7883,1.);
#7883 = DIRECTION('',(0.,-1.));
#7884 = ( GEOMETRIC_REPRESENTATION_CONTEXT(2) 
PARAMETRIC_REPRESENTATION_CONTEXT() REPRESENTATION_CONTEXT('2D SPACE',''
  ) );
#7885 = PCURVE('',#1444,#7886);
#7886 = DEFINITIONAL_REPRESENTATION('',(#7887),#7891);
#7887 = LINE('',#7888,#7889);
#7888 = CARTESIAN_POINT('',(0.,0.));
#7889 = VECTOR('',#7890,1.);
#7890 = DIRECTION('',(0.,-1.));
#7891 = ( GEOMETRIC_REPRESENTATION_CONTEXT(2) 
PARAMETRIC_REPRESENTATION_CONTEXT() REPRESENTATION_CONTEXT('2D SPACE',''
  ) );
#7892 = ORIENTED_EDGE('',*,*,#1400,.F.);
#7893 = ADVANCED_FACE('',(#7894),#1444,.F.);
#7894 = FACE_BOUND('',#7895,.F.);
#7895 = EDGE_LOOP('',(#7896,#7897,#7898,#7919));
#7896 = ORIENTED_EDGE('',*,*,#7872,.T.);
#7897 = ORIENTED_EDGE('',*,*,#4727,.T.);
#7898 = ORIENTED_EDGE('',*,*,#7899,.F.);
#7899 = EDGE_CURVE('',#1429,#4728,#7900,.T.);
#7900 = SURFACE_CURVE('',#7901,(#7905,#7912),.PCURVE_S1.);
#7901 = LINE('',#7902,#7903);
#7902 = CARTESIAN_POINT('',(-3.338486337801,6.089873131002,0.));
#7903 = VECTOR('',#7904,1.);
#7904 = DIRECTION('',(0.,0.,1.));
#7905 = PCURVE('',#1444,#7906);
#7906 = DEFINITIONAL_REPRESENTATION('',(#7907),#7911);
#7907 = LINE('',#7908,#7909);
#7908 = CARTESIAN_POINT('',(0.33940652211,0.));
#7909 = VECTOR('',#7910,1.);
#7910 = DIRECTION('',(0.,-1.));
#7911 = ( GEOMETRIC_REPRESENTATION_CONTEXT(2) 
PARAMETRIC_REPRESENTATION_CONTEXT() REPRESENTATION_CONTEXT('2D SPACE',''
  ) );
#7912 = PCURVE('',#1472,#7913);
#7913 = DEFINITIONAL_REPRESENTATION('',(#7914),#7918);
#7914 = LINE('',#7915,#7916);
#7915 = CARTESIAN_POINT('',(0.,0.));
#7916 = VECTOR('',#7917,1.);
#7917 = DIRECTION('',(0.,-1.));
#7918 = ( GEOMETRIC_REPRESENTATION_CONTEXT(2) 
PARAMETRIC_REPRESENTATION_CONTEXT() REPRESENTATION_CONTEXT('2D SPACE',''
  ) );
#7919 = ORIENTED_EDGE('',*,*,#1428,.F.);
#7920 = ADVANCED_FACE('',(#7921),#1472,.F.);
#7921 = FACE_BOUND('',#7922,.F.);
#7922 = EDGE_LOOP('',(#7923,#7924,#7925,#7946));
#7923 = ORIENTED_EDGE('',*,*,#7899,.T.);
#7924 = ORIENTED_EDGE('',*,*,#4750,.T.);
#7925 = ORIENTED_EDGE('',*,*,#7926,.F.);
#7926 = EDGE_CURVE('',#1457,#4751,#7927,.T.);
#7927 = SURFACE_CURVE('',#7928,(#7932,#7939),.PCURVE_S1.);
#7928 = LINE('',#7929,#7930);
#7929 = CARTESIAN_POINT('',(-3.627473698823,5.903434247348,0.));
#7930 = VECTOR('',#7931,1.);
#7931 = DIRECTION('',(0.,0.,1.));
#7932 = PCURVE('',#1472,#7933);
#7933 = DEFINITIONAL_REPRESENTATION('',(#7934),#7938);
#7934 = LINE('',#7935,#7936);
#7935 = CARTESIAN_POINT('',(0.343908639275,0.));
#7936 = VECTOR('',#7937,1.);
#7937 = DIRECTION('',(0.,-1.));
#7938 = ( GEOMETRIC_REPRESENTATION_CONTEXT(2) 
PARAMETRIC_REPRESENTATION_CONTEXT() REPRESENTATION_CONTEXT('2D SPACE',''
  ) );
#7939 = PCURVE('',#1500,#7940);
#7940 = DEFINITIONAL_REPRESENTATION('',(#7941),#7945);
#7941 = LINE('',#7942,#7943);
#7942 = CARTESIAN_POINT('',(0.,0.));
#7943 = VECTOR('',#7944,1.);
#7944 = DIRECTION('',(0.,-1.));
#7945 = ( GEOMETRIC_REPRESENTATION_CONTEXT(2) 
PARAMETRIC_REPRESENTATION_CONTEXT() REPRESENTATION_CONTEXT('2D SPACE',''
  ) );
#7946 = ORIENTED_EDGE('',*,*,#1456,.F.);
#7947 = ADVANCED_FACE('',(#7948),#1500,.F.);
#7948 = FACE_BOUND('',#7949,.F.);
#7949 = EDGE_LOOP('',(#7950,#7951,#7952,#7973));
#7950 = ORIENTED_EDGE('',*,*,#7926,.T.);
#7951 = ORIENTED_EDGE('',*,*,#4773,.T.);
#7952 = ORIENTED_EDGE('',*,*,#7953,.F.);
#7953 = EDGE_CURVE('',#1485,#4774,#7954,.T.);
#7954 = SURFACE_CURVE('',#7955,(#7959,#7966),.PCURVE_S1.);
#7955 = LINE('',#7956,#7957);
#7956 = CARTESIAN_POINT('',(-3.912198140034,5.702773473513,0.));
#7957 = VECTOR('',#7958,1.);
#7958 = DIRECTION('',(0.,0.,1.));
#7959 = PCURVE('',#1500,#7960);
#7960 = DEFINITIONAL_REPRESENTATION('',(#7961),#7965);
#7961 = LINE('',#7962,#7963);
#7962 = CARTESIAN_POINT('',(0.348328513876,0.));
#7963 = VECTOR('',#7964,1.);
#7964 = DIRECTION('',(0.,-1.));
#7965 = ( GEOMETRIC_REPRESENTATION_CONTEXT(2) 
PARAMETRIC_REPRESENTATION_CONTEXT() REPRESENTATION_CONTEXT('2D SPACE',''
  ) );
#7966 = PCURVE('',#1528,#7967);
#7967 = DEFINITIONAL_REPRESENTATION('',(#7968),#7972);
#7968 = LINE('',#7969,#7970);
#7969 = CARTESIAN_POINT('',(0.,0.));
#7970 = VECTOR('',#7971,1.);
#7971 = DIRECTION('',(0.,-1.));
#7972 = ( GEOMETRIC_REPRESENTATION_CONTEXT(2) 
PARAMETRIC_REPRESENTATION_CONTEXT() REPRESENTATION_CONTEXT('2D SPACE',''
  ) );
#7973 = ORIENTED_EDGE('',*,*,#1484,.F.);
#7974 = ADVANCED_FACE('',(#7975),#1528,.F.);
#7975 = FACE_BOUND('',#7976,.F.);
#7976 = EDGE_LOOP('',(#7977,#7978,#7979,#8000));
#7977 = ORIENTED_EDGE('',*,*,#7953,.T.);
#7978 = ORIENTED_EDGE('',*,*,#4796,.T.);
#7979 = ORIENTED_EDGE('',*,*,#7980,.F.);
#7980 = EDGE_CURVE('',#1513,#4797,#7981,.T.);
#7981 = SURFACE_CURVE('',#7982,(#7986,#7993),.PCURVE_S1.);
#7982 = LINE('',#7983,#7984);
#7983 = CARTESIAN_POINT('',(-4.192088885614,5.488374218875,0.));
#7984 = VECTOR('',#7985,1.);
#7985 = DIRECTION('',(0.,0.,1.));
#7986 = PCURVE('',#1528,#7987);
#7987 = DEFINITIONAL_REPRESENTATION('',(#7988),#7992);
#7988 = LINE('',#7989,#7990);
#7989 = CARTESIAN_POINT('',(0.352570375742,0.));
#7990 = VECTOR('',#7991,1.);
#7991 = DIRECTION('',(0.,-1.));
#7992 = ( GEOMETRIC_REPRESENTATION_CONTEXT(2) 
PARAMETRIC_REPRESENTATION_CONTEXT() REPRESENTATION_CONTEXT('2D SPACE',''
  ) );
#7993 = PCURVE('',#1556,#7994);
#7994 = DEFINITIONAL_REPRESENTATION('',(#7995),#7999);
#7995 = LINE('',#7996,#7997);
#7996 = CARTESIAN_POINT('',(0.,0.));
#7997 = VECTOR('',#7998,1.);
#7998 = DIRECTION('',(0.,-1.));
#7999 = ( GEOMETRIC_REPRESENTATION_CONTEXT(2) 
PARAMETRIC_REPRESENTATION_CONTEXT() REPRESENTATION_CONTEXT('2D SPACE',''
  ) );
#8000 = ORIENTED_EDGE('',*,*,#1512,.F.);
#8001 = ADVANCED_FACE('',(#8002),#1556,.F.);
#8002 = FACE_BOUND('',#8003,.F.);
#8003 = EDGE_LOOP('',(#8004,#8005,#8006,#8027));
#8004 = ORIENTED_EDGE('',*,*,#7980,.T.);
#8005 = ORIENTED_EDGE('',*,*,#4819,.T.);
#8006 = ORIENTED_EDGE('',*,*,#8007,.F.);
#8007 = EDGE_CURVE('',#1541,#4820,#8008,.T.);
#8008 = SURFACE_CURVE('',#8009,(#8013,#8020),.PCURVE_S1.);
#8009 = LINE('',#8010,#8011);
#8010 = CARTESIAN_POINT('',(-4.466514364942,5.26075299002,0.));
#8011 = VECTOR('',#8012,1.);
#8012 = DIRECTION('',(0.,0.,1.));
#8013 = PCURVE('',#1556,#8014);
#8014 = DEFINITIONAL_REPRESENTATION('',(#8015),#8019);
#8015 = LINE('',#8016,#8017);
#8016 = CARTESIAN_POINT('',(0.356539994292,0.));
#8017 = VECTOR('',#8018,1.);
#8018 = DIRECTION('',(0.,-1.));
#8019 = ( GEOMETRIC_REPRESENTATION_CONTEXT(2) 
PARAMETRIC_REPRESENTATION_CONTEXT() REPRESENTATION_CONTEXT('2D SPACE',''
  ) );
#8020 = PCURVE('',#1584,#8021);
#8021 = DEFINITIONAL_REPRESENTATION('',(#8022),#8026);
#8022 = LINE('',#8023,#8024);
#8023 = CARTESIAN_POINT('',(0.,0.));
#8024 = VECTOR('',#8025,1.);
#8025 = DIRECTION('',(0.,-1.));
#8026 = ( GEOMETRIC_REPRESENTATION_CONTEXT(2) 
PARAMETRIC_REPRESENTATION_CONTEXT() REPRESENTATION_CONTEXT('2D SPACE',''
  ) );
#8027 = ORIENTED_EDGE('',*,*,#1540,.F.);
#8028 = ADVANCED_FACE('',(#8029),#1584,.F.);
#8029 = FACE_BOUND('',#8030,.F.);
#8030 = EDGE_LOOP('',(#8031,#8032,#8033,#8054));
#8031 = ORIENTED_EDGE('',*,*,#8007,.T.);
#8032 = ORIENTED_EDGE('',*,*,#4842,.T.);
#8033 = ORIENTED_EDGE('',*,*,#8034,.F.);
#8034 = EDGE_CURVE('',#1569,#4843,#8035,.T.);
#8035 = SURFACE_CURVE('',#8036,(#8040,#8047),.PCURVE_S1.);
#8036 = LINE('',#8037,#8038);
#8037 = CARTESIAN_POINT('',(-4.734774442381,5.020458146424,0.));
#8038 = VECTOR('',#8039,1.);
#8039 = DIRECTION('',(0.,0.,1.));
#8040 = PCURVE('',#1584,#8041);
#8041 = DEFINITIONAL_REPRESENTATION('',(#8042),#8046);
#8042 = LINE('',#8043,#8044);
#8043 = CARTESIAN_POINT('',(0.36014591627,0.));
#8044 = VECTOR('',#8045,1.);
#8045 = DIRECTION('',(0.,-1.));
#8046 = ( GEOMETRIC_REPRESENTATION_CONTEXT(2) 
PARAMETRIC_REPRESENTATION_CONTEXT() REPRESENTATION_CONTEXT('2D SPACE',''
  ) );
#8047 = PCURVE('',#1612,#8048);
#8048 = DEFINITIONAL_REPRESENTATION('',(#8049),#8053);
#8049 = LINE('',#8050,#8051);
#8050 = CARTESIAN_POINT('',(0.,0.));
#8051 = VECTOR('',#8052,1.);
#8052 = DIRECTION('',(0.,-1.));
#8053 = ( GEOMETRIC_REPRESENTATION_CONTEXT(2) 
PARAMETRIC_REPRESENTATION_CONTEXT() REPRESENTATION_CONTEXT('2D SPACE',''
  ) );
#8054 = ORIENTED_EDGE('',*,*,#1568,.F.);
#8055 = ADVANCED_FACE('',(#8056),#1612,.F.);
#8056 = FACE_BOUND('',#8057,.F.);
#8057 = EDGE_LOOP('',(#8058,#8059,#8060,#8081));
#8058 = ORIENTED_EDGE('',*,*,#8034,.T.);
#8059 = ORIENTED_EDGE('',*,*,#4865,.T.);
#8060 = ORIENTED_EDGE('',*,*,#8061,.F.);
#8061 = EDGE_CURVE('',#1597,#4866,#8062,.T.);
#8062 = SURFACE_CURVE('',#8063,(#8067,#8074),.PCURVE_S1.);
#8063 = LINE('',#8064,#8065);
#8064 = CARTESIAN_POINT('',(-4.996092379413,4.768068579414,0.));
#8065 = VECTOR('',#8066,1.);
#8066 = DIRECTION('',(0.,0.,1.));
#8067 = PCURVE('',#1612,#8068);
#8068 = DEFINITIONAL_REPRESENTATION('',(#8069),#8073);
#8069 = LINE('',#8070,#8071);
#8070 = CARTESIAN_POINT('',(0.363300919005,0.));
#8071 = VECTOR('',#8072,1.);
#8072 = DIRECTION('',(0.,-1.));
#8073 = ( GEOMETRIC_REPRESENTATION_CONTEXT(2) 
PARAMETRIC_REPRESENTATION_CONTEXT() REPRESENTATION_CONTEXT('2D SPACE',''
  ) );
#8074 = PCURVE('',#1640,#8075);
#8075 = DEFINITIONAL_REPRESENTATION('',(#8076),#8080);
#8076 = LINE('',#8077,#8078);
#8077 = CARTESIAN_POINT('',(0.,0.));
#8078 = VECTOR('',#8079,1.);
#8079 = DIRECTION('',(0.,-1.));
#8080 = ( GEOMETRIC_REPRESENTATION_CONTEXT(2) 
PARAMETRIC_REPRESENTATION_CONTEXT() REPRESENTATION_CONTEXT('2D SPACE',''
  ) );
#8081 = ORIENTED_EDGE('',*,*,#1596,.F.);
#8082 = ADVANCED_FACE('',(#8083),#1640,.F.);
#8083 = FACE_BOUND('',#8084,.F.);
#8084 = EDGE_LOOP('',(#8085,#8086,#8087,#8108));
#8085 = ORIENTED_EDGE('',*,*,#8061,.T.);
#8086 = ORIENTED_EDGE('',*,*,#4888,.T.);
#8087 = ORIENTED_EDGE('',*,*,#8088,.F.);
#8088 = EDGE_CURVE('',#1625,#4889,#8089,.T.);
#8089 = SURFACE_CURVE('',#8090,(#8094,#8101),.PCURVE_S1.);
#8090 = LINE('',#8091,#8092);
#8091 = CARTESIAN_POINT('',(-5.249606833062,4.504192317562,0.));
#8092 = VECTOR('',#8093,1.);
#8093 = DIRECTION('',(0.,0.,1.));
#8094 = PCURVE('',#1640,#8095);
#8095 = DEFINITIONAL_REPRESENTATION('',(#8096),#8100);
#8096 = LINE('',#8097,#8098);
#8097 = CARTESIAN_POINT('',(0.365923844233,0.));
#8098 = VECTOR('',#8099,1.);
#8099 = DIRECTION('',(0.,-1.));
#8100 = ( GEOMETRIC_REPRESENTATION_CONTEXT(2) 
PARAMETRIC_REPRESENTATION_CONTEXT() REPRESENTATION_CONTEXT('2D SPACE',''
  ) );
#8101 = PCURVE('',#1668,#8102);
#8102 = DEFINITIONAL_REPRESENTATION('',(#8103),#8107);
#8103 = LINE('',#8104,#8105);
#8104 = CARTESIAN_POINT('',(0.,0.));
#8105 = VECTOR('',#8106,1.);
#8106 = DIRECTION('',(0.,-1.));
#8107 = ( GEOMETRIC_REPRESENTATION_CONTEXT(2) 
PARAMETRIC_REPRESENTATION_CONTEXT() REPRESENTATION_CONTEXT('2D SPACE',''
  ) );
#8108 = ORIENTED_EDGE('',*,*,#1624,.F.);
#8109 = ADVANCED_FACE('',(#8110),#1668,.F.);
#8110 = FACE_BOUND('',#8111,.F.);
#8111 = EDGE_LOOP('',(#8112,#8113,#8114,#8135));
#8112 = ORIENTED_EDGE('',*,*,#8088,.T.);
#8113 = ORIENTED_EDGE('',*,*,#4911,.T.);
#8114 = ORIENTED_EDGE('',*,*,#8115,.F.);
#8115 = EDGE_CURVE('',#1653,#4912,#8116,.T.);
#8116 = SURFACE_CURVE('',#8117,(#8121,#8128),.PCURVE_S1.);
#8117 = LINE('',#8118,#8119);
#8118 = CARTESIAN_POINT('',(-5.494364368009,4.229465061896,0.));
#8119 = VECTOR('',#8120,1.);
#8120 = DIRECTION('',(0.,0.,1.));
#8121 = PCURVE('',#1668,#8122);
#8122 = DEFINITIONAL_REPRESENTATION('',(#8123),#8127);
#8123 = LINE('',#8124,#8125);
#8124 = CARTESIAN_POINT('',(0.367942000754,0.));
#8125 = VECTOR('',#8126,1.);
#8126 = DIRECTION('',(0.,-1.));
#8127 = ( GEOMETRIC_REPRESENTATION_CONTEXT(2) 
PARAMETRIC_REPRESENTATION_CONTEXT() REPRESENTATION_CONTEXT('2D SPACE',''
  ) );
#8128 = PCURVE('',#1696,#8129);
#8129 = DEFINITIONAL_REPRESENTATION('',(#8130),#8134);
#8130 = LINE('',#8131,#8132);
#8131 = CARTESIAN_POINT('',(0.,0.));
#8132 = VECTOR('',#8133,1.);
#8133 = DIRECTION('',(0.,-1.));
#8134 = ( GEOMETRIC_REPRESENTATION_CONTEXT(2) 
PARAMETRIC_REPRESENTATION_CONTEXT() REPRESENTATION_CONTEXT('2D SPACE',''
  ) );
#8135 = ORIENTED_EDGE('',*,*,#1652,.F.);
#8136 = ADVANCED_FACE('',(#8137),#1696,.F.);
#8137 = FACE_BOUND('',#8138,.F.);
#8138 = EDGE_LOOP('',(#8139,#8140,#8141,#8162));
#8139 = ORIENTED_EDGE('',*,*,#8115,.T.);
#8140 = ORIENTED_EDGE('',*,*,#4934,.T.);
#8141 = ORIENTED_EDGE('',*,*,#8142,.F.);
#8142 = EDGE_CURVE('',#1681,#4935,#8143,.T.);
#8143 = SURFACE_CURVE('',#8144,(#8148,#8155),.PCURVE_S1.);
#8144 = LINE('',#8145,#8146);
#8145 = CARTESIAN_POINT('',(-5.729313187106,3.944548654439,0.));
#8146 = VECTOR('',#8147,1.);
#8147 = DIRECTION('',(0.,0.,1.));
#8148 = PCURVE('',#1696,#8149);
#8149 = DEFINITIONAL_REPRESENTATION('',(#8150),#8154);
#8150 = LINE('',#8151,#8152);
#8151 = CARTESIAN_POINT('',(0.369294336314,0.));
#8152 = VECTOR('',#8153,1.);
#8153 = DIRECTION('',(0.,-1.));
#8154 = ( GEOMETRIC_REPRESENTATION_CONTEXT(2) 
PARAMETRIC_REPRESENTATION_CONTEXT() REPRESENTATION_CONTEXT('2D SPACE',''
  ) );
#8155 = PCURVE('',#1724,#8156);
#8156 = DEFINITIONAL_REPRESENTATION('',(#8157),#8161);
#8157 = LINE('',#8158,#8159);
#8158 = CARTESIAN_POINT('',(0.,0.));
#8159 = VECTOR('',#8160,1.);
#8160 = DIRECTION('',(0.,-1.));
#8161 = ( GEOMETRIC_REPRESENTATION_CONTEXT(2) 
PARAMETRIC_REPRESENTATION_CONTEXT() REPRESENTATION_CONTEXT('2D SPACE',''
  ) );
#8162 = ORIENTED_EDGE('',*,*,#1680,.F.);
#8163 = ADVANCED_FACE('',(#8164),#1724,.F.);
#8164 = FACE_BOUND('',#8165,.F.);
#8165 = EDGE_LOOP('',(#8166,#8167,#8168,#8189));
#8166 = ORIENTED_EDGE('',*,*,#8142,.T.);
#8167 = ORIENTED_EDGE('',*,*,#4957,.T.);
#8168 = ORIENTED_EDGE('',*,*,#8169,.F.);
#8169 = EDGE_CURVE('',#1709,#4958,#8170,.T.);
#8170 = SURFACE_CURVE('',#8171,(#8175,#8182),.PCURVE_S1.);
#8171 = LINE('',#8172,#8173);
#8172 = CARTESIAN_POINT('',(-5.953299067323,3.650129483772,0.));
#8173 = VECTOR('',#8174,1.);
#8174 = DIRECTION('',(0.,0.,1.));
#8175 = PCURVE('',#1724,#8176);
#8176 = DEFINITIONAL_REPRESENTATION('',(#8177),#8181);
#8177 = LINE('',#8178,#8179);
#8178 = CARTESIAN_POINT('',(0.369935565461,0.));
#8179 = VECTOR('',#8180,1.);
#8180 = DIRECTION('',(0.,-1.));
#8181 = ( GEOMETRIC_REPRESENTATION_CONTEXT(2) 
PARAMETRIC_REPRESENTATION_CONTEXT() REPRESENTATION_CONTEXT('2D SPACE',''
  ) );
#8182 = PCURVE('',#1752,#8183);
#8183 = DEFINITIONAL_REPRESENTATION('',(#8184),#8188);
#8184 = LINE('',#8185,#8186);
#8185 = CARTESIAN_POINT('',(0.,0.));
#8186 = VECTOR('',#8187,1.);
#8187 = DIRECTION('',(0.,-1.));
#8188 = ( GEOMETRIC_REPRESENTATION_CONTEXT(2) 
PARAMETRIC_REPRESENTATION_CONTEXT() REPRESENTATION_CONTEXT('2D SPACE',''
  ) );
#8189 = ORIENTED_EDGE('',*,*,#1708,.F.);
#8190 = ADVANCED_FACE('',(#8191),#1752,.F.);
#8191 = FACE_BOUND('',#8192,.F.);
#8192 = EDGE_LOOP('',(#8193,#8194,#8195,#8216));
#8193 = ORIENTED_EDGE('',*,*,#8169,.T.);
#8194 = ORIENTED_EDGE('',*,*,#4980,.T.);
#8195 = ORIENTED_EDGE('',*,*,#8196,.F.);
#8196 = EDGE_CURVE('',#1737,#4981,#8197,.T.);
#8197 = SURFACE_CURVE('',#8198,(#8202,#8209),.PCURVE_S1.);
#8198 = LINE('',#8199,#8200);
#8199 = CARTESIAN_POINT('',(-6.165064813492,3.346916831465,0.));
#8200 = VECTOR('',#8201,1.);
#8201 = DIRECTION('',(0.,0.,1.));
#8202 = PCURVE('',#1752,#8203);
#8203 = DEFINITIONAL_REPRESENTATION('',(#8204),#8208);
#8204 = LINE('',#8205,#8206);
#8205 = CARTESIAN_POINT('',(0.369841376498,0.));
#8206 = VECTOR('',#8207,1.);
#8207 = DIRECTION('',(0.,-1.));
#8208 = ( GEOMETRIC_REPRESENTATION_CONTEXT(2) 
PARAMETRIC_REPRESENTATION_CONTEXT() REPRESENTATION_CONTEXT('2D SPACE',''
  ) );
#8209 = PCURVE('',#1780,#8210);
#8210 = DEFINITIONAL_REPRESENTATION('',(#8211),#8215);
#8211 = LINE('',#8212,#8213);
#8212 = CARTESIAN_POINT('',(0.,0.));
#8213 = VECTOR('',#8214,1.);
#8214 = DIRECTION('',(0.,-1.));
#8215 = ( GEOMETRIC_REPRESENTATION_CONTEXT(2) 
PARAMETRIC_REPRESENTATION_CONTEXT() REPRESENTATION_CONTEXT('2D SPACE',''
  ) );
#8216 = ORIENTED_EDGE('',*,*,#1736,.F.);
#8217 = ADVANCED_FACE('',(#8218),#1780,.F.);
#8218 = FACE_BOUND('',#8219,.F.);
#8219 = EDGE_LOOP('',(#8220,#8221,#8222,#8243));
#8220 = ORIENTED_EDGE('',*,*,#8196,.T.);
#8221 = ORIENTED_EDGE('',*,*,#5003,.T.);
#8222 = ORIENTED_EDGE('',*,*,#8223,.F.);
#8223 = EDGE_CURVE('',#1765,#5004,#8224,.T.);
#8224 = SURFACE_CURVE('',#8225,(#8229,#8236),.PCURVE_S1.);
#8225 = LINE('',#8226,#8227);
#8226 = CARTESIAN_POINT('',(-6.363254876269,3.035641163355,0.));
#8227 = VECTOR('',#8228,1.);
#8228 = DIRECTION('',(0.,0.,1.));
#8229 = PCURVE('',#1780,#8230);
#8230 = DEFINITIONAL_REPRESENTATION('',(#8231),#8235);
#8231 = LINE('',#8232,#8233);
#8232 = CARTESIAN_POINT('',(0.369014691497,0.));
#8233 = VECTOR('',#8234,1.);
#8234 = DIRECTION('',(0.,-1.));
#8235 = ( GEOMETRIC_REPRESENTATION_CONTEXT(2) 
PARAMETRIC_REPRESENTATION_CONTEXT() REPRESENTATION_CONTEXT('2D SPACE',''
  ) );
#8236 = PCURVE('',#1808,#8237);
#8237 = DEFINITIONAL_REPRESENTATION('',(#8238),#8242);
#8238 = LINE('',#8239,#8240);
#8239 = CARTESIAN_POINT('',(0.,0.));
#8240 = VECTOR('',#8241,1.);
#8241 = DIRECTION('',(0.,-1.));
#8242 = ( GEOMETRIC_REPRESENTATION_CONTEXT(2) 
PARAMETRIC_REPRESENTATION_CONTEXT() REPRESENTATION_CONTEXT('2D SPACE',''
  ) );
#8243 = ORIENTED_EDGE('',*,*,#1764,.F.);
#8244 = ADVANCED_FACE('',(#8245),#1808,.F.);
#8245 = FACE_BOUND('',#8246,.F.);
#8246 = EDGE_LOOP('',(#8247,#8248,#8249,#8270));
#8247 = ORIENTED_EDGE('',*,*,#8223,.T.);
#8248 = ORIENTED_EDGE('',*,*,#5026,.T.);
#8249 = ORIENTED_EDGE('',*,*,#8250,.F.);
#8250 = EDGE_CURVE('',#1793,#5027,#8251,.T.);
#8251 = SURFACE_CURVE('',#8252,(#8256,#8263),.PCURVE_S1.);
#8252 = LINE('',#8253,#8254);
#8253 = CARTESIAN_POINT('',(-6.546427054942,2.717052369792,0.));
#8254 = VECTOR('',#8255,1.);
#8255 = DIRECTION('',(0.,0.,1.));
#8256 = PCURVE('',#1808,#8257);
#8257 = DEFINITIONAL_REPRESENTATION('',(#8258),#8262);
#8258 = LINE('',#8259,#8260);
#8259 = CARTESIAN_POINT('',(0.367492675334,0.));
#8260 = VECTOR('',#8261,1.);
#8261 = DIRECTION('',(0.,-1.));
#8262 = ( GEOMETRIC_REPRESENTATION_CONTEXT(2) 
PARAMETRIC_REPRESENTATION_CONTEXT() REPRESENTATION_CONTEXT('2D SPACE',''
  ) );
#8263 = PCURVE('',#1836,#8264);
#8264 = DEFINITIONAL_REPRESENTATION('',(#8265),#8269);
#8265 = LINE('',#8266,#8267);
#8266 = CARTESIAN_POINT('',(0.,0.));
#8267 = VECTOR('',#8268,1.);
#8268 = DIRECTION('',(0.,-1.));
#8269 = ( GEOMETRIC_REPRESENTATION_CONTEXT(2) 
PARAMETRIC_REPRESENTATION_CONTEXT() REPRESENTATION_CONTEXT('2D SPACE',''
  ) );
#8270 = ORIENTED_EDGE('',*,*,#1792,.F.);
#8271 = ADVANCED_FACE('',(#8272),#1836,.F.);
#8272 = FACE_BOUND('',#8273,.F.);
#8273 = EDGE_LOOP('',(#8274,#8275,#8276,#8297));
#8274 = ORIENTED_EDGE('',*,*,#8250,.T.);
#8275 = ORIENTED_EDGE('',*,*,#5049,.T.);
#8276 = ORIENTED_EDGE('',*,*,#8277,.F.);
#8277 = EDGE_CURVE('',#1821,#5050,#8278,.T.);
#8278 = SURFACE_CURVE('',#8279,(#8283,#8290),.PCURVE_S1.);
#8279 = LINE('',#8280,#8281);
#8280 = CARTESIAN_POINT('',(-6.713073308226,2.391917959085,0.));
#8281 = VECTOR('',#8282,1.);
#8282 = DIRECTION('',(0.,0.,1.));
#8283 = PCURVE('',#1836,#8284);
#8284 = DEFINITIONAL_REPRESENTATION('',(#8285),#8289);
#8285 = LINE('',#8286,#8287);
#8286 = CARTESIAN_POINT('',(0.365353744691,0.));
#8287 = VECTOR('',#8288,1.);
#8288 = DIRECTION('',(0.,-1.));
#8289 = ( GEOMETRIC_REPRESENTATION_CONTEXT(2) 
PARAMETRIC_REPRESENTATION_CONTEXT() REPRESENTATION_CONTEXT('2D SPACE',''
  ) );
#8290 = PCURVE('',#1864,#8291);
#8291 = DEFINITIONAL_REPRESENTATION('',(#8292),#8296);
#8292 = LINE('',#8293,#8294);
#8293 = CARTESIAN_POINT('',(0.,0.));
#8294 = VECTOR('',#8295,1.);
#8295 = DIRECTION('',(0.,-1.));
#8296 = ( GEOMETRIC_REPRESENTATION_CONTEXT(2) 
PARAMETRIC_REPRESENTATION_CONTEXT() REPRESENTATION_CONTEXT('2D SPACE',''
  ) );
#8297 = ORIENTED_EDGE('',*,*,#1820,.F.);
#8298 = ADVANCED_FACE('',(#8299),#1864,.F.);
#8299 = FACE_BOUND('',#8300,.F.);
#8300 = EDGE_LOOP('',(#8301,#8302,#8303,#8324));
#8301 = ORIENTED_EDGE('',*,*,#8277,.T.);
#8302 = ORIENTED_EDGE('',*,*,#5072,.T.);
#8303 = ORIENTED_EDGE('',*,*,#8304,.F.);
#8304 = EDGE_CURVE('',#1849,#5073,#8305,.T.);
#8305 = SURFACE_CURVE('',#8306,(#8310,#8317),.PCURVE_S1.);
#8306 = LINE('',#8307,#8308);
#8307 = CARTESIAN_POINT('',(-6.861651472224,2.061021208507,0.));
#8308 = VECTOR('',#8309,1.);
#8309 = DIRECTION('',(0.,0.,1.));
#8310 = PCURVE('',#1864,#8311);
#8311 = DEFINITIONAL_REPRESENTATION('',(#8312),#8316);
#8312 = LINE('',#8313,#8314);
#8313 = CARTESIAN_POINT('',(0.362723214532,0.));
#8314 = VECTOR('',#8315,1.);
#8315 = DIRECTION('',(0.,-1.));
#8316 = ( GEOMETRIC_REPRESENTATION_CONTEXT(2) 
PARAMETRIC_REPRESENTATION_CONTEXT() REPRESENTATION_CONTEXT('2D SPACE',''
  ) );
#8317 = PCURVE('',#1892,#8318);
#8318 = DEFINITIONAL_REPRESENTATION('',(#8319),#8323);
#8319 = LINE('',#8320,#8321);
#8320 = CARTESIAN_POINT('',(0.,0.));
#8321 = VECTOR('',#8322,1.);
#8322 = DIRECTION('',(0.,-1.));
#8323 = ( GEOMETRIC_REPRESENTATION_CONTEXT(2) 
PARAMETRIC_REPRESENTATION_CONTEXT() REPRESENTATION_CONTEXT('2D SPACE',''
  ) );
#8324 = ORIENTED_EDGE('',*,*,#1848,.F.);
#8325 = ADVANCED_FACE('',(#8326),#1892,.F.);
#8326 = FACE_BOUND('',#8327,.F.);
#8327 = EDGE_LOOP('',(#8328,#8329,#8330,#8351));
#8328 = ORIENTED_EDGE('',*,*,#8304,.T.);
#8329 = ORIENTED_EDGE('',*,*,#5095,.T.);
#8330 = ORIENTED_EDGE('',*,*,#8331,.F.);
#8331 = EDGE_CURVE('',#1877,#5096,#8332,.T.);
#8332 = SURFACE_CURVE('',#8333,(#8337,#8344),.PCURVE_S1.);
#8333 = LINE('',#8334,#8335);
#8334 = CARTESIAN_POINT('',(-6.990628959937,1.725159277313,0.));
#8335 = VECTOR('',#8336,1.);
#8336 = DIRECTION('',(0.,0.,1.));
#8337 = PCURVE('',#1892,#8338);
#8338 = DEFINITIONAL_REPRESENTATION('',(#8339),#8343);
#8339 = LINE('',#8340,#8341);
#8340 = CARTESIAN_POINT('',(0.359775526074,0.));
#8341 = VECTOR('',#8342,1.);
#8342 = DIRECTION('',(0.,-1.));
#8343 = ( GEOMETRIC_REPRESENTATION_CONTEXT(2) 
PARAMETRIC_REPRESENTATION_CONTEXT() REPRESENTATION_CONTEXT('2D SPACE',''
  ) );
#8344 = PCURVE('',#1920,#8345);
#8345 = DEFINITIONAL_REPRESENTATION('',(#8346),#8350);
#8346 = LINE('',#8347,#8348);
#8347 = CARTESIAN_POINT('',(0.,0.));
#8348 = VECTOR('',#8349,1.);
#8349 = DIRECTION('',(0.,-1.));
#8350 = ( GEOMETRIC_REPRESENTATION_CONTEXT(2) 
PARAMETRIC_REPRESENTATION_CONTEXT() REPRESENTATION_CONTEXT('2D SPACE',''
  ) );
#8351 = ORIENTED_EDGE('',*,*,#1876,.F.);
#8352 = ADVANCED_FACE('',(#8353),#1920,.F.);
#8353 = FACE_BOUND('',#8354,.F.);
#8354 = EDGE_LOOP('',(#8355,#8356,#8357,#8378));
#8355 = ORIENTED_EDGE('',*,*,#8331,.T.);
#8356 = ORIENTED_EDGE('',*,*,#5118,.T.);
#8357 = ORIENTED_EDGE('',*,*,#8358,.F.);
#8358 = EDGE_CURVE('',#1905,#5119,#8359,.T.);
#8359 = SURFACE_CURVE('',#8360,(#8364,#8371),.PCURVE_S1.);
#8360 = LINE('',#8361,#8362);
#8361 = CARTESIAN_POINT('',(-7.098538155264,1.385141286315,0.));
#8362 = VECTOR('',#8363,1.);
#8363 = DIRECTION('',(0.,0.,1.));
#8364 = PCURVE('',#1920,#8365);
#8365 = DEFINITIONAL_REPRESENTATION('',(#8366),#8370);
#8366 = LINE('',#8367,#8368);
#8367 = CARTESIAN_POINT('',(0.356730470578,0.));
#8368 = VECTOR('',#8369,1.);
#8369 = DIRECTION('',(0.,-1.));
#8370 = ( GEOMETRIC_REPRESENTATION_CONTEXT(2) 
PARAMETRIC_REPRESENTATION_CONTEXT() REPRESENTATION_CONTEXT('2D SPACE',''
  ) );
#8371 = PCURVE('',#1948,#8372);
#8372 = DEFINITIONAL_REPRESENTATION('',(#8373),#8377);
#8373 = LINE('',#8374,#8375);
#8374 = CARTESIAN_POINT('',(0.,0.));
#8375 = VECTOR('',#8376,1.);
#8376 = DIRECTION('',(0.,-1.));
#8377 = ( GEOMETRIC_REPRESENTATION_CONTEXT(2) 
PARAMETRIC_REPRESENTATION_CONTEXT() REPRESENTATION_CONTEXT('2D SPACE',''
  ) );
#8378 = ORIENTED_EDGE('',*,*,#1904,.F.);
#8379 = ADVANCED_FACE('',(#8380),#1948,.F.);
#8380 = FACE_BOUND('',#8381,.F.);
#8381 = EDGE_LOOP('',(#8382,#8383,#8384,#8405));
#8382 = ORIENTED_EDGE('',*,*,#8358,.T.);
#8383 = ORIENTED_EDGE('',*,*,#5141,.T.);
#8384 = ORIENTED_EDGE('',*,*,#8385,.F.);
#8385 = EDGE_CURVE('',#1933,#5142,#8386,.T.);
#8386 = SURFACE_CURVE('',#8387,(#8391,#8398),.PCURVE_S1.);
#8387 = LINE('',#8388,#8389);
#8388 = CARTESIAN_POINT('',(-7.184041214204,1.041786368633,0.));
#8389 = VECTOR('',#8390,1.);
#8390 = DIRECTION('',(0.,0.,1.));
#8391 = PCURVE('',#1948,#8392);
#8392 = DEFINITIONAL_REPRESENTATION('',(#8393),#8397);
#8393 = LINE('',#8394,#8395);
#8394 = CARTESIAN_POINT('',(0.35384088597,0.));
#8395 = VECTOR('',#8396,1.);
#8396 = DIRECTION('',(0.,-1.));
#8397 = ( GEOMETRIC_REPRESENTATION_CONTEXT(2) 
PARAMETRIC_REPRESENTATION_CONTEXT() REPRESENTATION_CONTEXT('2D SPACE',''
  ) );
#8398 = PCURVE('',#1976,#8399);
#8399 = DEFINITIONAL_REPRESENTATION('',(#8400),#8404);
#8400 = LINE('',#8401,#8402);
#8401 = CARTESIAN_POINT('',(0.,0.));
#8402 = VECTOR('',#8403,1.);
#8403 = DIRECTION('',(0.,-1.));
#8404 = ( GEOMETRIC_REPRESENTATION_CONTEXT(2) 
PARAMETRIC_REPRESENTATION_CONTEXT() REPRESENTATION_CONTEXT('2D SPACE',''
  ) );
#8405 = ORIENTED_EDGE('',*,*,#1932,.F.);
#8406 = ADVANCED_FACE('',(#8407),#1976,.F.);
#8407 = FACE_BOUND('',#8408,.F.);
#8408 = EDGE_LOOP('',(#8409,#8410,#8411,#8432));
#8409 = ORIENTED_EDGE('',*,*,#8385,.T.);
#8410 = ORIENTED_EDGE('',*,*,#5164,.T.);
#8411 = ORIENTED_EDGE('',*,*,#8412,.F.);
#8412 = EDGE_CURVE('',#1961,#5165,#8413,.T.);
#8413 = SURFACE_CURVE('',#8414,(#8418,#8425),.PCURVE_S1.);
#8414 = LINE('',#8415,#8416);
#8415 = CARTESIAN_POINT('',(-7.245999585084,0.69592169634,0.));
#8416 = VECTOR('',#8417,1.);
#8417 = DIRECTION('',(0.,0.,1.));
#8418 = PCURVE('',#1976,#8419);
#8419 = DEFINITIONAL_REPRESENTATION('',(#8420),#8424);
#8420 = LINE('',#8421,#8422);
#8421 = CARTESIAN_POINT('',(0.351370475798,0.));
#8422 = VECTOR('',#8423,1.);
#8423 = DIRECTION('',(0.,-1.));
#8424 = ( GEOMETRIC_REPRESENTATION_CONTEXT(2) 
PARAMETRIC_REPRESENTATION_CONTEXT() REPRESENTATION_CONTEXT('2D SPACE',''
  ) );
#8425 = PCURVE('',#2004,#8426);
#8426 = DEFINITIONAL_REPRESENTATION('',(#8427),#8431);
#8427 = LINE('',#8428,#8429);
#8428 = CARTESIAN_POINT('',(0.,0.));
#8429 = VECTOR('',#8430,1.);
#8430 = DIRECTION('',(0.,-1.));
#8431 = ( GEOMETRIC_REPRESENTATION_CONTEXT(2) 
PARAMETRIC_REPRESENTATION_CONTEXT() REPRESENTATION_CONTEXT('2D SPACE',''
  ) );
#8432 = ORIENTED_EDGE('',*,*,#1960,.F.);
#8433 = ADVANCED_FACE('',(#8434),#2004,.F.);
#8434 = FACE_BOUND('',#8435,.F.);
#8435 = EDGE_LOOP('',(#8436,#8437,#8438,#8459));
#8436 = ORIENTED_EDGE('',*,*,#8412,.T.);
#8437 = ORIENTED_EDGE('',*,*,#5187,.T.);
#8438 = ORIENTED_EDGE('',*,*,#8439,.F.);
#8439 = EDGE_CURVE('',#1989,#5188,#8440,.T.);
#8440 = SURFACE_CURVE('',#8441,(#8445,#8452),.PCURVE_S1.);
#8441 = LINE('',#8442,#8443);
#8442 = CARTESIAN_POINT('',(-7.283541292514,0.348380487725,0.));
#8443 = VECTOR('',#8444,1.);
#8444 = DIRECTION('',(0.,0.,1.));
#8445 = PCURVE('',#2004,#8446);
#8446 = DEFINITIONAL_REPRESENTATION('',(#8447),#8451);
#8447 = LINE('',#8448,#8449);
#8448 = CARTESIAN_POINT('',(0.349562972127,0.));
#8449 = VECTOR('',#8450,1.);
#8450 = DIRECTION('',(0.,-1.));
#8451 = ( GEOMETRIC_REPRESENTATION_CONTEXT(2) 
PARAMETRIC_REPRESENTATION_CONTEXT() REPRESENTATION_CONTEXT('2D SPACE',''
  ) );
#8452 = PCURVE('',#2032,#8453);
#8453 = DEFINITIONAL_REPRESENTATION('',(#8454),#8458);
#8454 = LINE('',#8455,#8456);
#8455 = CARTESIAN_POINT('',(0.,0.));
#8456 = VECTOR('',#8457,1.);
#8457 = DIRECTION('',(0.,-1.));
#8458 = ( GEOMETRIC_REPRESENTATION_CONTEXT(2) 
PARAMETRIC_REPRESENTATION_CONTEXT() REPRESENTATION_CONTEXT('2D SPACE',''
  ) );
#8459 = ORIENTED_EDGE('',*,*,#1988,.F.);
#8460 = ADVANCED_FACE('',(#8461),#2032,.F.);
#8461 = FACE_BOUND('',#8462,.F.);
#8462 = EDGE_LOOP('',(#8463,#8464,#8465,#8486));
#8463 = ORIENTED_EDGE('',*,*,#8439,.T.);
#8464 = ORIENTED_EDGE('',*,*,#5210,.T.);
#8465 = ORIENTED_EDGE('',*,*,#8466,.F.);
#8466 = EDGE_CURVE('',#2017,#5211,#8467,.T.);
#8467 = SURFACE_CURVE('',#8468,(#8472,#8479),.PCURVE_S1.);
#8468 = LINE('',#8469,#8470);
#8469 = CARTESIAN_POINT('',(-7.296117649877,8.694992273946E-16,0.));
#8470 = VECTOR('',#8471,1.);
#8471 = DIRECTION('',(0.,0.,1.));
#8472 = PCURVE('',#2032,#8473);
#8473 = DEFINITIONAL_REPRESENTATION('',(#8474),#8478);
#8474 = LINE('',#8475,#8476);
#8475 = CARTESIAN_POINT('',(0.348607413851,0.));
#8476 = VECTOR('',#8477,1.);
#8477 = DIRECTION('',(0.,-1.));
#8478 = ( GEOMETRIC_REPRESENTATION_CONTEXT(2) 
PARAMETRIC_REPRESENTATION_CONTEXT() REPRESENTATION_CONTEXT('2D SPACE',''
  ) );
#8479 = PCURVE('',#2060,#8480);
#8480 = DEFINITIONAL_REPRESENTATION('',(#8481),#8485);
#8481 = LINE('',#8482,#8483);
#8482 = CARTESIAN_POINT('',(0.,0.));
#8483 = VECTOR('',#8484,1.);
#8484 = DIRECTION('',(0.,-1.));
#8485 = ( GEOMETRIC_REPRESENTATION_CONTEXT(2) 
PARAMETRIC_REPRESENTATION_CONTEXT() REPRESENTATION_CONTEXT('2D SPACE',''
  ) );
#8486 = ORIENTED_EDGE('',*,*,#2016,.F.);
#8487 = ADVANCED_FACE('',(#8488),#2060,.F.);
#8488 = FACE_BOUND('',#8489,.F.);
#8489 = EDGE_LOOP('',(#8490,#8491,#8492,#8513));
#8490 = ORIENTED_EDGE('',*,*,#8466,.T.);
#8491 = ORIENTED_EDGE('',*,*,#5233,.T.);
#8492 = ORIENTED_EDGE('',*,*,#8493,.F.);
#8493 = EDGE_CURVE('',#2045,#5234,#8494,.T.);
#8494 = SURFACE_CURVE('',#8495,(#8499,#8506),.PCURVE_S1.);
#8495 = LINE('',#8496,#8497);
#8496 = CARTESIAN_POINT('',(-7.283541292514,-0.348380487725,0.));
#8497 = VECTOR('',#8498,1.);
#8498 = DIRECTION('',(0.,0.,1.));
#8499 = PCURVE('',#2060,#8500);
#8500 = DEFINITIONAL_REPRESENTATION('',(#8501),#8505);
#8501 = LINE('',#8502,#8503);
#8502 = CARTESIAN_POINT('',(0.348607413851,0.));
#8503 = VECTOR('',#8504,1.);
#8504 = DIRECTION('',(0.,-1.));
#8505 = ( GEOMETRIC_REPRESENTATION_CONTEXT(2) 
PARAMETRIC_REPRESENTATION_CONTEXT() REPRESENTATION_CONTEXT('2D SPACE',''
  ) );
#8506 = PCURVE('',#2088,#8507);
#8507 = DEFINITIONAL_REPRESENTATION('',(#8508),#8512);
#8508 = LINE('',#8509,#8510);
#8509 = CARTESIAN_POINT('',(0.,0.));
#8510 = VECTOR('',#8511,1.);
#8511 = DIRECTION('',(0.,-1.));
#8512 = ( GEOMETRIC_REPRESENTATION_CONTEXT(2) 
PARAMETRIC_REPRESENTATION_CONTEXT() REPRESENTATION_CONTEXT('2D SPACE',''
  ) );
#8513 = ORIENTED_EDGE('',*,*,#2044,.F.);
#8514 = ADVANCED_FACE('',(#8515),#2088,.F.);
#8515 = FACE_BOUND('',#8516,.F.);
#8516 = EDGE_LOOP('',(#8517,#8518,#8519,#8540));
#8517 = ORIENTED_EDGE('',*,*,#8493,.T.);
#8518 = ORIENTED_EDGE('',*,*,#5256,.T.);
#8519 = ORIENTED_EDGE('',*,*,#8520,.F.);
#8520 = EDGE_CURVE('',#2073,#5257,#8521,.T.);
#8521 = SURFACE_CURVE('',#8522,(#8526,#8533),.PCURVE_S1.);
#8522 = LINE('',#8523,#8524);
#8523 = CARTESIAN_POINT('',(-7.245999585084,-0.69592169634,0.));
#8524 = VECTOR('',#8525,1.);
#8525 = DIRECTION('',(0.,0.,1.));
#8526 = PCURVE('',#2088,#8527);
#8527 = DEFINITIONAL_REPRESENTATION('',(#8528),#8532);
#8528 = LINE('',#8529,#8530);
#8529 = CARTESIAN_POINT('',(0.349562972127,0.));
#8530 = VECTOR('',#8531,1.);
#8531 = DIRECTION('',(0.,-1.));
#8532 = ( GEOMETRIC_REPRESENTATION_CONTEXT(2) 
PARAMETRIC_REPRESENTATION_CONTEXT() REPRESENTATION_CONTEXT('2D SPACE',''
  ) );
#8533 = PCURVE('',#2116,#8534);
#8534 = DEFINITIONAL_REPRESENTATION('',(#8535),#8539);
#8535 = LINE('',#8536,#8537);
#8536 = CARTESIAN_POINT('',(0.,0.));
#8537 = VECTOR('',#8538,1.);
#8538 = DIRECTION('',(0.,-1.));
#8539 = ( GEOMETRIC_REPRESENTATION_CONTEXT(2) 
PARAMETRIC_REPRESENTATION_CONTEXT() REPRESENTATION_CONTEXT('2D SPACE',''
  ) );
#8540 = ORIENTED_EDGE('',*,*,#2072,.F.);
#8541 = ADVANCED_FACE('',(#8542),#2116,.F.);
#8542 = FACE_BOUND('',#8543,.F.);
#8543 = EDGE_LOOP('',(#8544,#8545,#8546,#8567));
#8544 = ORIENTED_EDGE('',*,*,#8520,.T.);
#8545 = ORIENTED_EDGE('',*,*,#5279,.T.);
#8546 = ORIENTED_EDGE('',*,*,#8547,.F.);
#8547 = EDGE_CURVE('',#2101,#5280,#8548,.T.);
#8548 = SURFACE_CURVE('',#8549,(#8553,#8560),.PCURVE_S1.);
#8549 = LINE('',#8550,#8551);
#8550 = CARTESIAN_POINT('',(-7.184041214204,-1.041786368633,0.));
#8551 = VECTOR('',#8552,1.);
#8552 = DIRECTION('',(0.,0.,1.));
#8553 = PCURVE('',#2116,#8554);
#8554 = DEFINITIONAL_REPRESENTATION('',(#8555),#8559);
#8555 = LINE('',#8556,#8557);
#8556 = CARTESIAN_POINT('',(0.351370475798,0.));
#8557 = VECTOR('',#8558,1.);
#8558 = DIRECTION('',(0.,-1.));
#8559 = ( GEOMETRIC_REPRESENTATION_CONTEXT(2) 
PARAMETRIC_REPRESENTATION_CONTEXT() REPRESENTATION_CONTEXT('2D SPACE',''
  ) );
#8560 = PCURVE('',#2144,#8561);
#8561 = DEFINITIONAL_REPRESENTATION('',(#8562),#8566);
#8562 = LINE('',#8563,#8564);
#8563 = CARTESIAN_POINT('',(0.,0.));
#8564 = VECTOR('',#8565,1.);
#8565 = DIRECTION('',(0.,-1.));
#8566 = ( GEOMETRIC_REPRESENTATION_CONTEXT(2) 
PARAMETRIC_REPRESENTATION_CONTEXT() REPRESENTATION_CONTEXT('2D SPACE',''
  ) );
#8567 = ORIENTED_EDGE('',*,*,#2100,.F.);
#8568 = ADVANCED_FACE('',(#8569),#2144,.F.);
#8569 = FACE_BOUND('',#8570,.F.);
#8570 = EDGE_LOOP('',(#8571,#8572,#8573,#8594));
#8571 = ORIENTED_EDGE('',*,*,#8547,.T.);
#8572 = ORIENTED_EDGE('',*,*,#5302,.T.);
#8573 = ORIENTED_EDGE('',*,*,#8574,.F.);
#8574 = EDGE_CURVE('',#2129,#5303,#8575,.T.);
#8575 = SURFACE_CURVE('',#8576,(#8580,#8587),.PCURVE_S1.);
#8576 = LINE('',#8577,#8578);
#8577 = CARTESIAN_POINT('',(-7.098538155264,-1.385141286315,0.));
#8578 = VECTOR('',#8579,1.);
#8579 = DIRECTION('',(0.,0.,1.));
#8580 = PCURVE('',#2144,#8581);
#8581 = DEFINITIONAL_REPRESENTATION('',(#8582),#8586);
#8582 = LINE('',#8583,#8584);
#8583 = CARTESIAN_POINT('',(0.35384088597,0.));
#8584 = VECTOR('',#8585,1.);
#8585 = DIRECTION('',(0.,-1.));
#8586 = ( GEOMETRIC_REPRESENTATION_CONTEXT(2) 
PARAMETRIC_REPRESENTATION_CONTEXT() REPRESENTATION_CONTEXT('2D SPACE',''
  ) );
#8587 = PCURVE('',#2172,#8588);
#8588 = DEFINITIONAL_REPRESENTATION('',(#8589),#8593);
#8589 = LINE('',#8590,#8591);
#8590 = CARTESIAN_POINT('',(0.,0.));
#8591 = VECTOR('',#8592,1.);
#8592 = DIRECTION('',(0.,-1.));
#8593 = ( GEOMETRIC_REPRESENTATION_CONTEXT(2) 
PARAMETRIC_REPRESENTATION_CONTEXT() REPRESENTATION_CONTEXT('2D SPACE',''
  ) );
#8594 = ORIENTED_EDGE('',*,*,#2128,.F.);
#8595 = ADVANCED_FACE('',(#8596),#2172,.F.);
#8596 = FACE_BOUND('',#8597,.F.);
#8597 = EDGE_LOOP('',(#8598,#8599,#8600,#8621));
#8598 = ORIENTED_EDGE('',*,*,#8574,.T.);
#8599 = ORIENTED_EDGE('',*,*,#5325,.T.);
#8600 = ORIENTED_EDGE('',*,*,#8601,.F.);
#8601 = EDGE_CURVE('',#2157,#5326,#8602,.T.);
#8602 = SURFACE_CURVE('',#8603,(#8607,#8614),.PCURVE_S1.);
#8603 = LINE('',#8604,#8605);
#8604 = CARTESIAN_POINT('',(-6.990628959937,-1.725159277313,0.));
#8605 = VECTOR('',#8606,1.);
#8606 = DIRECTION('',(0.,0.,1.));
#8607 = PCURVE('',#2172,#8608);
#8608 = DEFINITIONAL_REPRESENTATION('',(#8609),#8613);
#8609 = LINE('',#8610,#8611);
#8610 = CARTESIAN_POINT('',(0.356730470578,0.));
#8611 = VECTOR('',#8612,1.);
#8612 = DIRECTION('',(0.,-1.));
#8613 = ( GEOMETRIC_REPRESENTATION_CONTEXT(2) 
PARAMETRIC_REPRESENTATION_CONTEXT() REPRESENTATION_CONTEXT('2D SPACE',''
  ) );
#8614 = PCURVE('',#2200,#8615);
#8615 = DEFINITIONAL_REPRESENTATION('',(#8616),#8620);
#8616 = LINE('',#8617,#8618);
#8617 = CARTESIAN_POINT('',(0.,0.));
#8618 = VECTOR('',#8619,1.);
#8619 = DIRECTION('',(0.,-1.));
#8620 = ( GEOMETRIC_REPRESENTATION_CONTEXT(2) 
PARAMETRIC_REPRESENTATION_CONTEXT() REPRESENTATION_CONTEXT('2D SPACE',''
  ) );
#8621 = ORIENTED_EDGE('',*,*,#2156,.F.);
#8622 = ADVANCED_FACE('',(#8623),#2200,.F.);
#8623 = FACE_BOUND('',#8624,.F.);
#8624 = EDGE_LOOP('',(#8625,#8626,#8627,#8648));
#8625 = ORIENTED_EDGE('',*,*,#8601,.T.);
#8626 = ORIENTED_EDGE('',*,*,#5348,.T.);
#8627 = ORIENTED_EDGE('',*,*,#8628,.F.);
#8628 = EDGE_CURVE('',#2185,#5349,#8629,.T.);
#8629 = SURFACE_CURVE('',#8630,(#8634,#8641),.PCURVE_S1.);
#8630 = LINE('',#8631,#8632);
#8631 = CARTESIAN_POINT('',(-6.861651472224,-2.061021208507,0.));
#8632 = VECTOR('',#8633,1.);
#8633 = DIRECTION('',(0.,0.,1.));
#8634 = PCURVE('',#2200,#8635);
#8635 = DEFINITIONAL_REPRESENTATION('',(#8636),#8640);
#8636 = LINE('',#8637,#8638);
#8637 = CARTESIAN_POINT('',(0.359775526074,0.));
#8638 = VECTOR('',#8639,1.);
#8639 = DIRECTION('',(0.,-1.));
#8640 = ( GEOMETRIC_REPRESENTATION_CONTEXT(2) 
PARAMETRIC_REPRESENTATION_CONTEXT() REPRESENTATION_CONTEXT('2D SPACE',''
  ) );
#8641 = PCURVE('',#2228,#8642);
#8642 = DEFINITIONAL_REPRESENTATION('',(#8643),#8647);
#8643 = LINE('',#8644,#8645);
#8644 = CARTESIAN_POINT('',(0.,0.));
#8645 = VECTOR('',#8646,1.);
#8646 = DIRECTION('',(0.,-1.));
#8647 = ( GEOMETRIC_REPRESENTATION_CONTEXT(2) 
PARAMETRIC_REPRESENTATION_CONTEXT() REPRESENTATION_CONTEXT('2D SPACE',''
  ) );
#8648 = ORIENTED_EDGE('',*,*,#2184,.F.);
#8649 = ADVANCED_FACE('',(#8650),#2228,.F.);
#8650 = FACE_BOUND('',#8651,.F.);
#8651 = EDGE_LOOP('',(#8652,#8653,#8654,#8675));
#8652 = ORIENTED_EDGE('',*,*,#8628,.T.);
#8653 = ORIENTED_EDGE('',*,*,#5371,.T.);
#8654 = ORIENTED_EDGE('',*,*,#8655,.F.);
#8655 = EDGE_CURVE('',#2213,#5372,#8656,.T.);
#8656 = SURFACE_CURVE('',#8657,(#8661,#8668),.PCURVE_S1.);
#8657 = LINE('',#8658,#8659);
#8658 = CARTESIAN_POINT('',(-6.713073308226,-2.391917959085,0.));
#8659 = VECTOR('',#8660,1.);
#8660 = DIRECTION('',(0.,0.,1.));
#8661 = PCURVE('',#2228,#8662);
#8662 = DEFINITIONAL_REPRESENTATION('',(#8663),#8667);
#8663 = LINE('',#8664,#8665);
#8664 = CARTESIAN_POINT('',(0.362723214532,0.));
#8665 = VECTOR('',#8666,1.);
#8666 = DIRECTION('',(0.,-1.));
#8667 = ( GEOMETRIC_REPRESENTATION_CONTEXT(2) 
PARAMETRIC_REPRESENTATION_CONTEXT() REPRESENTATION_CONTEXT('2D SPACE',''
  ) );
#8668 = PCURVE('',#2256,#8669);
#8669 = DEFINITIONAL_REPRESENTATION('',(#8670),#8674);
#8670 = LINE('',#8671,#8672);
#8671 = CARTESIAN_POINT('',(0.,0.));
#8672 = VECTOR('',#8673,1.);
#8673 = DIRECTION('',(0.,-1.));
#8674 = ( GEOMETRIC_REPRESENTATION_CONTEXT(2) 
PARAMETRIC_REPRESENTATION_CONTEXT() REPRESENTATION_CONTEXT('2D SPACE',''
  ) );
#8675 = ORIENTED_EDGE('',*,*,#2212,.F.);
#8676 = ADVANCED_FACE('',(#8677),#2256,.F.);
#8677 = FACE_BOUND('',#8678,.F.);
#8678 = EDGE_LOOP('',(#8679,#8680,#8681,#8702));
#8679 = ORIENTED_EDGE('',*,*,#8655,.T.);
#8680 = ORIENTED_EDGE('',*,*,#5394,.T.);
#8681 = ORIENTED_EDGE('',*,*,#8682,.F.);
#8682 = EDGE_CURVE('',#2241,#5395,#8683,.T.);
#8683 = SURFACE_CURVE('',#8684,(#8688,#8695),.PCURVE_S1.);
#8684 = LINE('',#8685,#8686);
#8685 = CARTESIAN_POINT('',(-6.546427054942,-2.717052369792,0.));
#8686 = VECTOR('',#8687,1.);
#8687 = DIRECTION('',(0.,0.,1.));
#8688 = PCURVE('',#2256,#8689);
#8689 = DEFINITIONAL_REPRESENTATION('',(#8690),#8694);
#8690 = LINE('',#8691,#8692);
#8691 = CARTESIAN_POINT('',(0.365353744691,0.));
#8692 = VECTOR('',#8693,1.);
#8693 = DIRECTION('',(0.,-1.));
#8694 = ( GEOMETRIC_REPRESENTATION_CONTEXT(2) 
PARAMETRIC_REPRESENTATION_CONTEXT() REPRESENTATION_CONTEXT('2D SPACE',''
  ) );
#8695 = PCURVE('',#2284,#8696);
#8696 = DEFINITIONAL_REPRESENTATION('',(#8697),#8701);
#8697 = LINE('',#8698,#8699);
#8698 = CARTESIAN_POINT('',(0.,0.));
#8699 = VECTOR('',#8700,1.);
#8700 = DIRECTION('',(0.,-1.));
#8701 = ( GEOMETRIC_REPRESENTATION_CONTEXT(2) 
PARAMETRIC_REPRESENTATION_CONTEXT() REPRESENTATION_CONTEXT('2D SPACE',''
  ) );
#8702 = ORIENTED_EDGE('',*,*,#2240,.F.);
#8703 = ADVANCED_FACE('',(#8704),#2284,.F.);
#8704 = FACE_BOUND('',#8705,.F.);
#8705 = EDGE_LOOP('',(#8706,#8707,#8708,#8729));
#8706 = ORIENTED_EDGE('',*,*,#8682,.T.);
#8707 = ORIENTED_EDGE('',*,*,#5417,.T.);
#8708 = ORIENTED_EDGE('',*,*,#8709,.F.);
#8709 = EDGE_CURVE('',#2269,#5418,#8710,.T.);
#8710 = SURFACE_CURVE('',#8711,(#8715,#8722),.PCURVE_S1.);
#8711 = LINE('',#8712,#8713);
#8712 = CARTESIAN_POINT('',(-6.363254876269,-3.035641163355,0.));
#8713 = VECTOR('',#8714,1.);
#8714 = DIRECTION('',(0.,0.,1.));
#8715 = PCURVE('',#2284,#8716);
#8716 = DEFINITIONAL_REPRESENTATION('',(#8717),#8721);
#8717 = LINE('',#8718,#8719);
#8718 = CARTESIAN_POINT('',(0.367492675334,0.));
#8719 = VECTOR('',#8720,1.);
#8720 = DIRECTION('',(0.,-1.));
#8721 = ( GEOMETRIC_REPRESENTATION_CONTEXT(2) 
PARAMETRIC_REPRESENTATION_CONTEXT() REPRESENTATION_CONTEXT('2D SPACE',''
  ) );
#8722 = PCURVE('',#2312,#8723);
#8723 = DEFINITIONAL_REPRESENTATION('',(#8724),#8728);
#8724 = LINE('',#8725,#8726);
#8725 = CARTESIAN_POINT('',(0.,0.));
#8726 = VECTOR('',#8727,1.);
#8727 = DIRECTION('',(0.,-1.));
#8728 = ( GEOMETRIC_REPRESENTATION_CONTEXT(2) 
PARAMETRIC_REPRESENTATION_CONTEXT() REPRESENTATION_CONTEXT('2D SPACE',''
  ) );
#8729 = ORIENTED_EDGE('',*,*,#2268,.F.);
#8730 = ADVANCED_FACE('',(#8731),#2312,.F.);
#8731 = FACE_BOUND('',#8732,.F.);
#8732 = EDGE_LOOP('',(#8733,#8734,#8735,#8756));
#8733 = ORIENTED_EDGE('',*,*,#8709,.T.);
#8734 = ORIENTED_EDGE('',*,*,#5440,.T.);
#8735 = ORIENTED_EDGE('',*,*,#8736,.F.);
#8736 = EDGE_CURVE('',#2297,#5441,#8737,.T.);
#8737 = SURFACE_CURVE('',#8738,(#8742,#8749),.PCURVE_S1.);
#8738 = LINE('',#8739,#8740);
#8739 = CARTESIAN_POINT('',(-6.165064813492,-3.346916831465,0.));
#8740 = VECTOR('',#8741,1.);
#8741 = DIRECTION('',(0.,0.,1.));
#8742 = PCURVE('',#2312,#8743);
#8743 = DEFINITIONAL_REPRESENTATION('',(#8744),#8748);
#8744 = LINE('',#8745,#8746);
#8745 = CARTESIAN_POINT('',(0.369014691497,0.));
#8746 = VECTOR('',#8747,1.);
#8747 = DIRECTION('',(0.,-1.));
#8748 = ( GEOMETRIC_REPRESENTATION_CONTEXT(2) 
PARAMETRIC_REPRESENTATION_CONTEXT() REPRESENTATION_CONTEXT('2D SPACE',''
  ) );
#8749 = PCURVE('',#2340,#8750);
#8750 = DEFINITIONAL_REPRESENTATION('',(#8751),#8755);
#8751 = LINE('',#8752,#8753);
#8752 = CARTESIAN_POINT('',(0.,0.));
#8753 = VECTOR('',#8754,1.);
#8754 = DIRECTION('',(0.,-1.));
#8755 = ( GEOMETRIC_REPRESENTATION_CONTEXT(2) 
PARAMETRIC_REPRESENTATION_CONTEXT() REPRESENTATION_CONTEXT('2D SPACE',''
  ) );
#8756 = ORIENTED_EDGE('',*,*,#2296,.F.);
#8757 = ADVANCED_FACE('',(#8758),#2340,.F.);
#8758 = FACE_BOUND('',#8759,.F.);
#8759 = EDGE_LOOP('',(#8760,#8761,#8762,#8783));
#8760 = ORIENTED_EDGE('',*,*,#8736,.T.);
#8761 = ORIENTED_EDGE('',*,*,#5463,.T.);
#8762 = ORIENTED_EDGE('',*,*,#8763,.F.);
#8763 = EDGE_CURVE('',#2325,#5464,#8764,.T.);
#8764 = SURFACE_CURVE('',#8765,(#8769,#8776),.PCURVE_S1.);
#8765 = LINE('',#8766,#8767);
#8766 = CARTESIAN_POINT('',(-5.953299067323,-3.650129483772,0.));
#8767 = VECTOR('',#8768,1.);
#8768 = DIRECTION('',(0.,0.,1.));
#8769 = PCURVE('',#2340,#8770);
#8770 = DEFINITIONAL_REPRESENTATION('',(#8771),#8775);
#8771 = LINE('',#8772,#8773);
#8772 = CARTESIAN_POINT('',(0.369841376498,0.));
#8773 = VECTOR('',#8774,1.);
#8774 = DIRECTION('',(0.,-1.));
#8775 = ( GEOMETRIC_REPRESENTATION_CONTEXT(2) 
PARAMETRIC_REPRESENTATION_CONTEXT() REPRESENTATION_CONTEXT('2D SPACE',''
  ) );
#8776 = PCURVE('',#2368,#8777);
#8777 = DEFINITIONAL_REPRESENTATION('',(#8778),#8782);
#8778 = LINE('',#8779,#8780);
#8779 = CARTESIAN_POINT('',(0.,0.));
#8780 = VECTOR('',#8781,1.);
#8781 = DIRECTION('',(0.,-1.));
#8782 = ( GEOMETRIC_REPRESENTATION_CONTEXT(2) 
PARAMETRIC_REPRESENTATION_CONTEXT() REPRESENTATION_CONTEXT('2D SPACE',''
  ) );
#8783 = ORIENTED_EDGE('',*,*,#2324,.F.);
#8784 = ADVANCED_FACE('',(#8785),#2368,.F.);
#8785 = FACE_BOUND('',#8786,.F.);
#8786 = EDGE_LOOP('',(#8787,#8788,#8789,#8810));
#8787 = ORIENTED_EDGE('',*,*,#8763,.T.);
#8788 = ORIENTED_EDGE('',*,*,#5486,.T.);
#8789 = ORIENTED_EDGE('',*,*,#8790,.F.);
#8790 = EDGE_CURVE('',#2353,#5487,#8791,.T.);
#8791 = SURFACE_CURVE('',#8792,(#8796,#8803),.PCURVE_S1.);
#8792 = LINE('',#8793,#8794);
#8793 = CARTESIAN_POINT('',(-5.729313187106,-3.944548654439,0.));
#8794 = VECTOR('',#8795,1.);
#8795 = DIRECTION('',(0.,0.,1.));
#8796 = PCURVE('',#2368,#8797);
#8797 = DEFINITIONAL_REPRESENTATION('',(#8798),#8802);
#8798 = LINE('',#8799,#8800);
#8799 = CARTESIAN_POINT('',(0.369935565461,0.));
#8800 = VECTOR('',#8801,1.);
#8801 = DIRECTION('',(0.,-1.));
#8802 = ( GEOMETRIC_REPRESENTATION_CONTEXT(2) 
PARAMETRIC_REPRESENTATION_CONTEXT() REPRESENTATION_CONTEXT('2D SPACE',''
  ) );
#8803 = PCURVE('',#2396,#8804);
#8804 = DEFINITIONAL_REPRESENTATION('',(#8805),#8809);
#8805 = LINE('',#8806,#8807);
#8806 = CARTESIAN_POINT('',(0.,0.));
#8807 = VECTOR('',#8808,1.);
#8808 = DIRECTION('',(0.,-1.));
#8809 = ( GEOMETRIC_REPRESENTATION_CONTEXT(2) 
PARAMETRIC_REPRESENTATION_CONTEXT() REPRESENTATION_CONTEXT('2D SPACE',''
  ) );
#8810 = ORIENTED_EDGE('',*,*,#2352,.F.);
#8811 = ADVANCED_FACE('',(#8812),#2396,.F.);
#8812 = FACE_BOUND('',#8813,.F.);
#8813 = EDGE_LOOP('',(#8814,#8815,#8816,#8837));
#8814 = ORIENTED_EDGE('',*,*,#8790,.T.);
#8815 = ORIENTED_EDGE('',*,*,#5509,.T.);
#8816 = ORIENTED_EDGE('',*,*,#8817,.F.);
#8817 = EDGE_CURVE('',#2381,#5510,#8818,.T.);
#8818 = SURFACE_CURVE('',#8819,(#8823,#8830),.PCURVE_S1.);
#8819 = LINE('',#8820,#8821);
#8820 = CARTESIAN_POINT('',(-5.494364368009,-4.229465061896,0.));
#8821 = VECTOR('',#8822,1.);
#8822 = DIRECTION('',(0.,0.,1.));
#8823 = PCURVE('',#2396,#8824);
#8824 = DEFINITIONAL_REPRESENTATION('',(#8825),#8829);
#8825 = LINE('',#8826,#8827);
#8826 = CARTESIAN_POINT('',(0.369294336314,0.));
#8827 = VECTOR('',#8828,1.);
#8828 = DIRECTION('',(0.,-1.));
#8829 = ( GEOMETRIC_REPRESENTATION_CONTEXT(2) 
PARAMETRIC_REPRESENTATION_CONTEXT() REPRESENTATION_CONTEXT('2D SPACE',''
  ) );
#8830 = PCURVE('',#2424,#8831);
#8831 = DEFINITIONAL_REPRESENTATION('',(#8832),#8836);
#8832 = LINE('',#8833,#8834);
#8833 = CARTESIAN_POINT('',(0.,0.));
#8834 = VECTOR('',#8835,1.);
#8835 = DIRECTION('',(0.,-1.));
#8836 = ( GEOMETRIC_REPRESENTATION_CONTEXT(2) 
PARAMETRIC_REPRESENTATION_CONTEXT() REPRESENTATION_CONTEXT('2D SPACE',''
  ) );
#8837 = ORIENTED_EDGE('',*,*,#2380,.F.);
#8838 = ADVANCED_FACE('',(#8839),#2424,.F.);
#8839 = FACE_BOUND('',#8840,.F.);
#8840 = EDGE_LOOP('',(#8841,#8842,#8843,#8864));
#8841 = ORIENTED_EDGE('',*,*,#8817,.T.);
#8842 = ORIENTED_EDGE('',*,*,#5532,.T.);
#8843 = ORIENTED_EDGE('',*,*,#8844,.F.);
#8844 = EDGE_CURVE('',#2409,#5533,#8845,.T.);
#8845 = SURFACE_CURVE('',#8846,(#8850,#8857),.PCURVE_S1.);
#8846 = LINE('',#8847,#8848);
#8847 = CARTESIAN_POINT('',(-5.249606833062,-4.504192317562,0.));
#8848 = VECTOR('',#8849,1.);
#8849 = DIRECTION('',(0.,0.,1.));
#8850 = PCURVE('',#2424,#8851);
#8851 = DEFINITIONAL_REPRESENTATION('',(#8852),#8856);
#8852 = LINE('',#8853,#8854);
#8853 = CARTESIAN_POINT('',(0.367942000754,0.));
#8854 = VECTOR('',#8855,1.);
#8855 = DIRECTION('',(0.,-1.));
#8856 = ( GEOMETRIC_REPRESENTATION_CONTEXT(2) 
PARAMETRIC_REPRESENTATION_CONTEXT() REPRESENTATION_CONTEXT('2D SPACE',''
  ) );
#8857 = PCURVE('',#2452,#8858);
#8858 = DEFINITIONAL_REPRESENTATION('',(#8859),#8863);
#8859 = LINE('',#8860,#8861);
#8860 = CARTESIAN_POINT('',(0.,0.));
#8861 = VECTOR('',#8862,1.);
#8862 = DIRECTION('',(0.,-1.));
#8863 = ( GEOMETRIC_REPRESENTATION_CONTEXT(2) 
PARAMETRIC_REPRESENTATION_CONTEXT() REPRESENTATION_CONTEXT('2D SPACE',''
  ) );
#8864 = ORIENTED_EDGE('',*,*,#2408,.F.);
#8865 = ADVANCED_FACE('',(#8866),#2452,.F.);
#8866 = FACE_BOUND('',#8867,.F.);
#8867 = EDGE_LOOP('',(#8868,#8869,#8870,#8891));
#8868 = ORIENTED_EDGE('',*,*,#8844,.T.);
#8869 = ORIENTED_EDGE('',*,*,#5555,.T.);
#8870 = ORIENTED_EDGE('',*,*,#8871,.F.);
#8871 = EDGE_CURVE('',#2437,#5556,#8872,.T.);
#8872 = SURFACE_CURVE('',#8873,(#8877,#8884),.PCURVE_S1.);
#8873 = LINE('',#8874,#8875);
#8874 = CARTESIAN_POINT('',(-4.996092379413,-4.768068579414,0.));
#8875 = VECTOR('',#8876,1.);
#8876 = DIRECTION('',(0.,0.,1.));
#8877 = PCURVE('',#2452,#8878);
#8878 = DEFINITIONAL_REPRESENTATION('',(#8879),#8883);
#8879 = LINE('',#8880,#8881);
#8880 = CARTESIAN_POINT('',(0.365923844233,0.));
#8881 = VECTOR('',#8882,1.);
#8882 = DIRECTION('',(0.,-1.));
#8883 = ( GEOMETRIC_REPRESENTATION_CONTEXT(2) 
PARAMETRIC_REPRESENTATION_CONTEXT() REPRESENTATION_CONTEXT('2D SPACE',''
  ) );
#8884 = PCURVE('',#2480,#8885);
#8885 = DEFINITIONAL_REPRESENTATION('',(#8886),#8890);
#8886 = LINE('',#8887,#8888);
#8887 = CARTESIAN_POINT('',(0.,0.));
#8888 = VECTOR('',#8889,1.);
#8889 = DIRECTION('',(0.,-1.));
#8890 = ( GEOMETRIC_REPRESENTATION_CONTEXT(2) 
PARAMETRIC_REPRESENTATION_CONTEXT() REPRESENTATION_CONTEXT('2D SPACE',''
  ) );
#8891 = ORIENTED_EDGE('',*,*,#2436,.F.);
#8892 = ADVANCED_FACE('',(#8893),#2480,.F.);
#8893 = FACE_BOUND('',#8894,.F.);
#8894 = EDGE_LOOP('',(#8895,#8896,#8897,#8918));
#8895 = ORIENTED_EDGE('',*,*,#8871,.T.);
#8896 = ORIENTED_EDGE('',*,*,#5578,.T.);
#8897 = ORIENTED_EDGE('',*,*,#8898,.F.);
#8898 = EDGE_CURVE('',#2465,#5579,#8899,.T.);
#8899 = SURFACE_CURVE('',#8900,(#8904,#8911),.PCURVE_S1.);
#8900 = LINE('',#8901,#8902);
#8901 = CARTESIAN_POINT('',(-4.734774442381,-5.020458146424,0.));
#8902 = VECTOR('',#8903,1.);
#8903 = DIRECTION('',(0.,0.,1.));
#8904 = PCURVE('',#2480,#8905);
#8905 = DEFINITIONAL_REPRESENTATION('',(#8906),#8910);
#8906 = LINE('',#8907,#8908);
#8907 = CARTESIAN_POINT('',(0.363300919005,0.));
#8908 = VECTOR('',#8909,1.);
#8909 = DIRECTION('',(0.,-1.));
#8910 = ( GEOMETRIC_REPRESENTATION_CONTEXT(2) 
PARAMETRIC_REPRESENTATION_CONTEXT() REPRESENTATION_CONTEXT('2D SPACE',''
  ) );
#8911 = PCURVE('',#2508,#8912);
#8912 = DEFINITIONAL_REPRESENTATION('',(#8913),#8917);
#8913 = LINE('',#8914,#8915);
#8914 = CARTESIAN_POINT('',(0.,0.));
#8915 = VECTOR('',#8916,1.);
#8916 = DIRECTION('',(0.,-1.));
#8917 = ( GEOMETRIC_REPRESENTATION_CONTEXT(2) 
PARAMETRIC_REPRESENTATION_CONTEXT() REPRESENTATION_CONTEXT('2D SPACE',''
  ) );
#8918 = ORIENTED_EDGE('',*,*,#2464,.F.);
#8919 = ADVANCED_FACE('',(#8920),#2508,.F.);
#8920 = FACE_BOUND('',#8921,.F.);
#8921 = EDGE_LOOP('',(#8922,#8923,#8924,#8945));
#8922 = ORIENTED_EDGE('',*,*,#8898,.T.);
#8923 = ORIENTED_EDGE('',*,*,#5601,.T.);
#8924 = ORIENTED_EDGE('',*,*,#8925,.F.);
#8925 = EDGE_CURVE('',#2493,#5602,#8926,.T.);
#8926 = SURFACE_CURVE('',#8927,(#8931,#8938),.PCURVE_S1.);
#8927 = LINE('',#8928,#8929);
#8928 = CARTESIAN_POINT('',(-4.466514364942,-5.26075299002,0.));
#8929 = VECTOR('',#8930,1.);
#8930 = DIRECTION('',(0.,0.,1.));
#8931 = PCURVE('',#2508,#8932);
#8932 = DEFINITIONAL_REPRESENTATION('',(#8933),#8937);
#8933 = LINE('',#8934,#8935);
#8934 = CARTESIAN_POINT('',(0.36014591627,0.));
#8935 = VECTOR('',#8936,1.);
#8936 = DIRECTION('',(0.,-1.));
#8937 = ( GEOMETRIC_REPRESENTATION_CONTEXT(2) 
PARAMETRIC_REPRESENTATION_CONTEXT() REPRESENTATION_CONTEXT('2D SPACE',''
  ) );
#8938 = PCURVE('',#2536,#8939);
#8939 = DEFINITIONAL_REPRESENTATION('',(#8940),#8944);
#8940 = LINE('',#8941,#8942);
#8941 = CARTESIAN_POINT('',(0.,0.));
#8942 = VECTOR('',#8943,1.);
#8943 = DIRECTION('',(0.,-1.));
#8944 = ( GEOMETRIC_REPRESENTATION_CONTEXT(2) 
PARAMETRIC_REPRESENTATION_CONTEXT() REPRESENTATION_CONTEXT('2D SPACE',''
  ) );
#8945 = ORIENTED_EDGE('',*,*,#2492,.F.);
#8946 = ADVANCED_FACE('',(#8947),#2536,.F.);
#8947 = FACE_BOUND('',#8948,.F.);
#8948 = EDGE_LOOP('',(#8949,#8950,#8951,#8972));
#8949 = ORIENTED_EDGE('',*,*,#8925,.T.);
#8950 = ORIENTED_EDGE('',*,*,#5624,.T.);
#8951 = ORIENTED_EDGE('',*,*,#8952,.F.);
#8952 = EDGE_CURVE('',#2521,#5625,#8953,.T.);
#8953 = SURFACE_CURVE('',#8954,(#8958,#8965),.PCURVE_S1.);
#8954 = LINE('',#8955,#8956);
#8955 = CARTESIAN_POINT('',(-4.192088885614,-5.488374218875,0.));
#8956 = VECTOR('',#8957,1.);
#8957 = DIRECTION('',(0.,0.,1.));
#8958 = PCURVE('',#2536,#8959);
#8959 = DEFINITIONAL_REPRESENTATION('',(#8960),#8964);
#8960 = LINE('',#8961,#8962);
#8961 = CARTESIAN_POINT('',(0.356539994292,0.));
#8962 = VECTOR('',#8963,1.);
#8963 = DIRECTION('',(0.,-1.));
#8964 = ( GEOMETRIC_REPRESENTATION_CONTEXT(2) 
PARAMETRIC_REPRESENTATION_CONTEXT() REPRESENTATION_CONTEXT('2D SPACE',''
  ) );
#8965 = PCURVE('',#2564,#8966);
#8966 = DEFINITIONAL_REPRESENTATION('',(#8967),#8971);
#8967 = LINE('',#8968,#8969);
#8968 = CARTESIAN_POINT('',(0.,0.));
#8969 = VECTOR('',#8970,1.);
#8970 = DIRECTION('',(0.,-1.));
#8971 = ( GEOMETRIC_REPRESENTATION_CONTEXT(2) 
PARAMETRIC_REPRESENTATION_CONTEXT() REPRESENTATION_CONTEXT('2D SPACE',''
  ) );
#8972 = ORIENTED_EDGE('',*,*,#2520,.F.);
#8973 = ADVANCED_FACE('',(#8974),#2564,.F.);
#8974 = FACE_BOUND('',#8975,.F.);
#8975 = EDGE_LOOP('',(#8976,#8977,#8978,#8999));
#8976 = ORIENTED_EDGE('',*,*,#8952,.T.);
#8977 = ORIENTED_EDGE('',*,*,#5647,.T.);
#8978 = ORIENTED_EDGE('',*,*,#8979,.F.);
#8979 = EDGE_CURVE('',#2549,#5648,#8980,.T.);
#8980 = SURFACE_CURVE('',#8981,(#8985,#8992),.PCURVE_S1.);
#8981 = LINE('',#8982,#8983);
#8982 = CARTESIAN_POINT('',(-3.912198140034,-5.702773473513,0.));
#8983 = VECTOR('',#8984,1.);
#8984 = DIRECTION('',(0.,0.,1.));
#8985 = PCURVE('',#2564,#8986);
#8986 = DEFINITIONAL_REPRESENTATION('',(#8987),#8991);
#8987 = LINE('',#8988,#8989);
#8988 = CARTESIAN_POINT('',(0.352570375742,0.));
#8989 = VECTOR('',#8990,1.);
#8990 = DIRECTION('',(0.,-1.));
#8991 = ( GEOMETRIC_REPRESENTATION_CONTEXT(2) 
PARAMETRIC_REPRESENTATION_CONTEXT() REPRESENTATION_CONTEXT('2D SPACE',''
  ) );
#8992 = PCURVE('',#2592,#8993);
#8993 = DEFINITIONAL_REPRESENTATION('',(#8994),#8998);
#8994 = LINE('',#8995,#8996);
#8995 = CARTESIAN_POINT('',(0.,0.));
#8996 = VECTOR('',#8997,1.);
#8997 = DIRECTION('',(0.,-1.));
#8998 = ( GEOMETRIC_REPRESENTATION_CONTEXT(2) 
PARAMETRIC_REPRESENTATION_CONTEXT() REPRESENTATION_CONTEXT('2D SPACE',''
  ) );
#8999 = ORIENTED_EDGE('',*,*,#2548,.F.);
#9000 = ADVANCED_FACE('',(#9001),#2592,.F.);
#9001 = FACE_BOUND('',#9002,.F.);
#9002 = EDGE_LOOP('',(#9003,#9004,#9005,#9026));
#9003 = ORIENTED_EDGE('',*,*,#8979,.T.);
#9004 = ORIENTED_EDGE('',*,*,#5670,.T.);
#9005 = ORIENTED_EDGE('',*,*,#9006,.F.);
#9006 = EDGE_CURVE('',#2577,#5671,#9007,.T.);
#9007 = SURFACE_CURVE('',#9008,(#9012,#9019),.PCURVE_S1.);
#9008 = LINE('',#9009,#9010);
#9009 = CARTESIAN_POINT('',(-3.627473698823,-5.903434247348,0.));
#9010 = VECTOR('',#9011,1.);
#9011 = DIRECTION('',(0.,0.,1.));
#9012 = PCURVE('',#2592,#9013);
#9013 = DEFINITIONAL_REPRESENTATION('',(#9014),#9018);
#9014 = LINE('',#9015,#9016);
#9015 = CARTESIAN_POINT('',(0.348328513876,0.));
#9016 = VECTOR('',#9017,1.);
#9017 = DIRECTION('',(0.,-1.));
#9018 = ( GEOMETRIC_REPRESENTATION_CONTEXT(2) 
PARAMETRIC_REPRESENTATION_CONTEXT() REPRESENTATION_CONTEXT('2D SPACE',''
  ) );
#9019 = PCURVE('',#2620,#9020);
#9020 = DEFINITIONAL_REPRESENTATION('',(#9021),#9025);
#9021 = LINE('',#9022,#9023);
#9022 = CARTESIAN_POINT('',(0.,0.));
#9023 = VECTOR('',#9024,1.);
#9024 = DIRECTION('',(0.,-1.));
#9025 = ( GEOMETRIC_REPRESENTATION_CONTEXT(2) 
PARAMETRIC_REPRESENTATION_CONTEXT() REPRESENTATION_CONTEXT('2D SPACE',''
  ) );
#9026 = ORIENTED_EDGE('',*,*,#2576,.F.);
#9027 = ADVANCED_FACE('',(#9028),#2620,.F.);
#9028 = FACE_BOUND('',#9029,.F.);
#9029 = EDGE_LOOP('',(#9030,#9031,#9032,#9053));
#9030 = ORIENTED_EDGE('',*,*,#9006,.T.);
#9031 = ORIENTED_EDGE('',*,*,#5693,.T.);
#9032 = ORIENTED_EDGE('',*,*,#9033,.F.);
#9033 = EDGE_CURVE('',#2605,#5694,#9034,.T.);
#9034 = SURFACE_CURVE('',#9035,(#9039,#9046),.PCURVE_S1.);
#9035 = LINE('',#9036,#9037);
#9036 = CARTESIAN_POINT('',(-3.338486337801,-6.089873131002,0.));
#9037 = VECTOR('',#9038,1.);
#9038 = DIRECTION('',(0.,0.,1.));
#9039 = PCURVE('',#2620,#9040);
#9040 = DEFINITIONAL_REPRESENTATION('',(#9041),#9045);
#9041 = LINE('',#9042,#9043);
#9042 = CARTESIAN_POINT('',(0.343908639275,0.));
#9043 = VECTOR('',#9044,1.);
#9044 = DIRECTION('',(0.,-1.));
#9045 = ( GEOMETRIC_REPRESENTATION_CONTEXT(2) 
PARAMETRIC_REPRESENTATION_CONTEXT() REPRESENTATION_CONTEXT('2D SPACE',''
  ) );
#9046 = PCURVE('',#2648,#9047);
#9047 = DEFINITIONAL_REPRESENTATION('',(#9048),#9052);
#9048 = LINE('',#9049,#9050);
#9049 = CARTESIAN_POINT('',(0.,0.));
#9050 = VECTOR('',#9051,1.);
#9051 = DIRECTION('',(0.,-1.));
#9052 = ( GEOMETRIC_REPRESENTATION_CONTEXT(2) 
PARAMETRIC_REPRESENTATION_CONTEXT() REPRESENTATION_CONTEXT('2D SPACE',''
  ) );
#9053 = ORIENTED_EDGE('',*,*,#2604,.F.);
#9054 = ADVANCED_FACE('',(#9055),#2648,.F.);
#9055 = FACE_BOUND('',#9056,.F.);
#9056 = EDGE_LOOP('',(#9057,#9058,#9059,#9080));
#9057 = ORIENTED_EDGE('',*,*,#9033,.T.);
#9058 = ORIENTED_EDGE('',*,*,#5716,.T.);
#9059 = ORIENTED_EDGE('',*,*,#9060,.F.);
#9060 = EDGE_CURVE('',#2633,#5717,#9061,.T.);
#9061 = SURFACE_CURVE('',#9062,(#9066,#9073),.PCURVE_S1.);
#9062 = LINE('',#9063,#9064);
#9063 = CARTESIAN_POINT('',(-3.045753363274,-6.261640976873,0.));
#9064 = VECTOR('',#9065,1.);
#9065 = DIRECTION('',(0.,0.,1.));
#9066 = PCURVE('',#2648,#9067);
#9067 = DEFINITIONAL_REPRESENTATION('',(#9068),#9072);
#9068 = LINE('',#9069,#9070);
#9069 = CARTESIAN_POINT('',(0.33940652211,0.));
#9070 = VECTOR('',#9071,1.);
#9071 = DIRECTION('',(0.,-1.));
#9072 = ( GEOMETRIC_REPRESENTATION_CONTEXT(2) 
PARAMETRIC_REPRESENTATION_CONTEXT() REPRESENTATION_CONTEXT('2D SPACE',''
  ) );
#9073 = PCURVE('',#2676,#9074);
#9074 = DEFINITIONAL_REPRESENTATION('',(#9075),#9079);
#9075 = LINE('',#9076,#9077);
#9076 = CARTESIAN_POINT('',(0.,0.));
#9077 = VECTOR('',#9078,1.);
#9078 = DIRECTION('',(0.,-1.));
#9079 = ( GEOMETRIC_REPRESENTATION_CONTEXT(2) 
PARAMETRIC_REPRESENTATION_CONTEXT() REPRESENTATION_CONTEXT('2D SPACE',''
  ) );
#9080 = ORIENTED_EDGE('',*,*,#2632,.F.);
#9081 = ADVANCED_FACE('',(#9082),#2676,.F.);
#9082 = FACE_BOUND('',#9083,.F.);
#9083 = EDGE_LOOP('',(#9084,#9085,#9086,#9107));
#9084 = ORIENTED_EDGE('',*,*,#9060,.T.);
#9085 = ORIENTED_EDGE('',*,*,#5739,.T.);
#9086 = ORIENTED_EDGE('',*,*,#9087,.F.);
#9087 = EDGE_CURVE('',#2661,#5740,#9088,.T.);
#9088 = SURFACE_CURVE('',#9089,(#9093,#9100),.PCURVE_S1.);
#9089 = LINE('',#9090,#9091);
#9090 = CARTESIAN_POINT('',(-2.749745404215,-6.418323981176,0.));
#9091 = VECTOR('',#9092,1.);
#9092 = DIRECTION('',(0.,0.,1.));
#9093 = PCURVE('',#2676,#9094);
#9094 = DEFINITIONAL_REPRESENTATION('',(#9095),#9099);
#9095 = LINE('',#9096,#9097);
#9096 = CARTESIAN_POINT('',(0.334918311927,0.));
#9097 = VECTOR('',#9098,1.);
#9098 = DIRECTION('',(0.,-1.));
#9099 = ( GEOMETRIC_REPRESENTATION_CONTEXT(2) 
PARAMETRIC_REPRESENTATION_CONTEXT() REPRESENTATION_CONTEXT('2D SPACE',''
  ) );
#9100 = PCURVE('',#2704,#9101);
#9101 = DEFINITIONAL_REPRESENTATION('',(#9102),#9106);
#9102 = LINE('',#9103,#9104);
#9103 = CARTESIAN_POINT('',(0.,0.));
#9104 = VECTOR('',#9105,1.);
#9105 = DIRECTION('',(0.,-1.));
#9106 = ( GEOMETRIC_REPRESENTATION_CONTEXT(2) 
PARAMETRIC_REPRESENTATION_CONTEXT() REPRESENTATION_CONTEXT('2D SPACE',''
  ) );
#9107 = ORIENTED_EDGE('',*,*,#2660,.F.);
#9108 = ADVANCED_FACE('',(#9109),#2704,.F.);
#9109 = FACE_BOUND('',#9110,.F.);
#9110 = EDGE_LOOP('',(#9111,#9112,#9113,#9134));
#9111 = ORIENTED_EDGE('',*,*,#9087,.T.);
#9112 = ORIENTED_EDGE('',*,*,#5762,.T.);
#9113 = ORIENTED_EDGE('',*,*,#9114,.F.);
#9114 = EDGE_CURVE('',#2689,#5763,#9115,.T.);
#9115 = SURFACE_CURVE('',#9116,(#9120,#9127),.PCURVE_S1.);
#9116 = LINE('',#9117,#9118);
#9117 = CARTESIAN_POINT('',(-2.450892643504,-6.55954468083,0.));
#9118 = VECTOR('',#9119,1.);
#9119 = DIRECTION('',(0.,0.,1.));
#9120 = PCURVE('',#2704,#9121);
#9121 = DEFINITIONAL_REPRESENTATION('',(#9122),#9126);
#9122 = LINE('',#9123,#9124);
#9123 = CARTESIAN_POINT('',(0.330539345003,0.));
#9124 = VECTOR('',#9125,1.);
#9125 = DIRECTION('',(0.,-1.));
#9126 = ( GEOMETRIC_REPRESENTATION_CONTEXT(2) 
PARAMETRIC_REPRESENTATION_CONTEXT() REPRESENTATION_CONTEXT('2D SPACE',''
  ) );
#9127 = PCURVE('',#2732,#9128);
#9128 = DEFINITIONAL_REPRESENTATION('',(#9129),#9133);
#9129 = LINE('',#9130,#9131);
#9130 = CARTESIAN_POINT('',(0.,0.));
#9131 = VECTOR('',#9132,1.);
#9132 = DIRECTION('',(0.,-1.));
#9133 = ( GEOMETRIC_REPRESENTATION_CONTEXT(2) 
PARAMETRIC_REPRESENTATION_CONTEXT() REPRESENTATION_CONTEXT('2D SPACE',''
  ) );
#9134 = ORIENTED_EDGE('',*,*,#2688,.F.);
#9135 = ADVANCED_FACE('',(#9136),#2732,.F.);
#9136 = FACE_BOUND('',#9137,.F.);
#9137 = EDGE_LOOP('',(#9138,#9139,#9140,#9161));
#9138 = ORIENTED_EDGE('',*,*,#9114,.T.);
#9139 = ORIENTED_EDGE('',*,*,#5785,.T.);
#9140 = ORIENTED_EDGE('',*,*,#9141,.F.);
#9141 = EDGE_CURVE('',#2717,#5786,#9142,.T.);
#9142 = SURFACE_CURVE('',#9143,(#9147,#9154),.PCURVE_S1.);
#9143 = LINE('',#9144,#9145);
#9144 = CARTESIAN_POINT('',(-2.149590499671,-6.684962862799,0.));
#9145 = VECTOR('',#9146,1.);
#9146 = DIRECTION('',(0.,0.,1.));
#9147 = PCURVE('',#2732,#9148);
#9148 = DEFINITIONAL_REPRESENTATION('',(#9149),#9153);
#9149 = LINE('',#9150,#9151);
#9150 = CARTESIAN_POINT('',(0.326362838337,0.));
#9151 = VECTOR('',#9152,1.);
#9152 = DIRECTION('',(0.,-1.));
#9153 = ( GEOMETRIC_REPRESENTATION_CONTEXT(2) 
PARAMETRIC_REPRESENTATION_CONTEXT() REPRESENTATION_CONTEXT('2D SPACE',''
  ) );
#9154 = PCURVE('',#2760,#9155);
#9155 = DEFINITIONAL_REPRESENTATION('',(#9156),#9160);
#9156 = LINE('',#9157,#9158);
#9157 = CARTESIAN_POINT('',(0.,0.));
#9158 = VECTOR('',#9159,1.);
#9159 = DIRECTION('',(0.,-1.));
#9160 = ( GEOMETRIC_REPRESENTATION_CONTEXT(2) 
PARAMETRIC_REPRESENTATION_CONTEXT() REPRESENTATION_CONTEXT('2D SPACE',''
  ) );
#9161 = ORIENTED_EDGE('',*,*,#2716,.F.);
#9162 = ADVANCED_FACE('',(#9163),#2760,.F.);
#9163 = FACE_BOUND('',#9164,.F.);
#9164 = EDGE_LOOP('',(#9165,#9166,#9167,#9188));
#9165 = ORIENTED_EDGE('',*,*,#9141,.T.);
#9166 = ORIENTED_EDGE('',*,*,#5808,.T.);
#9167 = ORIENTED_EDGE('',*,*,#9168,.F.);
#9168 = EDGE_CURVE('',#2745,#5809,#9169,.T.);
#9169 = SURFACE_CURVE('',#9170,(#9174,#9181),.PCURVE_S1.);
#9170 = LINE('',#9171,#9172);
#9171 = CARTESIAN_POINT('',(-1.846204794928,-6.794276383699,0.));
#9172 = VECTOR('',#9173,1.);
#9173 = DIRECTION('',(0.,0.,1.));
#9174 = PCURVE('',#2760,#9175);
#9175 = DEFINITIONAL_REPRESENTATION('',(#9176),#9180);
#9176 = LINE('',#9177,#9178);
#9177 = CARTESIAN_POINT('',(0.322478420509,0.));
#9178 = VECTOR('',#9179,1.);
#9179 = DIRECTION('',(0.,-1.));
#9180 = ( GEOMETRIC_REPRESENTATION_CONTEXT(2) 
PARAMETRIC_REPRESENTATION_CONTEXT() REPRESENTATION_CONTEXT('2D SPACE',''
  ) );
#9181 = PCURVE('',#2788,#9182);
#9182 = DEFINITIONAL_REPRESENTATION('',(#9183),#9187);
#9183 = LINE('',#9184,#9185);
#9184 = CARTESIAN_POINT('',(0.,0.));
#9185 = VECTOR('',#9186,1.);
#9186 = DIRECTION('',(0.,-1.));
#9187 = ( GEOMETRIC_REPRESENTATION_CONTEXT(2) 
PARAMETRIC_REPRESENTATION_CONTEXT() REPRESENTATION_CONTEXT('2D SPACE',''
  ) );
#9188 = ORIENTED_EDGE('',*,*,#2744,.F.);
#9189 = ADVANCED_FACE('',(#9190),#2788,.F.);
#9190 = FACE_BOUND('',#9191,.F.);
#9191 = EDGE_LOOP('',(#9192,#9193,#9194,#9215));
#9192 = ORIENTED_EDGE('',*,*,#9168,.T.);
#9193 = ORIENTED_EDGE('',*,*,#5831,.T.);
#9194 = ORIENTED_EDGE('',*,*,#9195,.F.);
#9195 = EDGE_CURVE('',#2773,#5832,#9196,.T.);
#9196 = SURFACE_CURVE('',#9197,(#9201,#9208),.PCURVE_S1.);
#9197 = LINE('',#9198,#9199);
#9198 = CARTESIAN_POINT('',(-1.541076459388,-6.887221897681,0.));
#9199 = VECTOR('',#9200,1.);
#9200 = DIRECTION('',(0.,0.,1.));
#9201 = PCURVE('',#2788,#9202);
#9202 = DEFINITIONAL_REPRESENTATION('',(#9203),#9207);
#9203 = LINE('',#9204,#9205);
#9204 = CARTESIAN_POINT('',(0.318970484087,0.));
#9205 = VECTOR('',#9206,1.);
#9206 = DIRECTION('',(0.,-1.));
#9207 = ( GEOMETRIC_REPRESENTATION_CONTEXT(2) 
PARAMETRIC_REPRESENTATION_CONTEXT() REPRESENTATION_CONTEXT('2D SPACE',''
  ) );
#9208 = PCURVE('',#2816,#9209);
#9209 = DEFINITIONAL_REPRESENTATION('',(#9210),#9214);
#9210 = LINE('',#9211,#9212);
#9211 = CARTESIAN_POINT('',(0.,0.));
#9212 = VECTOR('',#9213,1.);
#9213 = DIRECTION('',(0.,-1.));
#9214 = ( GEOMETRIC_REPRESENTATION_CONTEXT(2) 
PARAMETRIC_REPRESENTATION_CONTEXT() REPRESENTATION_CONTEXT('2D SPACE',''
  ) );
#9215 = ORIENTED_EDGE('',*,*,#2772,.F.);
#9216 = ADVANCED_FACE('',(#9217),#2816,.F.);
#9217 = FACE_BOUND('',#9218,.F.);
#9218 = EDGE_LOOP('',(#9219,#9220,#9221,#9242));
#9219 = ORIENTED_EDGE('',*,*,#9195,.T.);
#9220 = ORIENTED_EDGE('',*,*,#5854,.T.);
#9221 = ORIENTED_EDGE('',*,*,#9222,.F.);
#9222 = EDGE_CURVE('',#2801,#5855,#9223,.T.);
#9223 = SURFACE_CURVE('',#9224,(#9228,#9235),.PCURVE_S1.);
#9224 = LINE('',#9225,#9226);
#9225 = CARTESIAN_POINT('',(-1.23452582866,-6.963575490863,0.));
#9226 = VECTOR('',#9227,1.);
#9227 = DIRECTION('',(0.,0.,1.));
#9228 = PCURVE('',#2816,#9229);
#9229 = DEFINITIONAL_REPRESENTATION('',(#9230),#9234);
#9230 = LINE('',#9231,#9232);
#9231 = CARTESIAN_POINT('',(0.315916381962,0.));
#9232 = VECTOR('',#9233,1.);
#9233 = DIRECTION('',(0.,-1.));
#9234 = ( GEOMETRIC_REPRESENTATION_CONTEXT(2) 
PARAMETRIC_REPRESENTATION_CONTEXT() REPRESENTATION_CONTEXT('2D SPACE',''
  ) );
#9235 = PCURVE('',#2844,#9236);
#9236 = DEFINITIONAL_REPRESENTATION('',(#9237),#9241);
#9237 = LINE('',#9238,#9239);
#9238 = CARTESIAN_POINT('',(0.,0.));
#9239 = VECTOR('',#9240,1.);
#9240 = DIRECTION('',(0.,-1.));
#9241 = ( GEOMETRIC_REPRESENTATION_CONTEXT(2) 
PARAMETRIC_REPRESENTATION_CONTEXT() REPRESENTATION_CONTEXT('2D SPACE',''
  ) );
#9242 = ORIENTED_EDGE('',*,*,#2800,.F.);
#9243 = ADVANCED_FACE('',(#9244),#2844,.F.);
#9244 = FACE_BOUND('',#9245,.F.);
#9245 = EDGE_LOOP('',(#9246,#9247,#9248,#9269));
#9246 = ORIENTED_EDGE('',*,*,#9222,.T.);
#9247 = ORIENTED_EDGE('',*,*,#5877,.T.);
#9248 = ORIENTED_EDGE('',*,*,#9249,.F.);
#9249 = EDGE_CURVE('',#2829,#5878,#9250,.T.);
#9250 = SURFACE_CURVE('',#9251,(#9255,#9262),.PCURVE_S1.);
#9251 = LINE('',#9252,#9253);
#9252 = CARTESIAN_POINT('',(-0.926856595028,-7.02315322075,0.));
#9253 = VECTOR('',#9254,1.);
#9254 = DIRECTION('',(0.,0.,1.));
#9255 = PCURVE('',#2844,#9256);
#9256 = DEFINITIONAL_REPRESENTATION('',(#9257),#9261);
#9257 = LINE('',#9258,#9259);
#9258 = CARTESIAN_POINT('',(0.313384529328,0.));
#9259 = VECTOR('',#9260,1.);
#9260 = DIRECTION('',(0.,-1.));
#9261 = ( GEOMETRIC_REPRESENTATION_CONTEXT(2) 
PARAMETRIC_REPRESENTATION_CONTEXT() REPRESENTATION_CONTEXT('2D SPACE',''
  ) );
#9262 = PCURVE('',#2872,#9263);
#9263 = DEFINITIONAL_REPRESENTATION('',(#9264),#9268);
#9264 = LINE('',#9265,#9266);
#9265 = CARTESIAN_POINT('',(0.,0.));
#9266 = VECTOR('',#9267,1.);
#9267 = DIRECTION('',(0.,-1.));
#9268 = ( GEOMETRIC_REPRESENTATION_CONTEXT(2) 
PARAMETRIC_REPRESENTATION_CONTEXT() REPRESENTATION_CONTEXT('2D SPACE',''
  ) );
#9269 = ORIENTED_EDGE('',*,*,#2828,.F.);
#9270 = ADVANCED_FACE('',(#9271),#2872,.F.);
#9271 = FACE_BOUND('',#9272,.F.);
#9272 = EDGE_LOOP('',(#9273,#9274,#9275,#9296));
#9273 = ORIENTED_EDGE('',*,*,#9249,.T.);
#9274 = ORIENTED_EDGE('',*,*,#5900,.T.);
#9275 = ORIENTED_EDGE('',*,*,#9276,.F.);
#9276 = EDGE_CURVE('',#2857,#5901,#9277,.T.);
#9277 = SURFACE_CURVE('',#9278,(#9282,#9289),.PCURVE_S1.);
#9278 = LINE('',#9279,#9280);
#9279 = CARTESIAN_POINT('',(-0.61835947288,-7.065811559373,0.));
#9280 = VECTOR('',#9281,1.);
#9281 = DIRECTION('',(0.,0.,1.));
#9282 = PCURVE('',#2872,#9283);
#9283 = DEFINITIONAL_REPRESENTATION('',(#9284),#9288);
#9284 = LINE('',#9285,#9286);
#9285 = CARTESIAN_POINT('',(0.311432509908,0.));
#9286 = VECTOR('',#9287,1.);
#9287 = DIRECTION('',(0.,-1.));
#9288 = ( GEOMETRIC_REPRESENTATION_CONTEXT(2) 
PARAMETRIC_REPRESENTATION_CONTEXT() REPRESENTATION_CONTEXT('2D SPACE',''
  ) );
#9289 = PCURVE('',#2900,#9290);
#9290 = DEFINITIONAL_REPRESENTATION('',(#9291),#9295);
#9291 = LINE('',#9292,#9293);
#9292 = CARTESIAN_POINT('',(0.,0.));
#9293 = VECTOR('',#9294,1.);
#9294 = DIRECTION('',(0.,-1.));
#9295 = ( GEOMETRIC_REPRESENTATION_CONTEXT(2) 
PARAMETRIC_REPRESENTATION_CONTEXT() REPRESENTATION_CONTEXT('2D SPACE',''
  ) );
#9296 = ORIENTED_EDGE('',*,*,#2856,.F.);
#9297 = ADVANCED_FACE('',(#9298),#2900,.F.);
#9298 = FACE_BOUND('',#9299,.F.);
#9299 = EDGE_LOOP('',(#9300,#9301,#9302,#9323));
#9300 = ORIENTED_EDGE('',*,*,#9276,.T.);
#9301 = ORIENTED_EDGE('',*,*,#5923,.T.);
#9302 = ORIENTED_EDGE('',*,*,#9303,.F.);
#9303 = EDGE_CURVE('',#2885,#5924,#9304,.T.);
#9304 = SURFACE_CURVE('',#9305,(#9309,#9316),.PCURVE_S1.);
#9305 = LINE('',#9306,#9307);
#9306 = CARTESIAN_POINT('',(-0.309315638137,-7.091447739057,0.));
#9307 = VECTOR('',#9308,1.);
#9308 = DIRECTION('',(0.,0.,1.));
#9309 = PCURVE('',#2900,#9310);
#9310 = DEFINITIONAL_REPRESENTATION('',(#9311),#9315);
#9311 = LINE('',#9312,#9313);
#9312 = CARTESIAN_POINT('',(0.310105313565,0.));
#9313 = VECTOR('',#9314,1.);
#9314 = DIRECTION('',(0.,-1.));
#9315 = ( GEOMETRIC_REPRESENTATION_CONTEXT(2) 
PARAMETRIC_REPRESENTATION_CONTEXT() REPRESENTATION_CONTEXT('2D SPACE',''
  ) );
#9316 = PCURVE('',#2928,#9317);
#9317 = DEFINITIONAL_REPRESENTATION('',(#9318),#9322);
#9318 = LINE('',#9319,#9320);
#9319 = CARTESIAN_POINT('',(0.,0.));
#9320 = VECTOR('',#9321,1.);
#9321 = DIRECTION('',(0.,-1.));
#9322 = ( GEOMETRIC_REPRESENTATION_CONTEXT(2) 
PARAMETRIC_REPRESENTATION_CONTEXT() REPRESENTATION_CONTEXT('2D SPACE',''
  ) );
#9323 = ORIENTED_EDGE('',*,*,#2884,.F.);
#9324 = ADVANCED_FACE('',(#9325),#2928,.F.);
#9325 = FACE_BOUND('',#9326,.F.);
#9326 = EDGE_LOOP('',(#9327,#9328,#9329,#9350));
#9327 = ORIENTED_EDGE('',*,*,#9303,.T.);
#9328 = ORIENTED_EDGE('',*,*,#5946,.T.);
#9329 = ORIENTED_EDGE('',*,*,#9330,.F.);
#9330 = EDGE_CURVE('',#2913,#5947,#9331,.T.);
#9331 = SURFACE_CURVE('',#9332,(#9336,#9343),.PCURVE_S1.);
#9332 = LINE('',#9333,#9334);
#9333 = CARTESIAN_POINT('',(-1.157704027486E-15,-7.1,0.));
#9334 = VECTOR('',#9335,1.);
#9335 = DIRECTION('',(0.,0.,1.));
#9336 = PCURVE('',#2928,#9337);
#9337 = DEFINITIONAL_REPRESENTATION('',(#9338),#9342);
#9338 = LINE('',#9339,#9340);
#9339 = CARTESIAN_POINT('',(0.309433846183,0.));
#9340 = VECTOR('',#9341,1.);
#9341 = DIRECTION('',(0.,-1.));
#9342 = ( GEOMETRIC_REPRESENTATION_CONTEXT(2) 
PARAMETRIC_REPRESENTATION_CONTEXT() REPRESENTATION_CONTEXT('2D SPACE',''
  ) );
#9343 = PCURVE('',#2956,#9344);
#9344 = DEFINITIONAL_REPRESENTATION('',(#9345),#9349);
#9345 = LINE('',#9346,#9347);
#9346 = CARTESIAN_POINT('',(0.,0.));
#9347 = VECTOR('',#9348,1.);
#9348 = DIRECTION('',(0.,-1.));
#9349 = ( GEOMETRIC_REPRESENTATION_CONTEXT(2) 
PARAMETRIC_REPRESENTATION_CONTEXT() REPRESENTATION_CONTEXT('2D SPACE',''
  ) );
#9350 = ORIENTED_EDGE('',*,*,#2912,.F.);
#9351 = ADVANCED_FACE('',(#9352),#2956,.F.);
#9352 = FACE_BOUND('',#9353,.F.);
#9353 = EDGE_LOOP('',(#9354,#9355,#9356,#9377));
#9354 = ORIENTED_EDGE('',*,*,#9330,.T.);
#9355 = ORIENTED_EDGE('',*,*,#5969,.T.);
#9356 = ORIENTED_EDGE('',*,*,#9357,.F.);
#9357 = EDGE_CURVE('',#2941,#5970,#9358,.T.);
#9358 = SURFACE_CURVE('',#9359,(#9363,#9370),.PCURVE_S1.);
#9359 = LINE('',#9360,#9361);
#9360 = CARTESIAN_POINT('',(0.309315638137,-7.091447739057,0.));
#9361 = VECTOR('',#9362,1.);
#9362 = DIRECTION('',(0.,0.,1.));
#9363 = PCURVE('',#2956,#9364);
#9364 = DEFINITIONAL_REPRESENTATION('',(#9365),#9369);
#9365 = LINE('',#9366,#9367);
#9366 = CARTESIAN_POINT('',(0.309433846183,0.));
#9367 = VECTOR('',#9368,1.);
#9368 = DIRECTION('',(0.,-1.));
#9369 = ( GEOMETRIC_REPRESENTATION_CONTEXT(2) 
PARAMETRIC_REPRESENTATION_CONTEXT() REPRESENTATION_CONTEXT('2D SPACE',''
  ) );
#9370 = PCURVE('',#2984,#9371);
#9371 = DEFINITIONAL_REPRESENTATION('',(#9372),#9376);
#9372 = LINE('',#9373,#9374);
#9373 = CARTESIAN_POINT('',(0.,0.));
#9374 = VECTOR('',#9375,1.);
#9375 = DIRECTION('',(0.,-1.));
#9376 = ( GEOMETRIC_REPRESENTATION_CONTEXT(2) 
PARAMETRIC_REPRESENTATION_CONTEXT() REPRESENTATION_CONTEXT('2D SPACE',''
  ) );
#9377 = ORIENTED_EDGE('',*,*,#2940,.F.);
#9378 = ADVANCED_FACE('',(#9379),#2984,.F.);
#9379 = FACE_BOUND('',#9380,.F.);
#9380 = EDGE_LOOP('',(#9381,#9382,#9383,#9404));
#9381 = ORIENTED_EDGE('',*,*,#9357,.T.);
#9382 = ORIENTED_EDGE('',*,*,#5992,.T.);
#9383 = ORIENTED_EDGE('',*,*,#9384,.F.);
#9384 = EDGE_CURVE('',#2969,#5993,#9385,.T.);
#9385 = SURFACE_CURVE('',#9386,(#9390,#9397),.PCURVE_S1.);
#9386 = LINE('',#9387,#9388);
#9387 = CARTESIAN_POINT('',(0.61835947288,-7.065811559373,0.));
#9388 = VECTOR('',#9389,1.);
#9389 = DIRECTION('',(0.,0.,1.));
#9390 = PCURVE('',#2984,#9391);
#9391 = DEFINITIONAL_REPRESENTATION('',(#9392),#9396);
#9392 = LINE('',#9393,#9394);
#9393 = CARTESIAN_POINT('',(0.310105313565,0.));
#9394 = VECTOR('',#9395,1.);
#9395 = DIRECTION('',(0.,-1.));
#9396 = ( GEOMETRIC_REPRESENTATION_CONTEXT(2) 
PARAMETRIC_REPRESENTATION_CONTEXT() REPRESENTATION_CONTEXT('2D SPACE',''
  ) );
#9397 = PCURVE('',#3012,#9398);
#9398 = DEFINITIONAL_REPRESENTATION('',(#9399),#9403);
#9399 = LINE('',#9400,#9401);
#9400 = CARTESIAN_POINT('',(0.,0.));
#9401 = VECTOR('',#9402,1.);
#9402 = DIRECTION('',(0.,-1.));
#9403 = ( GEOMETRIC_REPRESENTATION_CONTEXT(2) 
PARAMETRIC_REPRESENTATION_CONTEXT() REPRESENTATION_CONTEXT('2D SPACE',''
  ) );
#9404 = ORIENTED_EDGE('',*,*,#2968,.F.);
#9405 = ADVANCED_FACE('',(#9406),#3012,.F.);
#9406 = FACE_BOUND('',#9407,.F.);
#9407 = EDGE_LOOP('',(#9408,#9409,#9410,#9431));
#9408 = ORIENTED_EDGE('',*,*,#9384,.T.);
#9409 = ORIENTED_EDGE('',*,*,#6015,.T.);
#9410 = ORIENTED_EDGE('',*,*,#9411,.F.);
#9411 = EDGE_CURVE('',#2997,#6016,#9412,.T.);
#9412 = SURFACE_CURVE('',#9413,(#9417,#9424),.PCURVE_S1.);
#9413 = LINE('',#9414,#9415);
#9414 = CARTESIAN_POINT('',(0.926856595028,-7.02315322075,0.));
#9415 = VECTOR('',#9416,1.);
#9416 = DIRECTION('',(0.,0.,1.));
#9417 = PCURVE('',#3012,#9418);
#9418 = DEFINITIONAL_REPRESENTATION('',(#9419),#9423);
#9419 = LINE('',#9420,#9421);
#9420 = CARTESIAN_POINT('',(0.311432509908,0.));
#9421 = VECTOR('',#9422,1.);
#9422 = DIRECTION('',(0.,-1.));
#9423 = ( GEOMETRIC_REPRESENTATION_CONTEXT(2) 
PARAMETRIC_REPRESENTATION_CONTEXT() REPRESENTATION_CONTEXT('2D SPACE',''
  ) );
#9424 = PCURVE('',#3040,#9425);
#9425 = DEFINITIONAL_REPRESENTATION('',(#9426),#9430);
#9426 = LINE('',#9427,#9428);
#9427 = CARTESIAN_POINT('',(0.,0.));
#9428 = VECTOR('',#9429,1.);
#9429 = DIRECTION('',(0.,-1.));
#9430 = ( GEOMETRIC_REPRESENTATION_CONTEXT(2) 
PARAMETRIC_REPRESENTATION_CONTEXT() REPRESENTATION_CONTEXT('2D SPACE',''
  ) );
#9431 = ORIENTED_EDGE('',*,*,#2996,.F.);
#9432 = ADVANCED_FACE('',(#9433),#3040,.F.);
#9433 = FACE_BOUND('',#9434,.F.);
#9434 = EDGE_LOOP('',(#9435,#9436,#9437,#9458));
#9435 = ORIENTED_EDGE('',*,*,#9411,.T.);
#9436 = ORIENTED_EDGE('',*,*,#6038,.T.);
#9437 = ORIENTED_EDGE('',*,*,#9438,.F.);
#9438 = EDGE_CURVE('',#3025,#6039,#9439,.T.);
#9439 = SURFACE_CURVE('',#9440,(#9444,#9451),.PCURVE_S1.);
#9440 = LINE('',#9441,#9442);
#9441 = CARTESIAN_POINT('',(1.23452582866,-6.963575490863,0.));
#9442 = VECTOR('',#9443,1.);
#9443 = DIRECTION('',(0.,0.,1.));
#9444 = PCURVE('',#3040,#9445);
#9445 = DEFINITIONAL_REPRESENTATION('',(#9446),#9450);
#9446 = LINE('',#9447,#9448);
#9447 = CARTESIAN_POINT('',(0.313384529328,0.));
#9448 = VECTOR('',#9449,1.);
#9449 = DIRECTION('',(0.,-1.));
#9450 = ( GEOMETRIC_REPRESENTATION_CONTEXT(2) 
PARAMETRIC_REPRESENTATION_CONTEXT() REPRESENTATION_CONTEXT('2D SPACE',''
  ) );
#9451 = PCURVE('',#3068,#9452);
#9452 = DEFINITIONAL_REPRESENTATION('',(#9453),#9457);
#9453 = LINE('',#9454,#9455);
#9454 = CARTESIAN_POINT('',(0.,0.));
#9455 = VECTOR('',#9456,1.);
#9456 = DIRECTION('',(0.,-1.));
#9457 = ( GEOMETRIC_REPRESENTATION_CONTEXT(2) 
PARAMETRIC_REPRESENTATION_CONTEXT() REPRESENTATION_CONTEXT('2D SPACE',''
  ) );
#9458 = ORIENTED_EDGE('',*,*,#3024,.F.);
#9459 = ADVANCED_FACE('',(#9460),#3068,.F.);
#9460 = FACE_BOUND('',#9461,.F.);
#9461 = EDGE_LOOP('',(#9462,#9463,#9464,#9485));
#9462 = ORIENTED_EDGE('',*,*,#9438,.T.);
#9463 = ORIENTED_EDGE('',*,*,#6061,.T.);
#9464 = ORIENTED_EDGE('',*,*,#9465,.F.);
#9465 = EDGE_CURVE('',#3053,#6062,#9466,.T.);
#9466 = SURFACE_CURVE('',#9467,(#9471,#9478),.PCURVE_S1.);
#9467 = LINE('',#9468,#9469);
#9468 = CARTESIAN_POINT('',(1.541076459388,-6.887221897681,0.));
#9469 = VECTOR('',#9470,1.);
#9470 = DIRECTION('',(0.,0.,1.));
#9471 = PCURVE('',#3068,#9472);
#9472 = DEFINITIONAL_REPRESENTATION('',(#9473),#9477);
#9473 = LINE('',#9474,#9475);
#9474 = CARTESIAN_POINT('',(0.315916381962,0.));
#9475 = VECTOR('',#9476,1.);
#9476 = DIRECTION('',(0.,-1.));
#9477 = ( GEOMETRIC_REPRESENTATION_CONTEXT(2) 
PARAMETRIC_REPRESENTATION_CONTEXT() REPRESENTATION_CONTEXT('2D SPACE',''
  ) );
#9478 = PCURVE('',#3096,#9479);
#9479 = DEFINITIONAL_REPRESENTATION('',(#9480),#9484);
#9480 = LINE('',#9481,#9482);
#9481 = CARTESIAN_POINT('',(0.,0.));
#9482 = VECTOR('',#9483,1.);
#9483 = DIRECTION('',(0.,-1.));
#9484 = ( GEOMETRIC_REPRESENTATION_CONTEXT(2) 
PARAMETRIC_REPRESENTATION_CONTEXT() REPRESENTATION_CONTEXT('2D SPACE',''
  ) );
#9485 = ORIENTED_EDGE('',*,*,#3052,.F.);
#9486 = ADVANCED_FACE('',(#9487),#3096,.F.);
#9487 = FACE_BOUND('',#9488,.F.);
#9488 = EDGE_LOOP('',(#9489,#9490,#9491,#9512));
#9489 = ORIENTED_EDGE('',*,*,#9465,.T.);
#9490 = ORIENTED_EDGE('',*,*,#6084,.T.);
#9491 = ORIENTED_EDGE('',*,*,#9492,.F.);
#9492 = EDGE_CURVE('',#3081,#6085,#9493,.T.);
#9493 = SURFACE_CURVE('',#9494,(#9498,#9505),.PCURVE_S1.);
#9494 = LINE('',#9495,#9496);
#9495 = CARTESIAN_POINT('',(1.846204794928,-6.794276383699,0.));
#9496 = VECTOR('',#9497,1.);
#9497 = DIRECTION('',(0.,0.,1.));
#9498 = PCURVE('',#3096,#9499);
#9499 = DEFINITIONAL_REPRESENTATION('',(#9500),#9504);
#9500 = LINE('',#9501,#9502);
#9501 = CARTESIAN_POINT('',(0.318970484087,0.));
#9502 = VECTOR('',#9503,1.);
#9503 = DIRECTION('',(0.,-1.));
#9504 = ( GEOMETRIC_REPRESENTATION_CONTEXT(2) 
PARAMETRIC_REPRESENTATION_CONTEXT() REPRESENTATION_CONTEXT('2D SPACE',''
  ) );
#9505 = PCURVE('',#3124,#9506);
#9506 = DEFINITIONAL_REPRESENTATION('',(#9507),#9511);
#9507 = LINE('',#9508,#9509);
#9508 = CARTESIAN_POINT('',(0.,0.));
#9509 = VECTOR('',#9510,1.);
#9510 = DIRECTION('',(0.,-1.));
#9511 = ( GEOMETRIC_REPRESENTATION_CONTEXT(2) 
PARAMETRIC_REPRESENTATION_CONTEXT() REPRESENTATION_CONTEXT('2D SPACE',''
  ) );
#9512 = ORIENTED_EDGE('',*,*,#3080,.F.);
#9513 = ADVANCED_FACE('',(#9514),#3124,.F.);
#9514 = FACE_BOUND('',#9515,.F.);
#9515 = EDGE_LOOP('',(#9516,#9517,#9518,#9539));
#9516 = ORIENTED_EDGE('',*,*,#9492,.T.);
#9517 = ORIENTED_EDGE('',*,*,#6107,.T.);
#9518 = ORIENTED_EDGE('',*,*,#9519,.F.);
#9519 = EDGE_CURVE('',#3109,#6108,#9520,.T.);
#9520 = SURFACE_CURVE('',#9521,(#9525,#9532),.PCURVE_S1.);
#9521 = LINE('',#9522,#9523);
#9522 = CARTESIAN_POINT('',(2.149590499671,-6.684962862799,0.));
#9523 = VECTOR('',#9524,1.);
#9524 = DIRECTION('',(0.,0.,1.));
#9525 = PCURVE('',#3124,#9526);
#9526 = DEFINITIONAL_REPRESENTATION('',(#9527),#9531);
#9527 = LINE('',#9528,#9529);
#9528 = CARTESIAN_POINT('',(0.322478420509,0.));
#9529 = VECTOR('',#9530,1.);
#9530 = DIRECTION('',(0.,-1.));
#9531 = ( GEOMETRIC_REPRESENTATION_CONTEXT(2) 
PARAMETRIC_REPRESENTATION_CONTEXT() REPRESENTATION_CONTEXT('2D SPACE',''
  ) );
#9532 = PCURVE('',#3152,#9533);
#9533 = DEFINITIONAL_REPRESENTATION('',(#9534),#9538);
#9534 = LINE('',#9535,#9536);
#9535 = CARTESIAN_POINT('',(0.,0.));
#9536 = VECTOR('',#9537,1.);
#9537 = DIRECTION('',(0.,-1.));
#9538 = ( GEOMETRIC_REPRESENTATION_CONTEXT(2) 
PARAMETRIC_REPRESENTATION_CONTEXT() REPRESENTATION_CONTEXT('2D SPACE',''
  ) );
#9539 = ORIENTED_EDGE('',*,*,#3108,.F.);
#9540 = ADVANCED_FACE('',(#9541),#3152,.F.);
#9541 = FACE_BOUND('',#9542,.F.);
#9542 = EDGE_LOOP('',(#9543,#9544,#9545,#9566));
#9543 = ORIENTED_EDGE('',*,*,#9519,.T.);
#9544 = ORIENTED_EDGE('',*,*,#6130,.T.);
#9545 = ORIENTED_EDGE('',*,*,#9546,.F.);
#9546 = EDGE_CURVE('',#3137,#6131,#9547,.T.);
#9547 = SURFACE_CURVE('',#9548,(#9552,#9559),.PCURVE_S1.);
#9548 = LINE('',#9549,#9550);
#9549 = CARTESIAN_POINT('',(2.450892643504,-6.55954468083,0.));
#9550 = VECTOR('',#9551,1.);
#9551 = DIRECTION('',(0.,0.,1.));
#9552 = PCURVE('',#3152,#9553);
#9553 = DEFINITIONAL_REPRESENTATION('',(#9554),#9558);
#9554 = LINE('',#9555,#9556);
#9555 = CARTESIAN_POINT('',(0.326362838337,0.));
#9556 = VECTOR('',#9557,1.);
#9557 = DIRECTION('',(0.,-1.));
#9558 = ( GEOMETRIC_REPRESENTATION_CONTEXT(2) 
PARAMETRIC_REPRESENTATION_CONTEXT() REPRESENTATION_CONTEXT('2D SPACE',''
  ) );
#9559 = PCURVE('',#3180,#9560);
#9560 = DEFINITIONAL_REPRESENTATION('',(#9561),#9565);
#9561 = LINE('',#9562,#9563);
#9562 = CARTESIAN_POINT('',(0.,0.));
#9563 = VECTOR('',#9564,1.);
#9564 = DIRECTION('',(0.,-1.));
#9565 = ( GEOMETRIC_REPRESENTATION_CONTEXT(2) 
PARAMETRIC_REPRESENTATION_CONTEXT() REPRESENTATION_CONTEXT('2D SPACE',''
  ) );
#9566 = ORIENTED_EDGE('',*,*,#3136,.F.);
#9567 = ADVANCED_FACE('',(#9568),#3180,.F.);
#9568 = FACE_BOUND('',#9569,.F.);
#9569 = EDGE_LOOP('',(#9570,#9571,#9572,#9593));
#9570 = ORIENTED_EDGE('',*,*,#9546,.T.);
#9571 = ORIENTED_EDGE('',*,*,#6153,.T.);
#9572 = ORIENTED_EDGE('',*,*,#9573,.F.);
#9573 = EDGE_CURVE('',#3165,#6154,#9574,.T.);
#9574 = SURFACE_CURVE('',#9575,(#9579,#9586),.PCURVE_S1.);
#9575 = LINE('',#9576,#9577);
#9576 = CARTESIAN_POINT('',(2.749745404215,-6.418323981176,0.));
#9577 = VECTOR('',#9578,1.);
#9578 = DIRECTION('',(0.,0.,1.));
#9579 = PCURVE('',#3180,#9580);
#9580 = DEFINITIONAL_REPRESENTATION('',(#9581),#9585);
#9581 = LINE('',#9582,#9583);
#9582 = CARTESIAN_POINT('',(0.330539345003,0.));
#9583 = VECTOR('',#9584,1.);
#9584 = DIRECTION('',(0.,-1.));
#9585 = ( GEOMETRIC_REPRESENTATION_CONTEXT(2) 
PARAMETRIC_REPRESENTATION_CONTEXT() REPRESENTATION_CONTEXT('2D SPACE',''
  ) );
#9586 = PCURVE('',#3208,#9587);
#9587 = DEFINITIONAL_REPRESENTATION('',(#9588),#9592);
#9588 = LINE('',#9589,#9590);
#9589 = CARTESIAN_POINT('',(0.,0.));
#9590 = VECTOR('',#9591,1.);
#9591 = DIRECTION('',(0.,-1.));
#9592 = ( GEOMETRIC_REPRESENTATION_CONTEXT(2) 
PARAMETRIC_REPRESENTATION_CONTEXT() REPRESENTATION_CONTEXT('2D SPACE',''
  ) );
#9593 = ORIENTED_EDGE('',*,*,#3164,.F.);
#9594 = ADVANCED_FACE('',(#9595),#3208,.F.);
#9595 = FACE_BOUND('',#9596,.F.);
#9596 = EDGE_LOOP('',(#9597,#9598,#9599,#9620));
#9597 = ORIENTED_EDGE('',*,*,#9573,.T.);
#9598 = ORIENTED_EDGE('',*,*,#6176,.T.);
#9599 = ORIENTED_EDGE('',*,*,#9600,.F.);
#9600 = EDGE_CURVE('',#3193,#6177,#9601,.T.);
#9601 = SURFACE_CURVE('',#9602,(#9606,#9613),.PCURVE_S1.);
#9602 = LINE('',#9603,#9604);
#9603 = CARTESIAN_POINT('',(3.045753363274,-6.261640976873,0.));
#9604 = VECTOR('',#9605,1.);
#9605 = DIRECTION('',(0.,0.,1.));
#9606 = PCURVE('',#3208,#9607);
#9607 = DEFINITIONAL_REPRESENTATION('',(#9608),#9612);
#9608 = LINE('',#9609,#9610);
#9609 = CARTESIAN_POINT('',(0.334918311927,0.));
#9610 = VECTOR('',#9611,1.);
#9611 = DIRECTION('',(0.,-1.));
#9612 = ( GEOMETRIC_REPRESENTATION_CONTEXT(2) 
PARAMETRIC_REPRESENTATION_CONTEXT() REPRESENTATION_CONTEXT('2D SPACE',''
  ) );
#9613 = PCURVE('',#3236,#9614);
#9614 = DEFINITIONAL_REPRESENTATION('',(#9615),#9619);
#9615 = LINE('',#9616,#9617);
#9616 = CARTESIAN_POINT('',(0.,0.));
#9617 = VECTOR('',#9618,1.);
#9618 = DIRECTION('',(0.,-1.));
#9619 = ( GEOMETRIC_REPRESENTATION_CONTEXT(2) 
PARAMETRIC_REPRESENTATION_CONTEXT() REPRESENTATION_CONTEXT('2D SPACE',''
  ) );
#9620 = ORIENTED_EDGE('',*,*,#3192,.F.);
#9621 = ADVANCED_FACE('',(#9622),#3236,.F.);
#9622 = FACE_BOUND('',#9623,.F.);
#9623 = EDGE_LOOP('',(#9624,#9625,#9626,#9647));
#9624 = ORIENTED_EDGE('',*,*,#9600,.T.);
#9625 = ORIENTED_EDGE('',*,*,#6199,.T.);
#9626 = ORIENTED_EDGE('',*,*,#9627,.F.);
#9627 = EDGE_CURVE('',#3221,#6200,#9628,.T.);
#9628 = SURFACE_CURVE('',#9629,(#9633,#9640),.PCURVE_S1.);
#9629 = LINE('',#9630,#9631);
#9630 = CARTESIAN_POINT('',(3.338486337801,-6.089873131002,0.));
#9631 = VECTOR('',#9632,1.);
#9632 = DIRECTION('',(0.,0.,1.));
#9633 = PCURVE('',#3236,#9634);
#9634 = DEFINITIONAL_REPRESENTATION('',(#9635),#9639);
#9635 = LINE('',#9636,#9637);
#9636 = CARTESIAN_POINT('',(0.33940652211,0.));
#9637 = VECTOR('',#9638,1.);
#9638 = DIRECTION('',(0.,-1.));
#9639 = ( GEOMETRIC_REPRESENTATION_CONTEXT(2) 
PARAMETRIC_REPRESENTATION_CONTEXT() REPRESENTATION_CONTEXT('2D SPACE',''
  ) );
#9640 = PCURVE('',#3264,#9641);
#9641 = DEFINITIONAL_REPRESENTATION('',(#9642),#9646);
#9642 = LINE('',#9643,#9644);
#9643 = CARTESIAN_POINT('',(0.,0.));
#9644 = VECTOR('',#9645,1.);
#9645 = DIRECTION('',(0.,-1.));
#9646 = ( GEOMETRIC_REPRESENTATION_CONTEXT(2) 
PARAMETRIC_REPRESENTATION_CONTEXT() REPRESENTATION_CONTEXT('2D SPACE',''
  ) );
#9647 = ORIENTED_EDGE('',*,*,#3220,.F.);
#9648 = ADVANCED_FACE('',(#9649),#3264,.F.);
#9649 = FACE_BOUND('',#9650,.F.);
#9650 = EDGE_LOOP('',(#9651,#9652,#9653,#9674));
#9651 = ORIENTED_EDGE('',*,*,#9627,.T.);
#9652 = ORIENTED_EDGE('',*,*,#6222,.T.);
#9653 = ORIENTED_EDGE('',*,*,#9654,.F.);
#9654 = EDGE_CURVE('',#3249,#6223,#9655,.T.);
#9655 = SURFACE_CURVE('',#9656,(#9660,#9667),.PCURVE_S1.);
#9656 = LINE('',#9657,#9658);
#9657 = CARTESIAN_POINT('',(3.627473698823,-5.903434247348,0.));
#9658 = VECTOR('',#9659,1.);
#9659 = DIRECTION('',(0.,0.,1.));
#9660 = PCURVE('',#3264,#9661);
#9661 = DEFINITIONAL_REPRESENTATION('',(#9662),#9666);
#9662 = LINE('',#9663,#9664);
#9663 = CARTESIAN_POINT('',(0.343908639275,0.));
#9664 = VECTOR('',#9665,1.);
#9665 = DIRECTION('',(0.,-1.));
#9666 = ( GEOMETRIC_REPRESENTATION_CONTEXT(2) 
PARAMETRIC_REPRESENTATION_CONTEXT() REPRESENTATION_CONTEXT('2D SPACE',''
  ) );
#9667 = PCURVE('',#3292,#9668);
#9668 = DEFINITIONAL_REPRESENTATION('',(#9669),#9673);
#9669 = LINE('',#9670,#9671);
#9670 = CARTESIAN_POINT('',(0.,0.));
#9671 = VECTOR('',#9672,1.);
#9672 = DIRECTION('',(0.,-1.));
#9673 = ( GEOMETRIC_REPRESENTATION_CONTEXT(2) 
PARAMETRIC_REPRESENTATION_CONTEXT() REPRESENTATION_CONTEXT('2D SPACE',''
  ) );
#9674 = ORIENTED_EDGE('',*,*,#3248,.F.);
#9675 = ADVANCED_FACE('',(#9676),#3292,.F.);
#9676 = FACE_BOUND('',#9677,.F.);
#9677 = EDGE_LOOP('',(#9678,#9679,#9680,#9701));
#9678 = ORIENTED_EDGE('',*,*,#9654,.T.);
#9679 = ORIENTED_EDGE('',*,*,#6245,.T.);
#9680 = ORIENTED_EDGE('',*,*,#9681,.F.);
#9681 = EDGE_CURVE('',#3277,#6246,#9682,.T.);
#9682 = SURFACE_CURVE('',#9683,(#9687,#9694),.PCURVE_S1.);
#9683 = LINE('',#9684,#9685);
#9684 = CARTESIAN_POINT('',(3.912198140034,-5.702773473513,0.));
#9685 = VECTOR('',#9686,1.);
#9686 = DIRECTION('',(0.,0.,1.));
#9687 = PCURVE('',#3292,#9688);
#9688 = DEFINITIONAL_REPRESENTATION('',(#9689),#9693);
#9689 = LINE('',#9690,#9691);
#9690 = CARTESIAN_POINT('',(0.348328513876,0.));
#9691 = VECTOR('',#9692,1.);
#9692 = DIRECTION('',(0.,-1.));
#9693 = ( GEOMETRIC_REPRESENTATION_CONTEXT(2) 
PARAMETRIC_REPRESENTATION_CONTEXT() REPRESENTATION_CONTEXT('2D SPACE',''
  ) );
#9694 = PCURVE('',#3320,#9695);
#9695 = DEFINITIONAL_REPRESENTATION('',(#9696),#9700);
#9696 = LINE('',#9697,#9698);
#9697 = CARTESIAN_POINT('',(0.,0.));
#9698 = VECTOR('',#9699,1.);
#9699 = DIRECTION('',(0.,-1.));
#9700 = ( GEOMETRIC_REPRESENTATION_CONTEXT(2) 
PARAMETRIC_REPRESENTATION_CONTEXT() REPRESENTATION_CONTEXT('2D SPACE',''
  ) );
#9701 = ORIENTED_EDGE('',*,*,#3276,.F.);
#9702 = ADVANCED_FACE('',(#9703),#3320,.F.);
#9703 = FACE_BOUND('',#9704,.F.);
#9704 = EDGE_LOOP('',(#9705,#9706,#9707,#9728));
#9705 = ORIENTED_EDGE('',*,*,#9681,.T.);
#9706 = ORIENTED_EDGE('',*,*,#6268,.T.);
#9707 = ORIENTED_EDGE('',*,*,#9708,.F.);
#9708 = EDGE_CURVE('',#3305,#6269,#9709,.T.);
#9709 = SURFACE_CURVE('',#9710,(#9714,#9721),.PCURVE_S1.);
#9710 = LINE('',#9711,#9712);
#9711 = CARTESIAN_POINT('',(4.192088885614,-5.488374218875,0.));
#9712 = VECTOR('',#9713,1.);
#9713 = DIRECTION('',(0.,0.,1.));
#9714 = PCURVE('',#3320,#9715);
#9715 = DEFINITIONAL_REPRESENTATION('',(#9716),#9720);
#9716 = LINE('',#9717,#9718);
#9717 = CARTESIAN_POINT('',(0.352570375742,0.));
#9718 = VECTOR('',#9719,1.);
#9719 = DIRECTION('',(0.,-1.));
#9720 = ( GEOMETRIC_REPRESENTATION_CONTEXT(2) 
PARAMETRIC_REPRESENTATION_CONTEXT() REPRESENTATION_CONTEXT('2D SPACE',''
  ) );
#9721 = PCURVE('',#3348,#9722);
#9722 = DEFINITIONAL_REPRESENTATION('',(#9723),#9727);
#9723 = LINE('',#9724,#9725);
#9724 = CARTESIAN_POINT('',(0.,0.));
#9725 = VECTOR('',#9726,1.);
#9726 = DIRECTION('',(0.,-1.));
#9727 = ( GEOMETRIC_REPRESENTATION_CONTEXT(2) 
PARAMETRIC_REPRESENTATION_CONTEXT() REPRESENTATION_CONTEXT('2D SPACE',''
  ) );
#9728 = ORIENTED_EDGE('',*,*,#3304,.F.);
#9729 = ADVANCED_FACE('',(#9730),#3348,.F.);
#9730 = FACE_BOUND('',#9731,.F.);
#9731 = EDGE_LOOP('',(#9732,#9733,#9734,#9755));
#9732 = ORIENTED_EDGE('',*,*,#9708,.T.);
#9733 = ORIENTED_EDGE('',*,*,#6291,.T.);
#9734 = ORIENTED_EDGE('',*,*,#9735,.F.);
#9735 = EDGE_CURVE('',#3333,#6292,#9736,.T.);
#9736 = SURFACE_CURVE('',#9737,(#9741,#9748),.PCURVE_S1.);
#9737 = LINE('',#9738,#9739);
#9738 = CARTESIAN_POINT('',(4.466514364942,-5.26075299002,0.));
#9739 = VECTOR('',#9740,1.);
#9740 = DIRECTION('',(0.,0.,1.));
#9741 = PCURVE('',#3348,#9742);
#9742 = DEFINITIONAL_REPRESENTATION('',(#9743),#9747);
#9743 = LINE('',#9744,#9745);
#9744 = CARTESIAN_POINT('',(0.356539994292,0.));
#9745 = VECTOR('',#9746,1.);
#9746 = DIRECTION('',(0.,-1.));
#9747 = ( GEOMETRIC_REPRESENTATION_CONTEXT(2) 
PARAMETRIC_REPRESENTATION_CONTEXT() REPRESENTATION_CONTEXT('2D SPACE',''
  ) );
#9748 = PCURVE('',#3376,#9749);
#9749 = DEFINITIONAL_REPRESENTATION('',(#9750),#9754);
#9750 = LINE('',#9751,#9752);
#9751 = CARTESIAN_POINT('',(0.,0.));
#9752 = VECTOR('',#9753,1.);
#9753 = DIRECTION('',(0.,-1.));
#9754 = ( GEOMETRIC_REPRESENTATION_CONTEXT(2) 
PARAMETRIC_REPRESENTATION_CONTEXT() REPRESENTATION_CONTEXT('2D SPACE',''
  ) );
#9755 = ORIENTED_EDGE('',*,*,#3332,.F.);
#9756 = ADVANCED_FACE('',(#9757),#3376,.F.);
#9757 = FACE_BOUND('',#9758,.F.);
#9758 = EDGE_LOOP('',(#9759,#9760,#9761,#9782));
#9759 = ORIENTED_EDGE('',*,*,#9735,.T.);
#9760 = ORIENTED_EDGE('',*,*,#6314,.T.);
#9761 = ORIENTED_EDGE('',*,*,#9762,.F.);
#9762 = EDGE_CURVE('',#3361,#6315,#9763,.T.);
#9763 = SURFACE_CURVE('',#9764,(#9768,#9775),.PCURVE_S1.);
#9764 = LINE('',#9765,#9766);
#9765 = CARTESIAN_POINT('',(4.734774442381,-5.020458146424,0.));
#9766 = VECTOR('',#9767,1.);
#9767 = DIRECTION('',(0.,0.,1.));
#9768 = PCURVE('',#3376,#9769);
#9769 = DEFINITIONAL_REPRESENTATION('',(#9770),#9774);
#9770 = LINE('',#9771,#9772);
#9771 = CARTESIAN_POINT('',(0.36014591627,0.));
#9772 = VECTOR('',#9773,1.);
#9773 = DIRECTION('',(0.,-1.));
#9774 = ( GEOMETRIC_REPRESENTATION_CONTEXT(2) 
PARAMETRIC_REPRESENTATION_CONTEXT() REPRESENTATION_CONTEXT('2D SPACE',''
  ) );
#9775 = PCURVE('',#3404,#9776);
#9776 = DEFINITIONAL_REPRESENTATION('',(#9777),#9781);
#9777 = LINE('',#9778,#9779);
#9778 = CARTESIAN_POINT('',(0.,0.));
#9779 = VECTOR('',#9780,1.);
#9780 = DIRECTION('',(0.,-1.));
#9781 = ( GEOMETRIC_REPRESENTATION_CONTEXT(2) 
PARAMETRIC_REPRESENTATION_CONTEXT() REPRESENTATION_CONTEXT('2D SPACE',''
  ) );
#9782 = ORIENTED_EDGE('',*,*,#3360,.F.);
#9783 = ADVANCED_FACE('',(#9784),#3404,.F.);
#9784 = FACE_BOUND('',#9785,.F.);
#9785 = EDGE_LOOP('',(#9786,#9787,#9788,#9809));
#9786 = ORIENTED_EDGE('',*,*,#9762,.T.);
#9787 = ORIENTED_EDGE('',*,*,#6337,.T.);
#9788 = ORIENTED_EDGE('',*,*,#9789,.F.);
#9789 = EDGE_CURVE('',#3389,#6338,#9790,.T.);
#9790 = SURFACE_CURVE('',#9791,(#9795,#9802),.PCURVE_S1.);
#9791 = LINE('',#9792,#9793);
#9792 = CARTESIAN_POINT('',(4.996092379413,-4.768068579414,0.));
#9793 = VECTOR('',#9794,1.);
#9794 = DIRECTION('',(0.,0.,1.));
#9795 = PCURVE('',#3404,#9796);
#9796 = DEFINITIONAL_REPRESENTATION('',(#9797),#9801);
#9797 = LINE('',#9798,#9799);
#9798 = CARTESIAN_POINT('',(0.363300919005,0.));
#9799 = VECTOR('',#9800,1.);
#9800 = DIRECTION('',(0.,-1.));
#9801 = ( GEOMETRIC_REPRESENTATION_CONTEXT(2) 
PARAMETRIC_REPRESENTATION_CONTEXT() REPRESENTATION_CONTEXT('2D SPACE',''
  ) );
#9802 = PCURVE('',#3432,#9803);
#9803 = DEFINITIONAL_REPRESENTATION('',(#9804),#9808);
#9804 = LINE('',#9805,#9806);
#9805 = CARTESIAN_POINT('',(0.,0.));
#9806 = VECTOR('',#9807,1.);
#9807 = DIRECTION('',(0.,-1.));
#9808 = ( GEOMETRIC_REPRESENTATION_CONTEXT(2) 
PARAMETRIC_REPRESENTATION_CONTEXT() REPRESENTATION_CONTEXT('2D SPACE',''
  ) );
#9809 = ORIENTED_EDGE('',*,*,#3388,.F.);
#9810 = ADVANCED_FACE('',(#9811),#3432,.F.);
#9811 = FACE_BOUND('',#9812,.F.);
#9812 = EDGE_LOOP('',(#9813,#9814,#9815,#9836));
#9813 = ORIENTED_EDGE('',*,*,#9789,.T.);
#9814 = ORIENTED_EDGE('',*,*,#6360,.T.);
#9815 = ORIENTED_EDGE('',*,*,#9816,.F.);
#9816 = EDGE_CURVE('',#3417,#6361,#9817,.T.);
#9817 = SURFACE_CURVE('',#9818,(#9822,#9829),.PCURVE_S1.);
#9818 = LINE('',#9819,#9820);
#9819 = CARTESIAN_POINT('',(5.249606833062,-4.504192317562,0.));
#9820 = VECTOR('',#9821,1.);
#9821 = DIRECTION('',(0.,0.,1.));
#9822 = PCURVE('',#3432,#9823);
#9823 = DEFINITIONAL_REPRESENTATION('',(#9824),#9828);
#9824 = LINE('',#9825,#9826);
#9825 = CARTESIAN_POINT('',(0.365923844233,0.));
#9826 = VECTOR('',#9827,1.);
#9827 = DIRECTION('',(0.,-1.));
#9828 = ( GEOMETRIC_REPRESENTATION_CONTEXT(2) 
PARAMETRIC_REPRESENTATION_CONTEXT() REPRESENTATION_CONTEXT('2D SPACE',''
  ) );
#9829 = PCURVE('',#3460,#9830);
#9830 = DEFINITIONAL_REPRESENTATION('',(#9831),#9835);
#9831 = LINE('',#9832,#9833);
#9832 = CARTESIAN_POINT('',(0.,0.));
#9833 = VECTOR('',#9834,1.);
#9834 = DIRECTION('',(0.,-1.));
#9835 = ( GEOMETRIC_REPRESENTATION_CONTEXT(2) 
PARAMETRIC_REPRESENTATION_CONTEXT() REPRESENTATION_CONTEXT('2D SPACE',''
  ) );
#9836 = ORIENTED_EDGE('',*,*,#3416,.F.);
#9837 = ADVANCED_FACE('',(#9838),#3460,.F.);
#9838 = FACE_BOUND('',#9839,.F.);
#9839 = EDGE_LOOP('',(#9840,#9841,#9842,#9863));
#9840 = ORIENTED_EDGE('',*,*,#9816,.T.);
#9841 = ORIENTED_EDGE('',*,*,#6383,.T.);
#9842 = ORIENTED_EDGE('',*,*,#9843,.F.);
#9843 = EDGE_CURVE('',#3445,#6384,#9844,.T.);
#9844 = SURFACE_CURVE('',#9845,(#9849,#9856),.PCURVE_S1.);
#9845 = LINE('',#9846,#9847);
#9846 = CARTESIAN_POINT('',(5.494364368009,-4.229465061896,0.));
#9847 = VECTOR('',#9848,1.);
#9848 = DIRECTION('',(0.,0.,1.));
#9849 = PCURVE('',#3460,#9850);
#9850 = DEFINITIONAL_REPRESENTATION('',(#9851),#9855);
#9851 = LINE('',#9852,#9853);
#9852 = CARTESIAN_POINT('',(0.367942000754,0.));
#9853 = VECTOR('',#9854,1.);
#9854 = DIRECTION('',(0.,-1.));
#9855 = ( GEOMETRIC_REPRESENTATION_CONTEXT(2) 
PARAMETRIC_REPRESENTATION_CONTEXT() REPRESENTATION_CONTEXT('2D SPACE',''
  ) );
#9856 = PCURVE('',#3488,#9857);
#9857 = DEFINITIONAL_REPRESENTATION('',(#9858),#9862);
#9858 = LINE('',#9859,#9860);
#9859 = CARTESIAN_POINT('',(0.,0.));
#9860 = VECTOR('',#9861,1.);
#9861 = DIRECTION('',(0.,-1.));
#9862 = ( GEOMETRIC_REPRESENTATION_CONTEXT(2) 
PARAMETRIC_REPRESENTATION_CONTEXT() REPRESENTATION_CONTEXT('2D SPACE',''
  ) );
#9863 = ORIENTED_EDGE('',*,*,#3444,.F.);
#9864 = ADVANCED_FACE('',(#9865),#3488,.F.);
#9865 = FACE_BOUND('',#9866,.F.);
#9866 = EDGE_LOOP('',(#9867,#9868,#9869,#9890));
#9867 = ORIENTED_EDGE('',*,*,#9843,.T.);
#9868 = ORIENTED_EDGE('',*,*,#6406,.T.);
#9869 = ORIENTED_EDGE('',*,*,#9870,.F.);
#9870 = EDGE_CURVE('',#3473,#6407,#9871,.T.);
#9871 = SURFACE_CURVE('',#9872,(#9876,#9883),.PCURVE_S1.);
#9872 = LINE('',#9873,#9874);
#9873 = CARTESIAN_POINT('',(5.729313187106,-3.944548654439,0.));
#9874 = VECTOR('',#9875,1.);
#9875 = DIRECTION('',(0.,0.,1.));
#9876 = PCURVE('',#3488,#9877);
#9877 = DEFINITIONAL_REPRESENTATION('',(#9878),#9882);
#9878 = LINE('',#9879,#9880);
#9879 = CARTESIAN_POINT('',(0.369294336314,0.));
#9880 = VECTOR('',#9881,1.);
#9881 = DIRECTION('',(0.,-1.));
#9882 = ( GEOMETRIC_REPRESENTATION_CONTEXT(2) 
PARAMETRIC_REPRESENTATION_CONTEXT() REPRESENTATION_CONTEXT('2D SPACE',''
  ) );
#9883 = PCURVE('',#3516,#9884);
#9884 = DEFINITIONAL_REPRESENTATION('',(#9885),#9889);
#9885 = LINE('',#9886,#9887);
#9886 = CARTESIAN_POINT('',(0.,0.));
#9887 = VECTOR('',#9888,1.);
#9888 = DIRECTION('',(0.,-1.));
#9889 = ( GEOMETRIC_REPRESENTATION_CONTEXT(2) 
PARAMETRIC_REPRESENTATION_CONTEXT() REPRESENTATION_CONTEXT('2D SPACE',''
  ) );
#9890 = ORIENTED_EDGE('',*,*,#3472,.F.);
#9891 = ADVANCED_FACE('',(#9892),#3516,.F.);
#9892 = FACE_BOUND('',#9893,.F.);
#9893 = EDGE_LOOP('',(#9894,#9895,#9896,#9917));
#9894 = ORIENTED_EDGE('',*,*,#9870,.T.);
#9895 = ORIENTED_EDGE('',*,*,#6429,.T.);
#9896 = ORIENTED_EDGE('',*,*,#9897,.F.);
#9897 = EDGE_CURVE('',#3501,#6430,#9898,.T.);
#9898 = SURFACE_CURVE('',#9899,(#9903,#9910),.PCURVE_S1.);
#9899 = LINE('',#9900,#9901);
#9900 = CARTESIAN_POINT('',(5.953299067323,-3.650129483772,0.));
#9901 = VECTOR('',#9902,1.);
#9902 = DIRECTION('',(0.,0.,1.));
#9903 = PCURVE('',#3516,#9904);
#9904 = DEFINITIONAL_REPRESENTATION('',(#9905),#9909);
#9905 = LINE('',#9906,#9907);
#9906 = CARTESIAN_POINT('',(0.369935565461,0.));
#9907 = VECTOR('',#9908,1.);
#9908 = DIRECTION('',(0.,-1.));
#9909 = ( GEOMETRIC_REPRESENTATION_CONTEXT(2) 
PARAMETRIC_REPRESENTATION_CONTEXT() REPRESENTATION_CONTEXT('2D SPACE',''
  ) );
#9910 = PCURVE('',#3544,#9911);
#9911 = DEFINITIONAL_REPRESENTATION('',(#9912),#9916);
#9912 = LINE('',#9913,#9914);
#9913 = CARTESIAN_POINT('',(0.,0.));
#9914 = VECTOR('',#9915,1.);
#9915 = DIRECTION('',(0.,-1.));
#9916 = ( GEOMETRIC_REPRESENTATION_CONTEXT(2) 
PARAMETRIC_REPRESENTATION_CONTEXT() REPRESENTATION_CONTEXT('2D SPACE',''
  ) );
#9917 = ORIENTED_EDGE('',*,*,#3500,.F.);
#9918 = ADVANCED_FACE('',(#9919),#3544,.F.);
#9919 = FACE_BOUND('',#9920,.F.);
#9920 = EDGE_LOOP('',(#9921,#9922,#9923,#9944));
#9921 = ORIENTED_EDGE('',*,*,#9897,.T.);
#9922 = ORIENTED_EDGE('',*,*,#6452,.T.);
#9923 = ORIENTED_EDGE('',*,*,#9924,.F.);
#9924 = EDGE_CURVE('',#3529,#6453,#9925,.T.);
#9925 = SURFACE_CURVE('',#9926,(#9930,#9937),.PCURVE_S1.);
#9926 = LINE('',#9927,#9928);
#9927 = CARTESIAN_POINT('',(6.165064813492,-3.346916831465,0.));
#9928 = VECTOR('',#9929,1.);
#9929 = DIRECTION('',(0.,0.,1.));
#9930 = PCURVE('',#3544,#9931);
#9931 = DEFINITIONAL_REPRESENTATION('',(#9932),#9936);
#9932 = LINE('',#9933,#9934);
#9933 = CARTESIAN_POINT('',(0.369841376498,0.));
#9934 = VECTOR('',#9935,1.);
#9935 = DIRECTION('',(0.,-1.));
#9936 = ( GEOMETRIC_REPRESENTATION_CONTEXT(2) 
PARAMETRIC_REPRESENTATION_CONTEXT() REPRESENTATION_CONTEXT('2D SPACE',''
  ) );
#9937 = PCURVE('',#3572,#9938);
#9938 = DEFINITIONAL_REPRESENTATION('',(#9939),#9943);
#9939 = LINE('',#9940,#9941);
#9940 = CARTESIAN_POINT('',(0.,0.));
#9941 = VECTOR('',#9942,1.);
#9942 = DIRECTION('',(0.,-1.));
#9943 = ( GEOMETRIC_REPRESENTATION_CONTEXT(2) 
PARAMETRIC_REPRESENTATION_CONTEXT() REPRESENTATION_CONTEXT('2D SPACE',''
  ) );
#9944 = ORIENTED_EDGE('',*,*,#3528,.F.);
#9945 = ADVANCED_FACE('',(#9946),#3572,.F.);
#9946 = FACE_BOUND('',#9947,.F.);
#9947 = EDGE_LOOP('',(#9948,#9949,#9950,#9971));
#9948 = ORIENTED_EDGE('',*,*,#9924,.T.);
#9949 = ORIENTED_EDGE('',*,*,#6475,.T.);
#9950 = ORIENTED_EDGE('',*,*,#9951,.F.);
#9951 = EDGE_CURVE('',#3557,#6476,#9952,.T.);
#9952 = SURFACE_CURVE('',#9953,(#9957,#9964),.PCURVE_S1.);
#9953 = LINE('',#9954,#9955);
#9954 = CARTESIAN_POINT('',(6.363254876269,-3.035641163355,0.));
#9955 = VECTOR('',#9956,1.);
#9956 = DIRECTION('',(0.,0.,1.));
#9957 = PCURVE('',#3572,#9958);
#9958 = DEFINITIONAL_REPRESENTATION('',(#9959),#9963);
#9959 = LINE('',#9960,#9961);
#9960 = CARTESIAN_POINT('',(0.369014691497,0.));
#9961 = VECTOR('',#9962,1.);
#9962 = DIRECTION('',(0.,-1.));
#9963 = ( GEOMETRIC_REPRESENTATION_CONTEXT(2) 
PARAMETRIC_REPRESENTATION_CONTEXT() REPRESENTATION_CONTEXT('2D SPACE',''
  ) );
#9964 = PCURVE('',#3600,#9965);
#9965 = DEFINITIONAL_REPRESENTATION('',(#9966),#9970);
#9966 = LINE('',#9967,#9968);
#9967 = CARTESIAN_POINT('',(0.,0.));
#9968 = VECTOR('',#9969,1.);
#9969 = DIRECTION('',(0.,-1.));
#9970 = ( GEOMETRIC_REPRESENTATION_CONTEXT(2) 
PARAMETRIC_REPRESENTATION_CONTEXT() REPRESENTATION_CONTEXT('2D SPACE',''
  ) );
#9971 = ORIENTED_EDGE('',*,*,#3556,.F.);
#9972 = ADVANCED_FACE('',(#9973),#3600,.F.);
#9973 = FACE_BOUND('',#9974,.F.);
#9974 = EDGE_LOOP('',(#9975,#9976,#9977,#9998));
#9975 = ORIENTED_EDGE('',*,*,#9951,.T.);
#9976 = ORIENTED_EDGE('',*,*,#6498,.T.);
#9977 = ORIENTED_EDGE('',*,*,#9978,.F.);
#9978 = EDGE_CURVE('',#3585,#6499,#9979,.T.);
#9979 = SURFACE_CURVE('',#9980,(#9984,#9991),.PCURVE_S1.);
#9980 = LINE('',#9981,#9982);
#9981 = CARTESIAN_POINT('',(6.546427054942,-2.717052369792,0.));
#9982 = VECTOR('',#9983,1.);
#9983 = DIRECTION('',(0.,0.,1.));
#9984 = PCURVE('',#3600,#9985);
#9985 = DEFINITIONAL_REPRESENTATION('',(#9986),#9990);
#9986 = LINE('',#9987,#9988);
#9987 = CARTESIAN_POINT('',(0.367492675334,0.));
#9988 = VECTOR('',#9989,1.);
#9989 = DIRECTION('',(0.,-1.));
#9990 = ( GEOMETRIC_REPRESENTATION_CONTEXT(2) 
PARAMETRIC_REPRESENTATION_CONTEXT() REPRESENTATION_CONTEXT('2D SPACE',''
  ) );
#9991 = PCURVE('',#3628,#9992);
#9992 = DEFINITIONAL_REPRESENTATION('',(#9993),#9997);
#9993 = LINE('',#9994,#9995);
#9994 = CARTESIAN_POINT('',(0.,0.));
#9995 = VECTOR('',#9996,1.);
#9996 = DIRECTION('',(0.,-1.));
#9997 = ( GEOMETRIC_REPRESENTATION_CONTEXT(2) 
PARAMETRIC_REPRESENTATION_CONTEXT() REPRESENTATION_CONTEXT('2D SPACE',''
  ) );
#9998 = ORIENTED_EDGE('',*,*,#3584,.F.);
#9999 = ADVANCED_FACE('',(#10000),#3628,.F.);
#10000 = FACE_BOUND('',#10001,.F.);
#10001 = EDGE_LOOP('',(#10002,#10003,#10004,#10025));
#10002 = ORIENTED_EDGE('',*,*,#9978,.T.);
#10003 = ORIENTED_EDGE('',*,*,#6521,.T.);
#10004 = ORIENTED_EDGE('',*,*,#10005,.F.);
#10005 = EDGE_CURVE('',#3613,#6522,#10006,.T.);
#10006 = SURFACE_CURVE('',#10007,(#10011,#10018),.PCURVE_S1.);
#10007 = LINE('',#10008,#10009);
#10008 = CARTESIAN_POINT('',(6.713073308226,-2.391917959085,0.));
#10009 = VECTOR('',#10010,1.);
#10010 = DIRECTION('',(0.,0.,1.));
#10011 = PCURVE('',#3628,#10012);
#10012 = DEFINITIONAL_REPRESENTATION('',(#10013),#10017);
#10013 = LINE('',#10014,#10015);
#10014 = CARTESIAN_POINT('',(0.365353744691,0.));
#10015 = VECTOR('',#10016,1.);
#10016 = DIRECTION('',(0.,-1.));
#10017 = ( GEOMETRIC_REPRESENTATION_CONTEXT(2) 
PARAMETRIC_REPRESENTATION_CONTEXT() REPRESENTATION_CONTEXT('2D SPACE',''
  ) );
#10018 = PCURVE('',#3656,#10019);
#10019 = DEFINITIONAL_REPRESENTATION('',(#10020),#10024);
#10020 = LINE('',#10021,#10022);
#10021 = CARTESIAN_POINT('',(0.,0.));
#10022 = VECTOR('',#10023,1.);
#10023 = DIRECTION('',(0.,-1.));
#10024 = ( GEOMETRIC_REPRESENTATION_CONTEXT(2) 
PARAMETRIC_REPRESENTATION_CONTEXT() REPRESENTATION_CONTEXT('2D SPACE',''
  ) );
#10025 = ORIENTED_EDGE('',*,*,#3612,.F.);
#10026 = ADVANCED_FACE('',(#10027),#3656,.F.);
#10027 = FACE_BOUND('',#10028,.F.);
#10028 = EDGE_LOOP('',(#10029,#10030,#10031,#10052));
#10029 = ORIENTED_EDGE('',*,*,#10005,.T.);
#10030 = ORIENTED_EDGE('',*,*,#6544,.T.);
#10031 = ORIENTED_EDGE('',*,*,#10032,.F.);
#10032 = EDGE_CURVE('',#3641,#6545,#10033,.T.);
#10033 = SURFACE_CURVE('',#10034,(#10038,#10045),.PCURVE_S1.);
#10034 = LINE('',#10035,#10036);
#10035 = CARTESIAN_POINT('',(6.861651472224,-2.061021208507,0.));
#10036 = VECTOR('',#10037,1.);
#10037 = DIRECTION('',(0.,0.,1.));
#10038 = PCURVE('',#3656,#10039);
#10039 = DEFINITIONAL_REPRESENTATION('',(#10040),#10044);
#10040 = LINE('',#10041,#10042);
#10041 = CARTESIAN_POINT('',(0.362723214532,0.));
#10042 = VECTOR('',#10043,1.);
#10043 = DIRECTION('',(0.,-1.));
#10044 = ( GEOMETRIC_REPRESENTATION_CONTEXT(2) 
PARAMETRIC_REPRESENTATION_CONTEXT() REPRESENTATION_CONTEXT('2D SPACE',''
  ) );
#10045 = PCURVE('',#3684,#10046);
#10046 = DEFINITIONAL_REPRESENTATION('',(#10047),#10051);
#10047 = LINE('',#10048,#10049);
#10048 = CARTESIAN_POINT('',(0.,0.));
#10049 = VECTOR('',#10050,1.);
#10050 = DIRECTION('',(0.,-1.));
#10051 = ( GEOMETRIC_REPRESENTATION_CONTEXT(2) 
PARAMETRIC_REPRESENTATION_CONTEXT() REPRESENTATION_CONTEXT('2D SPACE',''
  ) );
#10052 = ORIENTED_EDGE('',*,*,#3640,.F.);
#10053 = ADVANCED_FACE('',(#10054),#3684,.F.);
#10054 = FACE_BOUND('',#10055,.F.);
#10055 = EDGE_LOOP('',(#10056,#10057,#10058,#10079));
#10056 = ORIENTED_EDGE('',*,*,#10032,.T.);
#10057 = ORIENTED_EDGE('',*,*,#6567,.T.);
#10058 = ORIENTED_EDGE('',*,*,#10059,.F.);
#10059 = EDGE_CURVE('',#3669,#6568,#10060,.T.);
#10060 = SURFACE_CURVE('',#10061,(#10065,#10072),.PCURVE_S1.);
#10061 = LINE('',#10062,#10063);
#10062 = CARTESIAN_POINT('',(6.990628959937,-1.725159277313,0.));
#10063 = VECTOR('',#10064,1.);
#10064 = DIRECTION('',(0.,0.,1.));
#10065 = PCURVE('',#3684,#10066);
#10066 = DEFINITIONAL_REPRESENTATION('',(#10067),#10071);
#10067 = LINE('',#10068,#10069);
#10068 = CARTESIAN_POINT('',(0.359775526074,0.));
#10069 = VECTOR('',#10070,1.);
#10070 = DIRECTION('',(0.,-1.));
#10071 = ( GEOMETRIC_REPRESENTATION_CONTEXT(2) 
PARAMETRIC_REPRESENTATION_CONTEXT() REPRESENTATION_CONTEXT('2D SPACE',''
  ) );
#10072 = PCURVE('',#3712,#10073);
#10073 = DEFINITIONAL_REPRESENTATION('',(#10074),#10078);
#10074 = LINE('',#10075,#10076);
#10075 = CARTESIAN_POINT('',(0.,0.));
#10076 = VECTOR('',#10077,1.);
#10077 = DIRECTION('',(0.,-1.));
#10078 = ( GEOMETRIC_REPRESENTATION_CONTEXT(2) 
PARAMETRIC_REPRESENTATION_CONTEXT() REPRESENTATION_CONTEXT('2D SPACE',''
  ) );
#10079 = ORIENTED_EDGE('',*,*,#3668,.F.);
#10080 = ADVANCED_FACE('',(#10081),#3712,.F.);
#10081 = FACE_BOUND('',#10082,.F.);
#10082 = EDGE_LOOP('',(#10083,#10084,#10085,#10106));
#10083 = ORIENTED_EDGE('',*,*,#10059,.T.);
#10084 = ORIENTED_EDGE('',*,*,#6590,.T.);
#10085 = ORIENTED_EDGE('',*,*,#10086,.F.);
#10086 = EDGE_CURVE('',#3697,#6591,#10087,.T.);
#10087 = SURFACE_CURVE('',#10088,(#10092,#10099),.PCURVE_S1.);
#10088 = LINE('',#10089,#10090);
#10089 = CARTESIAN_POINT('',(7.098538155264,-1.385141286315,0.));
#10090 = VECTOR('',#10091,1.);
#10091 = DIRECTION('',(0.,0.,1.));
#10092 = PCURVE('',#3712,#10093);
#10093 = DEFINITIONAL_REPRESENTATION('',(#10094),#10098);
#10094 = LINE('',#10095,#10096);
#10095 = CARTESIAN_POINT('',(0.356730470578,0.));
#10096 = VECTOR('',#10097,1.);
#10097 = DIRECTION('',(0.,-1.));
#10098 = ( GEOMETRIC_REPRESENTATION_CONTEXT(2) 
PARAMETRIC_REPRESENTATION_CONTEXT() REPRESENTATION_CONTEXT('2D SPACE',''
  ) );
#10099 = PCURVE('',#3740,#10100);
#10100 = DEFINITIONAL_REPRESENTATION('',(#10101),#10105);
#10101 = LINE('',#10102,#10103);
#10102 = CARTESIAN_POINT('',(0.,0.));
#10103 = VECTOR('',#10104,1.);
#10104 = DIRECTION('',(0.,-1.));
#10105 = ( GEOMETRIC_REPRESENTATION_CONTEXT(2) 
PARAMETRIC_REPRESENTATION_CONTEXT() REPRESENTATION_CONTEXT('2D SPACE',''
  ) );
#10106 = ORIENTED_EDGE('',*,*,#3696,.F.);
#10107 = ADVANCED_FACE('',(#10108),#3740,.F.);
#10108 = FACE_BOUND('',#10109,.F.);
#10109 = EDGE_LOOP('',(#10110,#10111,#10112,#10133));
#10110 = ORIENTED_EDGE('',*,*,#10086,.T.);
#10111 = ORIENTED_EDGE('',*,*,#6613,.T.);
#10112 = ORIENTED_EDGE('',*,*,#10113,.F.);
#10113 = EDGE_CURVE('',#3725,#6614,#10114,.T.);
#10114 = SURFACE_CURVE('',#10115,(#10119,#10126),.PCURVE_S1.);
#10115 = LINE('',#10116,#10117);
#10116 = CARTESIAN_POINT('',(7.184041214204,-1.041786368633,0.));
#10117 = VECTOR('',#10118,1.);
#10118 = DIRECTION('',(0.,0.,1.));
#10119 = PCURVE('',#3740,#10120);
#10120 = DEFINITIONAL_REPRESENTATION('',(#10121),#10125);
#10121 = LINE('',#10122,#10123);
#10122 = CARTESIAN_POINT('',(0.35384088597,0.));
#10123 = VECTOR('',#10124,1.);
#10124 = DIRECTION('',(0.,-1.));
#10125 = ( GEOMETRIC_REPRESENTATION_CONTEXT(2) 
PARAMETRIC_REPRESENTATION_CONTEXT() REPRESENTATION_CONTEXT('2D SPACE',''
  ) );
#10126 = PCURVE('',#3768,#10127);
#10127 = DEFINITIONAL_REPRESENTATION('',(#10128),#10132);
#10128 = LINE('',#10129,#10130);
#10129 = CARTESIAN_POINT('',(0.,0.));
#10130 = VECTOR('',#10131,1.);
#10131 = DIRECTION('',(0.,-1.));
#10132 = ( GEOMETRIC_REPRESENTATION_CONTEXT(2) 
PARAMETRIC_REPRESENTATION_CONTEXT() REPRESENTATION_CONTEXT('2D SPACE',''
  ) );
#10133 = ORIENTED_EDGE('',*,*,#3724,.F.);
#10134 = ADVANCED_FACE('',(#10135),#3768,.F.);
#10135 = FACE_BOUND('',#10136,.F.);
#10136 = EDGE_LOOP('',(#10137,#10138,#10139,#10140));
#10137 = ORIENTED_EDGE('',*,*,#10113,.T.);
#10138 = ORIENTED_EDGE('',*,*,#6636,.T.);
#10139 = ORIENTED_EDGE('',*,*,#6790,.F.);
#10140 = ORIENTED_EDGE('',*,*,#3752,.F.);
#10141 = ADVANCED_FACE('',(#10142),#6700,.F.);
#10142 = FACE_BOUND('',#10143,.F.);
#10143 = EDGE_LOOP('',(#10144,#10167,#10168,#10191));
#10144 = ORIENTED_EDGE('',*,*,#10145,.F.);
#10145 = EDGE_CURVE('',#6684,#10146,#10148,.T.);
#10146 = VERTEX_POINT('',#10147);
#10147 = CARTESIAN_POINT('',(4.,-1.5,7.));
#10148 = SURFACE_CURVE('',#10149,(#10153,#10160),.PCURVE_S1.);
#10149 = LINE('',#10150,#10151);
#10150 = CARTESIAN_POINT('',(4.,-1.5,1.9));
#10151 = VECTOR('',#10152,1.);
#10152 = DIRECTION('',(0.,0.,1.));
#10153 = PCURVE('',#6700,#10154);
#10154 = DEFINITIONAL_REPRESENTATION('',(#10155),#10159);
#10155 = LINE('',#10156,#10157);
#10156 = CARTESIAN_POINT('',(0.,8.));
#10157 = VECTOR('',#10158,1.);
#10158 = DIRECTION('',(1.,0.));
#10159 = ( GEOMETRIC_REPRESENTATION_CONTEXT(2) 
PARAMETRIC_REPRESENTATION_CONTEXT() REPRESENTATION_CONTEXT('2D SPACE',''
  ) );
#10160 = PCURVE('',#6776,#10161);
#10161 = DEFINITIONAL_REPRESENTATION('',(#10162),#10166);
#10162 = LINE('',#10163,#10164);
#10163 = CARTESIAN_POINT('',(0.,0.));
#10164 = VECTOR('',#10165,1.);
#10165 = DIRECTION('',(1.,0.));
#10166 = ( GEOMETRIC_REPRESENTATION_CONTEXT(2) 
PARAMETRIC_REPRESENTATION_CONTEXT() REPRESENTATION_CONTEXT('2D SPACE',''
  ) );
#10167 = ORIENTED_EDGE('',*,*,#6683,.T.);
#10168 = ORIENTED_EDGE('',*,*,#10169,.T.);
#10169 = EDGE_CURVE('',#6686,#10170,#10172,.T.);
#10170 = VERTEX_POINT('',#10171);
#10171 = CARTESIAN_POINT('',(-4.,-1.5,7.));
#10172 = SURFACE_CURVE('',#10173,(#10177,#10184),.PCURVE_S1.);
#10173 = LINE('',#10174,#10175);
#10174 = CARTESIAN_POINT('',(-4.,-1.5,1.9));
#10175 = VECTOR('',#10176,1.);
#10176 = DIRECTION('',(0.,0.,1.));
#10177 = PCURVE('',#6700,#10178);
#10178 = DEFINITIONAL_REPRESENTATION('',(#10179),#10183);
#10179 = LINE('',#10180,#10181);
#10180 = CARTESIAN_POINT('',(0.,0.));
#10181 = VECTOR('',#10182,1.);
#10182 = DIRECTION('',(1.,0.));
#10183 = ( GEOMETRIC_REPRESENTATION_CONTEXT(2) 
PARAMETRIC_REPRESENTATION_CONTEXT() REPRESENTATION_CONTEXT('2D SPACE',''
  ) );
#10184 = PCURVE('',#6726,#10185);
#10185 = DEFINITIONAL_REPRESENTATION('',(#10186),#10190);
#10186 = LINE('',#10187,#10188);
#10187 = CARTESIAN_POINT('',(0.,0.));
#10188 = VECTOR('',#10189,1.);
#10189 = DIRECTION('',(1.,0.));
#10190 = ( GEOMETRIC_REPRESENTATION_CONTEXT(2) 
PARAMETRIC_REPRESENTATION_CONTEXT() REPRESENTATION_CONTEXT('2D SPACE',''
  ) );
#10191 = ORIENTED_EDGE('',*,*,#10192,.T.);
#10192 = EDGE_CURVE('',#10170,#10146,#10193,.T.);
#10193 = SURFACE_CURVE('',#10194,(#10198,#10205),.PCURVE_S1.);
#10194 = LINE('',#10195,#10196);
#10195 = CARTESIAN_POINT('',(-4.,-1.5,7.));
#10196 = VECTOR('',#10197,1.);
#10197 = DIRECTION('',(1.,0.,-0.));
#10198 = PCURVE('',#6700,#10199);
#10199 = DEFINITIONAL_REPRESENTATION('',(#10200),#10204);
#10200 = LINE('',#10201,#10202);
#10201 = CARTESIAN_POINT('',(5.1,0.));
#10202 = VECTOR('',#10203,1.);
#10203 = DIRECTION('',(0.,1.));
#10204 = ( GEOMETRIC_REPRESENTATION_CONTEXT(2) 
PARAMETRIC_REPRESENTATION_CONTEXT() REPRESENTATION_CONTEXT('2D SPACE',''
  ) );
#10205 = PCURVE('',#10206,#10211);
#10206 = PLANE('',#10207);
#10207 = AXIS2_PLACEMENT_3D('',#10208,#10209,#10210);
#10208 = CARTESIAN_POINT('',(-4.,-1.5,7.));
#10209 = DIRECTION('',(0.,0.,1.));
#10210 = DIRECTION('',(1.,0.,-0.));
#10211 = DEFINITIONAL_REPRESENTATION('',(#10212),#10216);
#10212 = LINE('',#10213,#10214);
#10213 = CARTESIAN_POINT('',(0.,0.));
#10214 = VECTOR('',#10215,1.);
#10215 = DIRECTION('',(1.,0.));
#10216 = ( GEOMETRIC_REPRESENTATION_CONTEXT(2) 
PARAMETRIC_REPRESENTATION_CONTEXT() REPRESENTATION_CONTEXT('2D SPACE',''
  ) );
#10217 = ADVANCED_FACE('',(#10218),#6776,.T.);
#10218 = FACE_BOUND('',#10219,.T.);
#10219 = EDGE_LOOP('',(#10220,#10221,#10222,#10245));
#10220 = ORIENTED_EDGE('',*,*,#10145,.F.);
#10221 = ORIENTED_EDGE('',*,*,#6763,.T.);
#10222 = ORIENTED_EDGE('',*,*,#10223,.T.);
#10223 = EDGE_CURVE('',#6738,#10224,#10226,.T.);
#10224 = VERTEX_POINT('',#10225);
#10225 = CARTESIAN_POINT('',(4.,1.5,7.));
#10226 = SURFACE_CURVE('',#10227,(#10231,#10238),.PCURVE_S1.);
#10227 = LINE('',#10228,#10229);
#10228 = CARTESIAN_POINT('',(4.,1.5,1.9));
#10229 = VECTOR('',#10230,1.);
#10230 = DIRECTION('',(0.,0.,1.));
#10231 = PCURVE('',#6776,#10232);
#10232 = DEFINITIONAL_REPRESENTATION('',(#10233),#10237);
#10233 = LINE('',#10234,#10235);
#10234 = CARTESIAN_POINT('',(0.,-3.));
#10235 = VECTOR('',#10236,1.);
#10236 = DIRECTION('',(1.,0.));
#10237 = ( GEOMETRIC_REPRESENTATION_CONTEXT(2) 
PARAMETRIC_REPRESENTATION_CONTEXT() REPRESENTATION_CONTEXT('2D SPACE',''
  ) );
#10238 = PCURVE('',#6752,#10239);
#10239 = DEFINITIONAL_REPRESENTATION('',(#10240),#10244);
#10240 = LINE('',#10241,#10242);
#10241 = CARTESIAN_POINT('',(0.,8.));
#10242 = VECTOR('',#10243,1.);
#10243 = DIRECTION('',(1.,0.));
#10244 = ( GEOMETRIC_REPRESENTATION_CONTEXT(2) 
PARAMETRIC_REPRESENTATION_CONTEXT() REPRESENTATION_CONTEXT('2D SPACE',''
  ) );
#10245 = ORIENTED_EDGE('',*,*,#10246,.F.);
#10246 = EDGE_CURVE('',#10146,#10224,#10247,.T.);
#10247 = SURFACE_CURVE('',#10248,(#10252,#10259),.PCURVE_S1.);
#10248 = LINE('',#10249,#10250);
#10249 = CARTESIAN_POINT('',(4.,-1.5,7.));
#10250 = VECTOR('',#10251,1.);
#10251 = DIRECTION('',(-0.,1.,0.));
#10252 = PCURVE('',#6776,#10253);
#10253 = DEFINITIONAL_REPRESENTATION('',(#10254),#10258);
#10254 = LINE('',#10255,#10256);
#10255 = CARTESIAN_POINT('',(5.1,0.));
#10256 = VECTOR('',#10257,1.);
#10257 = DIRECTION('',(0.,-1.));
#10258 = ( GEOMETRIC_REPRESENTATION_CONTEXT(2) 
PARAMETRIC_REPRESENTATION_CONTEXT() REPRESENTATION_CONTEXT('2D SPACE',''
  ) );
#10259 = PCURVE('',#10206,#10260);
#10260 = DEFINITIONAL_REPRESENTATION('',(#10261),#10265);
#10261 = LINE('',#10262,#10263);
#10262 = CARTESIAN_POINT('',(8.,0.));
#10263 = VECTOR('',#10264,1.);
#10264 = DIRECTION('',(0.,1.));
#10265 = ( GEOMETRIC_REPRESENTATION_CONTEXT(2) 
PARAMETRIC_REPRESENTATION_CONTEXT() REPRESENTATION_CONTEXT('2D SPACE',''
  ) );
#10266 = ADVANCED_FACE('',(#10267),#6752,.T.);
#10267 = FACE_BOUND('',#10268,.T.);
#10268 = EDGE_LOOP('',(#10269,#10270,#10271,#10294));
#10269 = ORIENTED_EDGE('',*,*,#10223,.F.);
#10270 = ORIENTED_EDGE('',*,*,#6737,.T.);
#10271 = ORIENTED_EDGE('',*,*,#10272,.T.);
#10272 = EDGE_CURVE('',#6712,#10273,#10275,.T.);
#10273 = VERTEX_POINT('',#10274);
#10274 = CARTESIAN_POINT('',(-4.,1.5,7.));
#10275 = SURFACE_CURVE('',#10276,(#10280,#10287),.PCURVE_S1.);
#10276 = LINE('',#10277,#10278);
#10277 = CARTESIAN_POINT('',(-4.,1.5,1.9));
#10278 = VECTOR('',#10279,1.);
#10279 = DIRECTION('',(0.,0.,1.));
#10280 = PCURVE('',#6752,#10281);
#10281 = DEFINITIONAL_REPRESENTATION('',(#10282),#10286);
#10282 = LINE('',#10283,#10284);
#10283 = CARTESIAN_POINT('',(0.,0.));
#10284 = VECTOR('',#10285,1.);
#10285 = DIRECTION('',(1.,0.));
#10286 = ( GEOMETRIC_REPRESENTATION_CONTEXT(2) 
PARAMETRIC_REPRESENTATION_CONTEXT() REPRESENTATION_CONTEXT('2D SPACE',''
  ) );
#10287 = PCURVE('',#6726,#10288);
#10288 = DEFINITIONAL_REPRESENTATION('',(#10289),#10293);
#10289 = LINE('',#10290,#10291);
#10290 = CARTESIAN_POINT('',(0.,-3.));
#10291 = VECTOR('',#10292,1.);
#10292 = DIRECTION('',(1.,0.));
#10293 = ( GEOMETRIC_REPRESENTATION_CONTEXT(2) 
PARAMETRIC_REPRESENTATION_CONTEXT() REPRESENTATION_CONTEXT('2D SPACE',''
  ) );
#10294 = ORIENTED_EDGE('',*,*,#10295,.T.);
#10295 = EDGE_CURVE('',#10273,#10224,#10296,.T.);
#10296 = SURFACE_CURVE('',#10297,(#10301,#10308),.PCURVE_S1.);
#10297 = LINE('',#10298,#10299);
#10298 = CARTESIAN_POINT('',(-4.,1.5,7.));
#10299 = VECTOR('',#10300,1.);
#10300 = DIRECTION('',(1.,0.,-0.));
#10301 = PCURVE('',#6752,#10302);
#10302 = DEFINITIONAL_REPRESENTATION('',(#10303),#10307);
#10303 = LINE('',#10304,#10305);
#10304 = CARTESIAN_POINT('',(5.1,0.));
#10305 = VECTOR('',#10306,1.);
#10306 = DIRECTION('',(0.,1.));
#10307 = ( GEOMETRIC_REPRESENTATION_CONTEXT(2) 
PARAMETRIC_REPRESENTATION_CONTEXT() REPRESENTATION_CONTEXT('2D SPACE',''
  ) );
#10308 = PCURVE('',#10206,#10309);
#10309 = DEFINITIONAL_REPRESENTATION('',(#10310),#10314);
#10310 = LINE('',#10311,#10312);
#10311 = CARTESIAN_POINT('',(0.,3.));
#10312 = VECTOR('',#10313,1.);
#10313 = DIRECTION('',(1.,0.));
#10314 = ( GEOMETRIC_REPRESENTATION_CONTEXT(2) 
PARAMETRIC_REPRESENTATION_CONTEXT() REPRESENTATION_CONTEXT('2D SPACE',''
  ) );
#10315 = ADVANCED_FACE('',(#10316),#6726,.F.);
#10316 = FACE_BOUND('',#10317,.F.);
#10317 = EDGE_LOOP('',(#10318,#10319,#10320,#10321));
#10318 = ORIENTED_EDGE('',*,*,#10169,.F.);
#10319 = ORIENTED_EDGE('',*,*,#6711,.T.);
#10320 = ORIENTED_EDGE('',*,*,#10272,.T.);
#10321 = ORIENTED_EDGE('',*,*,#10322,.F.);
#10322 = EDGE_CURVE('',#10170,#10273,#10323,.T.);
#10323 = SURFACE_CURVE('',#10324,(#10328,#10335),.PCURVE_S1.);
#10324 = LINE('',#10325,#10326);
#10325 = CARTESIAN_POINT('',(-4.,-1.5,7.));
#10326 = VECTOR('',#10327,1.);
#10327 = DIRECTION('',(-0.,1.,0.));
#10328 = PCURVE('',#6726,#10329);
#10329 = DEFINITIONAL_REPRESENTATION('',(#10330),#10334);
#10330 = LINE('',#10331,#10332);
#10331 = CARTESIAN_POINT('',(5.1,0.));
#10332 = VECTOR('',#10333,1.);
#10333 = DIRECTION('',(0.,-1.));
#10334 = ( GEOMETRIC_REPRESENTATION_CONTEXT(2) 
PARAMETRIC_REPRESENTATION_CONTEXT() REPRESENTATION_CONTEXT('2D SPACE',''
  ) );
#10335 = PCURVE('',#10206,#10336);
#10336 = DEFINITIONAL_REPRESENTATION('',(#10337),#10341);
#10337 = LINE('',#10338,#10339);
#10338 = CARTESIAN_POINT('',(0.,0.));
#10339 = VECTOR('',#10340,1.);
#10340 = DIRECTION('',(0.,1.));
#10341 = ( GEOMETRIC_REPRESENTATION_CONTEXT(2) 
PARAMETRIC_REPRESENTATION_CONTEXT() REPRESENTATION_CONTEXT('2D SPACE',''
  ) );
#10342 = ADVANCED_FACE('',(#10343),#10206,.T.);
#10343 = FACE_BOUND('',#10344,.T.);
#10344 = EDGE_LOOP('',(#10345,#10346,#10347,#10348));
#10345 = ORIENTED_EDGE('',*,*,#10322,.F.);
#10346 = ORIENTED_EDGE('',*,*,#10192,.T.);
#10347 = ORIENTED_EDGE('',*,*,#10246,.T.);
#10348 = ORIENTED_EDGE('',*,*,#10295,.F.);
#10349 = ( GEOMETRIC_REPRESENTATION_CONTEXT(3) 
GLOBAL_UNCERTAINTY_ASSIGNED_CONTEXT((#10353)) 
GLOBAL_UNIT_ASSIGNED_CONTEXT((#10350,#10351,#10352)) 
REPRESENTATION_CONTEXT('Context #1',
  '3D Context with UNIT and UNCERTAINTY') );
#10350 = ( LENGTH_UNIT() NAMED_UNIT(*) SI_UNIT(.MILLI.,.METRE.) );
#10351 = ( NAMED_UNIT(*) PLANE_ANGLE_UNIT() SI_UNIT($,.RADIAN.) );
#10352 = ( NAMED_UNIT(*) SI_UNIT($,.STERADIAN.) SOLID_ANGLE_UNIT() );
#10353 = UNCERTAINTY_MEASURE_WITH_UNIT(LENGTH_MEASURE(1.E-07),#10350,
  'distance_accuracy_value','confusion accuracy');
#10354 = CONTEXT_DEPENDENT_SHAPE_REPRESENTATION(#10355,#10357);
#10355 = ( REPRESENTATION_RELATIONSHIP('','',#32,#10) 
REPRESENTATION_RELATIONSHIP_WITH_TRANSFORMATION(#10356) 
SHAPE_REPRESENTATION_RELATIONSHIP() );
#10356 = ITEM_DEFINED_TRANSFORMATION('','',#11,#15);
#10357 = PRODUCT_DEFINITION_SHAPE('Placement','Placement of an item',
  #10358);
#10358 = NEXT_ASSEMBLY_USAGE_OCCURRENCE('3','eva_cutting_template','',#5
  ,#27,$);
#10359 = PRODUCT_RELATED_PRODUCT_CATEGORY('part',$,(#29));
ENDSEC;
END-ISO-10303-21;
