ISO-10303-21;
HEADER;
FILE_DESCRIPTION(('Open CASCADE Model'),'2;1');
FILE_NAME('lever_print','2026-09-13T09:27:11',('Author'),('Open CASCADE'
    ),'Open CASCADE STEP processor 7.9','build123d','Unknown');
FILE_SCHEMA(('AUTOMOTIVE_DESIGN { 1 0 10303 214 1 1 1 1 }'));
ENDSEC;
DATA;
#1 = APPLICATION_PROTOCOL_DEFINITION('international standard',
  'automotive_design',2000,#2);
#2 = APPLICATION_CONTEXT(
  'core data for automotive mechanical design processes');
#3 = SHAPE_DEFINITION_REPRESENTATION(#4,#10);
#4 = PRODUCT_DEFINITION_SHAPE('','',#5);
#5 = PRODUCT_DEFINITION('design','',#6,#9);
#6 = PRODUCT_DEFINITION_FORMATION('','',#7);
#7 = PRODUCT('lever_print','lever_print','',(#8));
#8 = PRODUCT_CONTEXT('',#2,'mechanical');
#9 = PRODUCT_DEFINITION_CONTEXT('part definition',#2,'design');
#10 = SHAPE_REPRESENTATION('',(#11,#15),#19);
#11 = AXIS2_PLACEMENT_3D('',#12,#13,#14);
#12 = CARTESIAN_POINT('',(0.,0.,0.));
#13 = DIRECTION('',(0.,0.,1.));
#14 = DIRECTION('',(1.,0.,-0.));
#15 = AXIS2_PLACEMENT_3D('',#16,#17,#18);
#16 = CARTESIAN_POINT('',(3.8,1.7763568394E-15,11.0000001));
#17 = DIRECTION('',(0.,-1.224646799147E-16,-1.));
#18 = DIRECTION('',(1.,0.,0.));
#19 = ( GEOMETRIC_REPRESENTATION_CONTEXT(3) 
GLOBAL_UNCERTAINTY_ASSIGNED_CONTEXT((#23)) GLOBAL_UNIT_ASSIGNED_CONTEXT(
(#20,#21,#22)) REPRESENTATION_CONTEXT('Context #1',
  '3D Context with UNIT and UNCERTAINTY') );
#20 = ( LENGTH_UNIT() NAMED_UNIT(*) SI_UNIT(.MILLI.,.METRE.) );
#21 = ( NAMED_UNIT(*) PLANE_ANGLE_UNIT() SI_UNIT($,.RADIAN.) );
#22 = ( NAMED_UNIT(*) SI_UNIT($,.STERADIAN.) SOLID_ANGLE_UNIT() );
#23 = UNCERTAINTY_MEASURE_WITH_UNIT(LENGTH_MEASURE(2.E-05),#20,
  'distance_accuracy_value','confusion accuracy');
#24 = PRODUCT_RELATED_PRODUCT_CATEGORY('part',$,(#7));
#25 = SHAPE_DEFINITION_REPRESENTATION(#26,#32);
#26 = PRODUCT_DEFINITION_SHAPE('','',#27);
#27 = PRODUCT_DEFINITION('design','',#28,#31);
#28 = PRODUCT_DEFINITION_FORMATION('','',#29);
#29 = PRODUCT('lever_print','lever_print','',(#30));
#30 = PRODUCT_CONTEXT('',#2,'mechanical');
#31 = PRODUCT_DEFINITION_CONTEXT('part definition',#2,'design');
#32 = ADVANCED_BREP_SHAPE_REPRESENTATION('',(#11,#33),#4059);
#33 = MANIFOLD_SOLID_BREP('',#34);
#34 = CLOSED_SHELL('',(#35,#674,#1611,#1636,#1686,#1853,#1881,#1885,
    #1939,#2043,#2071,#2076,#2448,#2497,#2815,#2842,#2970,#3074,#3099,
    #3153,#3178,#3259,#3284,#3311,#3318,#3345,#3444,#3476,#3532,#3568,
    #3620,#3847,#3872,#3879,#4000,#4055));
#35 = ADVANCED_FACE('',(#36),#109,.T.);
#36 = FACE_BOUND('',#37,.T.);
#37 = EDGE_LOOP('',(#38,#308,#337,#363,#392,#650));
#38 = ORIENTED_EDGE('',*,*,#39,.T.);
#39 = EDGE_CURVE('',#40,#42,#44,.T.);
#40 = VERTEX_POINT('',#41);
#41 = CARTESIAN_POINT('',(-3.155946768143,6.360031440225,11.));
#42 = VERTEX_POINT('',#43);
#43 = CARTESIAN_POINT('',(-6.435060217278,3.,10.357607497432));
#44 = SURFACE_CURVE('',#45,(#108,#208),.PCURVE_S1.);
#45 = B_SPLINE_CURVE_WITH_KNOTS('',7,(#46,#47,#48,#49,#50,#51,#52,#53,
    #54,#55,#56,#57,#58,#59,#60,#61,#62,#63,#64,#65,#66,#67,#68,#69,#70,
    #71,#72,#73,#74,#75,#76,#77,#78,#79,#80,#81,#82,#83,#84,#85,#86,#87,
    #88,#89,#90,#91,#92,#93,#94,#95,#96,#97,#98,#99,#100,#101,#102,#103,
    #104,#105,#106,#107),.UNSPECIFIED.,.F.,.F.,(8,6,6,6,6,6,6,6,6,6,8),(
    0.57915621258,0.611672674253,0.707353190519,0.792647727885,
    0.888328244151,1.,1.111671940039,1.207352262045,1.292646626237,
    1.388326948265,1.420843226504),.UNSPECIFIED.);
#46 = CARTESIAN_POINT('',(-6.435060191331,-2.999999987165,
    10.357607503375));
#47 = CARTESIAN_POINT('',(-6.356188219864,-3.169181946875,
    10.378617277571));
#48 = CARTESIAN_POINT('',(-6.271685424132,-3.33689199156,10.400805237149
    ));
#49 = CARTESIAN_POINT('',(-6.181495234659,-3.502978342577,
    10.424104934657));
#50 = CARTESIAN_POINT('',(-6.085556018033,-3.667278424406,
    10.448441752219));
#51 = CARTESIAN_POINT('',(-5.983801468769,-3.829617221269,
    10.473732338618));
#52 = CARTESIAN_POINT('',(-5.876161028599,-3.989805469303,
    10.499883967236));
#53 = CARTESIAN_POINT('',(-5.428287459721,-4.612062926885,
    10.605976799992));
#54 = CARTESIAN_POINT('',(-5.040942050396,-5.058125367753,
    10.692071979466));
#55 = CARTESIAN_POINT('',(-4.598363135031,-5.47949049382,10.782435450358
    ));
#56 = CARTESIAN_POINT('',(-4.098753726491,-5.86830769996,10.873440254386
    ));
#57 = CARTESIAN_POINT('',(-3.541007601226,-6.215015265851,
    10.960383786536));
#58 = CARTESIAN_POINT('',(-2.925289802022,-6.507968402609,
    11.037408276153));
#59 = CARTESIAN_POINT('',(-1.655791787044,-6.932998613641,
    11.152340095013));
#60 = CARTESIAN_POINT('',(-1.012584634221,-7.079358751182,
    11.193658507137));
#61 = CARTESIAN_POINT('',(-0.340816634807,-7.156279915635,
    11.216246168544));
#62 = CARTESIAN_POINT('',(0.340816634805,-7.156279915637,11.216246168544
    ));
#63 = CARTESIAN_POINT('',(1.012584634225,-7.079358751181,11.193658507137
    ));
#64 = CARTESIAN_POINT('',(1.655791787042,-6.932998613641,11.152340095013
    ));
#65 = CARTESIAN_POINT('',(2.925289802022,-6.507968402609,11.037408276153
    ));
#66 = CARTESIAN_POINT('',(3.541007601226,-6.215015265851,10.960383786536
    ));
#67 = CARTESIAN_POINT('',(4.098753726491,-5.86830769996,10.873440254386)
  );
#68 = CARTESIAN_POINT('',(4.598363135031,-5.47949049382,10.782435450358)
  );
#69 = CARTESIAN_POINT('',(5.040942050396,-5.058125367753,10.692071979466
    ));
#70 = CARTESIAN_POINT('',(5.428287459721,-4.612062926886,10.605976799992
    ));
#71 = CARTESIAN_POINT('',(6.152700808775,-3.605592261625,10.434376889598
    ));
#72 = CARTESIAN_POINT('',(6.472545641967,-3.035754905327,10.35090239721)
  );
#73 = CARTESIAN_POINT('',(6.725102644617,-2.446451929933,10.280535281247
    ));
#74 = CARTESIAN_POINT('',(6.912855871414,-1.843750991844,10.226038208887
    ));
#75 = CARTESIAN_POINT('',(7.037542081282,-1.23240925498,10.189106828055)
  );
#76 = CARTESIAN_POINT('',(7.1,-0.616527187008,10.170607001075));
#77 = CARTESIAN_POINT('',(7.1,0.616528203902,10.170607001075));
#78 = CARTESIAN_POINT('',(7.037541873235,1.232411621325,10.189106890387)
  );
#79 = CARTESIAN_POINT('',(6.91285514366,1.843753745943,10.226038421322)
  );
#80 = CARTESIAN_POINT('',(6.725101659354,2.446453584478,10.280535573503)
  );
#81 = CARTESIAN_POINT('',(6.472545489244,3.035754189333,10.350902377347)
  );
#82 = CARTESIAN_POINT('',(6.152702244375,3.60559026706,10.434376549531)
  );
#83 = CARTESIAN_POINT('',(5.428287459721,4.612062926886,10.605976799992)
  );
#84 = CARTESIAN_POINT('',(5.040942050396,5.058125367752,10.692071979466)
  );
#85 = CARTESIAN_POINT('',(4.598363135031,5.479490493821,10.782435450358)
  );
#86 = CARTESIAN_POINT('',(4.098753726491,5.868307699959,10.873440254385)
  );
#87 = CARTESIAN_POINT('',(3.541007601225,6.215015265851,10.960383786536)
  );
#88 = CARTESIAN_POINT('',(2.925289802022,6.507968402609,11.037408276153)
  );
#89 = CARTESIAN_POINT('',(1.655791787043,6.932998613641,11.152340095013)
  );
#90 = CARTESIAN_POINT('',(1.012584634222,7.079358751182,11.193658507137)
  );
#91 = CARTESIAN_POINT('',(0.340816634809,7.156279915636,11.216246168544)
  );
#92 = CARTESIAN_POINT('',(-0.340816634808,7.156279915636,11.216246168544
    ));
#93 = CARTESIAN_POINT('',(-1.012584634223,7.079358751182,11.193658507137
    ));
#94 = CARTESIAN_POINT('',(-1.655791787042,6.932998613641,11.152340095013
    ));
#95 = CARTESIAN_POINT('',(-2.925289802179,6.507968402557,11.037408276139
    ));
#96 = CARTESIAN_POINT('',(-3.541007601241,6.215015265805,10.960383786525
    ));
#97 = CARTESIAN_POINT('',(-4.098753726375,5.868307700013,10.873440254402
    ));
#98 = CARTESIAN_POINT('',(-4.598363134932,5.479490493927,10.782435450382
    ));
#99 = CARTESIAN_POINT('',(-5.040942050422,5.058125367771,10.692071979463
    ));
#100 = CARTESIAN_POINT('',(-5.428287459819,4.612062926749,
    10.605976799969));
#101 = CARTESIAN_POINT('',(-5.876160618333,3.98980603931,10.49988406442)
  );
#102 = CARTESIAN_POINT('',(-5.983800903806,3.829618083451,
    10.473732477109));
#103 = CARTESIAN_POINT('',(-6.085555460646,3.667279354818,
    10.448441892661));
#104 = CARTESIAN_POINT('',(-6.18149477859,3.502979172468,10.424105052166
    ));
#105 = CARTESIAN_POINT('',(-6.271685114583,3.3368926038,10.400805318388)
  );
#106 = CARTESIAN_POINT('',(-6.35618806923,3.169182269786,10.37861731772)
  );
#107 = CARTESIAN_POINT('',(-6.435060191232,2.999999987113,
    10.357607503425));
#108 = PCURVE('',#109,#114);
#109 = CYLINDRICAL_SURFACE('',#110,25.);
#110 = AXIS2_PLACEMENT_3D('',#111,#112,#113);
#111 = CARTESIAN_POINT('',(0.,30.,-13.8));
#112 = DIRECTION('',(0.,-1.,2.22044604925E-16));
#113 = DIRECTION('',(1.,0.,0.));
#114 = DEFINITIONAL_REPRESENTATION('',(#115),#207);
#115 = B_SPLINE_CURVE_WITH_KNOTS('',3,(#116,#117,#118,#119,#120,#121,
    #122,#123,#124,#125,#126,#127,#128,#129,#130,#131,#132,#133,#134,
    #135,#136,#137,#138,#139,#140,#141,#142,#143,#144,#145,#146,#147,
    #148,#149,#150,#151,#152,#153,#154,#155,#156,#157,#158,#159,#160,
    #161,#162,#163,#164,#165,#166,#167,#168,#169,#170,#171,#172,#173,
    #174,#175,#176,#177,#178,#179,#180,#181,#182,#183,#184,#185,#186,
    #187,#188,#189,#190,#191,#192,#193,#194,#195,#196,#197,#198,#199,
    #200,#201,#202,#203,#204,#205,#206),.UNSPECIFIED.,.F.,.F.,(4,1,1,1,1
    ,1,1,1,1,1,1,1,1,1,1,1,1,1,1,1,1,1,1,1,1,1,1,1,1,1,1,1,1,1,1,1,1,1,1
    ,1,1,1,1,1,1,1,1,1,1,1,1,1,1,1,1,1,1,1,1,1,1,1,1,1,1,1,1,1,1,1,1,1,1
    ,1,1,1,1,1,1,1,1,1,1,1,1,1,1,1,4),(0.57915621258,0.588720837739,
    0.598285462897,0.607850088055,0.617414713213,0.626979338371,
    0.63654396353,0.646108588688,0.655673213846,0.665237839004,
    0.674802464163,0.684367089321,0.693931714479,0.703496339637,
    0.713060964796,0.722625589954,0.732190215112,0.74175484027,
    0.751319465428,0.760884090587,0.770448715745,0.780013340903,
    0.789577966061,0.79914259122,0.808707216378,0.818271841536,
    0.827836466694,0.837401091852,0.846965717011,0.856530342169,
    0.866094967327,0.875659592485,0.885224217644,0.894788842802,
    0.90435346796,0.913918093118,0.923482718276,0.933047343435,
    0.942611968593,0.952176593751,0.961741218909,0.971305844068,
    0.980870469226,0.990435094384,0.999999719542,1.009564344701,
    1.019128969859,1.028693595017,1.038258220175,1.047822845333,
    1.057387470492,1.06695209565,1.076516720808,1.086081345966,
    1.095645971125,1.105210596283,1.114775221441,1.124339846599,
    1.133904471757,1.143469096916,1.153033722074,1.162598347232,
    1.17216297239,1.181727597549,1.191292222707,1.200856847865,
    1.210421473023,1.219986098182,1.22955072334,1.239115348498,
    1.248679973656,1.258244598814,1.267809223973,1.277373849131,
    1.286938474289,1.296503099447,1.306067724606,1.315632349764,
    1.325196974922,1.33476160008,1.344326225238,1.353890850397,
    1.363455475555,1.373020100713,1.382584725871,1.39214935103,
    1.401713976188,1.411278601346,1.420843226504),
  .QUASI_UNIFORM_KNOTS.);
#116 = CARTESIAN_POINT('',(1.83112939113,32.999999987165));
#117 = CARTESIAN_POINT('',(1.828888480716,33.116110300091));
#118 = CARTESIAN_POINT('',(1.824128603789,33.34657273344));
#119 = CARTESIAN_POINT('',(1.816144922934,33.686059264953));
#120 = CARTESIAN_POINT('',(1.807307756638,34.018436931292));
#121 = CARTESIAN_POINT('',(1.79760721474,34.342696205604));
#122 = CARTESIAN_POINT('',(1.787001528049,34.658577624661));
#123 = CARTESIAN_POINT('',(1.775483427654,34.964433282197));
#124 = CARTESIAN_POINT('',(1.763041874506,35.258702481948));
#125 = CARTESIAN_POINT('',(1.749669454287,35.539621468759));
#126 = CARTESIAN_POINT('',(1.735360842686,35.80529087342));
#127 = CARTESIAN_POINT('',(1.720113542639,36.053647027448));
#128 = CARTESIAN_POINT('',(1.703928743224,36.282452455501));
#129 = CARTESIAN_POINT('',(1.686809740642,36.489297522533));
#130 = CARTESIAN_POINT('',(1.668770362056,36.671529383703));
#131 = CARTESIAN_POINT('',(1.649806253208,36.826451031947));
#132 = CARTESIAN_POINT('',(1.630023669341,36.950368898977));
#133 = CARTESIAN_POINT('',(1.609642045931,37.039689605397));
#134 = CARTESIAN_POINT('',(1.5888640982,37.092058066862));
#135 = CARTESIAN_POINT('',(1.567902563453,37.106083501191));
#136 = CARTESIAN_POINT('',(1.546970467547,37.08140402189));
#137 = CARTESIAN_POINT('',(1.526280571939,37.018660026305));
#138 = CARTESIAN_POINT('',(1.506044663369,36.91952482302));
#139 = CARTESIAN_POINT('',(1.486464277998,36.786628511817));
#140 = CARTESIAN_POINT('',(1.467755728675,36.62388261833));
#141 = CARTESIAN_POINT('',(1.449968440169,36.434587879703));
#142 = CARTESIAN_POINT('',(1.433106561185,36.221433523638));
#143 = CARTESIAN_POINT('',(1.417179999746,35.987002206373));
#144 = CARTESIAN_POINT('',(1.402191673006,35.733655203167));
#145 = CARTESIAN_POINT('',(1.388141639432,35.46358074409));
#146 = CARTESIAN_POINT('',(1.375026596456,35.178796292238));
#147 = CARTESIAN_POINT('',(1.362840615586,34.881162545741));
#148 = CARTESIAN_POINT('',(1.351575204969,34.572387876917));
#149 = CARTESIAN_POINT('',(1.341220516351,34.254051209648));
#150 = CARTESIAN_POINT('',(1.331762376409,33.927553253272));
#151 = CARTESIAN_POINT('',(1.323160750063,33.593087827073));
#152 = CARTESIAN_POINT('',(1.315410928285,33.251807774976));
#153 = CARTESIAN_POINT('',(1.308501982192,32.904569451652));
#154 = CARTESIAN_POINT('',(1.302425775753,32.552211350945));
#155 = CARTESIAN_POINT('',(1.297174601819,32.195491263178));
#156 = CARTESIAN_POINT('',(1.292741874055,31.835114431308));
#157 = CARTESIAN_POINT('',(1.289122006765,31.471736014268));
#158 = CARTESIAN_POINT('',(1.286310518413,31.105972248335));
#159 = CARTESIAN_POINT('',(1.284304080693,30.738399528882));
#160 = CARTESIAN_POINT('',(1.283100587708,30.369590226348));
#161 = CARTESIAN_POINT('',(1.282699223782,30.000010852853));
#162 = CARTESIAN_POINT('',(1.283100540687,29.630431394001));
#163 = CARTESIAN_POINT('',(1.28430398678,29.261622036725));
#164 = CARTESIAN_POINT('',(1.286310376492,28.894049393425));
#165 = CARTESIAN_POINT('',(1.289121813863,28.528285913043));
#166 = CARTESIAN_POINT('',(1.292741625018,28.16490802156));
#167 = CARTESIAN_POINT('',(1.297174289526,27.804531939426));
#168 = CARTESIAN_POINT('',(1.302425391864,27.447812758581));
#169 = CARTESIAN_POINT('',(1.308501518606,27.095455600277));
#170 = CARTESIAN_POINT('',(1.315410379063,26.748218085596));
#171 = CARTESIAN_POINT('',(1.323160114991,26.406938469274));
#172 = CARTESIAN_POINT('',(1.331761662128,26.072472901819));
#173 = CARTESIAN_POINT('',(1.341219750541,25.745973708803));
#174 = CARTESIAN_POINT('',(1.351574391483,25.427635718538));
#175 = CARTESIAN_POINT('',(1.362839756948,25.11885965623));
#176 = CARTESIAN_POINT('',(1.375025695802,24.821224440506));
#177 = CARTESIAN_POINT('',(1.388140699998,24.536438444885));
#178 = CARTESIAN_POINT('',(1.402190698275,24.266362367713));
#179 = CARTESIAN_POINT('',(1.4171789934,24.013013673439));
#180 = CARTESIAN_POINT('',(1.433105527178,23.778580593602));
#181 = CARTESIAN_POINT('',(1.449967382509,23.565424407056));
#182 = CARTESIAN_POINT('',(1.467754652243,23.376127768893));
#183 = CARTESIAN_POINT('',(1.486463185505,23.21337992657));
#184 = CARTESIAN_POINT('',(1.506043567893,23.080481553485));
#185 = CARTESIAN_POINT('',(1.526279487722,22.981344248325));
#186 = CARTESIAN_POINT('',(1.546969407355,22.9185981848));
#187 = CARTESIAN_POINT('',(1.567901539087,22.893916733786));
#188 = CARTESIAN_POINT('',(1.588863120198,22.907940347191));
#189 = CARTESIAN_POINT('',(1.60964112349,22.960307184361));
#190 = CARTESIAN_POINT('',(1.630022810289,23.049626502037));
#191 = CARTESIAN_POINT('',(1.649805463688,23.17354324303));
#192 = CARTESIAN_POINT('',(1.668769647441,23.328464061899));
#193 = CARTESIAN_POINT('',(1.686809097063,23.510695316437));
#194 = CARTESIAN_POINT('',(1.703928167555,23.717539976856));
#195 = CARTESIAN_POINT('',(1.720113031263,23.946345174324));
#196 = CARTESIAN_POINT('',(1.735360391895,24.194701252811));
#197 = CARTESIAN_POINT('',(1.749669060245,24.460370717964));
#198 = CARTESIAN_POINT('',(1.763041533282,24.741289882929));
#199 = CARTESIAN_POINT('',(1.775483135362,25.035559366057));
#200 = CARTESIAN_POINT('',(1.787001280473,25.341415384929));
#201 = CARTESIAN_POINT('',(1.797607008861,25.657297278097));
#202 = CARTESIAN_POINT('',(1.807307585053,25.981556948631));
#203 = CARTESIAN_POINT('',(1.816144807649,26.3139360445));
#204 = CARTESIAN_POINT('',(1.824128549211,26.653424694262));
#205 = CARTESIAN_POINT('',(1.828888464135,26.883888826258));
#206 = CARTESIAN_POINT('',(1.831129391126,27.000000012887));
#207 = ( GEOMETRIC_REPRESENTATION_CONTEXT(2) 
PARAMETRIC_REPRESENTATION_CONTEXT() REPRESENTATION_CONTEXT('2D SPACE',''
  ) );
#208 = PCURVE('',#209,#214);
#209 = CYLINDRICAL_SURFACE('',#210,7.1);
#210 = AXIS2_PLACEMENT_3D('',#211,#212,#213);
#211 = CARTESIAN_POINT('',(0.,0.,0.));
#212 = DIRECTION('',(0.,0.,1.));
#213 = DIRECTION('',(1.,0.,-0.));
#214 = DEFINITIONAL_REPRESENTATION('',(#215),#307);
#215 = B_SPLINE_CURVE_WITH_KNOTS('',3,(#216,#217,#218,#219,#220,#221,
    #222,#223,#224,#225,#226,#227,#228,#229,#230,#231,#232,#233,#234,
    #235,#236,#237,#238,#239,#240,#241,#242,#243,#244,#245,#246,#247,
    #248,#249,#250,#251,#252,#253,#254,#255,#256,#257,#258,#259,#260,
    #261,#262,#263,#264,#265,#266,#267,#268,#269,#270,#271,#272,#273,
    #274,#275,#276,#277,#278,#279,#280,#281,#282,#283,#284,#285,#286,
    #287,#288,#289,#290,#291,#292,#293,#294,#295,#296,#297,#298,#299,
    #300,#301,#302,#303,#304,#305,#306),.UNSPECIFIED.,.F.,.F.,(4,1,1,1,1
    ,1,1,1,1,1,1,1,1,1,1,1,1,1,1,1,1,1,1,1,1,1,1,1,1,1,1,1,1,1,1,1,1,1,1
    ,1,1,1,1,1,1,1,1,1,1,1,1,1,1,1,1,1,1,1,1,1,1,1,1,1,1,1,1,1,1,1,1,1,1
    ,1,1,1,1,1,1,1,1,1,1,1,1,1,1,1,4),(0.57915621258,0.588720837739,
    0.598285462897,0.607850088055,0.617414713213,0.626979338371,
    0.63654396353,0.646108588688,0.655673213846,0.665237839004,
    0.674802464163,0.684367089321,0.693931714479,0.703496339637,
    0.713060964796,0.722625589954,0.732190215112,0.74175484027,
    0.751319465428,0.760884090587,0.770448715745,0.780013340903,
    0.789577966061,0.79914259122,0.808707216378,0.818271841536,
    0.827836466694,0.837401091852,0.846965717011,0.856530342169,
    0.866094967327,0.875659592485,0.885224217644,0.894788842802,
    0.90435346796,0.913918093118,0.923482718276,0.933047343435,
    0.942611968593,0.952176593751,0.961741218909,0.971305844068,
    0.980870469226,0.990435094384,0.999999719542,1.009564344701,
    1.019128969859,1.028693595017,1.038258220175,1.047822845333,
    1.057387470492,1.06695209565,1.076516720808,1.086081345966,
    1.095645971125,1.105210596283,1.114775221441,1.124339846599,
    1.133904471757,1.143469096916,1.153033722074,1.162598347232,
    1.17216297239,1.181727597549,1.191292222707,1.200856847865,
    1.210421473023,1.219986098182,1.22955072334,1.239115348498,
    1.248679973656,1.258244598814,1.267809223973,1.277373849131,
    1.286938474289,1.296503099447,1.306067724606,1.315632349764,
    1.325196974922,1.33476160008,1.344326225238,1.353890850397,
    1.363455475555,1.373020100713,1.382584725871,1.39214935103,
    1.401713976188,1.411278601346,1.420843226504),
  .QUASI_UNIFORM_KNOTS.);
#216 = CARTESIAN_POINT('',(3.577833332394,10.357607503375));
#217 = CARTESIAN_POINT('',(3.595878041074,10.372022811903));
#218 = CARTESIAN_POINT('',(3.632144696464,10.402298025651));
#219 = CARTESIAN_POINT('',(3.687154602223,10.451602522819));
#220 = CARTESIAN_POINT('',(3.742851351978,10.504379863389));
#221 = CARTESIAN_POINT('',(3.799316372482,10.560129732862));
#222 = CARTESIAN_POINT('',(3.856794872842,10.618461277755));
#223 = CARTESIAN_POINT('',(3.915324479357,10.678700532733));
#224 = CARTESIAN_POINT('',(3.974982141498,10.740122320888));
#225 = CARTESIAN_POINT('',(4.035838621993,10.801904995486));
#226 = CARTESIAN_POINT('',(4.09797176879,10.863141800139));
#227 = CARTESIAN_POINT('',(4.161464748347,10.922839092201));
#228 = CARTESIAN_POINT('',(4.226406024921,10.979918901815));
#229 = CARTESIAN_POINT('',(4.292898173807,11.033227917456));
#230 = CARTESIAN_POINT('',(4.361030969312,11.081529287492));
#231 = CARTESIAN_POINT('',(4.430990654595,11.12357181417));
#232 = CARTESIAN_POINT('',(4.502595830402,11.157847661683));
#233 = CARTESIAN_POINT('',(4.575326344351,11.18290918395));
#234 = CARTESIAN_POINT('',(4.64878365314,11.197740323359));
#235 = CARTESIAN_POINT('',(4.722569933277,11.201729685142));
#236 = CARTESIAN_POINT('',(4.796303650889,11.194714779141));
#237 = CARTESIAN_POINT('',(4.869601529715,11.176982068021));
#238 = CARTESIAN_POINT('',(4.942060759234,11.149262432045));
#239 = CARTESIAN_POINT('',(5.013273471413,11.112678970862));
#240 = CARTESIAN_POINT('',(5.082708915051,11.068779850437));
#241 = CARTESIAN_POINT('',(5.150379856426,11.018970738095));
#242 = CARTESIAN_POINT('',(5.216433417849,10.96450210356));
#243 = CARTESIAN_POINT('',(5.280965991613,10.906588126594));
#244 = CARTESIAN_POINT('',(5.344075227043,10.846362118316));
#245 = CARTESIAN_POINT('',(5.405848239306,10.784879154291));
#246 = CARTESIAN_POINT('',(5.466366552649,10.723109117354));
#247 = CARTESIAN_POINT('',(5.525705996745,10.66193535894));
#248 = CARTESIAN_POINT('',(5.583938876717,10.602152720566));
#249 = CARTESIAN_POINT('',(5.641131444519,10.544472514708));
#250 = CARTESIAN_POINT('',(5.697357602098,10.489508101196));
#251 = CARTESIAN_POINT('',(5.752862065872,10.437636506961));
#252 = CARTESIAN_POINT('',(5.807695116344,10.389366178108));
#253 = CARTESIAN_POINT('',(5.861941592777,10.345109189441));
#254 = CARTESIAN_POINT('',(5.915672935807,10.30523439852));
#255 = CARTESIAN_POINT('',(5.968960893969,10.270057302906));
#256 = CARTESIAN_POINT('',(6.021874551463,10.239846530367));
#257 = CARTESIAN_POINT('',(6.074481830346,10.214825521796));
#258 = CARTESIAN_POINT('',(6.126849403633,10.195175128708));
#259 = CARTESIAN_POINT('',(6.179044310219,10.181035568575));
#260 = CARTESIAN_POINT('',(6.23113034192,10.172508133742));
#261 = CARTESIAN_POINT('',(6.283183779298,10.169656518197));
#262 = CARTESIAN_POINT('',(6.335237224563,10.172507799935));
#263 = CARTESIAN_POINT('',(6.387323251593,10.181034904516));
#264 = CARTESIAN_POINT('',(6.439518126491,10.195174131937));
#265 = CARTESIAN_POINT('',(6.491885628942,10.214824179909));
#266 = CARTESIAN_POINT('',(6.544492791565,10.239844819543));
#267 = CARTESIAN_POINT('',(6.59740628684,10.270055190617));
#268 = CARTESIAN_POINT('',(6.650694043088,10.305231850266));
#269 = CARTESIAN_POINT('',(6.704425158906,10.34510617987));
#270 = CARTESIAN_POINT('',(6.758671405266,10.389362704383));
#271 = CARTESIAN_POINT('',(6.813504259218,10.437632609639));
#272 = CARTESIAN_POINT('',(6.86900859406,10.489503868499));
#273 = CARTESIAN_POINT('',(6.925234789078,10.544468154094));
#274 = CARTESIAN_POINT('',(6.982427397163,10.602148293629));
#275 = CARTESIAN_POINT('',(7.040660315541,10.661930922802));
#276 = CARTESIAN_POINT('',(7.099999797706,10.723104733125));
#277 = CARTESIAN_POINT('',(7.160518148579,10.784874884032));
#278 = CARTESIAN_POINT('',(7.222291198069,10.84635802499));
#279 = CARTESIAN_POINT('',(7.28540047045,10.906584273056));
#280 = CARTESIAN_POINT('',(7.349933081136,10.964498551805));
#281 = CARTESIAN_POINT('',(7.415986678865,11.018967547839));
#282 = CARTESIAN_POINT('',(7.483657658267,11.068777079497));
#283 = CARTESIAN_POINT('',(7.553093132892,11.112676668407));
#284 = CARTESIAN_POINT('',(7.62430590568,11.149260660519));
#285 = CARTESIAN_POINT('',(7.696765226679,11.176980864732));
#286 = CARTESIAN_POINT('',(7.770063221637,11.194714152871));
#287 = CARTESIAN_POINT('',(7.843797077037,11.201729618244));
#288 = CARTESIAN_POINT('',(7.917583513774,11.197740774022));
#289 = CARTESIAN_POINT('',(7.991040995837,11.182910089871));
#290 = CARTESIAN_POINT('',(8.06377169832,11.157848944135));
#291 = CARTESIAN_POINT('',(8.13537707589,11.123573383938));
#292 = CARTESIAN_POINT('',(8.205336978261,11.081531046468));
#293 = CARTESIAN_POINT('',(8.273469975922,11.033229790015));
#294 = CARTESIAN_POINT('',(8.339962316851,10.979920821358));
#295 = CARTESIAN_POINT('',(8.404903775444,10.922841002199));
#296 = CARTESIAN_POINT('',(8.46839692814,10.863143653576));
#297 = CARTESIAN_POINT('',(8.530530239948,10.801906754458));
#298 = CARTESIAN_POINT('',(8.591386877881,10.740123956198));
#299 = CARTESIAN_POINT('',(8.651044691052,10.678702022591));
#300 = CARTESIAN_POINT('',(8.709574440636,10.618462609545));
#301 = CARTESIAN_POINT('',(8.767053084433,10.560130893195));
#302 = CARTESIAN_POINT('',(8.823518219922,10.504380871775));
#303 = CARTESIAN_POINT('',(8.879215243569,10.451603227136));
#304 = CARTESIAN_POINT('',(8.934225510898,10.402298370982));
#305 = CARTESIAN_POINT('',(8.97049243806,10.372022919226));
#306 = CARTESIAN_POINT('',(8.988537281966,10.357607503425));
#307 = ( GEOMETRIC_REPRESENTATION_CONTEXT(2) 
PARAMETRIC_REPRESENTATION_CONTEXT() REPRESENTATION_CONTEXT('2D SPACE',''
  ) );
#308 = ORIENTED_EDGE('',*,*,#309,.T.);
#309 = EDGE_CURVE('',#42,#310,#312,.T.);
#310 = VERTEX_POINT('',#311);
#311 = CARTESIAN_POINT('',(-12.00829064384,3.,8.127173913043));
#312 = SURFACE_CURVE('',#313,(#318,#325),.PCURVE_S1.);
#313 = CIRCLE('',#314,25.);
#314 = AXIS2_PLACEMENT_3D('',#315,#316,#317);
#315 = CARTESIAN_POINT('',(0.,3.,-13.8));
#316 = DIRECTION('',(0.,-1.,2.22044604925E-16));
#317 = DIRECTION('',(1.,0.,0.));
#318 = PCURVE('',#109,#319);
#319 = DEFINITIONAL_REPRESENTATION('',(#320),#324);
#320 = LINE('',#321,#322);
#321 = CARTESIAN_POINT('',(0.,27.));
#322 = VECTOR('',#323,1.);
#323 = DIRECTION('',(1.,0.));
#324 = ( GEOMETRIC_REPRESENTATION_CONTEXT(2) 
PARAMETRIC_REPRESENTATION_CONTEXT() REPRESENTATION_CONTEXT('2D SPACE',''
  ) );
#325 = PCURVE('',#326,#331);
#326 = PLANE('',#327);
#327 = AXIS2_PLACEMENT_3D('',#328,#329,#330);
#328 = CARTESIAN_POINT('',(0.,3.,-6.661338147751E-16));
#329 = DIRECTION('',(0.,-1.,2.22044604925E-16));
#330 = DIRECTION('',(1.,0.,0.));
#331 = DEFINITIONAL_REPRESENTATION('',(#332),#336);
#332 = CIRCLE('',#333,25.);
#333 = AXIS2_PLACEMENT_2D('',#334,#335);
#334 = CARTESIAN_POINT('',(0.,-13.8));
#335 = DIRECTION('',(1.,0.));
#336 = ( GEOMETRIC_REPRESENTATION_CONTEXT(2) 
PARAMETRIC_REPRESENTATION_CONTEXT() REPRESENTATION_CONTEXT('2D SPACE',''
  ) );
#337 = ORIENTED_EDGE('',*,*,#338,.T.);
#338 = EDGE_CURVE('',#310,#339,#341,.T.);
#339 = VERTEX_POINT('',#340);
#340 = CARTESIAN_POINT('',(-12.00829064384,-3.,8.127173913043));
#341 = SURFACE_CURVE('',#342,(#346,#352),.PCURVE_S1.);
#342 = LINE('',#343,#344);
#343 = CARTESIAN_POINT('',(-12.00829064384,30.,8.127173913043));
#344 = VECTOR('',#345,1.);
#345 = DIRECTION('',(0.,-1.,2.22044604925E-16));
#346 = PCURVE('',#109,#347);
#347 = DEFINITIONAL_REPRESENTATION('',(#348),#351);
#348 = B_SPLINE_CURVE_WITH_KNOTS('',1,(#349,#350),.UNSPECIFIED.,.F.,.F.,
  (2,2),(26.9999994,33.0000006),.PIECEWISE_BEZIER_KNOTS.);
#349 = CARTESIAN_POINT('',(2.071829099131,26.9999994));
#350 = CARTESIAN_POINT('',(2.071829099131,33.0000006));
#351 = ( GEOMETRIC_REPRESENTATION_CONTEXT(2) 
PARAMETRIC_REPRESENTATION_CONTEXT() REPRESENTATION_CONTEXT('2D SPACE',''
  ) );
#352 = PCURVE('',#353,#358);
#353 = CYLINDRICAL_SURFACE('',#354,14.5);
#354 = AXIS2_PLACEMENT_3D('',#355,#356,#357);
#355 = CARTESIAN_POINT('',(0.,3.,-6.661338147751E-16));
#356 = DIRECTION('',(0.,-1.,2.22044604925E-16));
#357 = DIRECTION('',(1.,0.,0.));
#358 = DEFINITIONAL_REPRESENTATION('',(#359),#362);
#359 = B_SPLINE_CURVE_WITH_KNOTS('',1,(#360,#361),.UNSPECIFIED.,.F.,.F.,
  (2,2),(26.9999994,33.0000006),.PIECEWISE_BEZIER_KNOTS.);
#360 = CARTESIAN_POINT('',(2.546609560938,-5.999999999062E-07));
#361 = CARTESIAN_POINT('',(2.546609560938,6.0000006));
#362 = ( GEOMETRIC_REPRESENTATION_CONTEXT(2) 
PARAMETRIC_REPRESENTATION_CONTEXT() REPRESENTATION_CONTEXT('2D SPACE',''
  ) );
#363 = ORIENTED_EDGE('',*,*,#364,.F.);
#364 = EDGE_CURVE('',#365,#339,#367,.T.);
#365 = VERTEX_POINT('',#366);
#366 = CARTESIAN_POINT('',(-6.435060217278,-3.,10.357607497432));
#367 = SURFACE_CURVE('',#368,(#373,#380),.PCURVE_S1.);
#368 = CIRCLE('',#369,25.);
#369 = AXIS2_PLACEMENT_3D('',#370,#371,#372);
#370 = CARTESIAN_POINT('',(0.,-3.,-13.8));
#371 = DIRECTION('',(0.,-1.,2.22044604925E-16));
#372 = DIRECTION('',(1.,0.,0.));
#373 = PCURVE('',#109,#374);
#374 = DEFINITIONAL_REPRESENTATION('',(#375),#379);
#375 = LINE('',#376,#377);
#376 = CARTESIAN_POINT('',(0.,33.));
#377 = VECTOR('',#378,1.);
#378 = DIRECTION('',(1.,0.));
#379 = ( GEOMETRIC_REPRESENTATION_CONTEXT(2) 
PARAMETRIC_REPRESENTATION_CONTEXT() REPRESENTATION_CONTEXT('2D SPACE',''
  ) );
#380 = PCURVE('',#381,#386);
#381 = PLANE('',#382);
#382 = AXIS2_PLACEMENT_3D('',#383,#384,#385);
#383 = CARTESIAN_POINT('',(0.,-3.,6.661338147751E-16));
#384 = DIRECTION('',(0.,-1.,2.22044604925E-16));
#385 = DIRECTION('',(1.,0.,0.));
#386 = DEFINITIONAL_REPRESENTATION('',(#387),#391);
#387 = CIRCLE('',#388,25.);
#388 = AXIS2_PLACEMENT_2D('',#389,#390);
#389 = CARTESIAN_POINT('',(0.,-13.8));
#390 = DIRECTION('',(1.,0.));
#391 = ( GEOMETRIC_REPRESENTATION_CONTEXT(2) 
PARAMETRIC_REPRESENTATION_CONTEXT() REPRESENTATION_CONTEXT('2D SPACE',''
  ) );
#392 = ORIENTED_EDGE('',*,*,#393,.T.);
#393 = EDGE_CURVE('',#365,#394,#396,.T.);
#394 = VERTEX_POINT('',#395);
#395 = CARTESIAN_POINT('',(-3.155946768143,-6.360031440225,11.));
#396 = SURFACE_CURVE('',#397,(#460,#555),.PCURVE_S1.);
#397 = B_SPLINE_CURVE_WITH_KNOTS('',7,(#398,#399,#400,#401,#402,#403,
    #404,#405,#406,#407,#408,#409,#410,#411,#412,#413,#414,#415,#416,
    #417,#418,#419,#420,#421,#422,#423,#424,#425,#426,#427,#428,#429,
    #430,#431,#432,#433,#434,#435,#436,#437,#438,#439,#440,#441,#442,
    #443,#444,#445,#446,#447,#448,#449,#450,#451,#452,#453,#454,#455,
    #456,#457,#458,#459),.UNSPECIFIED.,.F.,.F.,(8,6,6,6,6,6,6,6,6,6,8),(
    0.57915621258,0.611672674253,0.707353190519,0.792647727885,
    0.888328244151,1.,1.111671940039,1.207352262045,1.292646626237,
    1.388326948265,1.420843226504),.UNSPECIFIED.);
#398 = CARTESIAN_POINT('',(-6.435060191331,-2.999999987165,
    10.357607503375));
#399 = CARTESIAN_POINT('',(-6.356188219864,-3.169181946875,
    10.378617277571));
#400 = CARTESIAN_POINT('',(-6.271685424132,-3.33689199156,
    10.400805237149));
#401 = CARTESIAN_POINT('',(-6.181495234659,-3.502978342577,
    10.424104934657));
#402 = CARTESIAN_POINT('',(-6.085556018033,-3.667278424406,
    10.448441752219));
#403 = CARTESIAN_POINT('',(-5.983801468769,-3.829617221269,
    10.473732338618));
#404 = CARTESIAN_POINT('',(-5.876161028599,-3.989805469303,
    10.499883967236));
#405 = CARTESIAN_POINT('',(-5.428287459721,-4.612062926885,
    10.605976799992));
#406 = CARTESIAN_POINT('',(-5.040942050396,-5.058125367753,
    10.692071979466));
#407 = CARTESIAN_POINT('',(-4.598363135031,-5.47949049382,
    10.782435450358));
#408 = CARTESIAN_POINT('',(-4.098753726491,-5.86830769996,
    10.873440254386));
#409 = CARTESIAN_POINT('',(-3.541007601226,-6.215015265851,
    10.960383786536));
#410 = CARTESIAN_POINT('',(-2.925289802022,-6.507968402609,
    11.037408276153));
#411 = CARTESIAN_POINT('',(-1.655791787044,-6.932998613641,
    11.152340095013));
#412 = CARTESIAN_POINT('',(-1.012584634221,-7.079358751182,
    11.193658507137));
#413 = CARTESIAN_POINT('',(-0.340816634807,-7.156279915635,
    11.216246168544));
#414 = CARTESIAN_POINT('',(0.340816634805,-7.156279915637,
    11.216246168544));
#415 = CARTESIAN_POINT('',(1.012584634225,-7.079358751181,
    11.193658507137));
#416 = CARTESIAN_POINT('',(1.655791787042,-6.932998613641,
    11.152340095013));
#417 = CARTESIAN_POINT('',(2.925289802022,-6.507968402609,
    11.037408276153));
#418 = CARTESIAN_POINT('',(3.541007601226,-6.215015265851,
    10.960383786536));
#419 = CARTESIAN_POINT('',(4.098753726491,-5.86830769996,10.873440254386
    ));
#420 = CARTESIAN_POINT('',(4.598363135031,-5.47949049382,10.782435450358
    ));
#421 = CARTESIAN_POINT('',(5.040942050396,-5.058125367753,
    10.692071979466));
#422 = CARTESIAN_POINT('',(5.428287459721,-4.612062926886,
    10.605976799992));
#423 = CARTESIAN_POINT('',(6.152700808775,-3.605592261625,
    10.434376889598));
#424 = CARTESIAN_POINT('',(6.472545641967,-3.035754905327,10.35090239721
    ));
#425 = CARTESIAN_POINT('',(6.725102644617,-2.446451929933,
    10.280535281247));
#426 = CARTESIAN_POINT('',(6.912855871414,-1.843750991844,
    10.226038208887));
#427 = CARTESIAN_POINT('',(7.037542081282,-1.23240925498,10.189106828055
    ));
#428 = CARTESIAN_POINT('',(7.1,-0.616527187008,10.170607001075));
#429 = CARTESIAN_POINT('',(7.1,0.616528203902,10.170607001075));
#430 = CARTESIAN_POINT('',(7.037541873235,1.232411621325,10.189106890387
    ));
#431 = CARTESIAN_POINT('',(6.91285514366,1.843753745943,10.226038421322)
  );
#432 = CARTESIAN_POINT('',(6.725101659354,2.446453584478,10.280535573503
    ));
#433 = CARTESIAN_POINT('',(6.472545489244,3.035754189333,10.350902377347
    ));
#434 = CARTESIAN_POINT('',(6.152702244375,3.60559026706,10.434376549531)
  );
#435 = CARTESIAN_POINT('',(5.428287459721,4.612062926886,10.605976799992
    ));
#436 = CARTESIAN_POINT('',(5.040942050396,5.058125367752,10.692071979466
    ));
#437 = CARTESIAN_POINT('',(4.598363135031,5.479490493821,10.782435450358
    ));
#438 = CARTESIAN_POINT('',(4.098753726491,5.868307699959,10.873440254385
    ));
#439 = CARTESIAN_POINT('',(3.541007601225,6.215015265851,10.960383786536
    ));
#440 = CARTESIAN_POINT('',(2.925289802022,6.507968402609,11.037408276153
    ));
#441 = CARTESIAN_POINT('',(1.655791787043,6.932998613641,11.152340095013
    ));
#442 = CARTESIAN_POINT('',(1.012584634222,7.079358751182,11.193658507137
    ));
#443 = CARTESIAN_POINT('',(0.340816634809,7.156279915636,11.216246168544
    ));
#444 = CARTESIAN_POINT('',(-0.340816634808,7.156279915636,
    11.216246168544));
#445 = CARTESIAN_POINT('',(-1.012584634223,7.079358751182,
    11.193658507137));
#446 = CARTESIAN_POINT('',(-1.655791787042,6.932998613641,
    11.152340095013));
#447 = CARTESIAN_POINT('',(-2.925289802179,6.507968402557,
    11.037408276139));
#448 = CARTESIAN_POINT('',(-3.541007601241,6.215015265805,
    10.960383786525));
#449 = CARTESIAN_POINT('',(-4.098753726375,5.868307700013,
    10.873440254402));
#450 = CARTESIAN_POINT('',(-4.598363134932,5.479490493927,
    10.782435450382));
#451 = CARTESIAN_POINT('',(-5.040942050422,5.058125367771,
    10.692071979463));
#452 = CARTESIAN_POINT('',(-5.428287459819,4.612062926749,
    10.605976799969));
#453 = CARTESIAN_POINT('',(-5.876160618333,3.98980603931,10.49988406442)
  );
#454 = CARTESIAN_POINT('',(-5.983800903806,3.829618083451,
    10.473732477109));
#455 = CARTESIAN_POINT('',(-6.085555460646,3.667279354818,
    10.448441892661));
#456 = CARTESIAN_POINT('',(-6.18149477859,3.502979172468,10.424105052166
    ));
#457 = CARTESIAN_POINT('',(-6.271685114583,3.3368926038,10.400805318388)
  );
#458 = CARTESIAN_POINT('',(-6.35618806923,3.169182269786,10.37861731772)
  );
#459 = CARTESIAN_POINT('',(-6.435060191232,2.999999987113,
    10.357607503425));
#460 = PCURVE('',#109,#461);
#461 = DEFINITIONAL_REPRESENTATION('',(#462),#554);
#462 = B_SPLINE_CURVE_WITH_KNOTS('',3,(#463,#464,#465,#466,#467,#468,
    #469,#470,#471,#472,#473,#474,#475,#476,#477,#478,#479,#480,#481,
    #482,#483,#484,#485,#486,#487,#488,#489,#490,#491,#492,#493,#494,
    #495,#496,#497,#498,#499,#500,#501,#502,#503,#504,#505,#506,#507,
    #508,#509,#510,#511,#512,#513,#514,#515,#516,#517,#518,#519,#520,
    #521,#522,#523,#524,#525,#526,#527,#528,#529,#530,#531,#532,#533,
    #534,#535,#536,#537,#538,#539,#540,#541,#542,#543,#544,#545,#546,
    #547,#548,#549,#550,#551,#552,#553),.UNSPECIFIED.,.F.,.F.,(4,1,1,1,1
    ,1,1,1,1,1,1,1,1,1,1,1,1,1,1,1,1,1,1,1,1,1,1,1,1,1,1,1,1,1,1,1,1,1,1
    ,1,1,1,1,1,1,1,1,1,1,1,1,1,1,1,1,1,1,1,1,1,1,1,1,1,1,1,1,1,1,1,1,1,1
    ,1,1,1,1,1,1,1,1,1,1,1,1,1,1,1,4),(0.57915621258,0.588720837739,
    0.598285462897,0.607850088055,0.617414713213,0.626979338371,
    0.63654396353,0.646108588688,0.655673213846,0.665237839004,
    0.674802464163,0.684367089321,0.693931714479,0.703496339637,
    0.713060964796,0.722625589954,0.732190215112,0.74175484027,
    0.751319465428,0.760884090587,0.770448715745,0.780013340903,
    0.789577966061,0.79914259122,0.808707216378,0.818271841536,
    0.827836466694,0.837401091852,0.846965717011,0.856530342169,
    0.866094967327,0.875659592485,0.885224217644,0.894788842802,
    0.90435346796,0.913918093118,0.923482718276,0.933047343435,
    0.942611968593,0.952176593751,0.961741218909,0.971305844068,
    0.980870469226,0.990435094384,0.999999719542,1.009564344701,
    1.019128969859,1.028693595017,1.038258220175,1.047822845333,
    1.057387470492,1.06695209565,1.076516720808,1.086081345966,
    1.095645971125,1.105210596283,1.114775221441,1.124339846599,
    1.133904471757,1.143469096916,1.153033722074,1.162598347232,
    1.17216297239,1.181727597549,1.191292222707,1.200856847865,
    1.210421473023,1.219986098182,1.22955072334,1.239115348498,
    1.248679973656,1.258244598814,1.267809223973,1.277373849131,
    1.286938474289,1.296503099447,1.306067724606,1.315632349764,
    1.325196974922,1.33476160008,1.344326225238,1.353890850397,
    1.363455475555,1.373020100713,1.382584725871,1.39214935103,
    1.401713976188,1.411278601346,1.420843226504),
  .QUASI_UNIFORM_KNOTS.);
#463 = CARTESIAN_POINT('',(1.83112939113,32.999999987165));
#464 = CARTESIAN_POINT('',(1.828888480716,33.116110300091));
#465 = CARTESIAN_POINT('',(1.824128603789,33.34657273344));
#466 = CARTESIAN_POINT('',(1.816144922934,33.686059264953));
#467 = CARTESIAN_POINT('',(1.807307756638,34.018436931292));
#468 = CARTESIAN_POINT('',(1.79760721474,34.342696205604));
#469 = CARTESIAN_POINT('',(1.787001528049,34.658577624661));
#470 = CARTESIAN_POINT('',(1.775483427654,34.964433282197));
#471 = CARTESIAN_POINT('',(1.763041874506,35.258702481948));
#472 = CARTESIAN_POINT('',(1.749669454287,35.539621468759));
#473 = CARTESIAN_POINT('',(1.735360842686,35.80529087342));
#474 = CARTESIAN_POINT('',(1.720113542639,36.053647027448));
#475 = CARTESIAN_POINT('',(1.703928743224,36.282452455501));
#476 = CARTESIAN_POINT('',(1.686809740642,36.489297522533));
#477 = CARTESIAN_POINT('',(1.668770362056,36.671529383703));
#478 = CARTESIAN_POINT('',(1.649806253208,36.826451031947));
#479 = CARTESIAN_POINT('',(1.630023669341,36.950368898977));
#480 = CARTESIAN_POINT('',(1.609642045931,37.039689605397));
#481 = CARTESIAN_POINT('',(1.5888640982,37.092058066862));
#482 = CARTESIAN_POINT('',(1.567902563453,37.106083501191));
#483 = CARTESIAN_POINT('',(1.546970467547,37.08140402189));
#484 = CARTESIAN_POINT('',(1.526280571939,37.018660026305));
#485 = CARTESIAN_POINT('',(1.506044663369,36.91952482302));
#486 = CARTESIAN_POINT('',(1.486464277998,36.786628511817));
#487 = CARTESIAN_POINT('',(1.467755728675,36.62388261833));
#488 = CARTESIAN_POINT('',(1.449968440169,36.434587879703));
#489 = CARTESIAN_POINT('',(1.433106561185,36.221433523638));
#490 = CARTESIAN_POINT('',(1.417179999746,35.987002206373));
#491 = CARTESIAN_POINT('',(1.402191673006,35.733655203167));
#492 = CARTESIAN_POINT('',(1.388141639432,35.46358074409));
#493 = CARTESIAN_POINT('',(1.375026596456,35.178796292238));
#494 = CARTESIAN_POINT('',(1.362840615586,34.881162545741));
#495 = CARTESIAN_POINT('',(1.351575204969,34.572387876917));
#496 = CARTESIAN_POINT('',(1.341220516351,34.254051209648));
#497 = CARTESIAN_POINT('',(1.331762376409,33.927553253272));
#498 = CARTESIAN_POINT('',(1.323160750063,33.593087827073));
#499 = CARTESIAN_POINT('',(1.315410928285,33.251807774976));
#500 = CARTESIAN_POINT('',(1.308501982192,32.904569451652));
#501 = CARTESIAN_POINT('',(1.302425775753,32.552211350945));
#502 = CARTESIAN_POINT('',(1.297174601819,32.195491263178));
#503 = CARTESIAN_POINT('',(1.292741874055,31.835114431308));
#504 = CARTESIAN_POINT('',(1.289122006765,31.471736014268));
#505 = CARTESIAN_POINT('',(1.286310518413,31.105972248335));
#506 = CARTESIAN_POINT('',(1.284304080693,30.738399528882));
#507 = CARTESIAN_POINT('',(1.283100587708,30.369590226348));
#508 = CARTESIAN_POINT('',(1.282699223782,30.000010852853));
#509 = CARTESIAN_POINT('',(1.283100540687,29.630431394001));
#510 = CARTESIAN_POINT('',(1.28430398678,29.261622036725));
#511 = CARTESIAN_POINT('',(1.286310376492,28.894049393425));
#512 = CARTESIAN_POINT('',(1.289121813863,28.528285913043));
#513 = CARTESIAN_POINT('',(1.292741625018,28.16490802156));
#514 = CARTESIAN_POINT('',(1.297174289526,27.804531939426));
#515 = CARTESIAN_POINT('',(1.302425391864,27.447812758581));
#516 = CARTESIAN_POINT('',(1.308501518606,27.095455600277));
#517 = CARTESIAN_POINT('',(1.315410379063,26.748218085596));
#518 = CARTESIAN_POINT('',(1.323160114991,26.406938469274));
#519 = CARTESIAN_POINT('',(1.331761662128,26.072472901819));
#520 = CARTESIAN_POINT('',(1.341219750541,25.745973708803));
#521 = CARTESIAN_POINT('',(1.351574391483,25.427635718538));
#522 = CARTESIAN_POINT('',(1.362839756948,25.11885965623));
#523 = CARTESIAN_POINT('',(1.375025695802,24.821224440506));
#524 = CARTESIAN_POINT('',(1.388140699998,24.536438444885));
#525 = CARTESIAN_POINT('',(1.402190698275,24.266362367713));
#526 = CARTESIAN_POINT('',(1.4171789934,24.013013673439));
#527 = CARTESIAN_POINT('',(1.433105527178,23.778580593602));
#528 = CARTESIAN_POINT('',(1.449967382509,23.565424407056));
#529 = CARTESIAN_POINT('',(1.467754652243,23.376127768893));
#530 = CARTESIAN_POINT('',(1.486463185505,23.21337992657));
#531 = CARTESIAN_POINT('',(1.506043567893,23.080481553485));
#532 = CARTESIAN_POINT('',(1.526279487722,22.981344248325));
#533 = CARTESIAN_POINT('',(1.546969407355,22.9185981848));
#534 = CARTESIAN_POINT('',(1.567901539087,22.893916733786));
#535 = CARTESIAN_POINT('',(1.588863120198,22.907940347191));
#536 = CARTESIAN_POINT('',(1.60964112349,22.960307184361));
#537 = CARTESIAN_POINT('',(1.630022810289,23.049626502037));
#538 = CARTESIAN_POINT('',(1.649805463688,23.17354324303));
#539 = CARTESIAN_POINT('',(1.668769647441,23.328464061899));
#540 = CARTESIAN_POINT('',(1.686809097063,23.510695316437));
#541 = CARTESIAN_POINT('',(1.703928167555,23.717539976856));
#542 = CARTESIAN_POINT('',(1.720113031263,23.946345174324));
#543 = CARTESIAN_POINT('',(1.735360391895,24.194701252811));
#544 = CARTESIAN_POINT('',(1.749669060245,24.460370717964));
#545 = CARTESIAN_POINT('',(1.763041533282,24.741289882929));
#546 = CARTESIAN_POINT('',(1.775483135362,25.035559366057));
#547 = CARTESIAN_POINT('',(1.787001280473,25.341415384929));
#548 = CARTESIAN_POINT('',(1.797607008861,25.657297278097));
#549 = CARTESIAN_POINT('',(1.807307585053,25.981556948631));
#550 = CARTESIAN_POINT('',(1.816144807649,26.3139360445));
#551 = CARTESIAN_POINT('',(1.824128549211,26.653424694262));
#552 = CARTESIAN_POINT('',(1.828888464135,26.883888826258));
#553 = CARTESIAN_POINT('',(1.831129391126,27.000000012887));
#554 = ( GEOMETRIC_REPRESENTATION_CONTEXT(2) 
PARAMETRIC_REPRESENTATION_CONTEXT() REPRESENTATION_CONTEXT('2D SPACE',''
  ) );
#555 = PCURVE('',#209,#556);
#556 = DEFINITIONAL_REPRESENTATION('',(#557),#649);
#557 = B_SPLINE_CURVE_WITH_KNOTS('',3,(#558,#559,#560,#561,#562,#563,
    #564,#565,#566,#567,#568,#569,#570,#571,#572,#573,#574,#575,#576,
    #577,#578,#579,#580,#581,#582,#583,#584,#585,#586,#587,#588,#589,
    #590,#591,#592,#593,#594,#595,#596,#597,#598,#599,#600,#601,#602,
    #603,#604,#605,#606,#607,#608,#609,#610,#611,#612,#613,#614,#615,
    #616,#617,#618,#619,#620,#621,#622,#623,#624,#625,#626,#627,#628,
    #629,#630,#631,#632,#633,#634,#635,#636,#637,#638,#639,#640,#641,
    #642,#643,#644,#645,#646,#647,#648),.UNSPECIFIED.,.F.,.F.,(4,1,1,1,1
    ,1,1,1,1,1,1,1,1,1,1,1,1,1,1,1,1,1,1,1,1,1,1,1,1,1,1,1,1,1,1,1,1,1,1
    ,1,1,1,1,1,1,1,1,1,1,1,1,1,1,1,1,1,1,1,1,1,1,1,1,1,1,1,1,1,1,1,1,1,1
    ,1,1,1,1,1,1,1,1,1,1,1,1,1,1,1,4),(0.57915621258,0.588720837739,
    0.598285462897,0.607850088055,0.617414713213,0.626979338371,
    0.63654396353,0.646108588688,0.655673213846,0.665237839004,
    0.674802464163,0.684367089321,0.693931714479,0.703496339637,
    0.713060964796,0.722625589954,0.732190215112,0.74175484027,
    0.751319465428,0.760884090587,0.770448715745,0.780013340903,
    0.789577966061,0.79914259122,0.808707216378,0.818271841536,
    0.827836466694,0.837401091852,0.846965717011,0.856530342169,
    0.866094967327,0.875659592485,0.885224217644,0.894788842802,
    0.90435346796,0.913918093118,0.923482718276,0.933047343435,
    0.942611968593,0.952176593751,0.961741218909,0.971305844068,
    0.980870469226,0.990435094384,0.999999719542,1.009564344701,
    1.019128969859,1.028693595017,1.038258220175,1.047822845333,
    1.057387470492,1.06695209565,1.076516720808,1.086081345966,
    1.095645971125,1.105210596283,1.114775221441,1.124339846599,
    1.133904471757,1.143469096916,1.153033722074,1.162598347232,
    1.17216297239,1.181727597549,1.191292222707,1.200856847865,
    1.210421473023,1.219986098182,1.22955072334,1.239115348498,
    1.248679973656,1.258244598814,1.267809223973,1.277373849131,
    1.286938474289,1.296503099447,1.306067724606,1.315632349764,
    1.325196974922,1.33476160008,1.344326225238,1.353890850397,
    1.363455475555,1.373020100713,1.382584725871,1.39214935103,
    1.401713976188,1.411278601346,1.420843226504),
  .QUASI_UNIFORM_KNOTS.);
#558 = CARTESIAN_POINT('',(3.577833332394,10.357607503375));
#559 = CARTESIAN_POINT('',(3.595878041074,10.372022811903));
#560 = CARTESIAN_POINT('',(3.632144696464,10.402298025651));
#561 = CARTESIAN_POINT('',(3.687154602223,10.451602522819));
#562 = CARTESIAN_POINT('',(3.742851351978,10.504379863389));
#563 = CARTESIAN_POINT('',(3.799316372482,10.560129732862));
#564 = CARTESIAN_POINT('',(3.856794872842,10.618461277755));
#565 = CARTESIAN_POINT('',(3.915324479357,10.678700532733));
#566 = CARTESIAN_POINT('',(3.974982141498,10.740122320888));
#567 = CARTESIAN_POINT('',(4.035838621993,10.801904995486));
#568 = CARTESIAN_POINT('',(4.09797176879,10.863141800139));
#569 = CARTESIAN_POINT('',(4.161464748347,10.922839092201));
#570 = CARTESIAN_POINT('',(4.226406024921,10.979918901815));
#571 = CARTESIAN_POINT('',(4.292898173807,11.033227917456));
#572 = CARTESIAN_POINT('',(4.361030969312,11.081529287492));
#573 = CARTESIAN_POINT('',(4.430990654595,11.12357181417));
#574 = CARTESIAN_POINT('',(4.502595830402,11.157847661683));
#575 = CARTESIAN_POINT('',(4.575326344351,11.18290918395));
#576 = CARTESIAN_POINT('',(4.64878365314,11.197740323359));
#577 = CARTESIAN_POINT('',(4.722569933277,11.201729685142));
#578 = CARTESIAN_POINT('',(4.796303650889,11.194714779141));
#579 = CARTESIAN_POINT('',(4.869601529715,11.176982068021));
#580 = CARTESIAN_POINT('',(4.942060759234,11.149262432045));
#581 = CARTESIAN_POINT('',(5.013273471413,11.112678970862));
#582 = CARTESIAN_POINT('',(5.082708915051,11.068779850437));
#583 = CARTESIAN_POINT('',(5.150379856426,11.018970738095));
#584 = CARTESIAN_POINT('',(5.216433417849,10.96450210356));
#585 = CARTESIAN_POINT('',(5.280965991613,10.906588126594));
#586 = CARTESIAN_POINT('',(5.344075227043,10.846362118316));
#587 = CARTESIAN_POINT('',(5.405848239306,10.784879154291));
#588 = CARTESIAN_POINT('',(5.466366552649,10.723109117354));
#589 = CARTESIAN_POINT('',(5.525705996745,10.66193535894));
#590 = CARTESIAN_POINT('',(5.583938876717,10.602152720566));
#591 = CARTESIAN_POINT('',(5.641131444519,10.544472514708));
#592 = CARTESIAN_POINT('',(5.697357602098,10.489508101196));
#593 = CARTESIAN_POINT('',(5.752862065872,10.437636506961));
#594 = CARTESIAN_POINT('',(5.807695116344,10.389366178108));
#595 = CARTESIAN_POINT('',(5.861941592777,10.345109189441));
#596 = CARTESIAN_POINT('',(5.915672935807,10.30523439852));
#597 = CARTESIAN_POINT('',(5.968960893969,10.270057302906));
#598 = CARTESIAN_POINT('',(6.021874551463,10.239846530367));
#599 = CARTESIAN_POINT('',(6.074481830346,10.214825521796));
#600 = CARTESIAN_POINT('',(6.126849403633,10.195175128708));
#601 = CARTESIAN_POINT('',(6.179044310219,10.181035568575));
#602 = CARTESIAN_POINT('',(6.23113034192,10.172508133742));
#603 = CARTESIAN_POINT('',(6.283183779298,10.169656518197));
#604 = CARTESIAN_POINT('',(6.335237224563,10.172507799935));
#605 = CARTESIAN_POINT('',(6.387323251593,10.181034904516));
#606 = CARTESIAN_POINT('',(6.439518126491,10.195174131937));
#607 = CARTESIAN_POINT('',(6.491885628942,10.214824179909));
#608 = CARTESIAN_POINT('',(6.544492791565,10.239844819543));
#609 = CARTESIAN_POINT('',(6.59740628684,10.270055190617));
#610 = CARTESIAN_POINT('',(6.650694043088,10.305231850266));
#611 = CARTESIAN_POINT('',(6.704425158906,10.34510617987));
#612 = CARTESIAN_POINT('',(6.758671405266,10.389362704383));
#613 = CARTESIAN_POINT('',(6.813504259218,10.437632609639));
#614 = CARTESIAN_POINT('',(6.86900859406,10.489503868499));
#615 = CARTESIAN_POINT('',(6.925234789078,10.544468154094));
#616 = CARTESIAN_POINT('',(6.982427397163,10.602148293629));
#617 = CARTESIAN_POINT('',(7.040660315541,10.661930922802));
#618 = CARTESIAN_POINT('',(7.099999797706,10.723104733125));
#619 = CARTESIAN_POINT('',(7.160518148579,10.784874884032));
#620 = CARTESIAN_POINT('',(7.222291198069,10.84635802499));
#621 = CARTESIAN_POINT('',(7.28540047045,10.906584273056));
#622 = CARTESIAN_POINT('',(7.349933081136,10.964498551805));
#623 = CARTESIAN_POINT('',(7.415986678865,11.018967547839));
#624 = CARTESIAN_POINT('',(7.483657658267,11.068777079497));
#625 = CARTESIAN_POINT('',(7.553093132892,11.112676668407));
#626 = CARTESIAN_POINT('',(7.62430590568,11.149260660519));
#627 = CARTESIAN_POINT('',(7.696765226679,11.176980864732));
#628 = CARTESIAN_POINT('',(7.770063221637,11.194714152871));
#629 = CARTESIAN_POINT('',(7.843797077037,11.201729618244));
#630 = CARTESIAN_POINT('',(7.917583513774,11.197740774022));
#631 = CARTESIAN_POINT('',(7.991040995837,11.182910089871));
#632 = CARTESIAN_POINT('',(8.06377169832,11.157848944135));
#633 = CARTESIAN_POINT('',(8.13537707589,11.123573383938));
#634 = CARTESIAN_POINT('',(8.205336978261,11.081531046468));
#635 = CARTESIAN_POINT('',(8.273469975922,11.033229790015));
#636 = CARTESIAN_POINT('',(8.339962316851,10.979920821358));
#637 = CARTESIAN_POINT('',(8.404903775444,10.922841002199));
#638 = CARTESIAN_POINT('',(8.46839692814,10.863143653576));
#639 = CARTESIAN_POINT('',(8.530530239948,10.801906754458));
#640 = CARTESIAN_POINT('',(8.591386877881,10.740123956198));
#641 = CARTESIAN_POINT('',(8.651044691052,10.678702022591));
#642 = CARTESIAN_POINT('',(8.709574440636,10.618462609545));
#643 = CARTESIAN_POINT('',(8.767053084433,10.560130893195));
#644 = CARTESIAN_POINT('',(8.823518219922,10.504380871775));
#645 = CARTESIAN_POINT('',(8.879215243569,10.451603227136));
#646 = CARTESIAN_POINT('',(8.934225510898,10.402298370982));
#647 = CARTESIAN_POINT('',(8.97049243806,10.372022919226));
#648 = CARTESIAN_POINT('',(8.988537281966,10.357607503425));
#649 = ( GEOMETRIC_REPRESENTATION_CONTEXT(2) 
PARAMETRIC_REPRESENTATION_CONTEXT() REPRESENTATION_CONTEXT('2D SPACE',''
  ) );
#650 = ORIENTED_EDGE('',*,*,#651,.F.);
#651 = EDGE_CURVE('',#40,#394,#652,.T.);
#652 = SURFACE_CURVE('',#653,(#657,#663),.PCURVE_S1.);
#653 = LINE('',#654,#655);
#654 = CARTESIAN_POINT('',(-3.155946767612,30.,11.));
#655 = VECTOR('',#656,1.);
#656 = DIRECTION('',(0.,-1.,2.22044604925E-16));
#657 = PCURVE('',#109,#658);
#658 = DEFINITIONAL_REPRESENTATION('',(#659),#662);
#659 = B_SPLINE_CURVE_WITH_KNOTS('',1,(#660,#661),.UNSPECIFIED.,.F.,.F.,
  (2,2),(22.893916133786,37.106084101191),.PIECEWISE_BEZIER_KNOTS.);
#660 = CARTESIAN_POINT('',(1.697371912758,22.893916133786));
#661 = CARTESIAN_POINT('',(1.697371912758,37.106084101191));
#662 = ( GEOMETRIC_REPRESENTATION_CONTEXT(2) 
PARAMETRIC_REPRESENTATION_CONTEXT() REPRESENTATION_CONTEXT('2D SPACE',''
  ) );
#663 = PCURVE('',#664,#669);
#664 = PLANE('',#665);
#665 = AXIS2_PLACEMENT_3D('',#666,#667,#668);
#666 = CARTESIAN_POINT('',(-30.,-30.,11.));
#667 = DIRECTION('',(0.,0.,1.));
#668 = DIRECTION('',(1.,0.,-0.));
#669 = DEFINITIONAL_REPRESENTATION('',(#670),#673);
#670 = B_SPLINE_CURVE_WITH_KNOTS('',1,(#671,#672),.UNSPECIFIED.,.F.,.F.,
  (2,2),(22.893916133786,37.106084101191),.PIECEWISE_BEZIER_KNOTS.);
#671 = CARTESIAN_POINT('',(26.844053232388,37.106083866214));
#672 = CARTESIAN_POINT('',(26.844053232388,22.893915898809));
#673 = ( GEOMETRIC_REPRESENTATION_CONTEXT(2) 
PARAMETRIC_REPRESENTATION_CONTEXT() REPRESENTATION_CONTEXT('2D SPACE',''
  ) );
#674 = ADVANCED_FACE('',(#675),#209,.T.);
#675 = FACE_BOUND('',#676,.T.);
#676 = EDGE_LOOP('',(#677,#1026,#1049,#1073,#1092,#1093,#1117,#1380,
    #1402,#1403,#1426,#1458,#1558,#1590,#1609,#1610));
#677 = ORIENTED_EDGE('',*,*,#678,.T.);
#678 = EDGE_CURVE('',#679,#679,#681,.T.);
#679 = VERTEX_POINT('',#680);
#680 = CARTESIAN_POINT('',(7.1,-1.738998454789E-15,5.366563145999));
#681 = SURFACE_CURVE('',#682,(#793,#907),.PCURVE_S1.);
#682 = B_SPLINE_CURVE_WITH_KNOTS('',7,(#683,#684,#685,#686,#687,#688,
    #689,#690,#691,#692,#693,#694,#695,#696,#697,#698,#699,#700,#701,
    #702,#703,#704,#705,#706,#707,#708,#709,#710,#711,#712,#713,#714,
    #715,#716,#717,#718,#719,#720,#721,#722,#723,#724,#725,#726,#727,
    #728,#729,#730,#731,#732,#733,#734,#735,#736,#737,#738,#739,#740,
    #741,#742,#743,#744,#745,#746,#747,#748,#749,#750,#751,#752,#753,
    #754,#755,#756,#757,#758,#759,#760,#761,#762,#763,#764,#765,#766,
    #767,#768,#769,#770,#771,#772,#773,#774,#775,#776,#777,#778,#779,
    #780,#781,#782,#783,#784,#785,#786,#787,#788,#789,#790,#791,#792),
  .UNSPECIFIED.,.T.,.F.,(8,6,6,6,6,6,6,6,6,6,6,6,6,6,6,6,6,6,8),(0.,
    4.541133110826E-02,0.10684020512,0.174030533271,0.218736159653,
    0.271310783738,0.325148425364,0.391900361897,0.453834907449,
    0.500033414349,0.5454386757,0.606859339023,0.674040686809,
    0.718740338411,0.771307936134,0.825138382508,0.891881398126,
    0.95380766693,1.),.UNSPECIFIED.);
#683 = CARTESIAN_POINT('',(7.1,-1.7763568394E-15,5.366563145999));
#684 = CARTESIAN_POINT('',(7.1,0.270389509696,5.366563145999));
#685 = CARTESIAN_POINT('',(7.087986708485,0.539789943593,5.382456561534)
  );
#686 = CARTESIAN_POINT('',(7.064117406453,0.807565022004,5.414036639154)
  );
#687 = CARTESIAN_POINT('',(7.028593082956,1.072994749126,5.460568685897)
  );
#688 = CARTESIAN_POINT('',(6.981694455794,1.33517973956,5.520785558912)
  );
#689 = CARTESIAN_POINT('',(6.923909228399,1.59294971743,5.592921778949)
  );
#690 = CARTESIAN_POINT('',(6.764492021186,2.185427214268,5.78552610387)
  );
#691 = CARTESIAN_POINT('',(6.654172882531,2.51673030894,5.914562883434)
  );
#692 = CARTESIAN_POINT('',(6.525993951307,2.839062729709,6.058163341326)
  );
#693 = CARTESIAN_POINT('',(6.380369549988,3.152553123679,6.21290435974)
  );
#694 = CARTESIAN_POINT('',(6.217448926208,3.457243823138,6.375893979547)
  );
#695 = CARTESIAN_POINT('',(6.037030169098,3.753139106837,6.5447299838));
#696 = CARTESIAN_POINT('',(5.621246348003,4.353997253662,6.906113766354)
  );
#697 = CARTESIAN_POINT('',(5.382567992133,4.656842152139,7.099179733026)
  );
#698 = CARTESIAN_POINT('',(5.12120969907,4.949139805325,7.294155067098)
  );
#699 = CARTESIAN_POINT('',(4.835408363725,5.230568144598,7.488889469203)
  );
#700 = CARTESIAN_POINT('',(4.523055624284,5.499860130577,7.680917801529)
  );
#701 = CARTESIAN_POINT('',(4.181926068935,5.754636780554,7.867078969551)
  );
#702 = CARTESIAN_POINT('',(3.562405663773,6.148601869348,8.16053159699)
  );
#703 = CARTESIAN_POINT('',(3.300470296771,6.298417138252,8.273724256489)
  );
#704 = CARTESIAN_POINT('',(3.023756445359,6.439211550854,8.381421491666)
  );
#705 = CARTESIAN_POINT('',(2.731990567245,6.569373387479,8.482031216353)
  );
#706 = CARTESIAN_POINT('',(2.425020592507,6.687099383466,8.573806651027)
  );
#707 = CARTESIAN_POINT('',(2.1028540069,6.790373545867,8.654844687865));
#708 = CARTESIAN_POINT('',(1.369196879018,6.97874467978,8.803349057076)
  );
#709 = CARTESIAN_POINT('',(0.949948570494,7.057960581483,8.866324551767)
  );
#710 = CARTESIAN_POINT('',(0.515366942185,7.108576238789,8.906837253436)
  );
#711 = CARTESIAN_POINT('',(7.315519677312E-02,7.12720086416,
    8.921772146455));
#712 = CARTESIAN_POINT('',(-0.368801088078,7.112913331374,8.910273407629
    ));
#713 = CARTESIAN_POINT('',(-0.802621199761,7.067242055697,8.873778079231
    ));
#714 = CARTESIAN_POINT('',(-1.648815587778,6.919557493252,8.756609338063
    ));
#715 = CARTESIAN_POINT('',(-2.057264731246,6.81676840274,8.675332635548)
  );
#716 = CARTESIAN_POINT('',(-2.4448469281,6.68991185847,8.575615730902));
#717 = CARTESIAN_POINT('',(-2.81081514069,6.542678056723,8.460904016843)
  );
#718 = CARTESIAN_POINT('',(-3.154792936812,6.378508113505,8.334498599717
    ));
#719 = CARTESIAN_POINT('',(-3.476701625634,6.200649431052,8.199530829118
    ));
#720 = CARTESIAN_POINT('',(-4.148646994557,5.778552550593,7.884634489733
    ));
#721 = CARTESIAN_POINT('',(-4.48996649794,5.526705203484,7.700254402041)
  );
#722 = CARTESIAN_POINT('',(-4.80271063448,5.260356738174,7.509858890235)
  );
#723 = CARTESIAN_POINT('',(-5.089076476272,4.981904200454,7.316588259094
    ));
#724 = CARTESIAN_POINT('',(-5.351159803122,4.692644643848,7.122884126387
    ));
#725 = CARTESIAN_POINT('',(-5.590730513698,4.39293439474,6.930855066671)
  );
#726 = CARTESIAN_POINT('',(-6.011562959916,3.794100286878,6.568301149305
    ));
#727 = CARTESIAN_POINT('',(-6.195547022333,3.496833569864,6.397430076774
    ));
#728 = CARTESIAN_POINT('',(-6.361709724689,3.19064382704,6.232280395332)
  );
#729 = CARTESIAN_POINT('',(-6.51029753867,2.875518301585,6.075268500762)
  );
#730 = CARTESIAN_POINT('',(-6.64118354824,2.551405349835,5.929314335556)
  );
#731 = CARTESIAN_POINT('',(-6.753962102686,2.21817019339,5.797895481484)
  );
#732 = CARTESIAN_POINT('',(-6.917847487904,1.619768658433,5.600482325856
    ));
#733 = CARTESIAN_POINT('',(-6.977598684279,1.357885787117,5.526041534753
    ));
#734 = CARTESIAN_POINT('',(-7.026108639216,1.091388631635,5.463822158206
    ));
#735 = CARTESIAN_POINT('',(-7.062861782798,0.821503028384,5.415697904325
    ));
#736 = CARTESIAN_POINT('',(-7.087563307976,0.549164107592,5.383016694745
    ));
#737 = CARTESIAN_POINT('',(-7.1,0.275113307525,5.366563145999));
#738 = CARTESIAN_POINT('',(-7.1,-0.270389509696,5.366563145999));
#739 = CARTESIAN_POINT('',(-7.087986708485,-0.539789943593,
    5.382456561534));
#740 = CARTESIAN_POINT('',(-7.064117406453,-0.807565022004,
    5.414036639154));
#741 = CARTESIAN_POINT('',(-7.028593082956,-1.072994749126,
    5.460568685897));
#742 = CARTESIAN_POINT('',(-6.981694455794,-1.335179739559,
    5.520785558912));
#743 = CARTESIAN_POINT('',(-6.923909228399,-1.592949717431,
    5.592921778949));
#744 = CARTESIAN_POINT('',(-6.764492021187,-2.185427214267,
    5.785526103869));
#745 = CARTESIAN_POINT('',(-6.65417288253,-2.516730308943,5.914562883435
    ));
#746 = CARTESIAN_POINT('',(-6.525993951308,-2.839062729705,
    6.058163341325));
#747 = CARTESIAN_POINT('',(-6.380369549986,-3.152553123682,
    6.212904359741));
#748 = CARTESIAN_POINT('',(-6.21744892621,-3.457243823136,6.375893979546
    ));
#749 = CARTESIAN_POINT('',(-6.037030169097,-3.753139106838,
    6.544729983801));
#750 = CARTESIAN_POINT('',(-5.621246346678,-4.353997255577,
    6.906113767506));
#751 = CARTESIAN_POINT('',(-5.382567995887,-4.656842147999,
    7.099179730371));
#752 = CARTESIAN_POINT('',(-5.121209696239,-4.949139807509,
    7.294155068644));
#753 = CARTESIAN_POINT('',(-4.835408361574,-5.230568147132,7.48888947081
    ));
#754 = CARTESIAN_POINT('',(-4.523055628858,-5.499860126861,
    7.680917798948));
#755 = CARTESIAN_POINT('',(-4.181926066674,-5.754636781992,
    7.867078970622));
#756 = CARTESIAN_POINT('',(-3.562405663178,-6.148601869727,
    8.160531597272));
#757 = CARTESIAN_POINT('',(-3.300470296752,-6.298417138185,
    8.273724256446));
#758 = CARTESIAN_POINT('',(-3.023756445901,-6.439211550555,
    8.381421491437));
#759 = CARTESIAN_POINT('',(-2.731990567735,-6.569373387336,
    8.482031216237));
#760 = CARTESIAN_POINT('',(-2.425020592346,-6.687099383599,8.57380665113
    ));
#761 = CARTESIAN_POINT('',(-2.10285400614,-6.790373546062,8.654844688019
    ));
#762 = CARTESIAN_POINT('',(-1.369196879257,-6.978744679718,
    8.803349057028));
#763 = CARTESIAN_POINT('',(-0.949948570515,-7.057960581511,
    8.866324551789));
#764 = CARTESIAN_POINT('',(-0.515366941991,-7.108576238825,
    8.906837253464));
#765 = CARTESIAN_POINT('',(-7.315519658111E-02,-7.12720086414,
    8.921772146439));
#766 = CARTESIAN_POINT('',(0.368801088052,-7.112913331344,8.910273407605
    ));
#767 = CARTESIAN_POINT('',(0.802621199518,-7.067242055739,8.873778079265
    ));
#768 = CARTESIAN_POINT('',(1.648815587273,-6.91955749334,8.756609338133)
  );
#769 = CARTESIAN_POINT('',(2.057264731142,-6.816768402831,8.675332635621
    ));
#770 = CARTESIAN_POINT('',(2.444846928436,-6.689911858397,8.575615730841
    ));
#771 = CARTESIAN_POINT('',(2.810815141067,-6.542678056526,8.460904016691
    ));
#772 = CARTESIAN_POINT('',(3.154792936816,-6.378508113441,8.334498599674
    ));
#773 = CARTESIAN_POINT('',(3.476701625248,-6.200649431294,8.199530829299
    ));
#774 = CARTESIAN_POINT('',(4.148646996693,-5.778552549252,7.884634488732
    ));
#775 = CARTESIAN_POINT('',(4.489966493615,-5.526705206957,7.70025440446)
  );
#776 = CARTESIAN_POINT('',(4.80271063652,-5.260356735802,7.509858888724)
  );
#777 = CARTESIAN_POINT('',(5.089076478946,-4.981904198415,7.316588257647
    ));
#778 = CARTESIAN_POINT('',(5.351159799564,-4.692644647723,7.122884128884
    ));
#779 = CARTESIAN_POINT('',(5.590730514961,-4.392934392943,6.930855065583
    ));
#780 = CARTESIAN_POINT('',(6.011562959917,-3.794100286877,6.568301149305
    ));
#781 = CARTESIAN_POINT('',(6.195547022332,-3.496833569866,6.397430076775
    ));
#782 = CARTESIAN_POINT('',(6.361709724691,-3.190643827037,6.232280395331
    ));
#783 = CARTESIAN_POINT('',(6.510297538669,-2.875518301588,6.075268500764
    ));
#784 = CARTESIAN_POINT('',(6.641183548241,-2.551405349832,5.929314335555
    ));
#785 = CARTESIAN_POINT('',(6.753962102686,-2.21817019339,5.797895481484)
  );
#786 = CARTESIAN_POINT('',(6.917847487904,-1.619768658433,5.600482325856
    ));
#787 = CARTESIAN_POINT('',(6.977598684279,-1.357885787117,5.526041534753
    ));
#788 = CARTESIAN_POINT('',(7.026108639216,-1.091388631635,5.463822158206
    ));
#789 = CARTESIAN_POINT('',(7.062861782798,-0.821503028384,5.415697904325
    ));
#790 = CARTESIAN_POINT('',(7.087563307976,-0.549164107592,5.383016694745
    ));
#791 = CARTESIAN_POINT('',(7.1,-0.275113307525,5.366563145999));
#792 = CARTESIAN_POINT('',(7.1,-1.7763568394E-15,5.366563145999));
#793 = PCURVE('',#209,#794);
#794 = DEFINITIONAL_REPRESENTATION('',(#795),#906);
#795 = B_SPLINE_CURVE_WITH_KNOTS('',7,(#796,#797,#798,#799,#800,#801,
    #802,#803,#804,#805,#806,#807,#808,#809,#810,#811,#812,#813,#814,
    #815,#816,#817,#818,#819,#820,#821,#822,#823,#824,#825,#826,#827,
    #828,#829,#830,#831,#832,#833,#834,#835,#836,#837,#838,#839,#840,
    #841,#842,#843,#844,#845,#846,#847,#848,#849,#850,#851,#852,#853,
    #854,#855,#856,#857,#858,#859,#860,#861,#862,#863,#864,#865,#866,
    #867,#868,#869,#870,#871,#872,#873,#874,#875,#876,#877,#878,#879,
    #880,#881,#882,#883,#884,#885,#886,#887,#888,#889,#890,#891,#892,
    #893,#894,#895,#896,#897,#898,#899,#900,#901,#902,#903,#904,#905),
  .UNSPECIFIED.,.F.,.F.,(8,6,6,6,6,6,6,6,6,6,6,6,6,6,6,6,6,6,8),(0.,
    4.541133110826E-02,0.10684020512,0.174030533271,0.218736159653,
    0.271310783738,0.325148425364,0.391900361897,0.453834907449,
    0.500033414349,0.5454386757,0.606859339023,0.674040686809,
    0.718740338411,0.771307936134,0.825138382508,0.891881398126,
    0.95380766693,1.),.UNSPECIFIED.);
#796 = CARTESIAN_POINT('',(0.,5.366563145999));
#797 = CARTESIAN_POINT('',(3.808302953463E-02,5.366563145999));
#798 = CARTESIAN_POINT('',(7.60266993905E-02,5.382456561534));
#799 = CARTESIAN_POINT('',(0.113831898281,5.414036639154));
#800 = CARTESIAN_POINT('',(0.151483776444,5.460568685897));
#801 = CARTESIAN_POINT('',(0.188940350308,5.520785558912));
#802 = CARTESIAN_POINT('',(0.226113691506,5.592921778949));
#803 = CARTESIAN_POINT('',(0.312529164689,5.78552610387));
#804 = CARTESIAN_POINT('',(0.361626136366,5.914562883434));
#805 = CARTESIAN_POINT('',(0.4103569079,6.058163341326));
#806 = CARTESIAN_POINT('',(0.45890300296,6.21290435974));
#807 = CARTESIAN_POINT('',(0.507443332837,6.375893979547));
#808 = CARTESIAN_POINT('',(0.556173374118,6.5447299838));
#809 = CARTESIAN_POINT('',(0.659087345129,6.906113766354));
#810 = CARTESIAN_POINT('',(0.713291672565,7.099179733026));
#811 = CARTESIAN_POINT('',(0.768345188707,7.294155067098));
#812 = CARTESIAN_POINT('',(0.824626567143,7.488889469203));
#813 = CARTESIAN_POINT('',(0.88249260884,7.680917801529));
#814 = CARTESIAN_POINT('',(0.942291540687,7.867078969551));
#815 = CARTESIAN_POINT('',(1.045696575103,8.16053159699));
#816 = CARTESIAN_POINT('',(1.08815031655,8.273724256489));
#817 = CARTESIAN_POINT('',(1.131793766563,8.381421491666));
#818 = CARTESIAN_POINT('',(1.17668166124,8.482031216353));
#819 = CARTESIAN_POINT('',(1.222874508875,8.573806651027));
#820 = CARTESIAN_POINT('',(1.2704419074,8.654844687865));
#821 = CARTESIAN_POINT('',(1.377125560378,8.803349057076));
#822 = CARTESIAN_POINT('',(1.437094209824,8.866324551767));
#823 = CARTESIAN_POINT('',(1.498465651735,8.906837253436));
#824 = CARTESIAN_POINT('',(1.560497268812,8.921772146455));
#825 = CARTESIAN_POINT('',(1.622512427952,8.910273407629));
#826 = CARTESIAN_POINT('',(1.683809987695,8.873778079231));
#827 = CARTESIAN_POINT('',(1.804793826754,8.756609338063));
#828 = CARTESIAN_POINT('',(1.863954388419,8.675332635548));
#829 = CARTESIAN_POINT('',(1.921176757301,8.575615730902));
#830 = CARTESIAN_POINT('',(1.976530670907,8.460904016843));
#831 = CARTESIAN_POINT('',(2.030057778057,8.334498599717));
#832 = CARTESIAN_POINT('',(2.081775719828,8.199530829118));
#833 = CARTESIAN_POINT('',(2.193539309988,7.884634489733));
#834 = CARTESIAN_POINT('',(2.253115612724,7.700254402041));
#835 = CARTESIAN_POINT('',(2.310756200443,7.509858890235));
#836 = CARTESIAN_POINT('',(2.366803873798,7.316588259094));
#837 = CARTESIAN_POINT('',(2.421610101047,7.122884126387));
#838 = CARTESIAN_POINT('',(2.475548476861,6.930855066671));
#839 = CARTESIAN_POINT('',(2.578635353411,6.568301149305));
#840 = CARTESIAN_POINT('',(2.627790456495,6.397430076774));
#841 = CARTESIAN_POINT('',(2.676730116324,6.232280395332));
#842 = CARTESIAN_POINT('',(2.725658462594,6.075268500762));
#843 = CARTESIAN_POINT('',(2.774761007602,5.929314335556));
#844 = CARTESIAN_POINT('',(2.824224327305,5.797895481484));
#845 = CARTESIAN_POINT('',(2.911609904886,5.600482325856));
#846 = CARTESIAN_POINT('',(2.949407675621,5.526041534753));
#847 = CARTESIAN_POINT('',(2.987499289773,5.463822158206));
#848 = CARTESIAN_POINT('',(3.025792831138,5.415697904325));
#849 = CARTESIAN_POINT('',(3.064245654787,5.383016694745));
#850 = CARTESIAN_POINT('',(3.102844300417,5.366563145999));
#851 = CARTESIAN_POINT('',(3.179675683124,5.366563145999));
#852 = CARTESIAN_POINT('',(3.21761935298,5.382456561534));
#853 = CARTESIAN_POINT('',(3.255424551871,5.414036639154));
#854 = CARTESIAN_POINT('',(3.293076430033,5.460568685897));
#855 = CARTESIAN_POINT('',(3.330533003898,5.520785558912));
#856 = CARTESIAN_POINT('',(3.367706345096,5.592921778949));
#857 = CARTESIAN_POINT('',(3.454121818279,5.785526103869));
#858 = CARTESIAN_POINT('',(3.503218789956,5.914562883435));
#859 = CARTESIAN_POINT('',(3.551949561489,6.058163341325));
#860 = CARTESIAN_POINT('',(3.60049565655,6.212904359741));
#861 = CARTESIAN_POINT('',(3.649035986426,6.375893979546));
#862 = CARTESIAN_POINT('',(3.697766027708,6.544729983801));
#863 = CARTESIAN_POINT('',(3.800679999047,6.906113767506));
#864 = CARTESIAN_POINT('',(3.854884325356,7.099179730371));
#865 = CARTESIAN_POINT('',(3.909937842805,7.294155068644));
#866 = CARTESIAN_POINT('',(3.966219221206,7.48888947081));
#867 = CARTESIAN_POINT('',(4.024085261588,7.680917798948));
#868 = CARTESIAN_POINT('',(4.083884194654,7.867078970622));
#869 = CARTESIAN_POINT('',(4.187289228792,8.160531597272));
#870 = CARTESIAN_POINT('',(4.229742970137,8.273724256446));
#871 = CARTESIAN_POINT('',(4.273386420067,8.381421491437));
#872 = CARTESIAN_POINT('',(4.318274314759,8.482031216237));
#873 = CARTESIAN_POINT('',(4.364467162491,8.57380665113));
#874 = CARTESIAN_POINT('',(4.4120345611,8.654844688019));
#875 = CARTESIAN_POINT('',(4.518718213933,8.803349057028));
#876 = CARTESIAN_POINT('',(4.578686863412,8.866324551789));
#877 = CARTESIAN_POINT('',(4.640058305352,8.906837253464));
#878 = CARTESIAN_POINT('',(4.702089922429,8.921772146439));
#879 = CARTESIAN_POINT('',(4.764105081538,8.910273407605));
#880 = CARTESIAN_POINT('',(4.82540264125,8.873778079265));
#881 = CARTESIAN_POINT('',(4.946386480272,8.756609338133));
#882 = CARTESIAN_POINT('',(5.005547041992,8.675332635621));
#883 = CARTESIAN_POINT('',(5.062769410938,8.575615730841));
#884 = CARTESIAN_POINT('',(5.118123324555,8.460904016691));
#885 = CARTESIAN_POINT('',(5.171650431652,8.334498599674));
#886 = CARTESIAN_POINT('',(5.223368373354,8.199530829299));
#887 = CARTESIAN_POINT('',(5.335131963933,7.884634488732));
#888 = CARTESIAN_POINT('',(5.394708265522,7.70025440446));
#889 = CARTESIAN_POINT('',(5.452348854478,7.509858888724));
#890 = CARTESIAN_POINT('',(5.508396527866,7.316588257647));
#891 = CARTESIAN_POINT('',(5.563202753886,7.122884128884));
#892 = CARTESIAN_POINT('',(5.61714113076,6.930855065583));
#893 = CARTESIAN_POINT('',(5.720228007001,6.568301149305));
#894 = CARTESIAN_POINT('',(5.769383110084,6.397430076775));
#895 = CARTESIAN_POINT('',(5.818322769915,6.232280395331));
#896 = CARTESIAN_POINT('',(5.867251116183,6.075268500764));
#897 = CARTESIAN_POINT('',(5.916353661192,5.929314335555));
#898 = CARTESIAN_POINT('',(5.965816980894,5.797895481484));
#899 = CARTESIAN_POINT('',(6.053202558476,5.600482325856));
#900 = CARTESIAN_POINT('',(6.09100032921,5.526041534753));
#901 = CARTESIAN_POINT('',(6.129091943362,5.463822158206));
#902 = CARTESIAN_POINT('',(6.167385484728,5.415697904325));
#903 = CARTESIAN_POINT('',(6.205838308377,5.383016694745));
#904 = CARTESIAN_POINT('',(6.244436954007,5.366563145999));
#905 = CARTESIAN_POINT('',(6.28318530718,5.366563145999));
#906 = ( GEOMETRIC_REPRESENTATION_CONTEXT(2) 
PARAMETRIC_REPRESENTATION_CONTEXT() REPRESENTATION_CONTEXT('2D SPACE',''
  ) );
#907 = PCURVE('',#908,#913);
#908 = CYLINDRICAL_SURFACE('',#909,8.9);
#909 = AXIS2_PLACEMENT_3D('',#910,#911,#912);
#910 = CARTESIAN_POINT('',(0.,8.1,-1.798561299893E-15));
#911 = DIRECTION('',(0.,-1.,2.22044604925E-16));
#912 = DIRECTION('',(1.,0.,0.));
#913 = DEFINITIONAL_REPRESENTATION('',(#914),#1025);
#914 = B_SPLINE_CURVE_WITH_KNOTS('',7,(#915,#916,#917,#918,#919,#920,
    #921,#922,#923,#924,#925,#926,#927,#928,#929,#930,#931,#932,#933,
    #934,#935,#936,#937,#938,#939,#940,#941,#942,#943,#944,#945,#946,
    #947,#948,#949,#950,#951,#952,#953,#954,#955,#956,#957,#958,#959,
    #960,#961,#962,#963,#964,#965,#966,#967,#968,#969,#970,#971,#972,
    #973,#974,#975,#976,#977,#978,#979,#980,#981,#982,#983,#984,#985,
    #986,#987,#988,#989,#990,#991,#992,#993,#994,#995,#996,#997,#998,
    #999,#1000,#1001,#1002,#1003,#1004,#1005,#1006,#1007,#1008,#1009,
    #1010,#1011,#1012,#1013,#1014,#1015,#1016,#1017,#1018,#1019,#1020,
    #1021,#1022,#1023,#1024),.UNSPECIFIED.,.T.,.F.,(8,6,6,6,6,6,6,6,6,6,
    6,6,6,6,6,6,6,6,8),(0.,4.541133110826E-02,0.10684020512,
    0.174030533271,0.218736159653,0.271310783738,0.325148425364,
    0.391900361897,0.453834907449,0.500033414349,0.5454386757,
    0.606859339023,0.674040686809,0.718740338411,0.771307936134,
    0.825138382508,0.891881398126,0.95380766693,1.),.UNSPECIFIED.);
#915 = CARTESIAN_POINT('',(0.647237130608,8.1));
#916 = CARTESIAN_POINT('',(0.647237130608,7.829610490304));
#917 = CARTESIAN_POINT('',(0.649475621344,7.560210056407));
#918 = CARTESIAN_POINT('',(0.653923583629,7.292434977996));
#919 = CARTESIAN_POINT('',(0.660501168326,7.027005250874));
#920 = CARTESIAN_POINT('',(0.669076174472,6.764820260441));
#921 = CARTESIAN_POINT('',(0.679459872349,6.50705028257));
#922 = CARTESIAN_POINT('',(0.707552068194,5.914572785732));
#923 = CARTESIAN_POINT('',(0.726624570646,5.58326969106));
#924 = CARTESIAN_POINT('',(0.748244073169,5.260937270291));
#925 = CARTESIAN_POINT('',(0.772102595474,4.947446876321));
#926 = CARTESIAN_POINT('',(0.797974836236,4.642756176862));
#927 = CARTESIAN_POINT('',(0.825719725928,4.346860893163));
#928 = CARTESIAN_POINT('',(0.887616931313,3.746002746338));
#929 = CARTESIAN_POINT('',(0.922088445311,3.443157847861));
#930 = CARTESIAN_POINT('',(0.958679172556,3.150860194675));
#931 = CARTESIAN_POINT('',(0.997468441467,2.869431855401));
#932 = CARTESIAN_POINT('',(1.038583847214,2.600139869423));
#933 = CARTESIAN_POINT('',(1.082177637738,2.345363219446));
#934 = CARTESIAN_POINT('',(1.159200906812,1.951398130652));
#935 = CARTESIAN_POINT('',(1.191243289926,1.801582861748));
#936 = CARTESIAN_POINT('',(1.22456960174,1.660788449146));
#937 = CARTESIAN_POINT('',(1.25919633158,1.530626612521));
#938 = CARTESIAN_POINT('',(1.295141846131,1.412900616534));
#939 = CARTESIAN_POINT('',(1.332427254705,1.309626454133));
#940 = CARTESIAN_POINT('',(1.416532437179,1.12125532022));
#941 = CARTESIAN_POINT('',(1.464106706764,1.042039418517));
#942 = CARTESIAN_POINT('',(1.513021025797,0.991423761211));
#943 = CARTESIAN_POINT('',(1.56257897438,0.97279913584));
#944 = CARTESIAN_POINT('',(1.612118160636,0.987086668626));
#945 = CARTESIAN_POINT('',(1.660964020421,1.032757944303));
#946 = CARTESIAN_POINT('',(1.756949165311,1.180442506748));
#947 = CARTESIAN_POINT('',(1.803661163193,1.28323159726));
#948 = CARTESIAN_POINT('',(1.848521907104,1.41008814153));
#949 = CARTESIAN_POINT('',(1.89151820596,1.557321943277));
#950 = CARTESIAN_POINT('',(1.93262619872,1.721491886495));
#951 = CARTESIAN_POINT('',(1.971812875418,1.899350568948));
#952 = CARTESIAN_POINT('',(2.055191708685,2.321447449407));
#953 = CARTESIAN_POINT('',(2.098709231999,2.573294796516));
#954 = CARTESIAN_POINT('',(2.139766785629,2.839643261826));
#955 = CARTESIAN_POINT('',(2.178516440651,3.118095799546));
#956 = CARTESIAN_POINT('',(2.215087453197,3.407355356152));
#957 = CARTESIAN_POINT('',(2.249563888636,3.70706560526));
#958 = CARTESIAN_POINT('',(2.311976083318,4.305899713122));
#959 = CARTESIAN_POINT('',(2.340168993744,4.603166430136));
#960 = CARTESIAN_POINT('',(2.366469524904,4.909356172961));
#961 = CARTESIAN_POINT('',(2.390741258551,5.224481698415));
#962 = CARTESIAN_POINT('',(2.412760156008,5.548594650165));
#963 = CARTESIAN_POINT('',(2.432215527985,5.88182980661));
#964 = CARTESIAN_POINT('',(2.461044101474,6.480231341567));
#965 = CARTESIAN_POINT('',(2.471767869428,6.742114212883));
#966 = CARTESIAN_POINT('',(2.480631543885,7.008611368365));
#967 = CARTESIAN_POINT('',(2.487435082766,7.278496971615));
#968 = CARTESIAN_POINT('',(2.492038142715,7.550835892408));
#969 = CARTESIAN_POINT('',(2.494355522982,7.824886692475));
#970 = CARTESIAN_POINT('',(2.494355522982,8.370389509696));
#971 = CARTESIAN_POINT('',(2.492117032246,8.639789943593));
#972 = CARTESIAN_POINT('',(2.48766906996,8.907565022004));
#973 = CARTESIAN_POINT('',(2.481091485264,9.172994749126));
#974 = CARTESIAN_POINT('',(2.472516479118,9.435179739559));
#975 = CARTESIAN_POINT('',(2.462132781241,9.692949717431));
#976 = CARTESIAN_POINT('',(2.434040585396,10.285427214267));
#977 = CARTESIAN_POINT('',(2.414968082944,10.616730308943));
#978 = CARTESIAN_POINT('',(2.393348580421,10.939062729706));
#979 = CARTESIAN_POINT('',(2.369490058115,11.252553123682));
#980 = CARTESIAN_POINT('',(2.343617817354,11.557243823136));
#981 = CARTESIAN_POINT('',(2.315872927662,11.853139106838));
#982 = CARTESIAN_POINT('',(2.253975722079,12.453997255577));
#983 = CARTESIAN_POINT('',(2.219504208799,12.756842147999));
#984 = CARTESIAN_POINT('',(2.18291348067,13.049139807509));
#985 = CARTESIAN_POINT('',(2.144124211819,13.330568147132));
#986 = CARTESIAN_POINT('',(2.10300880697,13.599860126861));
#987 = CARTESIAN_POINT('',(2.05941501557,13.854636781992));
#988 = CARTESIAN_POINT('',(1.982391746704,14.248601869727));
#989 = CARTESIAN_POINT('',(1.950349363664,14.398417138185));
#990 = CARTESIAN_POINT('',(1.917023051916,14.539211550555));
#991 = CARTESIAN_POINT('',(1.882396322066,14.669373387336));
#992 = CARTESIAN_POINT('',(1.846450807439,14.787099383599));
#993 = CARTESIAN_POINT('',(1.809165398798,14.890373546062));
#994 = CARTESIAN_POINT('',(1.725060216438,15.078744679718));
#995 = CARTESIAN_POINT('',(1.677485946828,15.157960581511));
#996 = CARTESIAN_POINT('',(1.628571627771,15.208576238825));
#997 = CARTESIAN_POINT('',(1.579013679189,15.22720086414));
#998 = CARTESIAN_POINT('',(1.529474492956,15.212913331344));
#999 = CARTESIAN_POINT('',(1.480628633196,15.167242055739));
#1000 = CARTESIAN_POINT('',(1.384643488336,15.01955749334));
#1001 = CARTESIAN_POINT('',(1.337931490409,14.91676840283));
#1002 = CARTESIAN_POINT('',(1.293070746448,14.789911858398));
#1003 = CARTESIAN_POINT('',(1.250074447584,14.642678056526));
#1004 = CARTESIAN_POINT('',(1.208966454868,14.478508113441));
#1005 = CARTESIAN_POINT('',(1.169779778219,14.300649431294));
#1006 = CARTESIAN_POINT('',(1.08640094464,13.878552549252));
#1007 = CARTESIAN_POINT('',(1.042883422151,13.626705206957));
#1008 = CARTESIAN_POINT('',(1.001825867674,13.360356735802));
#1009 = CARTESIAN_POINT('',(0.963076212596,13.081904198415));
#1010 = CARTESIAN_POINT('',(0.926505200885,12.792644647723));
#1011 = CARTESIAN_POINT('',(0.892028764767,12.492934392943));
#1012 = CARTESIAN_POINT('',(0.829616570272,11.894100286877));
#1013 = CARTESIAN_POINT('',(0.801423659846,11.596833569866));
#1014 = CARTESIAN_POINT('',(0.775123128686,11.290643827037));
#1015 = CARTESIAN_POINT('',(0.750851395039,10.975518301588));
#1016 = CARTESIAN_POINT('',(0.728832497582,10.651405349833));
#1017 = CARTESIAN_POINT('',(0.709377125605,10.31817019339));
#1018 = CARTESIAN_POINT('',(0.680548552115,9.719768658433));
#1019 = CARTESIAN_POINT('',(0.669824784162,9.457885787117));
#1020 = CARTESIAN_POINT('',(0.660961109705,9.191388631635));
#1021 = CARTESIAN_POINT('',(0.654157570824,8.921503028384));
#1022 = CARTESIAN_POINT('',(0.649554510874,8.649164107592));
#1023 = CARTESIAN_POINT('',(0.647237130608,8.375113307525));
#1024 = CARTESIAN_POINT('',(0.647237130608,8.1));
#1025 = ( GEOMETRIC_REPRESENTATION_CONTEXT(2) 
PARAMETRIC_REPRESENTATION_CONTEXT() REPRESENTATION_CONTEXT('2D SPACE',''
  ) );
#1026 = ORIENTED_EDGE('',*,*,#1027,.T.);
#1027 = EDGE_CURVE('',#679,#1028,#1030,.T.);
#1028 = VERTEX_POINT('',#1029);
#1029 = CARTESIAN_POINT('',(7.1,7.847013178211E-14,9.7));
#1030 = SEAM_CURVE('',#1031,(#1035,#1042),.PCURVE_S1.);
#1031 = LINE('',#1032,#1033);
#1032 = CARTESIAN_POINT('',(7.1,-1.738998454789E-15,0.));
#1033 = VECTOR('',#1034,1.);
#1034 = DIRECTION('',(0.,0.,1.));
#1035 = PCURVE('',#209,#1036);
#1036 = DEFINITIONAL_REPRESENTATION('',(#1037),#1041);
#1037 = LINE('',#1038,#1039);
#1038 = CARTESIAN_POINT('',(0.,-0.));
#1039 = VECTOR('',#1040,1.);
#1040 = DIRECTION('',(0.,1.));
#1041 = ( GEOMETRIC_REPRESENTATION_CONTEXT(2) 
PARAMETRIC_REPRESENTATION_CONTEXT() REPRESENTATION_CONTEXT('2D SPACE',''
  ) );
#1042 = PCURVE('',#209,#1043);
#1043 = DEFINITIONAL_REPRESENTATION('',(#1044),#1048);
#1044 = LINE('',#1045,#1046);
#1045 = CARTESIAN_POINT('',(6.28318530718,-0.));
#1046 = VECTOR('',#1047,1.);
#1047 = DIRECTION('',(0.,1.));
#1048 = ( GEOMETRIC_REPRESENTATION_CONTEXT(2) 
PARAMETRIC_REPRESENTATION_CONTEXT() REPRESENTATION_CONTEXT('2D SPACE',''
  ) );
#1049 = ORIENTED_EDGE('',*,*,#1050,.T.);
#1050 = EDGE_CURVE('',#1028,#1051,#1053,.T.);
#1051 = VERTEX_POINT('',#1052);
#1052 = CARTESIAN_POINT('',(-6.435060217278,3.,9.7));
#1053 = SEAM_CURVE('',#1054,(#1059,#1066),.PCURVE_S1.);
#1054 = CIRCLE('',#1055,7.1);
#1055 = AXIS2_PLACEMENT_3D('',#1056,#1057,#1058);
#1056 = CARTESIAN_POINT('',(0.,0.,9.7));
#1057 = DIRECTION('',(0.,0.,1.));
#1058 = DIRECTION('',(-0.906346509476,-0.422535211268,0.));
#1059 = PCURVE('',#209,#1060);
#1060 = DEFINITIONAL_REPRESENTATION('',(#1061),#1065);
#1061 = LINE('',#1062,#1063);
#1062 = CARTESIAN_POINT('',(-2.705351974692,9.7));
#1063 = VECTOR('',#1064,1.);
#1064 = DIRECTION('',(1.,0.));
#1065 = ( GEOMETRIC_REPRESENTATION_CONTEXT(2) 
PARAMETRIC_REPRESENTATION_CONTEXT() REPRESENTATION_CONTEXT('2D SPACE',''
  ) );
#1066 = PCURVE('',#209,#1067);
#1067 = DEFINITIONAL_REPRESENTATION('',(#1068),#1072);
#1068 = LINE('',#1069,#1070);
#1069 = CARTESIAN_POINT('',(3.577833332488,9.7));
#1070 = VECTOR('',#1071,1.);
#1071 = DIRECTION('',(1.,0.));
#1072 = ( GEOMETRIC_REPRESENTATION_CONTEXT(2) 
PARAMETRIC_REPRESENTATION_CONTEXT() REPRESENTATION_CONTEXT('2D SPACE',''
  ) );
#1073 = ORIENTED_EDGE('',*,*,#1074,.T.);
#1074 = EDGE_CURVE('',#1051,#42,#1075,.T.);
#1075 = SURFACE_CURVE('',#1076,(#1080,#1086),.PCURVE_S1.);
#1076 = LINE('',#1077,#1078);
#1077 = CARTESIAN_POINT('',(-6.435060217278,3.,9.7));
#1078 = VECTOR('',#1079,1.);
#1079 = DIRECTION('',(0.,0.,1.));
#1080 = PCURVE('',#209,#1081);
#1081 = DEFINITIONAL_REPRESENTATION('',(#1082),#1085);
#1082 = B_SPLINE_CURVE_WITH_KNOTS('',1,(#1083,#1084),.UNSPECIFIED.,.F.,
  .F.,(2,2),(0.,3.),.PIECEWISE_BEZIER_KNOTS.);
#1083 = CARTESIAN_POINT('',(8.988537281871,9.7));
#1084 = CARTESIAN_POINT('',(8.988537281871,12.7));
#1085 = ( GEOMETRIC_REPRESENTATION_CONTEXT(2) 
PARAMETRIC_REPRESENTATION_CONTEXT() REPRESENTATION_CONTEXT('2D SPACE',''
  ) );
#1086 = PCURVE('',#326,#1087);
#1087 = DEFINITIONAL_REPRESENTATION('',(#1088),#1091);
#1088 = B_SPLINE_CURVE_WITH_KNOTS('',1,(#1089,#1090),.UNSPECIFIED.,.F.,
  .F.,(2,2),(-5.999999999062E-07,3.0000006),.PIECEWISE_BEZIER_KNOTS.);
#1089 = CARTESIAN_POINT('',(-6.435060217278,9.6999994));
#1090 = CARTESIAN_POINT('',(-6.435060217278,12.7000006));
#1091 = ( GEOMETRIC_REPRESENTATION_CONTEXT(2) 
PARAMETRIC_REPRESENTATION_CONTEXT() REPRESENTATION_CONTEXT('2D SPACE',''
  ) );
#1092 = ORIENTED_EDGE('',*,*,#39,.F.);
#1093 = ORIENTED_EDGE('',*,*,#1094,.F.);
#1094 = EDGE_CURVE('',#1095,#40,#1097,.T.);
#1095 = VERTEX_POINT('',#1096);
#1096 = CARTESIAN_POINT('',(3.155946768143,6.360031440225,11.));
#1097 = SURFACE_CURVE('',#1098,(#1103,#1110),.PCURVE_S1.);
#1098 = CIRCLE('',#1099,7.1);
#1099 = AXIS2_PLACEMENT_3D('',#1100,#1101,#1102);
#1100 = CARTESIAN_POINT('',(0.,0.,11.));
#1101 = DIRECTION('',(0.,0.,1.));
#1102 = DIRECTION('',(1.,0.,-0.));
#1103 = PCURVE('',#209,#1104);
#1104 = DEFINITIONAL_REPRESENTATION('',(#1105),#1109);
#1105 = LINE('',#1106,#1107);
#1106 = CARTESIAN_POINT('',(6.28318530718,11.));
#1107 = VECTOR('',#1108,1.);
#1108 = DIRECTION('',(1.,0.));
#1109 = ( GEOMETRIC_REPRESENTATION_CONTEXT(2) 
PARAMETRIC_REPRESENTATION_CONTEXT() REPRESENTATION_CONTEXT('2D SPACE',''
  ) );
#1110 = PCURVE('',#664,#1111);
#1111 = DEFINITIONAL_REPRESENTATION('',(#1112),#1116);
#1112 = CIRCLE('',#1113,7.1);
#1113 = AXIS2_PLACEMENT_2D('',#1114,#1115);
#1114 = CARTESIAN_POINT('',(30.,30.));
#1115 = DIRECTION('',(1.,0.));
#1116 = ( GEOMETRIC_REPRESENTATION_CONTEXT(2) 
PARAMETRIC_REPRESENTATION_CONTEXT() REPRESENTATION_CONTEXT('2D SPACE',''
  ) );
#1117 = ORIENTED_EDGE('',*,*,#1118,.F.);
#1118 = EDGE_CURVE('',#1119,#1095,#1121,.T.);
#1119 = VERTEX_POINT('',#1120);
#1120 = CARTESIAN_POINT('',(3.155946768143,-6.360031440225,11.));
#1121 = SURFACE_CURVE('',#1122,(#1185,#1280),.PCURVE_S1.);
#1122 = B_SPLINE_CURVE_WITH_KNOTS('',7,(#1123,#1124,#1125,#1126,#1127,
    #1128,#1129,#1130,#1131,#1132,#1133,#1134,#1135,#1136,#1137,#1138,
    #1139,#1140,#1141,#1142,#1143,#1144,#1145,#1146,#1147,#1148,#1149,
    #1150,#1151,#1152,#1153,#1154,#1155,#1156,#1157,#1158,#1159,#1160,
    #1161,#1162,#1163,#1164,#1165,#1166,#1167,#1168,#1169,#1170,#1171,
    #1172,#1173,#1174,#1175,#1176,#1177,#1178,#1179,#1180,#1181,#1182,
    #1183,#1184),.UNSPECIFIED.,.F.,.F.,(8,6,6,6,6,6,6,6,6,6,8),(
    0.57915621258,0.611672674253,0.707353190519,0.792647727885,
    0.888328244151,1.,1.111671940039,1.207352262045,1.292646626237,
    1.388326948265,1.420843226504),.UNSPECIFIED.);
#1123 = CARTESIAN_POINT('',(-6.435060191331,-2.999999987165,
    10.357607503375));
#1124 = CARTESIAN_POINT('',(-6.356188219864,-3.169181946875,
    10.378617277571));
#1125 = CARTESIAN_POINT('',(-6.271685424132,-3.33689199156,
    10.400805237149));
#1126 = CARTESIAN_POINT('',(-6.181495234659,-3.502978342577,
    10.424104934657));
#1127 = CARTESIAN_POINT('',(-6.085556018033,-3.667278424406,
    10.448441752219));
#1128 = CARTESIAN_POINT('',(-5.983801468769,-3.829617221269,
    10.473732338618));
#1129 = CARTESIAN_POINT('',(-5.876161028599,-3.989805469303,
    10.499883967236));
#1130 = CARTESIAN_POINT('',(-5.428287459721,-4.612062926885,
    10.605976799992));
#1131 = CARTESIAN_POINT('',(-5.040942050396,-5.058125367753,
    10.692071979466));
#1132 = CARTESIAN_POINT('',(-4.598363135031,-5.47949049382,
    10.782435450358));
#1133 = CARTESIAN_POINT('',(-4.098753726491,-5.86830769996,
    10.873440254386));
#1134 = CARTESIAN_POINT('',(-3.541007601226,-6.215015265851,
    10.960383786536));
#1135 = CARTESIAN_POINT('',(-2.925289802022,-6.507968402609,
    11.037408276153));
#1136 = CARTESIAN_POINT('',(-1.655791787044,-6.932998613641,
    11.152340095013));
#1137 = CARTESIAN_POINT('',(-1.012584634221,-7.079358751182,
    11.193658507137));
#1138 = CARTESIAN_POINT('',(-0.340816634807,-7.156279915635,
    11.216246168544));
#1139 = CARTESIAN_POINT('',(0.340816634805,-7.156279915637,
    11.216246168544));
#1140 = CARTESIAN_POINT('',(1.012584634225,-7.079358751181,
    11.193658507137));
#1141 = CARTESIAN_POINT('',(1.655791787042,-6.932998613641,
    11.152340095013));
#1142 = CARTESIAN_POINT('',(2.925289802022,-6.507968402609,
    11.037408276153));
#1143 = CARTESIAN_POINT('',(3.541007601226,-6.215015265851,
    10.960383786536));
#1144 = CARTESIAN_POINT('',(4.098753726491,-5.86830769996,
    10.873440254386));
#1145 = CARTESIAN_POINT('',(4.598363135031,-5.47949049382,
    10.782435450358));
#1146 = CARTESIAN_POINT('',(5.040942050396,-5.058125367753,
    10.692071979466));
#1147 = CARTESIAN_POINT('',(5.428287459721,-4.612062926886,
    10.605976799992));
#1148 = CARTESIAN_POINT('',(6.152700808775,-3.605592261625,
    10.434376889598));
#1149 = CARTESIAN_POINT('',(6.472545641967,-3.035754905327,
    10.35090239721));
#1150 = CARTESIAN_POINT('',(6.725102644617,-2.446451929933,
    10.280535281247));
#1151 = CARTESIAN_POINT('',(6.912855871414,-1.843750991844,
    10.226038208887));
#1152 = CARTESIAN_POINT('',(7.037542081282,-1.23240925498,
    10.189106828055));
#1153 = CARTESIAN_POINT('',(7.1,-0.616527187008,10.170607001075));
#1154 = CARTESIAN_POINT('',(7.1,0.616528203902,10.170607001075));
#1155 = CARTESIAN_POINT('',(7.037541873235,1.232411621325,
    10.189106890387));
#1156 = CARTESIAN_POINT('',(6.91285514366,1.843753745943,10.226038421322
    ));
#1157 = CARTESIAN_POINT('',(6.725101659354,2.446453584478,
    10.280535573503));
#1158 = CARTESIAN_POINT('',(6.472545489244,3.035754189333,
    10.350902377347));
#1159 = CARTESIAN_POINT('',(6.152702244375,3.60559026706,10.434376549531
    ));
#1160 = CARTESIAN_POINT('',(5.428287459721,4.612062926886,
    10.605976799992));
#1161 = CARTESIAN_POINT('',(5.040942050396,5.058125367752,
    10.692071979466));
#1162 = CARTESIAN_POINT('',(4.598363135031,5.479490493821,
    10.782435450358));
#1163 = CARTESIAN_POINT('',(4.098753726491,5.868307699959,
    10.873440254385));
#1164 = CARTESIAN_POINT('',(3.541007601225,6.215015265851,
    10.960383786536));
#1165 = CARTESIAN_POINT('',(2.925289802022,6.507968402609,
    11.037408276153));
#1166 = CARTESIAN_POINT('',(1.655791787043,6.932998613641,
    11.152340095013));
#1167 = CARTESIAN_POINT('',(1.012584634222,7.079358751182,
    11.193658507137));
#1168 = CARTESIAN_POINT('',(0.340816634809,7.156279915636,
    11.216246168544));
#1169 = CARTESIAN_POINT('',(-0.340816634808,7.156279915636,
    11.216246168544));
#1170 = CARTESIAN_POINT('',(-1.012584634223,7.079358751182,
    11.193658507137));
#1171 = CARTESIAN_POINT('',(-1.655791787042,6.932998613641,
    11.152340095013));
#1172 = CARTESIAN_POINT('',(-2.925289802179,6.507968402557,
    11.037408276139));
#1173 = CARTESIAN_POINT('',(-3.541007601241,6.215015265805,
    10.960383786525));
#1174 = CARTESIAN_POINT('',(-4.098753726375,5.868307700013,
    10.873440254402));
#1175 = CARTESIAN_POINT('',(-4.598363134932,5.479490493927,
    10.782435450382));
#1176 = CARTESIAN_POINT('',(-5.040942050422,5.058125367771,
    10.692071979463));
#1177 = CARTESIAN_POINT('',(-5.428287459819,4.612062926749,
    10.605976799969));
#1178 = CARTESIAN_POINT('',(-5.876160618333,3.98980603931,10.49988406442
    ));
#1179 = CARTESIAN_POINT('',(-5.983800903806,3.829618083451,
    10.473732477109));
#1180 = CARTESIAN_POINT('',(-6.085555460646,3.667279354818,
    10.448441892661));
#1181 = CARTESIAN_POINT('',(-6.18149477859,3.502979172468,
    10.424105052166));
#1182 = CARTESIAN_POINT('',(-6.271685114583,3.3368926038,10.400805318388
    ));
#1183 = CARTESIAN_POINT('',(-6.35618806923,3.169182269786,10.37861731772
    ));
#1184 = CARTESIAN_POINT('',(-6.435060191232,2.999999987113,
    10.357607503425));
#1185 = PCURVE('',#209,#1186);
#1186 = DEFINITIONAL_REPRESENTATION('',(#1187),#1279);
#1187 = B_SPLINE_CURVE_WITH_KNOTS('',3,(#1188,#1189,#1190,#1191,#1192,
    #1193,#1194,#1195,#1196,#1197,#1198,#1199,#1200,#1201,#1202,#1203,
    #1204,#1205,#1206,#1207,#1208,#1209,#1210,#1211,#1212,#1213,#1214,
    #1215,#1216,#1217,#1218,#1219,#1220,#1221,#1222,#1223,#1224,#1225,
    #1226,#1227,#1228,#1229,#1230,#1231,#1232,#1233,#1234,#1235,#1236,
    #1237,#1238,#1239,#1240,#1241,#1242,#1243,#1244,#1245,#1246,#1247,
    #1248,#1249,#1250,#1251,#1252,#1253,#1254,#1255,#1256,#1257,#1258,
    #1259,#1260,#1261,#1262,#1263,#1264,#1265,#1266,#1267,#1268,#1269,
    #1270,#1271,#1272,#1273,#1274,#1275,#1276,#1277,#1278),
  .UNSPECIFIED.,.F.,.F.,(4,1,1,1,1,1,1,1,1,1,1,1,1,1,1,1,1,1,1,1,1,1,1,1
    ,1,1,1,1,1,1,1,1,1,1,1,1,1,1,1,1,1,1,1,1,1,1,1,1,1,1,1,1,1,1,1,1,1,1
    ,1,1,1,1,1,1,1,1,1,1,1,1,1,1,1,1,1,1,1,1,1,1,1,1,1,1,1,1,1,1,4),(
    0.57915621258,0.588720837739,0.598285462897,0.607850088055,
    0.617414713213,0.626979338371,0.63654396353,0.646108588688,
    0.655673213846,0.665237839004,0.674802464163,0.684367089321,
    0.693931714479,0.703496339637,0.713060964796,0.722625589954,
    0.732190215112,0.74175484027,0.751319465428,0.760884090587,
    0.770448715745,0.780013340903,0.789577966061,0.79914259122,
    0.808707216378,0.818271841536,0.827836466694,0.837401091852,
    0.846965717011,0.856530342169,0.866094967327,0.875659592485,
    0.885224217644,0.894788842802,0.90435346796,0.913918093118,
    0.923482718276,0.933047343435,0.942611968593,0.952176593751,
    0.961741218909,0.971305844068,0.980870469226,0.990435094384,
    0.999999719542,1.009564344701,1.019128969859,1.028693595017,
    1.038258220175,1.047822845333,1.057387470492,1.06695209565,
    1.076516720808,1.086081345966,1.095645971125,1.105210596283,
    1.114775221441,1.124339846599,1.133904471757,1.143469096916,
    1.153033722074,1.162598347232,1.17216297239,1.181727597549,
    1.191292222707,1.200856847865,1.210421473023,1.219986098182,
    1.22955072334,1.239115348498,1.248679973656,1.258244598814,
    1.267809223973,1.277373849131,1.286938474289,1.296503099447,
    1.306067724606,1.315632349764,1.325196974922,1.33476160008,
    1.344326225238,1.353890850397,1.363455475555,1.373020100713,
    1.382584725871,1.39214935103,1.401713976188,1.411278601346,
    1.420843226504),.QUASI_UNIFORM_KNOTS.);
#1188 = CARTESIAN_POINT('',(3.577833332394,10.357607503375));
#1189 = CARTESIAN_POINT('',(3.595878041074,10.372022811903));
#1190 = CARTESIAN_POINT('',(3.632144696464,10.402298025651));
#1191 = CARTESIAN_POINT('',(3.687154602223,10.451602522819));
#1192 = CARTESIAN_POINT('',(3.742851351978,10.504379863389));
#1193 = CARTESIAN_POINT('',(3.799316372482,10.560129732862));
#1194 = CARTESIAN_POINT('',(3.856794872842,10.618461277755));
#1195 = CARTESIAN_POINT('',(3.915324479357,10.678700532733));
#1196 = CARTESIAN_POINT('',(3.974982141498,10.740122320888));
#1197 = CARTESIAN_POINT('',(4.035838621993,10.801904995486));
#1198 = CARTESIAN_POINT('',(4.09797176879,10.863141800139));
#1199 = CARTESIAN_POINT('',(4.161464748347,10.922839092201));
#1200 = CARTESIAN_POINT('',(4.226406024921,10.979918901815));
#1201 = CARTESIAN_POINT('',(4.292898173807,11.033227917456));
#1202 = CARTESIAN_POINT('',(4.361030969312,11.081529287492));
#1203 = CARTESIAN_POINT('',(4.430990654595,11.12357181417));
#1204 = CARTESIAN_POINT('',(4.502595830402,11.157847661683));
#1205 = CARTESIAN_POINT('',(4.575326344351,11.18290918395));
#1206 = CARTESIAN_POINT('',(4.64878365314,11.197740323359));
#1207 = CARTESIAN_POINT('',(4.722569933277,11.201729685142));
#1208 = CARTESIAN_POINT('',(4.796303650889,11.194714779141));
#1209 = CARTESIAN_POINT('',(4.869601529715,11.176982068021));
#1210 = CARTESIAN_POINT('',(4.942060759234,11.149262432045));
#1211 = CARTESIAN_POINT('',(5.013273471413,11.112678970862));
#1212 = CARTESIAN_POINT('',(5.082708915051,11.068779850437));
#1213 = CARTESIAN_POINT('',(5.150379856426,11.018970738095));
#1214 = CARTESIAN_POINT('',(5.216433417849,10.96450210356));
#1215 = CARTESIAN_POINT('',(5.280965991613,10.906588126594));
#1216 = CARTESIAN_POINT('',(5.344075227043,10.846362118316));
#1217 = CARTESIAN_POINT('',(5.405848239306,10.784879154291));
#1218 = CARTESIAN_POINT('',(5.466366552649,10.723109117354));
#1219 = CARTESIAN_POINT('',(5.525705996745,10.66193535894));
#1220 = CARTESIAN_POINT('',(5.583938876717,10.602152720566));
#1221 = CARTESIAN_POINT('',(5.641131444519,10.544472514708));
#1222 = CARTESIAN_POINT('',(5.697357602098,10.489508101196));
#1223 = CARTESIAN_POINT('',(5.752862065872,10.437636506961));
#1224 = CARTESIAN_POINT('',(5.807695116344,10.389366178108));
#1225 = CARTESIAN_POINT('',(5.861941592777,10.345109189441));
#1226 = CARTESIAN_POINT('',(5.915672935807,10.30523439852));
#1227 = CARTESIAN_POINT('',(5.968960893969,10.270057302906));
#1228 = CARTESIAN_POINT('',(6.021874551463,10.239846530367));
#1229 = CARTESIAN_POINT('',(6.074481830346,10.214825521796));
#1230 = CARTESIAN_POINT('',(6.126849403633,10.195175128708));
#1231 = CARTESIAN_POINT('',(6.179044310219,10.181035568575));
#1232 = CARTESIAN_POINT('',(6.23113034192,10.172508133742));
#1233 = CARTESIAN_POINT('',(6.283183779298,10.169656518197));
#1234 = CARTESIAN_POINT('',(6.335237224563,10.172507799935));
#1235 = CARTESIAN_POINT('',(6.387323251593,10.181034904516));
#1236 = CARTESIAN_POINT('',(6.439518126491,10.195174131937));
#1237 = CARTESIAN_POINT('',(6.491885628942,10.214824179909));
#1238 = CARTESIAN_POINT('',(6.544492791565,10.239844819543));
#1239 = CARTESIAN_POINT('',(6.59740628684,10.270055190617));
#1240 = CARTESIAN_POINT('',(6.650694043088,10.305231850266));
#1241 = CARTESIAN_POINT('',(6.704425158906,10.34510617987));
#1242 = CARTESIAN_POINT('',(6.758671405266,10.389362704383));
#1243 = CARTESIAN_POINT('',(6.813504259218,10.437632609639));
#1244 = CARTESIAN_POINT('',(6.86900859406,10.489503868499));
#1245 = CARTESIAN_POINT('',(6.925234789078,10.544468154094));
#1246 = CARTESIAN_POINT('',(6.982427397163,10.602148293629));
#1247 = CARTESIAN_POINT('',(7.040660315541,10.661930922802));
#1248 = CARTESIAN_POINT('',(7.099999797706,10.723104733125));
#1249 = CARTESIAN_POINT('',(7.160518148579,10.784874884032));
#1250 = CARTESIAN_POINT('',(7.222291198069,10.84635802499));
#1251 = CARTESIAN_POINT('',(7.28540047045,10.906584273056));
#1252 = CARTESIAN_POINT('',(7.349933081136,10.964498551805));
#1253 = CARTESIAN_POINT('',(7.415986678865,11.018967547839));
#1254 = CARTESIAN_POINT('',(7.483657658267,11.068777079497));
#1255 = CARTESIAN_POINT('',(7.553093132892,11.112676668407));
#1256 = CARTESIAN_POINT('',(7.62430590568,11.149260660519));
#1257 = CARTESIAN_POINT('',(7.696765226679,11.176980864732));
#1258 = CARTESIAN_POINT('',(7.770063221637,11.194714152871));
#1259 = CARTESIAN_POINT('',(7.843797077037,11.201729618244));
#1260 = CARTESIAN_POINT('',(7.917583513774,11.197740774022));
#1261 = CARTESIAN_POINT('',(7.991040995837,11.182910089871));
#1262 = CARTESIAN_POINT('',(8.06377169832,11.157848944135));
#1263 = CARTESIAN_POINT('',(8.13537707589,11.123573383938));
#1264 = CARTESIAN_POINT('',(8.205336978261,11.081531046468));
#1265 = CARTESIAN_POINT('',(8.273469975922,11.033229790015));
#1266 = CARTESIAN_POINT('',(8.339962316851,10.979920821358));
#1267 = CARTESIAN_POINT('',(8.404903775444,10.922841002199));
#1268 = CARTESIAN_POINT('',(8.46839692814,10.863143653576));
#1269 = CARTESIAN_POINT('',(8.530530239948,10.801906754458));
#1270 = CARTESIAN_POINT('',(8.591386877881,10.740123956198));
#1271 = CARTESIAN_POINT('',(8.651044691052,10.678702022591));
#1272 = CARTESIAN_POINT('',(8.709574440636,10.618462609545));
#1273 = CARTESIAN_POINT('',(8.767053084433,10.560130893195));
#1274 = CARTESIAN_POINT('',(8.823518219922,10.504380871775));
#1275 = CARTESIAN_POINT('',(8.879215243569,10.451603227136));
#1276 = CARTESIAN_POINT('',(8.934225510898,10.402298370982));
#1277 = CARTESIAN_POINT('',(8.97049243806,10.372022919226));
#1278 = CARTESIAN_POINT('',(8.988537281966,10.357607503425));
#1279 = ( GEOMETRIC_REPRESENTATION_CONTEXT(2) 
PARAMETRIC_REPRESENTATION_CONTEXT() REPRESENTATION_CONTEXT('2D SPACE',''
  ) );
#1280 = PCURVE('',#1281,#1286);
#1281 = CYLINDRICAL_SURFACE('',#1282,25.);
#1282 = AXIS2_PLACEMENT_3D('',#1283,#1284,#1285);
#1283 = CARTESIAN_POINT('',(0.,30.,-13.8));
#1284 = DIRECTION('',(0.,-1.,2.22044604925E-16));
#1285 = DIRECTION('',(1.,0.,0.));
#1286 = DEFINITIONAL_REPRESENTATION('',(#1287),#1379);
#1287 = B_SPLINE_CURVE_WITH_KNOTS('',3,(#1288,#1289,#1290,#1291,#1292,
    #1293,#1294,#1295,#1296,#1297,#1298,#1299,#1300,#1301,#1302,#1303,
    #1304,#1305,#1306,#1307,#1308,#1309,#1310,#1311,#1312,#1313,#1314,
    #1315,#1316,#1317,#1318,#1319,#1320,#1321,#1322,#1323,#1324,#1325,
    #1326,#1327,#1328,#1329,#1330,#1331,#1332,#1333,#1334,#1335,#1336,
    #1337,#1338,#1339,#1340,#1341,#1342,#1343,#1344,#1345,#1346,#1347,
    #1348,#1349,#1350,#1351,#1352,#1353,#1354,#1355,#1356,#1357,#1358,
    #1359,#1360,#1361,#1362,#1363,#1364,#1365,#1366,#1367,#1368,#1369,
    #1370,#1371,#1372,#1373,#1374,#1375,#1376,#1377,#1378),
  .UNSPECIFIED.,.F.,.F.,(4,1,1,1,1,1,1,1,1,1,1,1,1,1,1,1,1,1,1,1,1,1,1,1
    ,1,1,1,1,1,1,1,1,1,1,1,1,1,1,1,1,1,1,1,1,1,1,1,1,1,1,1,1,1,1,1,1,1,1
    ,1,1,1,1,1,1,1,1,1,1,1,1,1,1,1,1,1,1,1,1,1,1,1,1,1,1,1,1,1,1,4),(
    0.57915621258,0.588720837739,0.598285462897,0.607850088055,
    0.617414713213,0.626979338371,0.63654396353,0.646108588688,
    0.655673213846,0.665237839004,0.674802464163,0.684367089321,
    0.693931714479,0.703496339637,0.713060964796,0.722625589954,
    0.732190215112,0.74175484027,0.751319465428,0.760884090587,
    0.770448715745,0.780013340903,0.789577966061,0.79914259122,
    0.808707216378,0.818271841536,0.827836466694,0.837401091852,
    0.846965717011,0.856530342169,0.866094967327,0.875659592485,
    0.885224217644,0.894788842802,0.90435346796,0.913918093118,
    0.923482718276,0.933047343435,0.942611968593,0.952176593751,
    0.961741218909,0.971305844068,0.980870469226,0.990435094384,
    0.999999719542,1.009564344701,1.019128969859,1.028693595017,
    1.038258220175,1.047822845333,1.057387470492,1.06695209565,
    1.076516720808,1.086081345966,1.095645971125,1.105210596283,
    1.114775221441,1.124339846599,1.133904471757,1.143469096916,
    1.153033722074,1.162598347232,1.17216297239,1.181727597549,
    1.191292222707,1.200856847865,1.210421473023,1.219986098182,
    1.22955072334,1.239115348498,1.248679973656,1.258244598814,
    1.267809223973,1.277373849131,1.286938474289,1.296503099447,
    1.306067724606,1.315632349764,1.325196974922,1.33476160008,
    1.344326225238,1.353890850397,1.363455475555,1.373020100713,
    1.382584725871,1.39214935103,1.401713976188,1.411278601346,
    1.420843226504),.QUASI_UNIFORM_KNOTS.);
#1288 = CARTESIAN_POINT('',(1.83112939113,32.999999987165));
#1289 = CARTESIAN_POINT('',(1.828888480716,33.116110300091));
#1290 = CARTESIAN_POINT('',(1.824128603789,33.34657273344));
#1291 = CARTESIAN_POINT('',(1.816144922934,33.686059264953));
#1292 = CARTESIAN_POINT('',(1.807307756638,34.018436931292));
#1293 = CARTESIAN_POINT('',(1.79760721474,34.342696205604));
#1294 = CARTESIAN_POINT('',(1.787001528049,34.658577624661));
#1295 = CARTESIAN_POINT('',(1.775483427654,34.964433282197));
#1296 = CARTESIAN_POINT('',(1.763041874506,35.258702481948));
#1297 = CARTESIAN_POINT('',(1.749669454287,35.539621468759));
#1298 = CARTESIAN_POINT('',(1.735360842686,35.80529087342));
#1299 = CARTESIAN_POINT('',(1.720113542639,36.053647027448));
#1300 = CARTESIAN_POINT('',(1.703928743224,36.282452455501));
#1301 = CARTESIAN_POINT('',(1.686809740642,36.489297522533));
#1302 = CARTESIAN_POINT('',(1.668770362056,36.671529383703));
#1303 = CARTESIAN_POINT('',(1.649806253208,36.826451031947));
#1304 = CARTESIAN_POINT('',(1.630023669341,36.950368898977));
#1305 = CARTESIAN_POINT('',(1.609642045931,37.039689605397));
#1306 = CARTESIAN_POINT('',(1.5888640982,37.092058066862));
#1307 = CARTESIAN_POINT('',(1.567902563453,37.106083501191));
#1308 = CARTESIAN_POINT('',(1.546970467547,37.08140402189));
#1309 = CARTESIAN_POINT('',(1.526280571939,37.018660026305));
#1310 = CARTESIAN_POINT('',(1.506044663369,36.91952482302));
#1311 = CARTESIAN_POINT('',(1.486464277998,36.786628511817));
#1312 = CARTESIAN_POINT('',(1.467755728675,36.62388261833));
#1313 = CARTESIAN_POINT('',(1.449968440169,36.434587879703));
#1314 = CARTESIAN_POINT('',(1.433106561185,36.221433523638));
#1315 = CARTESIAN_POINT('',(1.417179999746,35.987002206373));
#1316 = CARTESIAN_POINT('',(1.402191673006,35.733655203167));
#1317 = CARTESIAN_POINT('',(1.388141639432,35.46358074409));
#1318 = CARTESIAN_POINT('',(1.375026596456,35.178796292238));
#1319 = CARTESIAN_POINT('',(1.362840615586,34.881162545741));
#1320 = CARTESIAN_POINT('',(1.351575204969,34.572387876917));
#1321 = CARTESIAN_POINT('',(1.341220516351,34.254051209648));
#1322 = CARTESIAN_POINT('',(1.331762376409,33.927553253272));
#1323 = CARTESIAN_POINT('',(1.323160750063,33.593087827073));
#1324 = CARTESIAN_POINT('',(1.315410928285,33.251807774976));
#1325 = CARTESIAN_POINT('',(1.308501982192,32.904569451652));
#1326 = CARTESIAN_POINT('',(1.302425775753,32.552211350945));
#1327 = CARTESIAN_POINT('',(1.297174601819,32.195491263178));
#1328 = CARTESIAN_POINT('',(1.292741874055,31.835114431308));
#1329 = CARTESIAN_POINT('',(1.289122006765,31.471736014268));
#1330 = CARTESIAN_POINT('',(1.286310518413,31.105972248335));
#1331 = CARTESIAN_POINT('',(1.284304080693,30.738399528882));
#1332 = CARTESIAN_POINT('',(1.283100587708,30.369590226348));
#1333 = CARTESIAN_POINT('',(1.282699223782,30.000010852853));
#1334 = CARTESIAN_POINT('',(1.283100540687,29.630431394001));
#1335 = CARTESIAN_POINT('',(1.28430398678,29.261622036725));
#1336 = CARTESIAN_POINT('',(1.286310376492,28.894049393425));
#1337 = CARTESIAN_POINT('',(1.289121813863,28.528285913043));
#1338 = CARTESIAN_POINT('',(1.292741625018,28.16490802156));
#1339 = CARTESIAN_POINT('',(1.297174289526,27.804531939426));
#1340 = CARTESIAN_POINT('',(1.302425391864,27.447812758581));
#1341 = CARTESIAN_POINT('',(1.308501518606,27.095455600277));
#1342 = CARTESIAN_POINT('',(1.315410379063,26.748218085596));
#1343 = CARTESIAN_POINT('',(1.323160114991,26.406938469274));
#1344 = CARTESIAN_POINT('',(1.331761662128,26.072472901819));
#1345 = CARTESIAN_POINT('',(1.341219750541,25.745973708803));
#1346 = CARTESIAN_POINT('',(1.351574391483,25.427635718538));
#1347 = CARTESIAN_POINT('',(1.362839756948,25.11885965623));
#1348 = CARTESIAN_POINT('',(1.375025695802,24.821224440506));
#1349 = CARTESIAN_POINT('',(1.388140699998,24.536438444885));
#1350 = CARTESIAN_POINT('',(1.402190698275,24.266362367713));
#1351 = CARTESIAN_POINT('',(1.4171789934,24.013013673439));
#1352 = CARTESIAN_POINT('',(1.433105527178,23.778580593602));
#1353 = CARTESIAN_POINT('',(1.449967382509,23.565424407056));
#1354 = CARTESIAN_POINT('',(1.467754652243,23.376127768893));
#1355 = CARTESIAN_POINT('',(1.486463185505,23.21337992657));
#1356 = CARTESIAN_POINT('',(1.506043567893,23.080481553485));
#1357 = CARTESIAN_POINT('',(1.526279487722,22.981344248325));
#1358 = CARTESIAN_POINT('',(1.546969407355,22.9185981848));
#1359 = CARTESIAN_POINT('',(1.567901539087,22.893916733786));
#1360 = CARTESIAN_POINT('',(1.588863120198,22.907940347191));
#1361 = CARTESIAN_POINT('',(1.60964112349,22.960307184361));
#1362 = CARTESIAN_POINT('',(1.630022810289,23.049626502037));
#1363 = CARTESIAN_POINT('',(1.649805463688,23.17354324303));
#1364 = CARTESIAN_POINT('',(1.668769647441,23.328464061899));
#1365 = CARTESIAN_POINT('',(1.686809097063,23.510695316437));
#1366 = CARTESIAN_POINT('',(1.703928167555,23.717539976856));
#1367 = CARTESIAN_POINT('',(1.720113031263,23.946345174324));
#1368 = CARTESIAN_POINT('',(1.735360391895,24.194701252811));
#1369 = CARTESIAN_POINT('',(1.749669060245,24.460370717964));
#1370 = CARTESIAN_POINT('',(1.763041533282,24.741289882929));
#1371 = CARTESIAN_POINT('',(1.775483135362,25.035559366057));
#1372 = CARTESIAN_POINT('',(1.787001280473,25.341415384929));
#1373 = CARTESIAN_POINT('',(1.797607008861,25.657297278097));
#1374 = CARTESIAN_POINT('',(1.807307585053,25.981556948631));
#1375 = CARTESIAN_POINT('',(1.816144807649,26.3139360445));
#1376 = CARTESIAN_POINT('',(1.824128549211,26.653424694262));
#1377 = CARTESIAN_POINT('',(1.828888464135,26.883888826258));
#1378 = CARTESIAN_POINT('',(1.831129391126,27.000000012887));
#1379 = ( GEOMETRIC_REPRESENTATION_CONTEXT(2) 
PARAMETRIC_REPRESENTATION_CONTEXT() REPRESENTATION_CONTEXT('2D SPACE',''
  ) );
#1380 = ORIENTED_EDGE('',*,*,#1381,.F.);
#1381 = EDGE_CURVE('',#394,#1119,#1382,.T.);
#1382 = SURFACE_CURVE('',#1383,(#1388,#1395),.PCURVE_S1.);
#1383 = CIRCLE('',#1384,7.1);
#1384 = AXIS2_PLACEMENT_3D('',#1385,#1386,#1387);
#1385 = CARTESIAN_POINT('',(0.,0.,11.));
#1386 = DIRECTION('',(0.,0.,1.));
#1387 = DIRECTION('',(1.,0.,-0.));
#1388 = PCURVE('',#209,#1389);
#1389 = DEFINITIONAL_REPRESENTATION('',(#1390),#1394);
#1390 = LINE('',#1391,#1392);
#1391 = CARTESIAN_POINT('',(0.,11.));
#1392 = VECTOR('',#1393,1.);
#1393 = DIRECTION('',(1.,0.));
#1394 = ( GEOMETRIC_REPRESENTATION_CONTEXT(2) 
PARAMETRIC_REPRESENTATION_CONTEXT() REPRESENTATION_CONTEXT('2D SPACE',''
  ) );
#1395 = PCURVE('',#664,#1396);
#1396 = DEFINITIONAL_REPRESENTATION('',(#1397),#1401);
#1397 = CIRCLE('',#1398,7.1);
#1398 = AXIS2_PLACEMENT_2D('',#1399,#1400);
#1399 = CARTESIAN_POINT('',(30.,30.));
#1400 = DIRECTION('',(1.,0.));
#1401 = ( GEOMETRIC_REPRESENTATION_CONTEXT(2) 
PARAMETRIC_REPRESENTATION_CONTEXT() REPRESENTATION_CONTEXT('2D SPACE',''
  ) );
#1402 = ORIENTED_EDGE('',*,*,#393,.F.);
#1403 = ORIENTED_EDGE('',*,*,#1404,.T.);
#1404 = EDGE_CURVE('',#365,#1405,#1407,.T.);
#1405 = VERTEX_POINT('',#1406);
#1406 = CARTESIAN_POINT('',(-6.435060217278,-3.,7.5));
#1407 = SURFACE_CURVE('',#1408,(#1412,#1419),.PCURVE_S1.);
#1408 = LINE('',#1409,#1410);
#1409 = CARTESIAN_POINT('',(-6.435060217278,-3.,12.7));
#1410 = VECTOR('',#1411,1.);
#1411 = DIRECTION('',(-8.198570028001E-15,8.881784197001E-15,-1.));
#1412 = PCURVE('',#209,#1413);
#1413 = DEFINITIONAL_REPRESENTATION('',(#1414),#1418);
#1414 = LINE('',#1415,#1416);
#1415 = CARTESIAN_POINT('',(3.577833332488,12.7));
#1416 = VECTOR('',#1417,1.);
#1417 = DIRECTION('',(-0.,-1.));
#1418 = ( GEOMETRIC_REPRESENTATION_CONTEXT(2) 
PARAMETRIC_REPRESENTATION_CONTEXT() REPRESENTATION_CONTEXT('2D SPACE',''
  ) );
#1419 = PCURVE('',#381,#1420);
#1420 = DEFINITIONAL_REPRESENTATION('',(#1421),#1425);
#1421 = LINE('',#1422,#1423);
#1422 = CARTESIAN_POINT('',(-6.435060217278,12.7));
#1423 = VECTOR('',#1424,1.);
#1424 = DIRECTION('',(-8.198570028001E-15,-1.));
#1425 = ( GEOMETRIC_REPRESENTATION_CONTEXT(2) 
PARAMETRIC_REPRESENTATION_CONTEXT() REPRESENTATION_CONTEXT('2D SPACE',''
  ) );
#1426 = ORIENTED_EDGE('',*,*,#1427,.F.);
#1427 = EDGE_CURVE('',#1428,#1405,#1430,.T.);
#1428 = VERTEX_POINT('',#1429);
#1429 = CARTESIAN_POINT('',(-6.673088657065,-2.424847990071,
    7.039878392057));
#1430 = SURFACE_CURVE('',#1431,(#1436,#1446),.PCURVE_S1.);
#1431 = ELLIPSE('',#1432,9.092436417155,7.1);
#1432 = AXIS2_PLACEMENT_3D('',#1433,#1434,#1435);
#1433 = CARTESIAN_POINT('',(0.,0.,5.1));
#1434 = DIRECTION('',(-0.,0.624695047554,0.780868809443));
#1435 = DIRECTION('',(0.,-0.780868809443,0.624695047554));
#1436 = PCURVE('',#209,#1437);
#1437 = DEFINITIONAL_REPRESENTATION('',(#1438),#1445);
#1438 = B_SPLINE_CURVE_WITH_KNOTS('',5,(#1439,#1440,#1441,#1442,#1443,
    #1444),.UNSPECIFIED.,.F.,.F.,(6,6),(4.98329615344,5.16422686708),
  .PIECEWISE_BEZIER_KNOTS.);
#1439 = CARTESIAN_POINT('',(3.412499826645,6.62));
#1440 = CARTESIAN_POINT('',(3.448685969373,6.818041043204));
#1441 = CARTESIAN_POINT('',(3.484872112101,7.013594158334));
#1442 = CARTESIAN_POINT('',(3.521058254829,7.206119077194));
#1443 = CARTESIAN_POINT('',(3.557244397557,7.395089164732));
#1444 = CARTESIAN_POINT('',(3.593430540285,7.58));
#1445 = ( GEOMETRIC_REPRESENTATION_CONTEXT(2) 
PARAMETRIC_REPRESENTATION_CONTEXT() REPRESENTATION_CONTEXT('2D SPACE',''
  ) );
#1446 = PCURVE('',#1447,#1452);
#1447 = PLANE('',#1448);
#1448 = AXIS2_PLACEMENT_3D('',#1449,#1450,#1451);
#1449 = CARTESIAN_POINT('',(-15.5,-3.,7.5));
#1450 = DIRECTION('',(-0.,0.624695047554,0.780868809443));
#1451 = DIRECTION('',(0.,0.780868809443,-0.624695047554));
#1452 = DEFINITIONAL_REPRESENTATION('',(#1453),#1457);
#1453 = ELLIPSE('',#1454,9.092436417155,7.1);
#1454 = AXIS2_PLACEMENT_2D('',#1455,#1456);
#1455 = CARTESIAN_POINT('',(3.84187454246,-15.5));
#1456 = DIRECTION('',(-1.,-0.));
#1457 = ( GEOMETRIC_REPRESENTATION_CONTEXT(2) 
PARAMETRIC_REPRESENTATION_CONTEXT() REPRESENTATION_CONTEXT('2D SPACE',''
  ) );
#1458 = ORIENTED_EDGE('',*,*,#1459,.F.);
#1459 = EDGE_CURVE('',#1460,#1428,#1462,.T.);
#1460 = VERTEX_POINT('',#1461);
#1461 = CARTESIAN_POINT('',(-6.673088657065,2.424847990071,
    7.039878392057));
#1462 = SURFACE_CURVE('',#1463,(#1491,#1522),.PCURVE_S1.);
#1463 = B_SPLINE_CURVE_WITH_KNOTS('',6,(#1464,#1465,#1466,#1467,#1468,
    #1469,#1470,#1471,#1472,#1473,#1474,#1475,#1476,#1477,#1478,#1479,
    #1480,#1481,#1482,#1483,#1484,#1485,#1486,#1487,#1488,#1489,#1490),
  .UNSPECIFIED.,.F.,.F.,(7,5,5,5,5,7),(0.,0.213878155974,0.500236118734,
    0.690349928205,0.786758290146,1.),.UNSPECIFIED.);
#1464 = CARTESIAN_POINT('',(-6.435059937561,3.0000006,7.258099172649));
#1465 = CARTESIAN_POINT('',(-6.527043086636,2.802694946947,
    7.176546542481));
#1466 = CARTESIAN_POINT('',(-6.61181035954,2.601911286614,7.09889325568)
  );
#1467 = CARTESIAN_POINT('',(-6.689249327528,2.397857275044,7.02584682179
    ));
#1468 = CARTESIAN_POINT('',(-6.759255228438,2.190699613994,
    6.958115874108));
#1469 = CARTESIAN_POINT('',(-6.821711004365,1.980564787111,
    6.896396619746));
#1470 = CARTESIAN_POINT('',(-6.949779700151,1.482324121912,
    6.767670709225));
#1471 = CARTESIAN_POINT('',(-7.009413003059,1.191448273179,6.70583627518
    ));
#1472 = CARTESIAN_POINT('',(-7.054546556815,0.896551977888,
    6.657914539126));
#1473 = CARTESIAN_POINT('',(-7.084814489158,0.59894735768,6.625398071346
    ));
#1474 = CARTESIAN_POINT('',(-7.1,0.299747051909,6.609084656743));
#1475 = CARTESIAN_POINT('',(-7.1,-0.199002861198,6.609084656743));
#1476 = CARTESIAN_POINT('',(-7.09330623963,-0.397925509789,
    6.616274924293));
#1477 = CARTESIAN_POINT('',(-7.079930944623,-0.596379276012,
    6.630645681543));
#1478 = CARTESIAN_POINT('',(-7.05991996652,-0.793968251076,
    6.652031562918));
#1479 = CARTESIAN_POINT('',(-7.033370289166,-0.99026611066,6.68011710203
    ));
#1480 = CARTESIAN_POINT('',(-6.983752121073,-1.283439180204,
    6.731848782968));
#1481 = CARTESIAN_POINT('',(-6.965414557067,-1.381650795644,
    6.750863716817));
#1482 = CARTESIAN_POINT('',(-6.945449282694,-1.479398507836,
    6.771434124113));
#1483 = CARTESIAN_POINT('',(-6.923872461869,-1.576650160153,
    6.79350194366));
#1484 = CARTESIAN_POINT('',(-6.900701982908,-1.673370716229,
    6.817003949099));
#1485 = CARTESIAN_POINT('',(-6.821226057825,-1.982195924146,
    6.896875817486));
#1486 = CARTESIAN_POINT('',(-6.75882032191,-2.191986166807,
    6.958536626221));
#1487 = CARTESIAN_POINT('',(-6.688888761896,-2.398806992413,
    7.02618690203));
#1488 = CARTESIAN_POINT('',(-6.611547702129,-2.602533201059,
    7.099133838714));
#1489 = CARTESIAN_POINT('',(-6.526901028636,-2.802999664134,
    7.176672491676));
#1490 = CARTESIAN_POINT('',(-6.435059937561,-3.0000006,7.258099172649));
#1491 = PCURVE('',#209,#1492);
#1492 = DEFINITIONAL_REPRESENTATION('',(#1493),#1521);
#1493 = B_SPLINE_CURVE_WITH_KNOTS('',6,(#1494,#1495,#1496,#1497,#1498,
    #1499,#1500,#1501,#1502,#1503,#1504,#1505,#1506,#1507,#1508,#1509,
    #1510,#1511,#1512,#1513,#1514,#1515,#1516,#1517,#1518,#1519,#1520),
  .UNSPECIFIED.,.F.,.F.,(7,5,5,5,5,7),(0.,0.213878155974,0.500236118734,
    0.690349928205,0.786758290146,1.),.UNSPECIFIED.);
#1494 = CARTESIAN_POINT('',(2.705351881452,7.258099172649));
#1495 = CARTESIAN_POINT('',(2.736012925012,7.176546542481));
#1496 = CARTESIAN_POINT('',(2.766688497076,7.09889325568));
#1497 = CARTESIAN_POINT('',(2.797397393085,7.02584682179));
#1498 = CARTESIAN_POINT('',(2.82816401472,6.958115874108));
#1499 = CARTESIAN_POINT('',(2.859018597601,6.896396619746));
#1500 = CARTESIAN_POINT('',(2.931474502735,6.767670709225));
#1501 = CARTESIAN_POINT('',(2.973244013493,6.70583627518));
#1502 = CARTESIAN_POINT('',(3.015182160491,6.657914539126));
#1503 = CARTESIAN_POINT('',(3.057233902535,6.625398071346));
#1504 = CARTESIAN_POINT('',(3.099374758955,6.609084656743));
#1505 = CARTESIAN_POINT('',(3.16962122559,6.609084656743));
#1506 = CARTESIAN_POINT('',(3.197638519632,6.616274924293));
#1507 = CARTESIAN_POINT('',(3.225629338829,6.630645681543));
#1508 = CARTESIAN_POINT('',(3.253577547641,6.652031562918));
#1509 = CARTESIAN_POINT('',(3.281461460564,6.68011710203));
#1510 = CARTESIAN_POINT('',(3.323340650154,6.731848782968));
#1511 = CARTESIAN_POINT('',(3.337410306653,6.750863716817));
#1512 = CARTESIAN_POINT('',(3.351458836663,6.771434124113));
#1513 = CARTESIAN_POINT('',(3.365486352832,6.79350194366));
#1514 = CARTESIAN_POINT('',(3.379492444106,6.817003949099));
#1515 = CARTESIAN_POINT('',(3.424406219356,6.896875817486));
#1516 = CARTESIAN_POINT('',(3.455212374722,6.958536626221));
#1517 = CARTESIAN_POINT('',(3.485930848209,7.02618690203));
#1518 = CARTESIAN_POINT('',(3.516591831132,7.099133838714));
#1519 = CARTESIAN_POINT('',(3.547219734825,7.176672491676));
#1520 = CARTESIAN_POINT('',(3.577833425727,7.258099172649));
#1521 = ( GEOMETRIC_REPRESENTATION_CONTEXT(2) 
PARAMETRIC_REPRESENTATION_CONTEXT() REPRESENTATION_CONTEXT('2D SPACE',''
  ) );
#1522 = PCURVE('',#1523,#1528);
#1523 = CYLINDRICAL_SURFACE('',#1524,9.7);
#1524 = AXIS2_PLACEMENT_3D('',#1525,#1526,#1527);
#1525 = CARTESIAN_POINT('',(0.,3.,-6.661338147751E-16));
#1526 = DIRECTION('',(0.,-1.,2.22044604925E-16));
#1527 = DIRECTION('',(1.,0.,0.));
#1528 = DEFINITIONAL_REPRESENTATION('',(#1529),#1557);
#1529 = B_SPLINE_CURVE_WITH_KNOTS('',6,(#1530,#1531,#1532,#1533,#1534,
    #1535,#1536,#1537,#1538,#1539,#1540,#1541,#1542,#1543,#1544,#1545,
    #1546,#1547,#1548,#1549,#1550,#1551,#1552,#1553,#1554,#1555,#1556),
  .UNSPECIFIED.,.F.,.F.,(7,5,5,5,5,7),(0.,0.213878155974,0.500236118734,
    0.690349928205,0.786758290146,1.),.UNSPECIFIED.);
#1530 = CARTESIAN_POINT('',(2.296160845961,-6.000002820897E-07));
#1531 = CARTESIAN_POINT('',(2.30883401932,0.197305053053));
#1532 = CARTESIAN_POINT('',(2.320683865883,0.398088713386));
#1533 = CARTESIAN_POINT('',(2.331657027656,0.602142724956));
#1534 = CARTESIAN_POINT('',(2.341698162279,0.809300386006));
#1535 = CARTESIAN_POINT('',(2.350750064187,1.019435212889));
#1536 = CARTESIAN_POINT('',(2.369469837607,1.517675878088));
#1537 = CARTESIAN_POINT('',(2.378324911897,1.808551726821));
#1538 = CARTESIAN_POINT('',(2.385111206437,2.103448022112));
#1539 = CARTESIAN_POINT('',(2.389691030974,2.40105264232));
#1540 = CARTESIAN_POINT('',(2.391988686526,2.700252948091));
#1541 = CARTESIAN_POINT('',(2.391988686526,3.199002861198));
#1542 = CARTESIAN_POINT('',(2.390975933607,3.397925509789));
#1543 = CARTESIAN_POINT('',(2.388951992348,3.596379276012));
#1544 = CARTESIAN_POINT('',(2.385932629514,3.793968251076));
#1545 = CARTESIAN_POINT('',(2.381948378522,3.99026611066));
#1546 = CARTESIAN_POINT('',(2.374558610843,4.283439180204));
#1547 = CARTESIAN_POINT('',(2.371835262776,4.381650795644));
#1548 = CARTESIAN_POINT('',(2.36888000632,4.479398507836));
#1549 = CARTESIAN_POINT('',(2.365698255193,4.576650160153));
#1550 = CARTESIAN_POINT('',(2.362295890231,4.673370716229));
#1551 = CARTESIAN_POINT('',(2.350679781657,4.982195924146));
#1552 = CARTESIAN_POINT('',(2.341635783942,5.191986166807));
#1553 = CARTESIAN_POINT('',(2.331605937534,5.398806992413));
#1554 = CARTESIAN_POINT('',(2.320647150535,5.602533201059));
#1555 = CARTESIAN_POINT('',(2.308814446978,5.802999664134));
#1556 = CARTESIAN_POINT('',(2.296160845961,6.0000006));
#1557 = ( GEOMETRIC_REPRESENTATION_CONTEXT(2) 
PARAMETRIC_REPRESENTATION_CONTEXT() REPRESENTATION_CONTEXT('2D SPACE',''
  ) );
#1558 = ORIENTED_EDGE('',*,*,#1559,.F.);
#1559 = EDGE_CURVE('',#1560,#1460,#1562,.T.);
#1560 = VERTEX_POINT('',#1561);
#1561 = CARTESIAN_POINT('',(-6.435060217278,3.,7.5));
#1562 = SURFACE_CURVE('',#1563,(#1568,#1578),.PCURVE_S1.);
#1563 = ELLIPSE('',#1564,9.092436417155,7.1);
#1564 = AXIS2_PLACEMENT_3D('',#1565,#1566,#1567);
#1565 = CARTESIAN_POINT('',(0.,0.,5.1));
#1566 = DIRECTION('',(0.,-0.624695047554,0.780868809443));
#1567 = DIRECTION('',(0.,0.780868809443,0.624695047554));
#1568 = PCURVE('',#209,#1569);
#1569 = DEFINITIONAL_REPRESENTATION('',(#1570),#1577);
#1570 = B_SPLINE_CURVE_WITH_KNOTS('',5,(#1571,#1572,#1573,#1574,#1575,
    #1576),.UNSPECIFIED.,.F.,.F.,(6,6),(1.118958440099,1.299889153739),
  .PIECEWISE_BEZIER_KNOTS.);
#1571 = CARTESIAN_POINT('',(2.689754766894,7.58));
#1572 = CARTESIAN_POINT('',(2.725940909622,7.395089164732));
#1573 = CARTESIAN_POINT('',(2.76212705235,7.206119077194));
#1574 = CARTESIAN_POINT('',(2.798313195078,7.013594158334));
#1575 = CARTESIAN_POINT('',(2.834499337806,6.818041043204));
#1576 = CARTESIAN_POINT('',(2.870685480534,6.62));
#1577 = ( GEOMETRIC_REPRESENTATION_CONTEXT(2) 
PARAMETRIC_REPRESENTATION_CONTEXT() REPRESENTATION_CONTEXT('2D SPACE',''
  ) );
#1578 = PCURVE('',#1579,#1584);
#1579 = PLANE('',#1580);
#1580 = AXIS2_PLACEMENT_3D('',#1581,#1582,#1583);
#1581 = CARTESIAN_POINT('',(-15.5,2.,6.7));
#1582 = DIRECTION('',(0.,-0.624695047554,0.780868809443));
#1583 = DIRECTION('',(0.,0.780868809443,0.624695047554));
#1584 = DEFINITIONAL_REPRESENTATION('',(#1585),#1589);
#1585 = ELLIPSE('',#1586,9.092436417155,7.1);
#1586 = AXIS2_PLACEMENT_2D('',#1587,#1588);
#1587 = CARTESIAN_POINT('',(-2.561249694973,-15.5));
#1588 = DIRECTION('',(1.,0.));
#1589 = ( GEOMETRIC_REPRESENTATION_CONTEXT(2) 
PARAMETRIC_REPRESENTATION_CONTEXT() REPRESENTATION_CONTEXT('2D SPACE',''
  ) );
#1590 = ORIENTED_EDGE('',*,*,#1591,.T.);
#1591 = EDGE_CURVE('',#1560,#1051,#1592,.T.);
#1592 = SURFACE_CURVE('',#1593,(#1597,#1603),.PCURVE_S1.);
#1593 = LINE('',#1594,#1595);
#1594 = CARTESIAN_POINT('',(-6.435060217278,3.,-6.661338147751E-16));
#1595 = VECTOR('',#1596,1.);
#1596 = DIRECTION('',(0.,0.,1.));
#1597 = PCURVE('',#209,#1598);
#1598 = DEFINITIONAL_REPRESENTATION('',(#1599),#1602);
#1599 = B_SPLINE_CURVE_WITH_KNOTS('',1,(#1600,#1601),.UNSPECIFIED.,.F.,
  .F.,(2,2),(6.979999999999,12.7000006),.PIECEWISE_BEZIER_KNOTS.);
#1600 = CARTESIAN_POINT('',(2.705351974692,6.979999999999));
#1601 = CARTESIAN_POINT('',(2.705351974692,12.7000006));
#1602 = ( GEOMETRIC_REPRESENTATION_CONTEXT(2) 
PARAMETRIC_REPRESENTATION_CONTEXT() REPRESENTATION_CONTEXT('2D SPACE',''
  ) );
#1603 = PCURVE('',#326,#1604);
#1604 = DEFINITIONAL_REPRESENTATION('',(#1605),#1608);
#1605 = B_SPLINE_CURVE_WITH_KNOTS('',1,(#1606,#1607),.UNSPECIFIED.,.F.,
  .F.,(2,2),(6.979999999999,12.7000006),.PIECEWISE_BEZIER_KNOTS.);
#1606 = CARTESIAN_POINT('',(-6.435060217278,6.979999999999));
#1607 = CARTESIAN_POINT('',(-6.435060217278,12.7000006));
#1608 = ( GEOMETRIC_REPRESENTATION_CONTEXT(2) 
PARAMETRIC_REPRESENTATION_CONTEXT() REPRESENTATION_CONTEXT('2D SPACE',''
  ) );
#1609 = ORIENTED_EDGE('',*,*,#1050,.F.);
#1610 = ORIENTED_EDGE('',*,*,#1027,.F.);
#1611 = ADVANCED_FACE('',(#1612),#664,.T.);
#1612 = FACE_BOUND('',#1613,.T.);
#1613 = EDGE_LOOP('',(#1614,#1633,#1634,#1635));
#1614 = ORIENTED_EDGE('',*,*,#1615,.F.);
#1615 = EDGE_CURVE('',#1095,#1119,#1616,.T.);
#1616 = SURFACE_CURVE('',#1617,(#1621,#1627),.PCURVE_S1.);
#1617 = LINE('',#1618,#1619);
#1618 = CARTESIAN_POINT('',(3.155946767612,30.,11.));
#1619 = VECTOR('',#1620,1.);
#1620 = DIRECTION('',(0.,-1.,2.22044604925E-16));
#1621 = PCURVE('',#664,#1622);
#1622 = DEFINITIONAL_REPRESENTATION('',(#1623),#1626);
#1623 = B_SPLINE_CURVE_WITH_KNOTS('',1,(#1624,#1625),.UNSPECIFIED.,.F.,
  .F.,(2,2),(22.893916133786,37.106084101191),.PIECEWISE_BEZIER_KNOTS.);
#1624 = CARTESIAN_POINT('',(33.155946767612,37.106083866214));
#1625 = CARTESIAN_POINT('',(33.155946767612,22.893915898809));
#1626 = ( GEOMETRIC_REPRESENTATION_CONTEXT(2) 
PARAMETRIC_REPRESENTATION_CONTEXT() REPRESENTATION_CONTEXT('2D SPACE',''
  ) );
#1627 = PCURVE('',#1281,#1628);
#1628 = DEFINITIONAL_REPRESENTATION('',(#1629),#1632);
#1629 = B_SPLINE_CURVE_WITH_KNOTS('',1,(#1630,#1631),.UNSPECIFIED.,.F.,
  .F.,(2,2),(22.893916133786,37.106084101191),.PIECEWISE_BEZIER_KNOTS.);
#1630 = CARTESIAN_POINT('',(1.444220740832,22.893916133786));
#1631 = CARTESIAN_POINT('',(1.444220740832,37.106084101191));
#1632 = ( GEOMETRIC_REPRESENTATION_CONTEXT(2) 
PARAMETRIC_REPRESENTATION_CONTEXT() REPRESENTATION_CONTEXT('2D SPACE',''
  ) );
#1633 = ORIENTED_EDGE('',*,*,#1094,.T.);
#1634 = ORIENTED_EDGE('',*,*,#651,.T.);
#1635 = ORIENTED_EDGE('',*,*,#1381,.T.);
#1636 = ADVANCED_FACE('',(#1637),#381,.T.);
#1637 = FACE_BOUND('',#1638,.T.);
#1638 = EDGE_LOOP('',(#1639,#1640,#1664,#1685));
#1639 = ORIENTED_EDGE('',*,*,#364,.T.);
#1640 = ORIENTED_EDGE('',*,*,#1641,.T.);
#1641 = EDGE_CURVE('',#339,#1642,#1644,.T.);
#1642 = VERTEX_POINT('',#1643);
#1643 = CARTESIAN_POINT('',(-12.40967364599,-3.,7.5));
#1644 = SURFACE_CURVE('',#1645,(#1650,#1657),.PCURVE_S1.);
#1645 = CIRCLE('',#1646,14.5);
#1646 = AXIS2_PLACEMENT_3D('',#1647,#1648,#1649);
#1647 = CARTESIAN_POINT('',(0.,-3.,6.661338147751E-16));
#1648 = DIRECTION('',(0.,-1.,2.22044604925E-16));
#1649 = DIRECTION('',(1.,0.,0.));
#1650 = PCURVE('',#381,#1651);
#1651 = DEFINITIONAL_REPRESENTATION('',(#1652),#1656);
#1652 = CIRCLE('',#1653,14.5);
#1653 = AXIS2_PLACEMENT_2D('',#1654,#1655);
#1654 = CARTESIAN_POINT('',(0.,0.));
#1655 = DIRECTION('',(1.,0.));
#1656 = ( GEOMETRIC_REPRESENTATION_CONTEXT(2) 
PARAMETRIC_REPRESENTATION_CONTEXT() REPRESENTATION_CONTEXT('2D SPACE',''
  ) );
#1657 = PCURVE('',#353,#1658);
#1658 = DEFINITIONAL_REPRESENTATION('',(#1659),#1663);
#1659 = LINE('',#1660,#1661);
#1660 = CARTESIAN_POINT('',(0.,6.));
#1661 = VECTOR('',#1662,1.);
#1662 = DIRECTION('',(1.,0.));
#1663 = ( GEOMETRIC_REPRESENTATION_CONTEXT(2) 
PARAMETRIC_REPRESENTATION_CONTEXT() REPRESENTATION_CONTEXT('2D SPACE',''
  ) );
#1664 = ORIENTED_EDGE('',*,*,#1665,.T.);
#1665 = EDGE_CURVE('',#1642,#1405,#1666,.T.);
#1666 = SURFACE_CURVE('',#1667,(#1671,#1678),.PCURVE_S1.);
#1667 = LINE('',#1668,#1669);
#1668 = CARTESIAN_POINT('',(-15.5,-3.,7.5));
#1669 = VECTOR('',#1670,1.);
#1670 = DIRECTION('',(1.,0.,0.));
#1671 = PCURVE('',#381,#1672);
#1672 = DEFINITIONAL_REPRESENTATION('',(#1673),#1677);
#1673 = LINE('',#1674,#1675);
#1674 = CARTESIAN_POINT('',(-15.5,7.5));
#1675 = VECTOR('',#1676,1.);
#1676 = DIRECTION('',(1.,0.));
#1677 = ( GEOMETRIC_REPRESENTATION_CONTEXT(2) 
PARAMETRIC_REPRESENTATION_CONTEXT() REPRESENTATION_CONTEXT('2D SPACE',''
  ) );
#1678 = PCURVE('',#1447,#1679);
#1679 = DEFINITIONAL_REPRESENTATION('',(#1680),#1684);
#1680 = LINE('',#1681,#1682);
#1681 = CARTESIAN_POINT('',(0.,0.));
#1682 = VECTOR('',#1683,1.);
#1683 = DIRECTION('',(0.,-1.));
#1684 = ( GEOMETRIC_REPRESENTATION_CONTEXT(2) 
PARAMETRIC_REPRESENTATION_CONTEXT() REPRESENTATION_CONTEXT('2D SPACE',''
  ) );
#1685 = ORIENTED_EDGE('',*,*,#1404,.F.);
#1686 = ADVANCED_FACE('',(#1687),#353,.T.);
#1687 = FACE_BOUND('',#1688,.T.);
#1688 = EDGE_LOOP('',(#1689,#1690,#1691,#1715,#1742,#1771,#1799,#1828));
#1689 = ORIENTED_EDGE('',*,*,#1641,.F.);
#1690 = ORIENTED_EDGE('',*,*,#338,.F.);
#1691 = ORIENTED_EDGE('',*,*,#1692,.T.);
#1692 = EDGE_CURVE('',#310,#1693,#1695,.T.);
#1693 = VERTEX_POINT('',#1694);
#1694 = CARTESIAN_POINT('',(-12.40967364599,3.,7.5));
#1695 = SURFACE_CURVE('',#1696,(#1701,#1708),.PCURVE_S1.);
#1696 = CIRCLE('',#1697,14.5);
#1697 = AXIS2_PLACEMENT_3D('',#1698,#1699,#1700);
#1698 = CARTESIAN_POINT('',(0.,3.,-6.661338147751E-16));
#1699 = DIRECTION('',(0.,-1.,2.22044604925E-16));
#1700 = DIRECTION('',(1.,0.,0.));
#1701 = PCURVE('',#353,#1702);
#1702 = DEFINITIONAL_REPRESENTATION('',(#1703),#1707);
#1703 = LINE('',#1704,#1705);
#1704 = CARTESIAN_POINT('',(0.,0.));
#1705 = VECTOR('',#1706,1.);
#1706 = DIRECTION('',(1.,0.));
#1707 = ( GEOMETRIC_REPRESENTATION_CONTEXT(2) 
PARAMETRIC_REPRESENTATION_CONTEXT() REPRESENTATION_CONTEXT('2D SPACE',''
  ) );
#1708 = PCURVE('',#326,#1709);
#1709 = DEFINITIONAL_REPRESENTATION('',(#1710),#1714);
#1710 = CIRCLE('',#1711,14.5);
#1711 = AXIS2_PLACEMENT_2D('',#1712,#1713);
#1712 = CARTESIAN_POINT('',(0.,0.));
#1713 = DIRECTION('',(1.,0.));
#1714 = ( GEOMETRIC_REPRESENTATION_CONTEXT(2) 
PARAMETRIC_REPRESENTATION_CONTEXT() REPRESENTATION_CONTEXT('2D SPACE',''
  ) );
#1715 = ORIENTED_EDGE('',*,*,#1716,.T.);
#1716 = EDGE_CURVE('',#1693,#1717,#1719,.T.);
#1717 = VERTEX_POINT('',#1718);
#1718 = CARTESIAN_POINT('',(-12.85923792454,2.,6.7));
#1719 = SURFACE_CURVE('',#1720,(#1725,#1735),.PCURVE_S1.);
#1720 = ELLIPSE('',#1721,23.211325360694,14.5);
#1721 = AXIS2_PLACEMENT_3D('',#1722,#1723,#1724);
#1722 = CARTESIAN_POINT('',(0.,-6.375,1.415534356397E-15));
#1723 = DIRECTION('',(0.,-0.624695047554,0.780868809443));
#1724 = DIRECTION('',(0.,-0.780868809443,-0.624695047554));
#1725 = PCURVE('',#353,#1726);
#1726 = DEFINITIONAL_REPRESENTATION('',(#1727),#1734);
#1727 = B_SPLINE_CURVE_WITH_KNOTS('',5,(#1728,#1729,#1730,#1731,#1732,
    #1733),.UNSPECIFIED.,.F.,.F.,(6,6),(4.168764434172,4.238273440859),
  .PIECEWISE_BEZIER_KNOTS.);
#1728 = CARTESIAN_POINT('',(2.597968107377,-6.000000016826E-07));
#1729 = CARTESIAN_POINT('',(2.611869908715,0.215645417069));
#1730 = CARTESIAN_POINT('',(2.625771710052,0.433556200819));
#1731 = CARTESIAN_POINT('',(2.639673511389,0.653644926939));
#1732 = CARTESIAN_POINT('',(2.653575312727,0.875822946506));
#1733 = CARTESIAN_POINT('',(2.667477114064,1.1));
#1734 = ( GEOMETRIC_REPRESENTATION_CONTEXT(2) 
PARAMETRIC_REPRESENTATION_CONTEXT() REPRESENTATION_CONTEXT('2D SPACE',''
  ) );
#1735 = PCURVE('',#1579,#1736);
#1736 = DEFINITIONAL_REPRESENTATION('',(#1737),#1741);
#1737 = ELLIPSE('',#1738,23.211325360694,14.5);
#1738 = AXIS2_PLACEMENT_2D('',#1739,#1740);
#1739 = CARTESIAN_POINT('',(-10.7252330977,-15.5));
#1740 = DIRECTION('',(-1.,-0.));
#1741 = ( GEOMETRIC_REPRESENTATION_CONTEXT(2) 
PARAMETRIC_REPRESENTATION_CONTEXT() REPRESENTATION_CONTEXT('2D SPACE',''
  ) );
#1742 = ORIENTED_EDGE('',*,*,#1743,.T.);
#1743 = EDGE_CURVE('',#1717,#1744,#1746,.T.);
#1744 = VERTEX_POINT('',#1745);
#1745 = CARTESIAN_POINT('',(-13.87199614114,2.,4.221104483427));
#1746 = SURFACE_CURVE('',#1747,(#1752,#1759),.PCURVE_S1.);
#1747 = CIRCLE('',#1748,14.5);
#1748 = AXIS2_PLACEMENT_3D('',#1749,#1750,#1751);
#1749 = CARTESIAN_POINT('',(0.,2.,-4.440892098501E-16));
#1750 = DIRECTION('',(0.,-1.,2.22044604925E-16));
#1751 = DIRECTION('',(1.,0.,0.));
#1752 = PCURVE('',#353,#1753);
#1753 = DEFINITIONAL_REPRESENTATION('',(#1754),#1758);
#1754 = LINE('',#1755,#1756);
#1755 = CARTESIAN_POINT('',(0.,1.));
#1756 = VECTOR('',#1757,1.);
#1757 = DIRECTION('',(1.,0.));
#1758 = ( GEOMETRIC_REPRESENTATION_CONTEXT(2) 
PARAMETRIC_REPRESENTATION_CONTEXT() REPRESENTATION_CONTEXT('2D SPACE',''
  ) );
#1759 = PCURVE('',#1760,#1765);
#1760 = PLANE('',#1761);
#1761 = AXIS2_PLACEMENT_3D('',#1762,#1763,#1764);
#1762 = CARTESIAN_POINT('',(0.,2.,-4.440892098501E-16));
#1763 = DIRECTION('',(0.,-1.,2.22044604925E-16));
#1764 = DIRECTION('',(1.,0.,0.));
#1765 = DEFINITIONAL_REPRESENTATION('',(#1766),#1770);
#1766 = CIRCLE('',#1767,14.5);
#1767 = AXIS2_PLACEMENT_2D('',#1768,#1769);
#1768 = CARTESIAN_POINT('',(0.,0.));
#1769 = DIRECTION('',(1.,0.));
#1770 = ( GEOMETRIC_REPRESENTATION_CONTEXT(2) 
PARAMETRIC_REPRESENTATION_CONTEXT() REPRESENTATION_CONTEXT('2D SPACE',''
  ) );
#1771 = ORIENTED_EDGE('',*,*,#1772,.T.);
#1772 = EDGE_CURVE('',#1744,#1773,#1775,.T.);
#1773 = VERTEX_POINT('',#1774);
#1774 = CARTESIAN_POINT('',(-13.87199614114,-2.,4.221104483427));
#1775 = SURFACE_CURVE('',#1776,(#1780,#1787),.PCURVE_S1.);
#1776 = LINE('',#1777,#1778);
#1777 = CARTESIAN_POINT('',(-13.87199614114,2.,4.221104483427));
#1778 = VECTOR('',#1779,1.);
#1779 = DIRECTION('',(0.,-1.,0.));
#1780 = PCURVE('',#353,#1781);
#1781 = DEFINITIONAL_REPRESENTATION('',(#1782),#1786);
#1782 = LINE('',#1783,#1784);
#1783 = CARTESIAN_POINT('',(2.846205085738,1.));
#1784 = VECTOR('',#1785,1.);
#1785 = DIRECTION('',(0.,1.));
#1786 = ( GEOMETRIC_REPRESENTATION_CONTEXT(2) 
PARAMETRIC_REPRESENTATION_CONTEXT() REPRESENTATION_CONTEXT('2D SPACE',''
  ) );
#1787 = PCURVE('',#1788,#1793);
#1788 = PLANE('',#1789);
#1789 = AXIS2_PLACEMENT_3D('',#1790,#1791,#1792);
#1790 = CARTESIAN_POINT('',(-14.7,2.,1.5));
#1791 = DIRECTION('',(-0.956689389045,0.,0.291110654029));
#1792 = DIRECTION('',(0.291110654029,0.,0.956689389045));
#1793 = DEFINITIONAL_REPRESENTATION('',(#1794),#1798);
#1794 = LINE('',#1795,#1796);
#1795 = CARTESIAN_POINT('',(2.844292530666,0.));
#1796 = VECTOR('',#1797,1.);
#1797 = DIRECTION('',(0.,-1.));
#1798 = ( GEOMETRIC_REPRESENTATION_CONTEXT(2) 
PARAMETRIC_REPRESENTATION_CONTEXT() REPRESENTATION_CONTEXT('2D SPACE',''
  ) );
#1799 = ORIENTED_EDGE('',*,*,#1800,.F.);
#1800 = EDGE_CURVE('',#1801,#1773,#1803,.T.);
#1801 = VERTEX_POINT('',#1802);
#1802 = CARTESIAN_POINT('',(-12.85923792454,-2.,6.7));
#1803 = SURFACE_CURVE('',#1804,(#1809,#1816),.PCURVE_S1.);
#1804 = CIRCLE('',#1805,14.5);
#1805 = AXIS2_PLACEMENT_3D('',#1806,#1807,#1808);
#1806 = CARTESIAN_POINT('',(0.,-2.,4.440892098501E-16));
#1807 = DIRECTION('',(0.,-1.,2.22044604925E-16));
#1808 = DIRECTION('',(1.,0.,0.));
#1809 = PCURVE('',#353,#1810);
#1810 = DEFINITIONAL_REPRESENTATION('',(#1811),#1815);
#1811 = LINE('',#1812,#1813);
#1812 = CARTESIAN_POINT('',(0.,5.));
#1813 = VECTOR('',#1814,1.);
#1814 = DIRECTION('',(1.,0.));
#1815 = ( GEOMETRIC_REPRESENTATION_CONTEXT(2) 
PARAMETRIC_REPRESENTATION_CONTEXT() REPRESENTATION_CONTEXT('2D SPACE',''
  ) );
#1816 = PCURVE('',#1817,#1822);
#1817 = PLANE('',#1818);
#1818 = AXIS2_PLACEMENT_3D('',#1819,#1820,#1821);
#1819 = CARTESIAN_POINT('',(0.,-2.,4.440892098501E-16));
#1820 = DIRECTION('',(0.,-1.,2.22044604925E-16));
#1821 = DIRECTION('',(1.,0.,0.));
#1822 = DEFINITIONAL_REPRESENTATION('',(#1823),#1827);
#1823 = CIRCLE('',#1824,14.5);
#1824 = AXIS2_PLACEMENT_2D('',#1825,#1826);
#1825 = CARTESIAN_POINT('',(0.,0.));
#1826 = DIRECTION('',(1.,0.));
#1827 = ( GEOMETRIC_REPRESENTATION_CONTEXT(2) 
PARAMETRIC_REPRESENTATION_CONTEXT() REPRESENTATION_CONTEXT('2D SPACE',''
  ) );
#1828 = ORIENTED_EDGE('',*,*,#1829,.T.);
#1829 = EDGE_CURVE('',#1801,#1642,#1830,.T.);
#1830 = SURFACE_CURVE('',#1831,(#1836,#1846),.PCURVE_S1.);
#1831 = ELLIPSE('',#1832,23.211325360694,14.5);
#1832 = AXIS2_PLACEMENT_3D('',#1833,#1834,#1835);
#1833 = CARTESIAN_POINT('',(0.,6.375,-1.415534356397E-15));
#1834 = DIRECTION('',(-0.,0.624695047554,0.780868809443));
#1835 = DIRECTION('',(0.,-0.780868809443,0.624695047554));
#1836 = PCURVE('',#353,#1837);
#1837 = DEFINITIONAL_REPRESENTATION('',(#1838),#1845);
#1838 = B_SPLINE_CURVE_WITH_KNOTS('',5,(#1839,#1840,#1841,#1842,#1843,
    #1844),.UNSPECIFIED.,.F.,.F.,(6,6),(5.18650451991,5.256013526597),
  .PIECEWISE_BEZIER_KNOTS.);
#1839 = CARTESIAN_POINT('',(2.667477114064,4.9));
#1840 = CARTESIAN_POINT('',(2.653575312727,5.124177053494));
#1841 = CARTESIAN_POINT('',(2.639673511389,5.346355073061));
#1842 = CARTESIAN_POINT('',(2.625771710052,5.566443799181));
#1843 = CARTESIAN_POINT('',(2.611869908715,5.784354582931));
#1844 = CARTESIAN_POINT('',(2.597968107377,6.0000006));
#1845 = ( GEOMETRIC_REPRESENTATION_CONTEXT(2) 
PARAMETRIC_REPRESENTATION_CONTEXT() REPRESENTATION_CONTEXT('2D SPACE',''
  ) );
#1846 = PCURVE('',#1447,#1847);
#1847 = DEFINITIONAL_REPRESENTATION('',(#1848),#1852);
#1848 = ELLIPSE('',#1849,23.211325360694,14.5);
#1849 = AXIS2_PLACEMENT_2D('',#1850,#1851);
#1850 = CARTESIAN_POINT('',(12.005857945187,-15.5));
#1851 = DIRECTION('',(-1.,-0.));
#1852 = ( GEOMETRIC_REPRESENTATION_CONTEXT(2) 
PARAMETRIC_REPRESENTATION_CONTEXT() REPRESENTATION_CONTEXT('2D SPACE',''
  ) );
#1853 = ADVANCED_FACE('',(#1854),#326,.F.);
#1854 = FACE_BOUND('',#1855,.F.);
#1855 = EDGE_LOOP('',(#1856,#1857,#1858,#1879,#1880));
#1856 = ORIENTED_EDGE('',*,*,#309,.T.);
#1857 = ORIENTED_EDGE('',*,*,#1692,.T.);
#1858 = ORIENTED_EDGE('',*,*,#1859,.T.);
#1859 = EDGE_CURVE('',#1693,#1560,#1860,.T.);
#1860 = SURFACE_CURVE('',#1861,(#1865,#1872),.PCURVE_S1.);
#1861 = LINE('',#1862,#1863);
#1862 = CARTESIAN_POINT('',(-15.5,3.,7.5));
#1863 = VECTOR('',#1864,1.);
#1864 = DIRECTION('',(1.,0.,0.));
#1865 = PCURVE('',#326,#1866);
#1866 = DEFINITIONAL_REPRESENTATION('',(#1867),#1871);
#1867 = LINE('',#1868,#1869);
#1868 = CARTESIAN_POINT('',(-15.5,7.5));
#1869 = VECTOR('',#1870,1.);
#1870 = DIRECTION('',(1.,0.));
#1871 = ( GEOMETRIC_REPRESENTATION_CONTEXT(2) 
PARAMETRIC_REPRESENTATION_CONTEXT() REPRESENTATION_CONTEXT('2D SPACE',''
  ) );
#1872 = PCURVE('',#1579,#1873);
#1873 = DEFINITIONAL_REPRESENTATION('',(#1874),#1878);
#1874 = LINE('',#1875,#1876);
#1875 = CARTESIAN_POINT('',(1.280624847487,0.));
#1876 = VECTOR('',#1877,1.);
#1877 = DIRECTION('',(0.,-1.));
#1878 = ( GEOMETRIC_REPRESENTATION_CONTEXT(2) 
PARAMETRIC_REPRESENTATION_CONTEXT() REPRESENTATION_CONTEXT('2D SPACE',''
  ) );
#1879 = ORIENTED_EDGE('',*,*,#1591,.T.);
#1880 = ORIENTED_EDGE('',*,*,#1074,.T.);
#1881 = ADVANCED_FACE('',(#1882),#908,.F.);
#1882 = FACE_BOUND('',#1883,.F.);
#1883 = EDGE_LOOP('',(#1884));
#1884 = ORIENTED_EDGE('',*,*,#678,.T.);
#1885 = ADVANCED_FACE('',(#1886),#1579,.F.);
#1886 = FACE_BOUND('',#1887,.F.);
#1887 = EDGE_LOOP('',(#1888,#1889,#1890,#1913,#1938));
#1888 = ORIENTED_EDGE('',*,*,#1859,.F.);
#1889 = ORIENTED_EDGE('',*,*,#1716,.T.);
#1890 = ORIENTED_EDGE('',*,*,#1891,.T.);
#1891 = EDGE_CURVE('',#1717,#1892,#1894,.T.);
#1892 = VERTEX_POINT('',#1893);
#1893 = CARTESIAN_POINT('',(-7.0142711667,2.,6.7));
#1894 = SURFACE_CURVE('',#1895,(#1899,#1906),.PCURVE_S1.);
#1895 = LINE('',#1896,#1897);
#1896 = CARTESIAN_POINT('',(-12.85923792454,2.,6.7));
#1897 = VECTOR('',#1898,1.);
#1898 = DIRECTION('',(1.,0.,0.));
#1899 = PCURVE('',#1579,#1900);
#1900 = DEFINITIONAL_REPRESENTATION('',(#1901),#1905);
#1901 = LINE('',#1902,#1903);
#1902 = CARTESIAN_POINT('',(0.,-2.640762075457));
#1903 = VECTOR('',#1904,1.);
#1904 = DIRECTION('',(0.,-1.));
#1905 = ( GEOMETRIC_REPRESENTATION_CONTEXT(2) 
PARAMETRIC_REPRESENTATION_CONTEXT() REPRESENTATION_CONTEXT('2D SPACE',''
  ) );
#1906 = PCURVE('',#1760,#1907);
#1907 = DEFINITIONAL_REPRESENTATION('',(#1908),#1912);
#1908 = LINE('',#1909,#1910);
#1909 = CARTESIAN_POINT('',(-12.85923792454,6.7));
#1910 = VECTOR('',#1911,1.);
#1911 = DIRECTION('',(1.,0.));
#1912 = ( GEOMETRIC_REPRESENTATION_CONTEXT(2) 
PARAMETRIC_REPRESENTATION_CONTEXT() REPRESENTATION_CONTEXT('2D SPACE',''
  ) );
#1913 = ORIENTED_EDGE('',*,*,#1914,.F.);
#1914 = EDGE_CURVE('',#1460,#1892,#1915,.T.);
#1915 = SURFACE_CURVE('',#1916,(#1921,#1928),.PCURVE_S1.);
#1916 = ELLIPSE('',#1917,15.527576275775,9.7);
#1917 = AXIS2_PLACEMENT_3D('',#1918,#1919,#1920);
#1918 = CARTESIAN_POINT('',(0.,-6.375,1.415534356397E-15));
#1919 = DIRECTION('',(0.,-0.624695047554,0.780868809443));
#1920 = DIRECTION('',(0.,-0.780868809443,-0.624695047554));
#1921 = PCURVE('',#1579,#1922);
#1922 = DEFINITIONAL_REPRESENTATION('',(#1923),#1927);
#1923 = ELLIPSE('',#1924,15.527576275775,9.7);
#1924 = AXIS2_PLACEMENT_2D('',#1925,#1926);
#1925 = CARTESIAN_POINT('',(-10.7252330977,-15.5));
#1926 = DIRECTION('',(-1.,-0.));
#1927 = ( GEOMETRIC_REPRESENTATION_CONTEXT(2) 
PARAMETRIC_REPRESENTATION_CONTEXT() REPRESENTATION_CONTEXT('2D SPACE',''
  ) );
#1928 = PCURVE('',#1523,#1929);
#1929 = DEFINITIONAL_REPRESENTATION('',(#1930),#1937);
#1930 = B_SPLINE_CURVE_WITH_KNOTS('',5,(#1931,#1932,#1933,#1934,#1935,
    #1936),.UNSPECIFIED.,.F.,.F.,(6,6),(3.828523632588,3.9612465388),
  .PIECEWISE_BEZIER_KNOTS.);
#1931 = CARTESIAN_POINT('',(2.257727305793,-6.000000016826E-07));
#1932 = CARTESIAN_POINT('',(2.284271887036,0.204108051774));
#1933 = CARTESIAN_POINT('',(2.310816468278,0.416473907206));
#1934 = CARTESIAN_POINT('',(2.33736104952,0.636797355266));
#1935 = CARTESIAN_POINT('',(2.363905630763,0.864754498728));
#1936 = CARTESIAN_POINT('',(2.390450212005,1.1));
#1937 = ( GEOMETRIC_REPRESENTATION_CONTEXT(2) 
PARAMETRIC_REPRESENTATION_CONTEXT() REPRESENTATION_CONTEXT('2D SPACE',''
  ) );
#1938 = ORIENTED_EDGE('',*,*,#1559,.F.);
#1939 = ADVANCED_FACE('',(#1940),#1523,.F.);
#1940 = FACE_BOUND('',#1941,.F.);
#1941 = EDGE_LOOP('',(#1942,#1968,#1993,#1994,#1995,#2019));
#1942 = ORIENTED_EDGE('',*,*,#1943,.F.);
#1943 = EDGE_CURVE('',#1944,#1946,#1948,.T.);
#1944 = VERTEX_POINT('',#1945);
#1945 = CARTESIAN_POINT('',(-7.0142711667,-2.,6.7));
#1946 = VERTEX_POINT('',#1947);
#1947 = CARTESIAN_POINT('',(-7.108445681019,-2.,6.6));
#1948 = SURFACE_CURVE('',#1949,(#1954,#1961),.PCURVE_S1.);
#1949 = CIRCLE('',#1950,9.7);
#1950 = AXIS2_PLACEMENT_3D('',#1951,#1952,#1953);
#1951 = CARTESIAN_POINT('',(0.,-2.,4.440892098501E-16));
#1952 = DIRECTION('',(-1.205645556792E-16,-1.,-1.262197741233E-16));
#1953 = DIRECTION('',(-0.723120738835,3.950767515423E-33,0.690721649485)
  );
#1954 = PCURVE('',#1523,#1955);
#1955 = DEFINITIONAL_REPRESENTATION('',(#1956),#1960);
#1956 = LINE('',#1957,#1958);
#1957 = CARTESIAN_POINT('',(2.37910611047,5.));
#1958 = VECTOR('',#1959,1.);
#1959 = DIRECTION('',(1.,0.));
#1960 = ( GEOMETRIC_REPRESENTATION_CONTEXT(2) 
PARAMETRIC_REPRESENTATION_CONTEXT() REPRESENTATION_CONTEXT('2D SPACE',''
  ) );
#1961 = PCURVE('',#1817,#1962);
#1962 = DEFINITIONAL_REPRESENTATION('',(#1963),#1967);
#1963 = CIRCLE('',#1964,9.7);
#1964 = AXIS2_PLACEMENT_2D('',#1965,#1966);
#1965 = CARTESIAN_POINT('',(0.,0.));
#1966 = DIRECTION('',(-0.723120738835,0.690721649485));
#1967 = ( GEOMETRIC_REPRESENTATION_CONTEXT(2) 
PARAMETRIC_REPRESENTATION_CONTEXT() REPRESENTATION_CONTEXT('2D SPACE',''
  ) );
#1968 = ORIENTED_EDGE('',*,*,#1969,.T.);
#1969 = EDGE_CURVE('',#1944,#1428,#1970,.T.);
#1970 = SURFACE_CURVE('',#1971,(#1976,#1986),.PCURVE_S1.);
#1971 = ELLIPSE('',#1972,15.527576275775,9.7);
#1972 = AXIS2_PLACEMENT_3D('',#1973,#1974,#1975);
#1973 = CARTESIAN_POINT('',(0.,6.375,-1.415534356397E-15));
#1974 = DIRECTION('',(-0.,0.624695047554,0.780868809443));
#1975 = DIRECTION('',(0.,-0.780868809443,0.624695047554));
#1976 = PCURVE('',#1523,#1977);
#1977 = DEFINITIONAL_REPRESENTATION('',(#1978),#1985);
#1978 = B_SPLINE_CURVE_WITH_KNOTS('',5,(#1979,#1980,#1981,#1982,#1983,
    #1984),.UNSPECIFIED.,.F.,.F.,(6,6),(5.463531421969,5.596254328181),
  .PIECEWISE_BEZIER_KNOTS.);
#1979 = CARTESIAN_POINT('',(2.390450212005,4.9));
#1980 = CARTESIAN_POINT('',(2.363905630763,5.135245501272));
#1981 = CARTESIAN_POINT('',(2.33736104952,5.363202644734));
#1982 = CARTESIAN_POINT('',(2.310816468278,5.583526092794));
#1983 = CARTESIAN_POINT('',(2.284271887036,5.795891948226));
#1984 = CARTESIAN_POINT('',(2.257727305793,6.0000006));
#1985 = ( GEOMETRIC_REPRESENTATION_CONTEXT(2) 
PARAMETRIC_REPRESENTATION_CONTEXT() REPRESENTATION_CONTEXT('2D SPACE',''
  ) );
#1986 = PCURVE('',#1447,#1987);
#1987 = DEFINITIONAL_REPRESENTATION('',(#1988),#1992);
#1988 = ELLIPSE('',#1989,15.527576275775,9.7);
#1989 = AXIS2_PLACEMENT_2D('',#1990,#1991);
#1990 = CARTESIAN_POINT('',(12.005857945187,-15.5));
#1991 = DIRECTION('',(-1.,-0.));
#1992 = ( GEOMETRIC_REPRESENTATION_CONTEXT(2) 
PARAMETRIC_REPRESENTATION_CONTEXT() REPRESENTATION_CONTEXT('2D SPACE',''
  ) );
#1993 = ORIENTED_EDGE('',*,*,#1459,.F.);
#1994 = ORIENTED_EDGE('',*,*,#1914,.T.);
#1995 = ORIENTED_EDGE('',*,*,#1996,.T.);
#1996 = EDGE_CURVE('',#1892,#1997,#1999,.T.);
#1997 = VERTEX_POINT('',#1998);
#1998 = CARTESIAN_POINT('',(-7.108445681019,2.,6.6));
#1999 = SURFACE_CURVE('',#2000,(#2005,#2012),.PCURVE_S1.);
#2000 = CIRCLE('',#2001,9.7);
#2001 = AXIS2_PLACEMENT_3D('',#2002,#2003,#2004);
#2002 = CARTESIAN_POINT('',(0.,2.,-4.440892098501E-16));
#2003 = DIRECTION('',(-1.607527409056E-16,-1.,-1.682930321645E-16));
#2004 = DIRECTION('',(-0.723120738835,-2.5355287611E-33,0.690721649485)
  );
#2005 = PCURVE('',#1523,#2006);
#2006 = DEFINITIONAL_REPRESENTATION('',(#2007),#2011);
#2007 = LINE('',#2008,#2009);
#2008 = CARTESIAN_POINT('',(2.37910611047,1.));
#2009 = VECTOR('',#2010,1.);
#2010 = DIRECTION('',(1.,0.));
#2011 = ( GEOMETRIC_REPRESENTATION_CONTEXT(2) 
PARAMETRIC_REPRESENTATION_CONTEXT() REPRESENTATION_CONTEXT('2D SPACE',''
  ) );
#2012 = PCURVE('',#1760,#2013);
#2013 = DEFINITIONAL_REPRESENTATION('',(#2014),#2018);
#2014 = CIRCLE('',#2015,9.7);
#2015 = AXIS2_PLACEMENT_2D('',#2016,#2017);
#2016 = CARTESIAN_POINT('',(0.,0.));
#2017 = DIRECTION('',(-0.723120738835,0.690721649485));
#2018 = ( GEOMETRIC_REPRESENTATION_CONTEXT(2) 
PARAMETRIC_REPRESENTATION_CONTEXT() REPRESENTATION_CONTEXT('2D SPACE',''
  ) );
#2019 = ORIENTED_EDGE('',*,*,#2020,.T.);
#2020 = EDGE_CURVE('',#1997,#1946,#2021,.T.);
#2021 = SURFACE_CURVE('',#2022,(#2026,#2032),.PCURVE_S1.);
#2022 = LINE('',#2023,#2024);
#2023 = CARTESIAN_POINT('',(-7.108445681019,3.,6.6));
#2024 = VECTOR('',#2025,1.);
#2025 = DIRECTION('',(0.,-1.,2.22044604925E-16));
#2026 = PCURVE('',#1523,#2027);
#2027 = DEFINITIONAL_REPRESENTATION('',(#2028),#2031);
#2028 = B_SPLINE_CURVE_WITH_KNOTS('',1,(#2029,#2030),.UNSPECIFIED.,.F.,
  .F.,(2,2),(-6.000002836792E-07,6.0000006),.PIECEWISE_BEZIER_KNOTS.);
#2029 = CARTESIAN_POINT('',(2.393267454902,-6.000002822137E-07));
#2030 = CARTESIAN_POINT('',(2.393267454902,6.0000006));
#2031 = ( GEOMETRIC_REPRESENTATION_CONTEXT(2) 
PARAMETRIC_REPRESENTATION_CONTEXT() REPRESENTATION_CONTEXT('2D SPACE',''
  ) );
#2032 = PCURVE('',#2033,#2038);
#2033 = PLANE('',#2034);
#2034 = AXIS2_PLACEMENT_3D('',#2035,#2036,#2037);
#2035 = CARTESIAN_POINT('',(-10.1,-4.,6.6));
#2036 = DIRECTION('',(0.,0.,1.));
#2037 = DIRECTION('',(1.,0.,-0.));
#2038 = DEFINITIONAL_REPRESENTATION('',(#2039),#2042);
#2039 = B_SPLINE_CURVE_WITH_KNOTS('',1,(#2040,#2041),.UNSPECIFIED.,.F.,
  .F.,(2,2),(-6.000002836792E-07,6.0000006),.PIECEWISE_BEZIER_KNOTS.);
#2040 = CARTESIAN_POINT('',(2.991554318981,7.0000006));
#2041 = CARTESIAN_POINT('',(2.991554318981,0.9999994));
#2042 = ( GEOMETRIC_REPRESENTATION_CONTEXT(2) 
PARAMETRIC_REPRESENTATION_CONTEXT() REPRESENTATION_CONTEXT('2D SPACE',''
  ) );
#2043 = ADVANCED_FACE('',(#2044),#1447,.F.);
#2044 = FACE_BOUND('',#2045,.F.);
#2045 = EDGE_LOOP('',(#2046,#2067,#2068,#2069,#2070));
#2046 = ORIENTED_EDGE('',*,*,#2047,.T.);
#2047 = EDGE_CURVE('',#1944,#1801,#2048,.T.);
#2048 = SURFACE_CURVE('',#2049,(#2053,#2060),.PCURVE_S1.);
#2049 = LINE('',#2050,#2051);
#2050 = CARTESIAN_POINT('',(-7.0142711667,-2.,6.7));
#2051 = VECTOR('',#2052,1.);
#2052 = DIRECTION('',(-1.,0.,0.));
#2053 = PCURVE('',#1447,#2054);
#2054 = DEFINITIONAL_REPRESENTATION('',(#2055),#2059);
#2055 = LINE('',#2056,#2057);
#2056 = CARTESIAN_POINT('',(1.280624847487,-8.4857288333));
#2057 = VECTOR('',#2058,1.);
#2058 = DIRECTION('',(0.,1.));
#2059 = ( GEOMETRIC_REPRESENTATION_CONTEXT(2) 
PARAMETRIC_REPRESENTATION_CONTEXT() REPRESENTATION_CONTEXT('2D SPACE',''
  ) );
#2060 = PCURVE('',#1817,#2061);
#2061 = DEFINITIONAL_REPRESENTATION('',(#2062),#2066);
#2062 = LINE('',#2063,#2064);
#2063 = CARTESIAN_POINT('',(-7.0142711667,6.7));
#2064 = VECTOR('',#2065,1.);
#2065 = DIRECTION('',(-1.,0.));
#2066 = ( GEOMETRIC_REPRESENTATION_CONTEXT(2) 
PARAMETRIC_REPRESENTATION_CONTEXT() REPRESENTATION_CONTEXT('2D SPACE',''
  ) );
#2067 = ORIENTED_EDGE('',*,*,#1829,.T.);
#2068 = ORIENTED_EDGE('',*,*,#1665,.T.);
#2069 = ORIENTED_EDGE('',*,*,#1427,.F.);
#2070 = ORIENTED_EDGE('',*,*,#1969,.F.);
#2071 = ADVANCED_FACE('',(#2072),#1281,.T.);
#2072 = FACE_BOUND('',#2073,.T.);
#2073 = EDGE_LOOP('',(#2074,#2075));
#2074 = ORIENTED_EDGE('',*,*,#1118,.T.);
#2075 = ORIENTED_EDGE('',*,*,#1615,.T.);
#2076 = ADVANCED_FACE('',(#2077,#2417),#1817,.T.);
#2077 = FACE_BOUND('',#2078,.T.);
#2078 = EDGE_LOOP('',(#2079,#2108,#2176,#2203,#2232,#2252,#2253,#2254,
    #2255,#2278,#2306,#2334,#2363,#2390));
#2079 = ORIENTED_EDGE('',*,*,#2080,.T.);
#2080 = EDGE_CURVE('',#2081,#2083,#2085,.T.);
#2081 = VERTEX_POINT('',#2082);
#2082 = CARTESIAN_POINT('',(-10.1,-2.,1.056231508714));
#2083 = VERTEX_POINT('',#2084);
#2084 = CARTESIAN_POINT('',(-10.1,-2.,2.573470694556));
#2085 = SURFACE_CURVE('',#2086,(#2090,#2097),.PCURVE_S1.);
#2086 = LINE('',#2087,#2088);
#2087 = CARTESIAN_POINT('',(-10.1,-2.,-1.));
#2088 = VECTOR('',#2089,1.);
#2089 = DIRECTION('',(0.,2.22044604925E-16,1.));
#2090 = PCURVE('',#1817,#2091);
#2091 = DEFINITIONAL_REPRESENTATION('',(#2092),#2096);
#2092 = LINE('',#2093,#2094);
#2093 = CARTESIAN_POINT('',(-10.1,-1.));
#2094 = VECTOR('',#2095,1.);
#2095 = DIRECTION('',(0.,1.));
#2096 = ( GEOMETRIC_REPRESENTATION_CONTEXT(2) 
PARAMETRIC_REPRESENTATION_CONTEXT() REPRESENTATION_CONTEXT('2D SPACE',''
  ) );
#2097 = PCURVE('',#2098,#2103);
#2098 = PLANE('',#2099);
#2099 = AXIS2_PLACEMENT_3D('',#2100,#2101,#2102);
#2100 = CARTESIAN_POINT('',(-10.1,-4.,-2.));
#2101 = DIRECTION('',(1.,0.,-0.));
#2102 = DIRECTION('',(0.,0.,1.));
#2103 = DEFINITIONAL_REPRESENTATION('',(#2104),#2107);
#2104 = B_SPLINE_CURVE_WITH_KNOTS('',1,(#2105,#2106),.UNSPECIFIED.,.F.,
  .F.,(2,2),(-1.,7.6),.PIECEWISE_BEZIER_KNOTS.);
#2105 = CARTESIAN_POINT('',(4.440892098501E-16,-2.));
#2106 = CARTESIAN_POINT('',(8.6,-2.));
#2107 = ( GEOMETRIC_REPRESENTATION_CONTEXT(2) 
PARAMETRIC_REPRESENTATION_CONTEXT() REPRESENTATION_CONTEXT('2D SPACE',''
  ) );
#2108 = ORIENTED_EDGE('',*,*,#2109,.F.);
#2109 = EDGE_CURVE('',#2110,#2083,#2112,.T.);
#2110 = VERTEX_POINT('',#2111);
#2111 = CARTESIAN_POINT('',(-10.1,-2.,4.826529305444));
#2112 = SURFACE_CURVE('',#2113,(#2124,#2138),.PCURVE_S1.);
#2113 = ( BOUNDED_CURVE() B_SPLINE_CURVE(9,(#2114,#2115,#2116,#2117,
    #2118,#2119,#2120,#2121,#2122,#2123),.UNSPECIFIED.,.F.,.F.) 
B_SPLINE_CURVE_WITH_KNOTS((10,10),(7.138801403198,8.879633527396),
.PIECEWISE_BEZIER_KNOTS.) CURVE() GEOMETRIC_REPRESENTATION_ITEM() 
RATIONAL_B_SPLINE_CURVE((1.,1.,1.,1.,1.,1.,1.,1.,1.,1.)) 
REPRESENTATION_ITEM('') );
#2114 = CARTESIAN_POINT('',(-10.1,-2.,4.826529305444));
#2115 = CARTESIAN_POINT('',(-10.1,-2.,4.526608706879));
#2116 = CARTESIAN_POINT('',(-10.1,-2.,4.269888558778));
#2117 = CARTESIAN_POINT('',(-10.1,-2.,4.034456126569));
#2118 = CARTESIAN_POINT('',(-10.1,-2.,3.811005435491));
#2119 = CARTESIAN_POINT('',(-10.1,-2.,3.590597535836));
#2120 = CARTESIAN_POINT('',(-10.1,-2.,3.367020802809));
#2121 = CARTESIAN_POINT('',(-10.1,-2.,3.131317833615));
#2122 = CARTESIAN_POINT('',(-10.1,-2.,2.874138552514));
#2123 = CARTESIAN_POINT('',(-10.1,-2.,2.573470694556));
#2124 = PCURVE('',#1817,#2125);
#2125 = DEFINITIONAL_REPRESENTATION('',(#2126),#2137);
#2126 = B_SPLINE_CURVE_WITH_KNOTS('',9,(#2127,#2128,#2129,#2130,#2131,
    #2132,#2133,#2134,#2135,#2136),.UNSPECIFIED.,.F.,.F.,(10,10),(
    7.138801403198,8.879633527396),.PIECEWISE_BEZIER_KNOTS.);
#2127 = CARTESIAN_POINT('',(-10.1,4.826529305444));
#2128 = CARTESIAN_POINT('',(-10.1,4.526608706879));
#2129 = CARTESIAN_POINT('',(-10.09999999999,4.269888558778));
#2130 = CARTESIAN_POINT('',(-10.1,4.03445612657));
#2131 = CARTESIAN_POINT('',(-10.09999999999,3.811005435491));
#2132 = CARTESIAN_POINT('',(-10.1,3.590597535836));
#2133 = CARTESIAN_POINT('',(-10.09999999999,3.367020802809));
#2134 = CARTESIAN_POINT('',(-10.1,3.131317833616));
#2135 = CARTESIAN_POINT('',(-10.1,2.874138552514));
#2136 = CARTESIAN_POINT('',(-10.1,2.573470694556));
#2137 = ( GEOMETRIC_REPRESENTATION_CONTEXT(2) 
PARAMETRIC_REPRESENTATION_CONTEXT() REPRESENTATION_CONTEXT('2D SPACE',''
  ) );
#2138 = PCURVE('',#2139,#2170);
#2139 = ( BOUNDED_SURFACE() B_SPLINE_SURFACE(2,9,(
    (#2140,#2141,#2142,#2143,#2144,#2145,#2146,#2147,#2148,#2149)
    ,(#2150,#2151,#2152,#2153,#2154,#2155,#2156,#2157,#2158,#2159)
    ,(#2160,#2161,#2162,#2163,#2164,#2165,#2166,#2167,#2168,#2169
)),.UNSPECIFIED.,.F.,.F.,.F.) B_SPLINE_SURFACE_WITH_KNOTS((3,3),(10,10),
  (0.,1.740832124197),(7.138801403198,8.879633527396),
.PIECEWISE_BEZIER_KNOTS.) GEOMETRIC_REPRESENTATION_ITEM() 
RATIONAL_B_SPLINE_SURFACE((
    (1.,1.,1.,1.,1.,1.,1.,1.,1.,1.)
    ,(0.738548945876,0.821245857065,0.850663553126,0.873187876872
      ,0.87863759539,0.878633554622,0.873314355477,0.850790163072
      ,0.821451898411,0.738548945876)
,(1.,1.,1.,1.,1.,1.,1.,1.,1.,1.))) REPRESENTATION_ITEM('') SURFACE() );
#2140 = CARTESIAN_POINT('',(-10.64545454545,-1.479390281762,
    4.533288253297));
#2141 = CARTESIAN_POINT('',(-10.64545454545,-1.574253471462,
    4.364871525491));
#2142 = CARTESIAN_POINT('',(-10.62712562453,-1.649036312061,
    4.185098534701));
#2143 = CARTESIAN_POINT('',(-10.61110885103,-1.700559189072,
    3.995416033844));
#2144 = CARTESIAN_POINT('',(-10.59952280851,-1.724555003996,
    3.798613832448));
#2145 = CARTESIAN_POINT('',(-10.5994555652,-1.724642646805,
    3.602826119222));
#2146 = CARTESIAN_POINT('',(-10.61100463597,-1.70086130569,
    3.405819672447));
#2147 = CARTESIAN_POINT('',(-10.62703438525,-1.649385669289,
    3.215755474419));
#2148 = CARTESIAN_POINT('',(-10.64545454545,-1.574489825384,
    3.035548088842));
#2149 = CARTESIAN_POINT('',(-10.64545454545,-1.479390281762,
    2.866711746703));
#2150 = CARTESIAN_POINT('',(-10.1,-1.522774424948,4.557725007643));
#2151 = CARTESIAN_POINT('',(-10.22083627889,-1.600975955554,
    4.39641216885));
#2152 = CARTESIAN_POINT('',(-10.25780207719,-1.665055543006,
    4.194485590464));
#2153 = CARTESIAN_POINT('',(-10.27248901763,-1.70536388429,
    4.006561522173));
#2154 = CARTESIAN_POINT('',(-10.27529726971,-1.725827960683,
    3.793678846842));
#2155 = CARTESIAN_POINT('',(-10.27529601462,-1.72591509434,3.60780319822
    ));
#2156 = CARTESIAN_POINT('',(-10.27254594806,-1.705595349996,
    3.394675315336));
#2157 = CARTESIAN_POINT('',(-10.25795493495,-1.665348575657,
    3.20644853978));
#2158 = CARTESIAN_POINT('',(-10.22110696102,-1.601151132716,
    3.003949183736));
#2159 = CARTESIAN_POINT('',(-10.1,-1.522774424948,2.842274992357));
#2160 = CARTESIAN_POINT('',(-10.1,-2.,4.826529305444));
#2161 = CARTESIAN_POINT('',(-10.1,-2.,4.526608706879));
#2162 = CARTESIAN_POINT('',(-10.1,-2.,4.269888558778));
#2163 = CARTESIAN_POINT('',(-10.1,-2.,4.034456126569));
#2164 = CARTESIAN_POINT('',(-10.1,-2.,3.811005435491));
#2165 = CARTESIAN_POINT('',(-10.1,-2.,3.590597535836));
#2166 = CARTESIAN_POINT('',(-10.1,-2.,3.367020802809));
#2167 = CARTESIAN_POINT('',(-10.1,-2.,3.131317833615));
#2168 = CARTESIAN_POINT('',(-10.1,-2.,2.874138552514));
#2169 = CARTESIAN_POINT('',(-10.1,-2.,2.573470694556));
#2170 = DEFINITIONAL_REPRESENTATION('',(#2171),#2175);
#2171 = LINE('',#2172,#2173);
#2172 = CARTESIAN_POINT('',(1.740832124197,0.));
#2173 = VECTOR('',#2174,1.);
#2174 = DIRECTION('',(0.,1.));
#2175 = ( GEOMETRIC_REPRESENTATION_CONTEXT(2) 
PARAMETRIC_REPRESENTATION_CONTEXT() REPRESENTATION_CONTEXT('2D SPACE',''
  ) );
#2176 = ORIENTED_EDGE('',*,*,#2177,.T.);
#2177 = EDGE_CURVE('',#2110,#2178,#2180,.T.);
#2178 = VERTEX_POINT('',#2179);
#2179 = CARTESIAN_POINT('',(-10.1,-2.,5.8));
#2180 = SURFACE_CURVE('',#2181,(#2185,#2192),.PCURVE_S1.);
#2181 = LINE('',#2182,#2183);
#2182 = CARTESIAN_POINT('',(-10.1,-2.,-1.));
#2183 = VECTOR('',#2184,1.);
#2184 = DIRECTION('',(0.,2.22044604925E-16,1.));
#2185 = PCURVE('',#1817,#2186);
#2186 = DEFINITIONAL_REPRESENTATION('',(#2187),#2191);
#2187 = LINE('',#2188,#2189);
#2188 = CARTESIAN_POINT('',(-10.1,-1.));
#2189 = VECTOR('',#2190,1.);
#2190 = DIRECTION('',(0.,1.));
#2191 = ( GEOMETRIC_REPRESENTATION_CONTEXT(2) 
PARAMETRIC_REPRESENTATION_CONTEXT() REPRESENTATION_CONTEXT('2D SPACE',''
  ) );
#2192 = PCURVE('',#2193,#2198);
#2193 = PLANE('',#2194);
#2194 = AXIS2_PLACEMENT_3D('',#2195,#2196,#2197);
#2195 = CARTESIAN_POINT('',(-10.1,-4.,-2.));
#2196 = DIRECTION('',(1.,0.,-0.));
#2197 = DIRECTION('',(0.,0.,1.));
#2198 = DEFINITIONAL_REPRESENTATION('',(#2199),#2202);
#2199 = B_SPLINE_CURVE_WITH_KNOTS('',1,(#2200,#2201),.UNSPECIFIED.,.F.,
  .F.,(2,2),(-1.,7.6),.PIECEWISE_BEZIER_KNOTS.);
#2200 = CARTESIAN_POINT('',(4.440892098501E-16,-2.));
#2201 = CARTESIAN_POINT('',(8.6,-2.));
#2202 = ( GEOMETRIC_REPRESENTATION_CONTEXT(2) 
PARAMETRIC_REPRESENTATION_CONTEXT() REPRESENTATION_CONTEXT('2D SPACE',''
  ) );
#2203 = ORIENTED_EDGE('',*,*,#2204,.F.);
#2204 = EDGE_CURVE('',#2205,#2178,#2207,.T.);
#2205 = VERTEX_POINT('',#2206);
#2206 = CARTESIAN_POINT('',(-9.3,-2.,6.6));
#2207 = SURFACE_CURVE('',#2208,(#2213,#2220),.PCURVE_S1.);
#2208 = CIRCLE('',#2209,0.8);
#2209 = AXIS2_PLACEMENT_3D('',#2210,#2211,#2212);
#2210 = CARTESIAN_POINT('',(-9.3,-2.,5.8));
#2211 = DIRECTION('',(0.,-1.,0.));
#2212 = DIRECTION('',(0.,0.,1.));
#2213 = PCURVE('',#1817,#2214);
#2214 = DEFINITIONAL_REPRESENTATION('',(#2215),#2219);
#2215 = CIRCLE('',#2216,0.8);
#2216 = AXIS2_PLACEMENT_2D('',#2217,#2218);
#2217 = CARTESIAN_POINT('',(-9.3,5.8));
#2218 = DIRECTION('',(0.,1.));
#2219 = ( GEOMETRIC_REPRESENTATION_CONTEXT(2) 
PARAMETRIC_REPRESENTATION_CONTEXT() REPRESENTATION_CONTEXT('2D SPACE',''
  ) );
#2220 = PCURVE('',#2221,#2226);
#2221 = CYLINDRICAL_SURFACE('',#2222,0.8);
#2222 = AXIS2_PLACEMENT_3D('',#2223,#2224,#2225);
#2223 = CARTESIAN_POINT('',(-9.3,-2.,5.8));
#2224 = DIRECTION('',(-0.,1.,0.));
#2225 = DIRECTION('',(0.,0.,1.));
#2226 = DEFINITIONAL_REPRESENTATION('',(#2227),#2231);
#2227 = LINE('',#2228,#2229);
#2228 = CARTESIAN_POINT('',(-0.,-4.440892098501E-16));
#2229 = VECTOR('',#2230,1.);
#2230 = DIRECTION('',(-1.,0.));
#2231 = ( GEOMETRIC_REPRESENTATION_CONTEXT(2) 
PARAMETRIC_REPRESENTATION_CONTEXT() REPRESENTATION_CONTEXT('2D SPACE',''
  ) );
#2232 = ORIENTED_EDGE('',*,*,#2233,.F.);
#2233 = EDGE_CURVE('',#1946,#2205,#2234,.T.);
#2234 = SURFACE_CURVE('',#2235,(#2239,#2246),.PCURVE_S1.);
#2235 = LINE('',#2236,#2237);
#2236 = CARTESIAN_POINT('',(-5.05,-2.,6.6));
#2237 = VECTOR('',#2238,1.);
#2238 = DIRECTION('',(-1.,0.,0.));
#2239 = PCURVE('',#1817,#2240);
#2240 = DEFINITIONAL_REPRESENTATION('',(#2241),#2245);
#2241 = LINE('',#2242,#2243);
#2242 = CARTESIAN_POINT('',(-5.05,6.6));
#2243 = VECTOR('',#2244,1.);
#2244 = DIRECTION('',(-1.,0.));
#2245 = ( GEOMETRIC_REPRESENTATION_CONTEXT(2) 
PARAMETRIC_REPRESENTATION_CONTEXT() REPRESENTATION_CONTEXT('2D SPACE',''
  ) );
#2246 = PCURVE('',#2033,#2247);
#2247 = DEFINITIONAL_REPRESENTATION('',(#2248),#2251);
#2248 = B_SPLINE_CURVE_WITH_KNOTS('',1,(#2249,#2250),.UNSPECIFIED.,.F.,
  .F.,(2,2),(1.9642711667,5.05),.PIECEWISE_BEZIER_KNOTS.);
#2249 = CARTESIAN_POINT('',(3.0857288333,2.));
#2250 = CARTESIAN_POINT('',(0.,2.));
#2251 = ( GEOMETRIC_REPRESENTATION_CONTEXT(2) 
PARAMETRIC_REPRESENTATION_CONTEXT() REPRESENTATION_CONTEXT('2D SPACE',''
  ) );
#2252 = ORIENTED_EDGE('',*,*,#1943,.F.);
#2253 = ORIENTED_EDGE('',*,*,#2047,.T.);
#2254 = ORIENTED_EDGE('',*,*,#1800,.T.);
#2255 = ORIENTED_EDGE('',*,*,#2256,.F.);
#2256 = EDGE_CURVE('',#2257,#1773,#2259,.T.);
#2257 = VERTEX_POINT('',#2258);
#2258 = CARTESIAN_POINT('',(-14.7,-2.,1.5));
#2259 = SURFACE_CURVE('',#2260,(#2264,#2271),.PCURVE_S1.);
#2260 = LINE('',#2261,#2262);
#2261 = CARTESIAN_POINT('',(-14.7,-2.,1.5));
#2262 = VECTOR('',#2263,1.);
#2263 = DIRECTION('',(0.291110654029,0.,0.956689389045));
#2264 = PCURVE('',#1817,#2265);
#2265 = DEFINITIONAL_REPRESENTATION('',(#2266),#2270);
#2266 = LINE('',#2267,#2268);
#2267 = CARTESIAN_POINT('',(-14.7,1.5));
#2268 = VECTOR('',#2269,1.);
#2269 = DIRECTION('',(0.291110654029,0.956689389045));
#2270 = ( GEOMETRIC_REPRESENTATION_CONTEXT(2) 
PARAMETRIC_REPRESENTATION_CONTEXT() REPRESENTATION_CONTEXT('2D SPACE',''
  ) );
#2271 = PCURVE('',#1788,#2272);
#2272 = DEFINITIONAL_REPRESENTATION('',(#2273),#2277);
#2273 = LINE('',#2274,#2275);
#2274 = CARTESIAN_POINT('',(0.,-4.));
#2275 = VECTOR('',#2276,1.);
#2276 = DIRECTION('',(1.,0.));
#2277 = ( GEOMETRIC_REPRESENTATION_CONTEXT(2) 
PARAMETRIC_REPRESENTATION_CONTEXT() REPRESENTATION_CONTEXT('2D SPACE',''
  ) );
#2278 = ORIENTED_EDGE('',*,*,#2279,.F.);
#2279 = EDGE_CURVE('',#2280,#2257,#2282,.T.);
#2280 = VERTEX_POINT('',#2281);
#2281 = CARTESIAN_POINT('',(-14.7,-2.,-1.5));
#2282 = SURFACE_CURVE('',#2283,(#2287,#2294),.PCURVE_S1.);
#2283 = LINE('',#2284,#2285);
#2284 = CARTESIAN_POINT('',(-14.7,-2.,-1.5));
#2285 = VECTOR('',#2286,1.);
#2286 = DIRECTION('',(5.921189464668E-16,0.,1.));
#2287 = PCURVE('',#1817,#2288);
#2288 = DEFINITIONAL_REPRESENTATION('',(#2289),#2293);
#2289 = LINE('',#2290,#2291);
#2290 = CARTESIAN_POINT('',(-14.7,-1.5));
#2291 = VECTOR('',#2292,1.);
#2292 = DIRECTION('',(5.921189464668E-16,1.));
#2293 = ( GEOMETRIC_REPRESENTATION_CONTEXT(2) 
PARAMETRIC_REPRESENTATION_CONTEXT() REPRESENTATION_CONTEXT('2D SPACE',''
  ) );
#2294 = PCURVE('',#2295,#2300);
#2295 = PLANE('',#2296);
#2296 = AXIS2_PLACEMENT_3D('',#2297,#2298,#2299);
#2297 = CARTESIAN_POINT('',(-14.7,-2.,-1.5));
#2298 = DIRECTION('',(1.,0.,-0.));
#2299 = DIRECTION('',(0.,0.,1.));
#2300 = DEFINITIONAL_REPRESENTATION('',(#2301),#2305);
#2301 = LINE('',#2302,#2303);
#2302 = CARTESIAN_POINT('',(0.,0.));
#2303 = VECTOR('',#2304,1.);
#2304 = DIRECTION('',(1.,0.));
#2305 = ( GEOMETRIC_REPRESENTATION_CONTEXT(2) 
PARAMETRIC_REPRESENTATION_CONTEXT() REPRESENTATION_CONTEXT('2D SPACE',''
  ) );
#2306 = ORIENTED_EDGE('',*,*,#2307,.T.);
#2307 = EDGE_CURVE('',#2280,#2308,#2310,.T.);
#2308 = VERTEX_POINT('',#2309);
#2309 = CARTESIAN_POINT('',(-12.52287565553,-2.,-1.5));
#2310 = SURFACE_CURVE('',#2311,(#2315,#2322),.PCURVE_S1.);
#2311 = LINE('',#2312,#2313);
#2312 = CARTESIAN_POINT('',(-14.7,-2.,-1.5));
#2313 = VECTOR('',#2314,1.);
#2314 = DIRECTION('',(1.,0.,-0.));
#2315 = PCURVE('',#1817,#2316);
#2316 = DEFINITIONAL_REPRESENTATION('',(#2317),#2321);
#2317 = LINE('',#2318,#2319);
#2318 = CARTESIAN_POINT('',(-14.7,-1.5));
#2319 = VECTOR('',#2320,1.);
#2320 = DIRECTION('',(1.,0.));
#2321 = ( GEOMETRIC_REPRESENTATION_CONTEXT(2) 
PARAMETRIC_REPRESENTATION_CONTEXT() REPRESENTATION_CONTEXT('2D SPACE',''
  ) );
#2322 = PCURVE('',#2323,#2328);
#2323 = PLANE('',#2324);
#2324 = AXIS2_PLACEMENT_3D('',#2325,#2326,#2327);
#2325 = CARTESIAN_POINT('',(-14.7,-2.,-1.5));
#2326 = DIRECTION('',(0.,0.,1.));
#2327 = DIRECTION('',(1.,0.,-0.));
#2328 = DEFINITIONAL_REPRESENTATION('',(#2329),#2333);
#2329 = LINE('',#2330,#2331);
#2330 = CARTESIAN_POINT('',(0.,0.));
#2331 = VECTOR('',#2332,1.);
#2332 = DIRECTION('',(1.,0.));
#2333 = ( GEOMETRIC_REPRESENTATION_CONTEXT(2) 
PARAMETRIC_REPRESENTATION_CONTEXT() REPRESENTATION_CONTEXT('2D SPACE',''
  ) );
#2334 = ORIENTED_EDGE('',*,*,#2335,.T.);
#2335 = EDGE_CURVE('',#2308,#2336,#2338,.T.);
#2336 = VERTEX_POINT('',#2337);
#2337 = CARTESIAN_POINT('',(-10.1,-2.,-1.670329308849));
#2338 = SURFACE_CURVE('',#2339,(#2344,#2351),.PCURVE_S1.);
#2339 = CIRCLE('',#2340,2.);
#2340 = AXIS2_PLACEMENT_3D('',#2341,#2342,#2343);
#2341 = CARTESIAN_POINT('',(-11.2,-2.,4.440892098501E-16));
#2342 = DIRECTION('',(-1.110223024625E-16,-1.,4.563405215541E-17));
#2343 = DIRECTION('',(-0.7109375,1.110223024625E-16,0.703255196279));
#2344 = PCURVE('',#1817,#2345);
#2345 = DEFINITIONAL_REPRESENTATION('',(#2346),#2350);
#2346 = CIRCLE('',#2347,2.);
#2347 = AXIS2_PLACEMENT_2D('',#2348,#2349);
#2348 = CARTESIAN_POINT('',(-11.2,0.));
#2349 = DIRECTION('',(-0.7109375,0.703255196279));
#2350 = ( GEOMETRIC_REPRESENTATION_CONTEXT(2) 
PARAMETRIC_REPRESENTATION_CONTEXT() REPRESENTATION_CONTEXT('2D SPACE',''
  ) );
#2351 = PCURVE('',#2352,#2357);
#2352 = CYLINDRICAL_SURFACE('',#2353,2.);
#2353 = AXIS2_PLACEMENT_3D('',#2354,#2355,#2356);
#2354 = CARTESIAN_POINT('',(-11.2,2.,-4.440892098501E-16));
#2355 = DIRECTION('',(0.,-1.,2.22044604925E-16));
#2356 = DIRECTION('',(1.,0.,0.));
#2357 = DEFINITIONAL_REPRESENTATION('',(#2358),#2362);
#2358 = LINE('',#2359,#2360);
#2359 = CARTESIAN_POINT('',(2.361626725965,4.));
#2360 = VECTOR('',#2361,1.);
#2361 = DIRECTION('',(1.,0.));
#2362 = ( GEOMETRIC_REPRESENTATION_CONTEXT(2) 
PARAMETRIC_REPRESENTATION_CONTEXT() REPRESENTATION_CONTEXT('2D SPACE',''
  ) );
#2363 = ORIENTED_EDGE('',*,*,#2364,.T.);
#2364 = EDGE_CURVE('',#2336,#2365,#2367,.T.);
#2365 = VERTEX_POINT('',#2366);
#2366 = CARTESIAN_POINT('',(-10.1,-2.,-1.056231508714));
#2367 = SURFACE_CURVE('',#2368,(#2372,#2379),.PCURVE_S1.);
#2368 = LINE('',#2369,#2370);
#2369 = CARTESIAN_POINT('',(-10.1,-2.,-1.));
#2370 = VECTOR('',#2371,1.);
#2371 = DIRECTION('',(0.,2.22044604925E-16,1.));
#2372 = PCURVE('',#1817,#2373);
#2373 = DEFINITIONAL_REPRESENTATION('',(#2374),#2378);
#2374 = LINE('',#2375,#2376);
#2375 = CARTESIAN_POINT('',(-10.1,-1.));
#2376 = VECTOR('',#2377,1.);
#2377 = DIRECTION('',(0.,1.));
#2378 = ( GEOMETRIC_REPRESENTATION_CONTEXT(2) 
PARAMETRIC_REPRESENTATION_CONTEXT() REPRESENTATION_CONTEXT('2D SPACE',''
  ) );
#2379 = PCURVE('',#2380,#2385);
#2380 = PLANE('',#2381);
#2381 = AXIS2_PLACEMENT_3D('',#2382,#2383,#2384);
#2382 = CARTESIAN_POINT('',(-10.1,-4.,-2.));
#2383 = DIRECTION('',(1.,0.,-0.));
#2384 = DIRECTION('',(0.,0.,1.));
#2385 = DEFINITIONAL_REPRESENTATION('',(#2386),#2389);
#2386 = B_SPLINE_CURVE_WITH_KNOTS('',1,(#2387,#2388),.UNSPECIFIED.,.F.,
  .F.,(2,2),(-1.,7.6),.PIECEWISE_BEZIER_KNOTS.);
#2387 = CARTESIAN_POINT('',(4.440892098501E-16,-2.));
#2388 = CARTESIAN_POINT('',(8.6,-2.));
#2389 = ( GEOMETRIC_REPRESENTATION_CONTEXT(2) 
PARAMETRIC_REPRESENTATION_CONTEXT() REPRESENTATION_CONTEXT('2D SPACE',''
  ) );
#2390 = ORIENTED_EDGE('',*,*,#2391,.T.);
#2391 = EDGE_CURVE('',#2365,#2081,#2392,.T.);
#2392 = SURFACE_CURVE('',#2393,(#2398,#2405),.PCURVE_S1.);
#2393 = CIRCLE('',#2394,1.525);
#2394 = AXIS2_PLACEMENT_3D('',#2395,#2396,#2397);
#2395 = CARTESIAN_POINT('',(-11.2,-2.,4.440892098501E-16));
#2396 = DIRECTION('',(0.,-1.,0.));
#2397 = DIRECTION('',(0.72131147541,0.,-0.692610825386));
#2398 = PCURVE('',#1817,#2399);
#2399 = DEFINITIONAL_REPRESENTATION('',(#2400),#2404);
#2400 = CIRCLE('',#2401,1.525);
#2401 = AXIS2_PLACEMENT_2D('',#2402,#2403);
#2402 = CARTESIAN_POINT('',(-11.2,0.));
#2403 = DIRECTION('',(0.72131147541,-0.692610825386));
#2404 = ( GEOMETRIC_REPRESENTATION_CONTEXT(2) 
PARAMETRIC_REPRESENTATION_CONTEXT() REPRESENTATION_CONTEXT('2D SPACE',''
  ) );
#2405 = PCURVE('',#2406,#2411);
#2406 = CYLINDRICAL_SURFACE('',#2407,1.525);
#2407 = AXIS2_PLACEMENT_3D('',#2408,#2409,#2410);
#2408 = CARTESIAN_POINT('',(-11.2,2.,-4.440892098501E-16));
#2409 = DIRECTION('',(0.,-1.,2.22044604925E-16));
#2410 = DIRECTION('',(1.,0.,0.));
#2411 = DEFINITIONAL_REPRESENTATION('',(#2412),#2416);
#2412 = LINE('',#2413,#2414);
#2413 = CARTESIAN_POINT('',(5.518082961386,4.));
#2414 = VECTOR('',#2415,1.);
#2415 = DIRECTION('',(1.,0.));
#2416 = ( GEOMETRIC_REPRESENTATION_CONTEXT(2) 
PARAMETRIC_REPRESENTATION_CONTEXT() REPRESENTATION_CONTEXT('2D SPACE',''
  ) );
#2417 = FACE_BOUND('',#2418,.T.);
#2418 = EDGE_LOOP('',(#2419));
#2419 = ORIENTED_EDGE('',*,*,#2420,.F.);
#2420 = EDGE_CURVE('',#2421,#2421,#2423,.T.);
#2421 = VERTEX_POINT('',#2422);
#2422 = CARTESIAN_POINT('',(-10.575,-2.,2.910083599566E-16));
#2423 = SURFACE_CURVE('',#2424,(#2429,#2436),.PCURVE_S1.);
#2424 = CIRCLE('',#2425,0.625);
#2425 = AXIS2_PLACEMENT_3D('',#2426,#2427,#2428);
#2426 = CARTESIAN_POINT('',(-11.2,-2.,4.440892098501E-16));
#2427 = DIRECTION('',(0.,-1.,2.22044604925E-16));
#2428 = DIRECTION('',(1.,0.,0.));
#2429 = PCURVE('',#1817,#2430);
#2430 = DEFINITIONAL_REPRESENTATION('',(#2431),#2435);
#2431 = CIRCLE('',#2432,0.625);
#2432 = AXIS2_PLACEMENT_2D('',#2433,#2434);
#2433 = CARTESIAN_POINT('',(-11.2,0.));
#2434 = DIRECTION('',(1.,0.));
#2435 = ( GEOMETRIC_REPRESENTATION_CONTEXT(2) 
PARAMETRIC_REPRESENTATION_CONTEXT() REPRESENTATION_CONTEXT('2D SPACE',''
  ) );
#2436 = PCURVE('',#2437,#2442);
#2437 = CYLINDRICAL_SURFACE('',#2438,0.625);
#2438 = AXIS2_PLACEMENT_3D('',#2439,#2440,#2441);
#2439 = CARTESIAN_POINT('',(-11.2,3.,-6.661338147751E-16));
#2440 = DIRECTION('',(0.,-1.,2.22044604925E-16));
#2441 = DIRECTION('',(1.,0.,0.));
#2442 = DEFINITIONAL_REPRESENTATION('',(#2443),#2447);
#2443 = LINE('',#2444,#2445);
#2444 = CARTESIAN_POINT('',(0.,5.));
#2445 = VECTOR('',#2446,1.);
#2446 = DIRECTION('',(1.,0.));
#2447 = ( GEOMETRIC_REPRESENTATION_CONTEXT(2) 
PARAMETRIC_REPRESENTATION_CONTEXT() REPRESENTATION_CONTEXT('2D SPACE',''
  ) );
#2448 = ADVANCED_FACE('',(#2449),#1788,.T.);
#2449 = FACE_BOUND('',#2450,.T.);
#2450 = EDGE_LOOP('',(#2451,#2474,#2475,#2476));
#2451 = ORIENTED_EDGE('',*,*,#2452,.F.);
#2452 = EDGE_CURVE('',#2257,#2453,#2455,.T.);
#2453 = VERTEX_POINT('',#2454);
#2454 = CARTESIAN_POINT('',(-14.7,2.,1.5));
#2455 = SURFACE_CURVE('',#2456,(#2460,#2467),.PCURVE_S1.);
#2456 = LINE('',#2457,#2458);
#2457 = CARTESIAN_POINT('',(-14.7,-2.,1.5));
#2458 = VECTOR('',#2459,1.);
#2459 = DIRECTION('',(-0.,1.,0.));
#2460 = PCURVE('',#1788,#2461);
#2461 = DEFINITIONAL_REPRESENTATION('',(#2462),#2466);
#2462 = LINE('',#2463,#2464);
#2463 = CARTESIAN_POINT('',(0.,-4.));
#2464 = VECTOR('',#2465,1.);
#2465 = DIRECTION('',(0.,1.));
#2466 = ( GEOMETRIC_REPRESENTATION_CONTEXT(2) 
PARAMETRIC_REPRESENTATION_CONTEXT() REPRESENTATION_CONTEXT('2D SPACE',''
  ) );
#2467 = PCURVE('',#2295,#2468);
#2468 = DEFINITIONAL_REPRESENTATION('',(#2469),#2473);
#2469 = LINE('',#2470,#2471);
#2470 = CARTESIAN_POINT('',(3.,0.));
#2471 = VECTOR('',#2472,1.);
#2472 = DIRECTION('',(0.,-1.));
#2473 = ( GEOMETRIC_REPRESENTATION_CONTEXT(2) 
PARAMETRIC_REPRESENTATION_CONTEXT() REPRESENTATION_CONTEXT('2D SPACE',''
  ) );
#2474 = ORIENTED_EDGE('',*,*,#2256,.T.);
#2475 = ORIENTED_EDGE('',*,*,#1772,.F.);
#2476 = ORIENTED_EDGE('',*,*,#2477,.F.);
#2477 = EDGE_CURVE('',#2453,#1744,#2478,.T.);
#2478 = SURFACE_CURVE('',#2479,(#2483,#2490),.PCURVE_S1.);
#2479 = LINE('',#2480,#2481);
#2480 = CARTESIAN_POINT('',(-14.7,2.,1.5));
#2481 = VECTOR('',#2482,1.);
#2482 = DIRECTION('',(0.291110654029,0.,0.956689389045));
#2483 = PCURVE('',#1788,#2484);
#2484 = DEFINITIONAL_REPRESENTATION('',(#2485),#2489);
#2485 = LINE('',#2486,#2487);
#2486 = CARTESIAN_POINT('',(0.,0.));
#2487 = VECTOR('',#2488,1.);
#2488 = DIRECTION('',(1.,0.));
#2489 = ( GEOMETRIC_REPRESENTATION_CONTEXT(2) 
PARAMETRIC_REPRESENTATION_CONTEXT() REPRESENTATION_CONTEXT('2D SPACE',''
  ) );
#2490 = PCURVE('',#1760,#2491);
#2491 = DEFINITIONAL_REPRESENTATION('',(#2492),#2496);
#2492 = LINE('',#2493,#2494);
#2493 = CARTESIAN_POINT('',(-14.7,1.5));
#2494 = VECTOR('',#2495,1.);
#2495 = DIRECTION('',(0.291110654029,0.956689389045));
#2496 = ( GEOMETRIC_REPRESENTATION_CONTEXT(2) 
PARAMETRIC_REPRESENTATION_CONTEXT() REPRESENTATION_CONTEXT('2D SPACE',''
  ) );
#2497 = ADVANCED_FACE('',(#2498,#2789),#1760,.F.);
#2498 = FACE_BOUND('',#2499,.F.);
#2499 = EDGE_LOOP('',(#2500,#2524,#2592,#2619,#2643,#2663,#2664,#2665,
    #2666,#2667,#2690,#2713,#2741,#2763));
#2500 = ORIENTED_EDGE('',*,*,#2501,.T.);
#2501 = EDGE_CURVE('',#2502,#2504,#2506,.T.);
#2502 = VERTEX_POINT('',#2503);
#2503 = CARTESIAN_POINT('',(-10.1,2.,1.056231508714));
#2504 = VERTEX_POINT('',#2505);
#2505 = CARTESIAN_POINT('',(-10.1,2.,2.573470694556));
#2506 = SURFACE_CURVE('',#2507,(#2511,#2518),.PCURVE_S1.);
#2507 = LINE('',#2508,#2509);
#2508 = CARTESIAN_POINT('',(-10.1,2.,-1.));
#2509 = VECTOR('',#2510,1.);
#2510 = DIRECTION('',(0.,2.22044604925E-16,1.));
#2511 = PCURVE('',#1760,#2512);
#2512 = DEFINITIONAL_REPRESENTATION('',(#2513),#2517);
#2513 = LINE('',#2514,#2515);
#2514 = CARTESIAN_POINT('',(-10.1,-1.));
#2515 = VECTOR('',#2516,1.);
#2516 = DIRECTION('',(0.,1.));
#2517 = ( GEOMETRIC_REPRESENTATION_CONTEXT(2) 
PARAMETRIC_REPRESENTATION_CONTEXT() REPRESENTATION_CONTEXT('2D SPACE',''
  ) );
#2518 = PCURVE('',#2098,#2519);
#2519 = DEFINITIONAL_REPRESENTATION('',(#2520),#2523);
#2520 = B_SPLINE_CURVE_WITH_KNOTS('',1,(#2521,#2522),.UNSPECIFIED.,.F.,
  .F.,(2,2),(-1.,7.6),.PIECEWISE_BEZIER_KNOTS.);
#2521 = CARTESIAN_POINT('',(0.,-6.));
#2522 = CARTESIAN_POINT('',(8.6,-6.));
#2523 = ( GEOMETRIC_REPRESENTATION_CONTEXT(2) 
PARAMETRIC_REPRESENTATION_CONTEXT() REPRESENTATION_CONTEXT('2D SPACE',''
  ) );
#2524 = ORIENTED_EDGE('',*,*,#2525,.T.);
#2525 = EDGE_CURVE('',#2504,#2526,#2528,.T.);
#2526 = VERTEX_POINT('',#2527);
#2527 = CARTESIAN_POINT('',(-10.1,2.,4.826529305444));
#2528 = SURFACE_CURVE('',#2529,(#2540,#2554),.PCURVE_S1.);
#2529 = ( BOUNDED_CURVE() B_SPLINE_CURVE(9,(#2530,#2531,#2532,#2533,
    #2534,#2535,#2536,#2537,#2538,#2539),.UNSPECIFIED.,.F.,.F.) 
B_SPLINE_CURVE_WITH_KNOTS((10,10),(1.801781494809,3.542613619007),
.PIECEWISE_BEZIER_KNOTS.) CURVE() GEOMETRIC_REPRESENTATION_ITEM() 
RATIONAL_B_SPLINE_CURVE((1.,1.,1.,1.,1.,1.,1.,1.,1.,1.)) 
REPRESENTATION_ITEM('') );
#2530 = CARTESIAN_POINT('',(-10.1,2.,2.573470694556));
#2531 = CARTESIAN_POINT('',(-10.1,2.,2.874138552514));
#2532 = CARTESIAN_POINT('',(-10.1,2.,3.131317833615));
#2533 = CARTESIAN_POINT('',(-10.1,2.,3.367020802809));
#2534 = CARTESIAN_POINT('',(-10.1,2.,3.590597535836));
#2535 = CARTESIAN_POINT('',(-10.1,2.,3.811005435491));
#2536 = CARTESIAN_POINT('',(-10.1,2.,4.034456126569));
#2537 = CARTESIAN_POINT('',(-10.1,2.,4.269888558778));
#2538 = CARTESIAN_POINT('',(-10.1,2.,4.526608706879));
#2539 = CARTESIAN_POINT('',(-10.1,2.,4.826529305444));
#2540 = PCURVE('',#1760,#2541);
#2541 = DEFINITIONAL_REPRESENTATION('',(#2542),#2553);
#2542 = B_SPLINE_CURVE_WITH_KNOTS('',9,(#2543,#2544,#2545,#2546,#2547,
    #2548,#2549,#2550,#2551,#2552),.UNSPECIFIED.,.F.,.F.,(10,10),(
    1.801781494809,3.542613619007),.PIECEWISE_BEZIER_KNOTS.);
#2543 = CARTESIAN_POINT('',(-10.1,2.573470694556));
#2544 = CARTESIAN_POINT('',(-10.1,2.874138552514));
#2545 = CARTESIAN_POINT('',(-10.1,3.131317833615));
#2546 = CARTESIAN_POINT('',(-10.1,3.367020802809));
#2547 = CARTESIAN_POINT('',(-10.1,3.590597535836));
#2548 = CARTESIAN_POINT('',(-10.1,3.811005435491));
#2549 = CARTESIAN_POINT('',(-10.1,4.03445612657));
#2550 = CARTESIAN_POINT('',(-10.1,4.269888558778));
#2551 = CARTESIAN_POINT('',(-10.1,4.526608706879));
#2552 = CARTESIAN_POINT('',(-10.1,4.826529305444));
#2553 = ( GEOMETRIC_REPRESENTATION_CONTEXT(2) 
PARAMETRIC_REPRESENTATION_CONTEXT() REPRESENTATION_CONTEXT('2D SPACE',''
  ) );
#2554 = PCURVE('',#2555,#2586);
#2555 = ( BOUNDED_SURFACE() B_SPLINE_SURFACE(2,9,(
    (#2556,#2557,#2558,#2559,#2560,#2561,#2562,#2563,#2564,#2565)
    ,(#2566,#2567,#2568,#2569,#2570,#2571,#2572,#2573,#2574,#2575)
    ,(#2576,#2577,#2578,#2579,#2580,#2581,#2582,#2583,#2584,#2585
)),.UNSPECIFIED.,.F.,.F.,.F.) B_SPLINE_SURFACE_WITH_KNOTS((3,3),(10,10),
  (0.,1.740832124197),(1.801781494809,3.542613619007),
.PIECEWISE_BEZIER_KNOTS.) GEOMETRIC_REPRESENTATION_ITEM() 
RATIONAL_B_SPLINE_SURFACE((
    (1.,1.,1.,1.,1.,1.,1.,1.,1.,1.)
    ,(0.738548945876,0.821451898411,0.850790163072,0.873314355477
      ,0.878633554621,0.87863759539,0.873187876872,0.850663553126
      ,0.821245857065,0.738548945876)
,(1.,1.,1.,1.,1.,1.,1.,1.,1.,1.))) REPRESENTATION_ITEM('') SURFACE() );
#2556 = CARTESIAN_POINT('',(-10.64545454545,1.479390281762,
    2.866711746703));
#2557 = CARTESIAN_POINT('',(-10.64545454545,1.574489825384,
    3.035548088842));
#2558 = CARTESIAN_POINT('',(-10.62703438525,1.649385669289,
    3.215755474419));
#2559 = CARTESIAN_POINT('',(-10.61100463597,1.70086130569,3.405819672447
    ));
#2560 = CARTESIAN_POINT('',(-10.5994555652,1.724642646805,3.602826119222
    ));
#2561 = CARTESIAN_POINT('',(-10.59952280851,1.724555003996,
    3.798613832448));
#2562 = CARTESIAN_POINT('',(-10.61110885103,1.700559189072,
    3.995416033844));
#2563 = CARTESIAN_POINT('',(-10.62712562453,1.649036312061,
    4.185098534701));
#2564 = CARTESIAN_POINT('',(-10.64545454545,1.574253471462,
    4.364871525491));
#2565 = CARTESIAN_POINT('',(-10.64545454545,1.479390281762,
    4.533288253297));
#2566 = CARTESIAN_POINT('',(-10.1,1.522774424948,2.842274992357));
#2567 = CARTESIAN_POINT('',(-10.22110696102,1.601151132716,
    3.003949183736));
#2568 = CARTESIAN_POINT('',(-10.25795493495,1.665348575657,3.20644853978
    ));
#2569 = CARTESIAN_POINT('',(-10.27254594806,1.705595349996,
    3.394675315337));
#2570 = CARTESIAN_POINT('',(-10.27529601462,1.72591509434,3.607803198219
    ));
#2571 = CARTESIAN_POINT('',(-10.27529726971,1.725827960683,
    3.793678846842));
#2572 = CARTESIAN_POINT('',(-10.27248901763,1.70536388429,4.006561522173
    ));
#2573 = CARTESIAN_POINT('',(-10.25780207719,1.665055543006,
    4.194485590464));
#2574 = CARTESIAN_POINT('',(-10.22083627889,1.600975955554,4.39641216885
    ));
#2575 = CARTESIAN_POINT('',(-10.1,1.522774424948,4.557725007643));
#2576 = CARTESIAN_POINT('',(-10.1,2.,2.573470694556));
#2577 = CARTESIAN_POINT('',(-10.1,2.,2.874138552514));
#2578 = CARTESIAN_POINT('',(-10.1,2.,3.131317833615));
#2579 = CARTESIAN_POINT('',(-10.1,2.,3.367020802809));
#2580 = CARTESIAN_POINT('',(-10.1,2.,3.590597535836));
#2581 = CARTESIAN_POINT('',(-10.1,2.,3.811005435491));
#2582 = CARTESIAN_POINT('',(-10.1,2.,4.034456126569));
#2583 = CARTESIAN_POINT('',(-10.1,2.,4.269888558778));
#2584 = CARTESIAN_POINT('',(-10.1,2.,4.526608706879));
#2585 = CARTESIAN_POINT('',(-10.1,2.,4.826529305444));
#2586 = DEFINITIONAL_REPRESENTATION('',(#2587),#2591);
#2587 = LINE('',#2588,#2589);
#2588 = CARTESIAN_POINT('',(1.740832124197,0.));
#2589 = VECTOR('',#2590,1.);
#2590 = DIRECTION('',(0.,1.));
#2591 = ( GEOMETRIC_REPRESENTATION_CONTEXT(2) 
PARAMETRIC_REPRESENTATION_CONTEXT() REPRESENTATION_CONTEXT('2D SPACE',''
  ) );
#2592 = ORIENTED_EDGE('',*,*,#2593,.T.);
#2593 = EDGE_CURVE('',#2526,#2594,#2596,.T.);
#2594 = VERTEX_POINT('',#2595);
#2595 = CARTESIAN_POINT('',(-10.1,2.,5.8));
#2596 = SURFACE_CURVE('',#2597,(#2601,#2608),.PCURVE_S1.);
#2597 = LINE('',#2598,#2599);
#2598 = CARTESIAN_POINT('',(-10.1,2.,-1.));
#2599 = VECTOR('',#2600,1.);
#2600 = DIRECTION('',(0.,2.22044604925E-16,1.));
#2601 = PCURVE('',#1760,#2602);
#2602 = DEFINITIONAL_REPRESENTATION('',(#2603),#2607);
#2603 = LINE('',#2604,#2605);
#2604 = CARTESIAN_POINT('',(-10.1,-1.));
#2605 = VECTOR('',#2606,1.);
#2606 = DIRECTION('',(0.,1.));
#2607 = ( GEOMETRIC_REPRESENTATION_CONTEXT(2) 
PARAMETRIC_REPRESENTATION_CONTEXT() REPRESENTATION_CONTEXT('2D SPACE',''
  ) );
#2608 = PCURVE('',#2609,#2614);
#2609 = PLANE('',#2610);
#2610 = AXIS2_PLACEMENT_3D('',#2611,#2612,#2613);
#2611 = CARTESIAN_POINT('',(-10.1,-4.,-2.));
#2612 = DIRECTION('',(1.,0.,-0.));
#2613 = DIRECTION('',(0.,0.,1.));
#2614 = DEFINITIONAL_REPRESENTATION('',(#2615),#2618);
#2615 = B_SPLINE_CURVE_WITH_KNOTS('',1,(#2616,#2617),.UNSPECIFIED.,.F.,
  .F.,(2,2),(-1.,7.6),.PIECEWISE_BEZIER_KNOTS.);
#2616 = CARTESIAN_POINT('',(0.,-6.));
#2617 = CARTESIAN_POINT('',(8.6,-6.));
#2618 = ( GEOMETRIC_REPRESENTATION_CONTEXT(2) 
PARAMETRIC_REPRESENTATION_CONTEXT() REPRESENTATION_CONTEXT('2D SPACE',''
  ) );
#2619 = ORIENTED_EDGE('',*,*,#2620,.F.);
#2620 = EDGE_CURVE('',#2621,#2594,#2623,.T.);
#2621 = VERTEX_POINT('',#2622);
#2622 = CARTESIAN_POINT('',(-9.3,2.,6.6));
#2623 = SURFACE_CURVE('',#2624,(#2629,#2636),.PCURVE_S1.);
#2624 = CIRCLE('',#2625,0.8);
#2625 = AXIS2_PLACEMENT_3D('',#2626,#2627,#2628);
#2626 = CARTESIAN_POINT('',(-9.3,2.,5.8));
#2627 = DIRECTION('',(0.,-1.,0.));
#2628 = DIRECTION('',(0.,0.,1.));
#2629 = PCURVE('',#1760,#2630);
#2630 = DEFINITIONAL_REPRESENTATION('',(#2631),#2635);
#2631 = CIRCLE('',#2632,0.8);
#2632 = AXIS2_PLACEMENT_2D('',#2633,#2634);
#2633 = CARTESIAN_POINT('',(-9.3,5.8));
#2634 = DIRECTION('',(0.,1.));
#2635 = ( GEOMETRIC_REPRESENTATION_CONTEXT(2) 
PARAMETRIC_REPRESENTATION_CONTEXT() REPRESENTATION_CONTEXT('2D SPACE',''
  ) );
#2636 = PCURVE('',#2221,#2637);
#2637 = DEFINITIONAL_REPRESENTATION('',(#2638),#2642);
#2638 = LINE('',#2639,#2640);
#2639 = CARTESIAN_POINT('',(-0.,4.));
#2640 = VECTOR('',#2641,1.);
#2641 = DIRECTION('',(-1.,0.));
#2642 = ( GEOMETRIC_REPRESENTATION_CONTEXT(2) 
PARAMETRIC_REPRESENTATION_CONTEXT() REPRESENTATION_CONTEXT('2D SPACE',''
  ) );
#2643 = ORIENTED_EDGE('',*,*,#2644,.F.);
#2644 = EDGE_CURVE('',#1997,#2621,#2645,.T.);
#2645 = SURFACE_CURVE('',#2646,(#2650,#2657),.PCURVE_S1.);
#2646 = LINE('',#2647,#2648);
#2647 = CARTESIAN_POINT('',(-5.05,2.,6.6));
#2648 = VECTOR('',#2649,1.);
#2649 = DIRECTION('',(-1.,0.,0.));
#2650 = PCURVE('',#1760,#2651);
#2651 = DEFINITIONAL_REPRESENTATION('',(#2652),#2656);
#2652 = LINE('',#2653,#2654);
#2653 = CARTESIAN_POINT('',(-5.05,6.6));
#2654 = VECTOR('',#2655,1.);
#2655 = DIRECTION('',(-1.,0.));
#2656 = ( GEOMETRIC_REPRESENTATION_CONTEXT(2) 
PARAMETRIC_REPRESENTATION_CONTEXT() REPRESENTATION_CONTEXT('2D SPACE',''
  ) );
#2657 = PCURVE('',#2033,#2658);
#2658 = DEFINITIONAL_REPRESENTATION('',(#2659),#2662);
#2659 = B_SPLINE_CURVE_WITH_KNOTS('',1,(#2660,#2661),.UNSPECIFIED.,.F.,
  .F.,(2,2),(1.9642711667,5.05),.PIECEWISE_BEZIER_KNOTS.);
#2660 = CARTESIAN_POINT('',(3.0857288333,6.));
#2661 = CARTESIAN_POINT('',(0.,6.));
#2662 = ( GEOMETRIC_REPRESENTATION_CONTEXT(2) 
PARAMETRIC_REPRESENTATION_CONTEXT() REPRESENTATION_CONTEXT('2D SPACE',''
  ) );
#2663 = ORIENTED_EDGE('',*,*,#1996,.F.);
#2664 = ORIENTED_EDGE('',*,*,#1891,.F.);
#2665 = ORIENTED_EDGE('',*,*,#1743,.T.);
#2666 = ORIENTED_EDGE('',*,*,#2477,.F.);
#2667 = ORIENTED_EDGE('',*,*,#2668,.F.);
#2668 = EDGE_CURVE('',#2669,#2453,#2671,.T.);
#2669 = VERTEX_POINT('',#2670);
#2670 = CARTESIAN_POINT('',(-14.7,2.,-1.5));
#2671 = SURFACE_CURVE('',#2672,(#2676,#2683),.PCURVE_S1.);
#2672 = LINE('',#2673,#2674);
#2673 = CARTESIAN_POINT('',(-14.7,2.,-1.5));
#2674 = VECTOR('',#2675,1.);
#2675 = DIRECTION('',(5.921189464668E-16,0.,1.));
#2676 = PCURVE('',#1760,#2677);
#2677 = DEFINITIONAL_REPRESENTATION('',(#2678),#2682);
#2678 = LINE('',#2679,#2680);
#2679 = CARTESIAN_POINT('',(-14.7,-1.5));
#2680 = VECTOR('',#2681,1.);
#2681 = DIRECTION('',(5.921189464668E-16,1.));
#2682 = ( GEOMETRIC_REPRESENTATION_CONTEXT(2) 
PARAMETRIC_REPRESENTATION_CONTEXT() REPRESENTATION_CONTEXT('2D SPACE',''
  ) );
#2683 = PCURVE('',#2295,#2684);
#2684 = DEFINITIONAL_REPRESENTATION('',(#2685),#2689);
#2685 = LINE('',#2686,#2687);
#2686 = CARTESIAN_POINT('',(0.,-4.));
#2687 = VECTOR('',#2688,1.);
#2688 = DIRECTION('',(1.,0.));
#2689 = ( GEOMETRIC_REPRESENTATION_CONTEXT(2) 
PARAMETRIC_REPRESENTATION_CONTEXT() REPRESENTATION_CONTEXT('2D SPACE',''
  ) );
#2690 = ORIENTED_EDGE('',*,*,#2691,.T.);
#2691 = EDGE_CURVE('',#2669,#2692,#2694,.T.);
#2692 = VERTEX_POINT('',#2693);
#2693 = CARTESIAN_POINT('',(-12.52287565553,2.,-1.5));
#2694 = SURFACE_CURVE('',#2695,(#2699,#2706),.PCURVE_S1.);
#2695 = LINE('',#2696,#2697);
#2696 = CARTESIAN_POINT('',(-14.7,2.,-1.5));
#2697 = VECTOR('',#2698,1.);
#2698 = DIRECTION('',(1.,0.,-0.));
#2699 = PCURVE('',#1760,#2700);
#2700 = DEFINITIONAL_REPRESENTATION('',(#2701),#2705);
#2701 = LINE('',#2702,#2703);
#2702 = CARTESIAN_POINT('',(-14.7,-1.5));
#2703 = VECTOR('',#2704,1.);
#2704 = DIRECTION('',(1.,0.));
#2705 = ( GEOMETRIC_REPRESENTATION_CONTEXT(2) 
PARAMETRIC_REPRESENTATION_CONTEXT() REPRESENTATION_CONTEXT('2D SPACE',''
  ) );
#2706 = PCURVE('',#2323,#2707);
#2707 = DEFINITIONAL_REPRESENTATION('',(#2708),#2712);
#2708 = LINE('',#2709,#2710);
#2709 = CARTESIAN_POINT('',(0.,4.));
#2710 = VECTOR('',#2711,1.);
#2711 = DIRECTION('',(1.,0.));
#2712 = ( GEOMETRIC_REPRESENTATION_CONTEXT(2) 
PARAMETRIC_REPRESENTATION_CONTEXT() REPRESENTATION_CONTEXT('2D SPACE',''
  ) );
#2713 = ORIENTED_EDGE('',*,*,#2714,.F.);
#2714 = EDGE_CURVE('',#2715,#2692,#2717,.T.);
#2715 = VERTEX_POINT('',#2716);
#2716 = CARTESIAN_POINT('',(-10.1,2.,-1.670329308849));
#2717 = SURFACE_CURVE('',#2718,(#2723,#2734),.PCURVE_S1.);
#2718 = CIRCLE('',#2719,2.);
#2719 = AXIS2_PLACEMENT_3D('',#2720,#2721,#2722);
#2720 = CARTESIAN_POINT('',(-11.2,2.,-4.440892098501E-16));
#2721 = DIRECTION('',(9.244463733008E-33,1.,-7.229038996727E-16));
#2722 = DIRECTION('',(0.7890625,4.440892098501E-16,0.614312926035));
#2723 = PCURVE('',#1760,#2724);
#2724 = DEFINITIONAL_REPRESENTATION('',(#2725),#2733);
#2725 = ( BOUNDED_CURVE() B_SPLINE_CURVE(2,(#2726,#2727,#2728,#2729,
#2730,#2731,#2732),.UNSPECIFIED.,.T.,.F.) B_SPLINE_CURVE_WITH_KNOTS((1,2
    ,2,2,2,1),(-2.094395102393,0.,2.094395102393,4.188790204786,
6.28318530718,8.377580409573),.UNSPECIFIED.) CURVE() 
GEOMETRIC_REPRESENTATION_ITEM() RATIONAL_B_SPLINE_CURVE((1.,0.5,1.,0.5,
1.,0.5,1.)) REPRESENTATION_ITEM('') );
#2726 = CARTESIAN_POINT('',(-9.621875,1.22862585207));
#2727 = CARTESIAN_POINT('',(-7.493832600722,-1.504766828625));
#2728 = CARTESIAN_POINT('',(-10.92504130036,-1.981009266382));
#2729 = CARTESIAN_POINT('',(-14.35625,-2.45725170414));
#2730 = CARTESIAN_POINT('',(-13.05308369963,0.752383414312));
#2731 = CARTESIAN_POINT('',(-11.74991739927,3.962018532765));
#2732 = CARTESIAN_POINT('',(-9.621875,1.22862585207));
#2733 = ( GEOMETRIC_REPRESENTATION_CONTEXT(2) 
PARAMETRIC_REPRESENTATION_CONTEXT() REPRESENTATION_CONTEXT('2D SPACE',''
  ) );
#2734 = PCURVE('',#2352,#2735);
#2735 = DEFINITIONAL_REPRESENTATION('',(#2736),#2740);
#2736 = LINE('',#2737,#2738);
#2737 = CARTESIAN_POINT('',(6.944700231025,0.));
#2738 = VECTOR('',#2739,1.);
#2739 = DIRECTION('',(-1.,-0.));
#2740 = ( GEOMETRIC_REPRESENTATION_CONTEXT(2) 
PARAMETRIC_REPRESENTATION_CONTEXT() REPRESENTATION_CONTEXT('2D SPACE',''
  ) );
#2741 = ORIENTED_EDGE('',*,*,#2742,.T.);
#2742 = EDGE_CURVE('',#2715,#2743,#2745,.T.);
#2743 = VERTEX_POINT('',#2744);
#2744 = CARTESIAN_POINT('',(-10.1,2.,-1.056231508714));
#2745 = SURFACE_CURVE('',#2746,(#2750,#2757),.PCURVE_S1.);
#2746 = LINE('',#2747,#2748);
#2747 = CARTESIAN_POINT('',(-10.1,2.,-1.));
#2748 = VECTOR('',#2749,1.);
#2749 = DIRECTION('',(0.,2.22044604925E-16,1.));
#2750 = PCURVE('',#1760,#2751);
#2751 = DEFINITIONAL_REPRESENTATION('',(#2752),#2756);
#2752 = LINE('',#2753,#2754);
#2753 = CARTESIAN_POINT('',(-10.1,-1.));
#2754 = VECTOR('',#2755,1.);
#2755 = DIRECTION('',(0.,1.));
#2756 = ( GEOMETRIC_REPRESENTATION_CONTEXT(2) 
PARAMETRIC_REPRESENTATION_CONTEXT() REPRESENTATION_CONTEXT('2D SPACE',''
  ) );
#2757 = PCURVE('',#2380,#2758);
#2758 = DEFINITIONAL_REPRESENTATION('',(#2759),#2762);
#2759 = B_SPLINE_CURVE_WITH_KNOTS('',1,(#2760,#2761),.UNSPECIFIED.,.F.,
  .F.,(2,2),(-1.,7.6),.PIECEWISE_BEZIER_KNOTS.);
#2760 = CARTESIAN_POINT('',(0.,-6.));
#2761 = CARTESIAN_POINT('',(8.6,-6.));
#2762 = ( GEOMETRIC_REPRESENTATION_CONTEXT(2) 
PARAMETRIC_REPRESENTATION_CONTEXT() REPRESENTATION_CONTEXT('2D SPACE',''
  ) );
#2763 = ORIENTED_EDGE('',*,*,#2764,.F.);
#2764 = EDGE_CURVE('',#2502,#2743,#2765,.T.);
#2765 = SURFACE_CURVE('',#2766,(#2771,#2782),.PCURVE_S1.);
#2766 = CIRCLE('',#2767,1.525);
#2767 = AXIS2_PLACEMENT_3D('',#2768,#2769,#2770);
#2768 = CARTESIAN_POINT('',(-11.2,2.,-4.440892098501E-16));
#2769 = DIRECTION('',(-5.677689093822E-33,1.,-4.204468491863E-16));
#2770 = DIRECTION('',(0.72131147541,2.912060392459E-16,0.692610825386));
#2771 = PCURVE('',#1760,#2772);
#2772 = DEFINITIONAL_REPRESENTATION('',(#2773),#2781);
#2773 = ( BOUNDED_CURVE() B_SPLINE_CURVE(2,(#2774,#2775,#2776,#2777,
#2778,#2779,#2780),.UNSPECIFIED.,.T.,.F.) B_SPLINE_CURVE_WITH_KNOTS((1,2
    ,2,2,2,1),(-2.094395102393,0.,2.094395102393,4.188790204786,
6.28318530718,8.377580409573),.UNSPECIFIED.) CURVE() 
GEOMETRIC_REPRESENTATION_ITEM() RATIONAL_B_SPLINE_CURVE((1.,0.5,1.,0.5,
1.,0.5,1.)) REPRESENTATION_ITEM('') );
#2774 = CARTESIAN_POINT('',(-10.1,1.056231508714));
#2775 = CARTESIAN_POINT('',(-8.270553362352,-0.849024379612));
#2776 = CARTESIAN_POINT('',(-10.83527668117,-1.48074369852));
#2777 = CARTESIAN_POINT('',(-13.4,-2.112463017428));
#2778 = CARTESIAN_POINT('',(-12.66472331882,0.424512189806));
#2779 = CARTESIAN_POINT('',(-11.92944663764,2.96148739704));
#2780 = CARTESIAN_POINT('',(-10.1,1.056231508714));
#2781 = ( GEOMETRIC_REPRESENTATION_CONTEXT(2) 
PARAMETRIC_REPRESENTATION_CONTEXT() REPRESENTATION_CONTEXT('2D SPACE',''
  ) );
#2782 = PCURVE('',#2406,#2783);
#2783 = DEFINITIONAL_REPRESENTATION('',(#2784),#2788);
#2784 = LINE('',#2785,#2786);
#2785 = CARTESIAN_POINT('',(7.048287652973,0.));
#2786 = VECTOR('',#2787,1.);
#2787 = DIRECTION('',(-1.,-0.));
#2788 = ( GEOMETRIC_REPRESENTATION_CONTEXT(2) 
PARAMETRIC_REPRESENTATION_CONTEXT() REPRESENTATION_CONTEXT('2D SPACE',''
  ) );
#2789 = FACE_BOUND('',#2790,.F.);
#2790 = EDGE_LOOP('',(#2791));
#2791 = ORIENTED_EDGE('',*,*,#2792,.F.);
#2792 = EDGE_CURVE('',#2793,#2793,#2795,.T.);
#2793 = VERTEX_POINT('',#2794);
#2794 = CARTESIAN_POINT('',(-10.575,2.,-5.971700597435E-16));
#2795 = SURFACE_CURVE('',#2796,(#2801,#2808),.PCURVE_S1.);
#2796 = CIRCLE('',#2797,0.625);
#2797 = AXIS2_PLACEMENT_3D('',#2798,#2799,#2800);
#2798 = CARTESIAN_POINT('',(-11.2,2.,-4.440892098501E-16));
#2799 = DIRECTION('',(0.,-1.,2.22044604925E-16));
#2800 = DIRECTION('',(1.,0.,0.));
#2801 = PCURVE('',#1760,#2802);
#2802 = DEFINITIONAL_REPRESENTATION('',(#2803),#2807);
#2803 = CIRCLE('',#2804,0.625);
#2804 = AXIS2_PLACEMENT_2D('',#2805,#2806);
#2805 = CARTESIAN_POINT('',(-11.2,0.));
#2806 = DIRECTION('',(1.,0.));
#2807 = ( GEOMETRIC_REPRESENTATION_CONTEXT(2) 
PARAMETRIC_REPRESENTATION_CONTEXT() REPRESENTATION_CONTEXT('2D SPACE',''
  ) );
#2808 = PCURVE('',#2437,#2809);
#2809 = DEFINITIONAL_REPRESENTATION('',(#2810),#2814);
#2810 = LINE('',#2811,#2812);
#2811 = CARTESIAN_POINT('',(0.,1.));
#2812 = VECTOR('',#2813,1.);
#2813 = DIRECTION('',(1.,0.));
#2814 = ( GEOMETRIC_REPRESENTATION_CONTEXT(2) 
PARAMETRIC_REPRESENTATION_CONTEXT() REPRESENTATION_CONTEXT('2D SPACE',''
  ) );
#2815 = ADVANCED_FACE('',(#2816),#2033,.F.);
#2816 = FACE_BOUND('',#2817,.F.);
#2817 = EDGE_LOOP('',(#2818,#2819,#2840,#2841));
#2818 = ORIENTED_EDGE('',*,*,#2644,.T.);
#2819 = ORIENTED_EDGE('',*,*,#2820,.F.);
#2820 = EDGE_CURVE('',#2205,#2621,#2821,.T.);
#2821 = SURFACE_CURVE('',#2822,(#2826,#2833),.PCURVE_S1.);
#2822 = LINE('',#2823,#2824);
#2823 = CARTESIAN_POINT('',(-9.3,-2.,6.6));
#2824 = VECTOR('',#2825,1.);
#2825 = DIRECTION('',(-0.,1.,0.));
#2826 = PCURVE('',#2033,#2827);
#2827 = DEFINITIONAL_REPRESENTATION('',(#2828),#2832);
#2828 = LINE('',#2829,#2830);
#2829 = CARTESIAN_POINT('',(0.8,2.));
#2830 = VECTOR('',#2831,1.);
#2831 = DIRECTION('',(0.,1.));
#2832 = ( GEOMETRIC_REPRESENTATION_CONTEXT(2) 
PARAMETRIC_REPRESENTATION_CONTEXT() REPRESENTATION_CONTEXT('2D SPACE',''
  ) );
#2833 = PCURVE('',#2221,#2834);
#2834 = DEFINITIONAL_REPRESENTATION('',(#2835),#2839);
#2835 = LINE('',#2836,#2837);
#2836 = CARTESIAN_POINT('',(-0.,0.));
#2837 = VECTOR('',#2838,1.);
#2838 = DIRECTION('',(-0.,1.));
#2839 = ( GEOMETRIC_REPRESENTATION_CONTEXT(2) 
PARAMETRIC_REPRESENTATION_CONTEXT() REPRESENTATION_CONTEXT('2D SPACE',''
  ) );
#2840 = ORIENTED_EDGE('',*,*,#2233,.F.);
#2841 = ORIENTED_EDGE('',*,*,#2020,.F.);
#2842 = ADVANCED_FACE('',(#2843),#2098,.T.);
#2843 = FACE_BOUND('',#2844,.T.);
#2844 = EDGE_LOOP('',(#2845,#2846,#2865,#2866,#2919));
#2845 = ORIENTED_EDGE('',*,*,#2080,.F.);
#2846 = ORIENTED_EDGE('',*,*,#2847,.F.);
#2847 = EDGE_CURVE('',#2502,#2081,#2848,.T.);
#2848 = SURFACE_CURVE('',#2849,(#2853,#2859),.PCURVE_S1.);
#2849 = LINE('',#2850,#2851);
#2850 = CARTESIAN_POINT('',(-10.1,2.,1.056231508714));
#2851 = VECTOR('',#2852,1.);
#2852 = DIRECTION('',(0.,-1.,2.22044604925E-16));
#2853 = PCURVE('',#2098,#2854);
#2854 = DEFINITIONAL_REPRESENTATION('',(#2855),#2858);
#2855 = B_SPLINE_CURVE_WITH_KNOTS('',1,(#2856,#2857),.UNSPECIFIED.,.F.,
  .F.,(2,2),(-5.999999999062E-07,4.0000006),.PIECEWISE_BEZIER_KNOTS.);
#2856 = CARTESIAN_POINT('',(3.056231508714,-6.0000006));
#2857 = CARTESIAN_POINT('',(3.056231508714,-1.9999994));
#2858 = ( GEOMETRIC_REPRESENTATION_CONTEXT(2) 
PARAMETRIC_REPRESENTATION_CONTEXT() REPRESENTATION_CONTEXT('2D SPACE',''
  ) );
#2859 = PCURVE('',#2406,#2860);
#2860 = DEFINITIONAL_REPRESENTATION('',(#2861),#2864);
#2861 = B_SPLINE_CURVE_WITH_KNOTS('',1,(#2862,#2863),.UNSPECIFIED.,.F.,
  .F.,(2,2),(8.233735698244E-30,4.),.PIECEWISE_BEZIER_KNOTS.);
#2862 = CARTESIAN_POINT('',(7.048287652973,-2.095587017883E-16));
#2863 = CARTESIAN_POINT('',(7.048287652973,4.));
#2864 = ( GEOMETRIC_REPRESENTATION_CONTEXT(2) 
PARAMETRIC_REPRESENTATION_CONTEXT() REPRESENTATION_CONTEXT('2D SPACE',''
  ) );
#2865 = ORIENTED_EDGE('',*,*,#2501,.T.);
#2866 = ORIENTED_EDGE('',*,*,#2867,.F.);
#2867 = EDGE_CURVE('',#2868,#2504,#2870,.T.);
#2868 = VERTEX_POINT('',#2869);
#2869 = CARTESIAN_POINT('',(-10.1,0.,1.40455488499));
#2870 = SURFACE_CURVE('',#2871,(#2879,#2890),.PCURVE_S1.);
#2871 = ( BOUNDED_CURVE() B_SPLINE_CURVE(6,(#2872,#2873,#2874,#2875,
#2876,#2877,#2878),.UNSPECIFIED.,.F.,.F.) B_SPLINE_CURVE_WITH_KNOTS((7,7
    ),(2.110830576696E-16,1.801781494809),.PIECEWISE_BEZIER_KNOTS.) 
CURVE() GEOMETRIC_REPRESENTATION_ITEM() RATIONAL_B_SPLINE_CURVE((1.,1.,
1.,1.,1.,1.,1.)) REPRESENTATION_ITEM('') );
#2872 = CARTESIAN_POINT('',(-10.1,0.,1.40455488499));
#2873 = CARTESIAN_POINT('',(-10.1,0.399613918063,1.40455488499));
#2874 = CARTESIAN_POINT('',(-10.1,0.802904719916,1.488024154651));
#2875 = CARTESIAN_POINT('',(-10.1,1.186582176241,1.657938637947));
#2876 = CARTESIAN_POINT('',(-10.1,1.525453584353,1.90718858254));
#2877 = CARTESIAN_POINT('',(-10.1,1.800399255915,2.219106643624));
#2878 = CARTESIAN_POINT('',(-10.1,2.,2.573470694556));
#2879 = PCURVE('',#2098,#2880);
#2880 = DEFINITIONAL_REPRESENTATION('',(#2881),#2889);
#2881 = B_SPLINE_CURVE_WITH_KNOTS('',6,(#2882,#2883,#2884,#2885,#2886,
    #2887,#2888),.UNSPECIFIED.,.F.,.F.,(7,7),(2.110830576696E-16,
    1.801781494809),.PIECEWISE_BEZIER_KNOTS.);
#2882 = CARTESIAN_POINT('',(3.40455488499,-4.));
#2883 = CARTESIAN_POINT('',(3.40455488499,-4.399613918063));
#2884 = CARTESIAN_POINT('',(3.488024154651,-4.802904719916));
#2885 = CARTESIAN_POINT('',(3.657938637947,-5.186582176241));
#2886 = CARTESIAN_POINT('',(3.90718858254,-5.525453584353));
#2887 = CARTESIAN_POINT('',(4.219106643624,-5.800399255915));
#2888 = CARTESIAN_POINT('',(4.573470694556,-6.));
#2889 = ( GEOMETRIC_REPRESENTATION_CONTEXT(2) 
PARAMETRIC_REPRESENTATION_CONTEXT() REPRESENTATION_CONTEXT('2D SPACE',''
  ) );
#2890 = PCURVE('',#2891,#2913);
#2891 = ( BOUNDED_SURFACE() B_SPLINE_SURFACE(2,6,(
    (#2892,#2893,#2894,#2895,#2896,#2897,#2898)
    ,(#2899,#2900,#2901,#2902,#2903,#2904,#2905)
    ,(#2906,#2907,#2908,#2909,#2910,#2911,#2912
)),.UNSPECIFIED.,.F.,.F.,.F.) B_SPLINE_SURFACE_WITH_KNOTS((3,3),(7,7),(
    0.,1.801781494809),(2.110830576696E-16,1.801781494809),
.PIECEWISE_BEZIER_KNOTS.) GEOMETRIC_REPRESENTATION_ITEM() 
RATIONAL_B_SPLINE_SURFACE((
    (1.,1.,1.,1.,1.,1.,1.)
    ,(0.738548945876,0.738548945876,0.738548945876,0.738548945876
      ,0.738548945876,0.738548945876,0.738548945876)
,(1.,1.,1.,1.,1.,1.,1.))) REPRESENTATION_ITEM('') SURFACE() );
#2892 = CARTESIAN_POINT('',(-10.64545454545,0.,2.002070402268));
#2893 = CARTESIAN_POINT('',(-10.64545454545,0.29559247342,2.002070402268
    ));
#2894 = CARTESIAN_POINT('',(-10.64545454545,0.593904719912,2.06381221545
    ));
#2895 = CARTESIAN_POINT('',(-10.64545454545,0.877709070021,
    2.189497133108));
#2896 = CARTESIAN_POINT('',(-10.64545454545,1.128370603985,
    2.373866105989));
#2897 = CARTESIAN_POINT('',(-10.64545454545,1.331746581246,
    2.604590380126));
#2898 = CARTESIAN_POINT('',(-10.64545454545,1.479390281762,
    2.866711746703));
#2899 = CARTESIAN_POINT('',(-10.1,0.,1.952277442495));
#2900 = CARTESIAN_POINT('',(-10.1,0.30426092714,1.952277442495));
#2901 = CARTESIAN_POINT('',(-10.1,0.611321386579,2.01582987705));
#2902 = CARTESIAN_POINT('',(-10.1,0.903448495539,2.145200591845));
#2903 = CARTESIAN_POINT('',(-10.1,1.161460852349,2.334976312369));
#2904 = CARTESIAN_POINT('',(-10.1,1.370800970802,2.572466735417));
#2905 = CARTESIAN_POINT('',(-10.1,1.522774424948,2.842274992357));
#2906 = CARTESIAN_POINT('',(-10.1,0.,1.40455488499));
#2907 = CARTESIAN_POINT('',(-10.1,0.399613918063,1.40455488499));
#2908 = CARTESIAN_POINT('',(-10.1,0.802904719916,1.488024154651));
#2909 = CARTESIAN_POINT('',(-10.1,1.186582176241,1.657938637947));
#2910 = CARTESIAN_POINT('',(-10.1,1.525453584353,1.90718858254));
#2911 = CARTESIAN_POINT('',(-10.1,1.800399255915,2.219106643624));
#2912 = CARTESIAN_POINT('',(-10.1,2.,2.573470694556));
#2913 = DEFINITIONAL_REPRESENTATION('',(#2914),#2918);
#2914 = LINE('',#2915,#2916);
#2915 = CARTESIAN_POINT('',(1.801781494809,0.));
#2916 = VECTOR('',#2917,1.);
#2917 = DIRECTION('',(0.,1.));
#2918 = ( GEOMETRIC_REPRESENTATION_CONTEXT(2) 
PARAMETRIC_REPRESENTATION_CONTEXT() REPRESENTATION_CONTEXT('2D SPACE',''
  ) );
#2919 = ORIENTED_EDGE('',*,*,#2920,.F.);
#2920 = EDGE_CURVE('',#2083,#2868,#2921,.T.);
#2921 = SURFACE_CURVE('',#2922,(#2930,#2941),.PCURVE_S1.);
#2922 = ( BOUNDED_CURVE() B_SPLINE_CURVE(6,(#2923,#2924,#2925,#2926,
#2927,#2928,#2929),.UNSPECIFIED.,.F.,.F.) B_SPLINE_CURVE_WITH_KNOTS((7,7
),(8.879633527396,10.681415022205),.PIECEWISE_BEZIER_KNOTS.) CURVE() 
GEOMETRIC_REPRESENTATION_ITEM() RATIONAL_B_SPLINE_CURVE((1.,1.,1.,1.,1.,
1.,1.)) REPRESENTATION_ITEM('') );
#2923 = CARTESIAN_POINT('',(-10.1,-2.,2.573470694556));
#2924 = CARTESIAN_POINT('',(-10.1,-1.800399255915,2.219106643624));
#2925 = CARTESIAN_POINT('',(-10.1,-1.525453584353,1.90718858254));
#2926 = CARTESIAN_POINT('',(-10.1,-1.186582176241,1.657938637947));
#2927 = CARTESIAN_POINT('',(-10.1,-0.802904719916,1.488024154651));
#2928 = CARTESIAN_POINT('',(-10.1,-0.399613918063,1.40455488499));
#2929 = CARTESIAN_POINT('',(-10.1,0.,1.40455488499));
#2930 = PCURVE('',#2098,#2931);
#2931 = DEFINITIONAL_REPRESENTATION('',(#2932),#2940);
#2932 = B_SPLINE_CURVE_WITH_KNOTS('',6,(#2933,#2934,#2935,#2936,#2937,
    #2938,#2939),.UNSPECIFIED.,.F.,.F.,(7,7),(8.879633527396,
    10.681415022205),.PIECEWISE_BEZIER_KNOTS.);
#2933 = CARTESIAN_POINT('',(4.573470694556,-2.));
#2934 = CARTESIAN_POINT('',(4.219106643624,-2.199600744085));
#2935 = CARTESIAN_POINT('',(3.90718858254,-2.474546415647));
#2936 = CARTESIAN_POINT('',(3.657938637947,-2.813417823759));
#2937 = CARTESIAN_POINT('',(3.488024154651,-3.197095280084));
#2938 = CARTESIAN_POINT('',(3.40455488499,-3.600386081937));
#2939 = CARTESIAN_POINT('',(3.40455488499,-4.));
#2940 = ( GEOMETRIC_REPRESENTATION_CONTEXT(2) 
PARAMETRIC_REPRESENTATION_CONTEXT() REPRESENTATION_CONTEXT('2D SPACE',''
  ) );
#2941 = PCURVE('',#2942,#2964);
#2942 = ( BOUNDED_SURFACE() B_SPLINE_SURFACE(2,6,(
    (#2943,#2944,#2945,#2946,#2947,#2948,#2949)
    ,(#2950,#2951,#2952,#2953,#2954,#2955,#2956)
    ,(#2957,#2958,#2959,#2960,#2961,#2962,#2963
)),.UNSPECIFIED.,.F.,.F.,.F.) B_SPLINE_SURFACE_WITH_KNOTS((3,3),(7,7),(
    0.,1.801781494809),(8.879633527396,10.681415022205),
.PIECEWISE_BEZIER_KNOTS.) GEOMETRIC_REPRESENTATION_ITEM() 
RATIONAL_B_SPLINE_SURFACE((
    (1.,1.,1.,1.,1.,1.,1.)
    ,(0.738548945876,0.738548945876,0.738548945876,0.738548945876
      ,0.738548945876,0.738548945876,0.738548945876)
,(1.,1.,1.,1.,1.,1.,1.))) REPRESENTATION_ITEM('') SURFACE() );
#2943 = CARTESIAN_POINT('',(-10.64545454545,-1.479390281762,
    2.866711746703));
#2944 = CARTESIAN_POINT('',(-10.64545454545,-1.331746581246,
    2.604590380126));
#2945 = CARTESIAN_POINT('',(-10.64545454545,-1.128370603985,
    2.373866105989));
#2946 = CARTESIAN_POINT('',(-10.64545454545,-0.877709070021,
    2.189497133108));
#2947 = CARTESIAN_POINT('',(-10.64545454545,-0.593904719912,
    2.06381221545));
#2948 = CARTESIAN_POINT('',(-10.64545454545,-0.29559247342,
    2.002070402268));
#2949 = CARTESIAN_POINT('',(-10.64545454545,0.,2.002070402268));
#2950 = CARTESIAN_POINT('',(-10.1,-1.522774424948,2.842274992357));
#2951 = CARTESIAN_POINT('',(-10.1,-1.370800970802,2.572466735417));
#2952 = CARTESIAN_POINT('',(-10.1,-1.161460852349,2.334976312369));
#2953 = CARTESIAN_POINT('',(-10.1,-0.903448495539,2.145200591845));
#2954 = CARTESIAN_POINT('',(-10.1,-0.611321386579,2.01582987705));
#2955 = CARTESIAN_POINT('',(-10.1,-0.30426092714,1.952277442495));
#2956 = CARTESIAN_POINT('',(-10.1,4.440892098501E-16,1.952277442495));
#2957 = CARTESIAN_POINT('',(-10.1,-2.,2.573470694556));
#2958 = CARTESIAN_POINT('',(-10.1,-1.800399255915,2.219106643624));
#2959 = CARTESIAN_POINT('',(-10.1,-1.525453584353,1.90718858254));
#2960 = CARTESIAN_POINT('',(-10.1,-1.186582176241,1.657938637947));
#2961 = CARTESIAN_POINT('',(-10.1,-0.802904719916,1.488024154651));
#2962 = CARTESIAN_POINT('',(-10.1,-0.399613918063,1.40455488499));
#2963 = CARTESIAN_POINT('',(-10.1,0.,1.40455488499));
#2964 = DEFINITIONAL_REPRESENTATION('',(#2965),#2969);
#2965 = LINE('',#2966,#2967);
#2966 = CARTESIAN_POINT('',(1.801781494809,0.));
#2967 = VECTOR('',#2968,1.);
#2968 = DIRECTION('',(0.,1.));
#2969 = ( GEOMETRIC_REPRESENTATION_CONTEXT(2) 
PARAMETRIC_REPRESENTATION_CONTEXT() REPRESENTATION_CONTEXT('2D SPACE',''
  ) );
#2970 = ADVANCED_FACE('',(#2971),#2139,.T.);
#2971 = FACE_BOUND('',#2972,.T.);
#2972 = EDGE_LOOP('',(#2973,#3013,#3014,#3035));
#2973 = ORIENTED_EDGE('',*,*,#2974,.T.);
#2974 = EDGE_CURVE('',#2975,#2110,#2977,.T.);
#2975 = VERTEX_POINT('',#2976);
#2976 = CARTESIAN_POINT('',(-10.64545454545,-1.479390281762,
    4.533288253297));
#2977 = SURFACE_CURVE('',#2978,(#2982,#2988),.PCURVE_S1.);
#2978 = ( BOUNDED_CURVE() B_SPLINE_CURVE(2,(#2979,#2980,#2981),
.UNSPECIFIED.,.F.,.F.) B_SPLINE_CURVE_WITH_KNOTS((3,3),(0.,
1.091496168423),.PIECEWISE_BEZIER_KNOTS.) CURVE() 
GEOMETRIC_REPRESENTATION_ITEM() RATIONAL_B_SPLINE_CURVE((1.,
0.738548945876,1.)) REPRESENTATION_ITEM('') );
#2979 = CARTESIAN_POINT('',(-10.64545454545,-1.479390281762,
    4.533288253297));
#2980 = CARTESIAN_POINT('',(-10.1,-1.522774424948,4.557725007643));
#2981 = CARTESIAN_POINT('',(-10.1,-2.,4.826529305444));
#2982 = PCURVE('',#2139,#2983);
#2983 = DEFINITIONAL_REPRESENTATION('',(#2984),#2987);
#2984 = B_SPLINE_CURVE_WITH_KNOTS('',1,(#2985,#2986),.UNSPECIFIED.,.F.,
  .F.,(2,2),(0.,1.091496168423),.PIECEWISE_BEZIER_KNOTS.);
#2985 = CARTESIAN_POINT('',(0.,7.138801403198));
#2986 = CARTESIAN_POINT('',(1.740832124197,7.138801403198));
#2987 = ( GEOMETRIC_REPRESENTATION_CONTEXT(2) 
PARAMETRIC_REPRESENTATION_CONTEXT() REPRESENTATION_CONTEXT('2D SPACE',''
  ) );
#2988 = PCURVE('',#2989,#3008);
#2989 = ( BOUNDED_SURFACE() B_SPLINE_SURFACE(2,5,(
    (#2990,#2991,#2992,#2993,#2994,#2995)
    ,(#2996,#2997,#2998,#2999,#3000,#3001)
    ,(#3002,#3003,#3004,#3005,#3006,#3007
)),.UNSPECIFIED.,.F.,.F.,.F.) B_SPLINE_SURFACE_WITH_KNOTS((3,3),(6,6),(
    0.,1.091496168423),(6.047305234776,7.138801403198),
.PIECEWISE_BEZIER_KNOTS.) GEOMETRIC_REPRESENTATION_ITEM() 
RATIONAL_B_SPLINE_SURFACE((
    (1.,1.,1.,1.,1.,1.)
    ,(0.738548945876,0.738548945876,0.738548945876,0.738548945876
      ,0.738548945876,0.738548945876)
,(1.,1.,1.,1.,1.,1.))) REPRESENTATION_ITEM('') SURFACE() );
#2990 = CARTESIAN_POINT('',(-10.64545454545,-0.685593365991,
    5.25335979585));
#2991 = CARTESIAN_POINT('',(-10.64545454545,-0.885065506479,
    5.165320452625));
#2992 = CARTESIAN_POINT('',(-10.64545454545,-1.070413197211,
    5.045262786388));
#2993 = CARTESIAN_POINT('',(-10.64545454545,-1.234773571546,
    4.896189276933));
#2994 = CARTESIAN_POINT('',(-10.64545454545,-1.372328232551,
    4.723362401734));
#2995 = CARTESIAN_POINT('',(-10.64545454545,-1.479390281762,
    4.533288253297));
#2996 = CARTESIAN_POINT('',(-10.1,-0.705698865618,5.298913146196));
#2997 = CARTESIAN_POINT('',(-10.1,-0.911020664584,5.208291988341));
#2998 = CARTESIAN_POINT('',(-10.1,-1.101803804537,5.084713548007));
#2999 = CARTESIAN_POINT('',(-10.1,-1.270984160524,4.931268354786));
#3000 = CARTESIAN_POINT('',(-10.1,-1.412572707098,4.753373211941));
#3001 = CARTESIAN_POINT('',(-10.1,-1.522774424948,4.557725007643));
#3002 = CARTESIAN_POINT('',(-10.1,-0.926859361513,5.8));
#3003 = CARTESIAN_POINT('',(-10.1,-1.196527403742,5.680978881219));
#3004 = CARTESIAN_POINT('',(-10.1,-1.447100485122,5.518671925823));
#3005 = CARTESIAN_POINT('',(-10.1,-1.669300639281,5.317138211167));
#3006 = CARTESIAN_POINT('',(-10.1,-1.855261927119,5.083492124222));
#3007 = CARTESIAN_POINT('',(-10.1,-2.,4.826529305444));
#3008 = DEFINITIONAL_REPRESENTATION('',(#3009),#3012);
#3009 = B_SPLINE_CURVE_WITH_KNOTS('',1,(#3010,#3011),.UNSPECIFIED.,.F.,
  .F.,(2,2),(0.,1.091496168423),.PIECEWISE_BEZIER_KNOTS.);
#3010 = CARTESIAN_POINT('',(0.,7.138801403198));
#3011 = CARTESIAN_POINT('',(1.091496168423,7.138801403198));
#3012 = ( GEOMETRIC_REPRESENTATION_CONTEXT(2) 
PARAMETRIC_REPRESENTATION_CONTEXT() REPRESENTATION_CONTEXT('2D SPACE',''
  ) );
#3013 = ORIENTED_EDGE('',*,*,#2109,.T.);
#3014 = ORIENTED_EDGE('',*,*,#3015,.F.);
#3015 = EDGE_CURVE('',#3016,#2083,#3018,.T.);
#3016 = VERTEX_POINT('',#3017);
#3017 = CARTESIAN_POINT('',(-10.64545454545,-1.479390281762,
    2.866711746703));
#3018 = SURFACE_CURVE('',#3019,(#3023,#3029),.PCURVE_S1.);
#3019 = ( BOUNDED_CURVE() B_SPLINE_CURVE(2,(#3020,#3021,#3022),
.UNSPECIFIED.,.F.,.F.) B_SPLINE_CURVE_WITH_KNOTS((3,3),(0.,
1.740832124197),.PIECEWISE_BEZIER_KNOTS.) CURVE() 
GEOMETRIC_REPRESENTATION_ITEM() RATIONAL_B_SPLINE_CURVE((1.,
0.738548945876,1.)) REPRESENTATION_ITEM('') );
#3020 = CARTESIAN_POINT('',(-10.64545454545,-1.479390281762,
    2.866711746703));
#3021 = CARTESIAN_POINT('',(-10.1,-1.522774424948,2.842274992357));
#3022 = CARTESIAN_POINT('',(-10.1,-2.,2.573470694556));
#3023 = PCURVE('',#2139,#3024);
#3024 = DEFINITIONAL_REPRESENTATION('',(#3025),#3028);
#3025 = B_SPLINE_CURVE_WITH_KNOTS('',1,(#3026,#3027),.UNSPECIFIED.,.F.,
  .F.,(2,2),(0.,1.740832124197),.PIECEWISE_BEZIER_KNOTS.);
#3026 = CARTESIAN_POINT('',(0.,8.879633527396));
#3027 = CARTESIAN_POINT('',(1.740832124197,8.879633527396));
#3028 = ( GEOMETRIC_REPRESENTATION_CONTEXT(2) 
PARAMETRIC_REPRESENTATION_CONTEXT() REPRESENTATION_CONTEXT('2D SPACE',''
  ) );
#3029 = PCURVE('',#2942,#3030);
#3030 = DEFINITIONAL_REPRESENTATION('',(#3031),#3034);
#3031 = B_SPLINE_CURVE_WITH_KNOTS('',1,(#3032,#3033),.UNSPECIFIED.,.F.,
  .F.,(2,2),(0.,1.740832124197),.PIECEWISE_BEZIER_KNOTS.);
#3032 = CARTESIAN_POINT('',(0.,8.879633527396));
#3033 = CARTESIAN_POINT('',(1.801781494809,8.879633527396));
#3034 = ( GEOMETRIC_REPRESENTATION_CONTEXT(2) 
PARAMETRIC_REPRESENTATION_CONTEXT() REPRESENTATION_CONTEXT('2D SPACE',''
  ) );
#3035 = ORIENTED_EDGE('',*,*,#3036,.F.);
#3036 = EDGE_CURVE('',#2975,#3016,#3037,.T.);
#3037 = SURFACE_CURVE('',#3038,(#3049,#3056),.PCURVE_S1.);
#3038 = ( BOUNDED_CURVE() B_SPLINE_CURVE(9,(#3039,#3040,#3041,#3042,
    #3043,#3044,#3045,#3046,#3047,#3048),.UNSPECIFIED.,.F.,.F.) 
B_SPLINE_CURVE_WITH_KNOTS((10,10),(7.138801403198,8.879633527396),
.PIECEWISE_BEZIER_KNOTS.) CURVE() GEOMETRIC_REPRESENTATION_ITEM() 
RATIONAL_B_SPLINE_CURVE((1.,1.,1.,1.,1.,1.,1.,1.,1.,1.)) 
REPRESENTATION_ITEM('') );
#3039 = CARTESIAN_POINT('',(-10.64545454545,-1.479390281762,
    4.533288253297));
#3040 = CARTESIAN_POINT('',(-10.64545454545,-1.574253471462,
    4.364871525491));
#3041 = CARTESIAN_POINT('',(-10.62712562453,-1.649036312061,
    4.185098534701));
#3042 = CARTESIAN_POINT('',(-10.61110885103,-1.700559189072,
    3.995416033844));
#3043 = CARTESIAN_POINT('',(-10.59952280851,-1.724555003996,
    3.798613832448));
#3044 = CARTESIAN_POINT('',(-10.5994555652,-1.724642646805,
    3.602826119222));
#3045 = CARTESIAN_POINT('',(-10.61100463597,-1.70086130569,
    3.405819672447));
#3046 = CARTESIAN_POINT('',(-10.62703438525,-1.649385669289,
    3.215755474419));
#3047 = CARTESIAN_POINT('',(-10.64545454545,-1.574489825384,
    3.035548088842));
#3048 = CARTESIAN_POINT('',(-10.64545454545,-1.479390281762,
    2.866711746703));
#3049 = PCURVE('',#2139,#3050);
#3050 = DEFINITIONAL_REPRESENTATION('',(#3051),#3055);
#3051 = LINE('',#3052,#3053);
#3052 = CARTESIAN_POINT('',(0.,0.));
#3053 = VECTOR('',#3054,1.);
#3054 = DIRECTION('',(0.,1.));
#3055 = ( GEOMETRIC_REPRESENTATION_CONTEXT(2) 
PARAMETRIC_REPRESENTATION_CONTEXT() REPRESENTATION_CONTEXT('2D SPACE',''
  ) );
#3056 = PCURVE('',#3057,#3062);
#3057 = TOROIDAL_SURFACE('',#3058,1.2,0.5);
#3058 = AXIS2_PLACEMENT_3D('',#3059,#3060,#3061);
#3059 = CARTESIAN_POINT('',(-10.6,0.,3.7));
#3060 = DIRECTION('',(-1.,0.,-2.22044604925E-16));
#3061 = DIRECTION('',(2.22044604925E-16,0.,-1.));
#3062 = DEFINITIONAL_REPRESENTATION('',(#3063),#3073);
#3063 = B_SPLINE_CURVE_WITH_KNOTS('',8,(#3064,#3065,#3066,#3067,#3068,
    #3069,#3070,#3071,#3072),.UNSPECIFIED.,.F.,.F.,(9,9),(7.138801403198
    ,8.879633527396),.PIECEWISE_BEZIER_KNOTS.);
#3064 = CARTESIAN_POINT('',(-4.199418846077,9.103477803742E-02));
#3065 = CARTESIAN_POINT('',(-4.327491080374,9.103477803742E-02));
#3066 = CARTESIAN_POINT('',(-4.45559714086,4.367208759118E-02));
#3067 = CARTESIAN_POINT('',(-4.583748833007,1.146497292822E-02));
#3068 = CARTESIAN_POINT('',(-4.711958420199,-1.087478015769E-02));
#3069 = CARTESIAN_POINT('',(-4.840234956557,1.123925635197E-02));
#3070 = CARTESIAN_POINT('',(-4.968577874415,4.344262634886E-02));
#3071 = CARTESIAN_POINT('',(-5.09696778534,9.103477803742E-02));
#3072 = CARTESIAN_POINT('',(-5.225359114692,9.103477803742E-02));
#3073 = ( GEOMETRIC_REPRESENTATION_CONTEXT(2) 
PARAMETRIC_REPRESENTATION_CONTEXT() REPRESENTATION_CONTEXT('2D SPACE',''
  ) );
#3074 = ADVANCED_FACE('',(#3075),#2406,.T.);
#3075 = FACE_BOUND('',#3076,.T.);
#3076 = EDGE_LOOP('',(#3077,#3078,#3097,#3098));
#3077 = ORIENTED_EDGE('',*,*,#2391,.F.);
#3078 = ORIENTED_EDGE('',*,*,#3079,.F.);
#3079 = EDGE_CURVE('',#2743,#2365,#3080,.T.);
#3080 = SURFACE_CURVE('',#3081,(#3085,#3091),.PCURVE_S1.);
#3081 = LINE('',#3082,#3083);
#3082 = CARTESIAN_POINT('',(-10.1,2.,-1.056231508714));
#3083 = VECTOR('',#3084,1.);
#3084 = DIRECTION('',(0.,-1.,2.22044604925E-16));
#3085 = PCURVE('',#2406,#3086);
#3086 = DEFINITIONAL_REPRESENTATION('',(#3087),#3090);
#3087 = B_SPLINE_CURVE_WITH_KNOTS('',1,(#3088,#3089),.UNSPECIFIED.,.F.,
  .F.,(2,2),(-2.22044604925E-16,4.),.PIECEWISE_BEZIER_KNOTS.);
#3088 = CARTESIAN_POINT('',(5.518082961386,-2.345305080618E-16));
#3089 = CARTESIAN_POINT('',(5.518082961386,4.));
#3090 = ( GEOMETRIC_REPRESENTATION_CONTEXT(2) 
PARAMETRIC_REPRESENTATION_CONTEXT() REPRESENTATION_CONTEXT('2D SPACE',''
  ) );
#3091 = PCURVE('',#2380,#3092);
#3092 = DEFINITIONAL_REPRESENTATION('',(#3093),#3096);
#3093 = B_SPLINE_CURVE_WITH_KNOTS('',1,(#3094,#3095),.UNSPECIFIED.,.F.,
  .F.,(2,2),(-6.000000001283E-07,4.0000006),.PIECEWISE_BEZIER_KNOTS.);
#3094 = CARTESIAN_POINT('',(0.943768491286,-6.0000006));
#3095 = CARTESIAN_POINT('',(0.943768491286,-1.9999994));
#3096 = ( GEOMETRIC_REPRESENTATION_CONTEXT(2) 
PARAMETRIC_REPRESENTATION_CONTEXT() REPRESENTATION_CONTEXT('2D SPACE',''
  ) );
#3097 = ORIENTED_EDGE('',*,*,#2764,.F.);
#3098 = ORIENTED_EDGE('',*,*,#2847,.T.);
#3099 = ADVANCED_FACE('',(#3100),#2193,.T.);
#3100 = FACE_BOUND('',#3101,.T.);
#3101 = EDGE_LOOP('',(#3102,#3103,#3132));
#3102 = ORIENTED_EDGE('',*,*,#2177,.F.);
#3103 = ORIENTED_EDGE('',*,*,#3104,.F.);
#3104 = EDGE_CURVE('',#3105,#2110,#3107,.T.);
#3105 = VERTEX_POINT('',#3106);
#3106 = CARTESIAN_POINT('',(-10.1,-0.926859361513,5.8));
#3107 = SURFACE_CURVE('',#3108,(#3115,#3125),.PCURVE_S1.);
#3108 = ( BOUNDED_CURVE() B_SPLINE_CURVE(5,(#3109,#3110,#3111,#3112,
#3113,#3114),.UNSPECIFIED.,.F.,.F.) B_SPLINE_CURVE_WITH_KNOTS((6,6),(
6.047305234776,7.138801403198),.PIECEWISE_BEZIER_KNOTS.) CURVE() 
GEOMETRIC_REPRESENTATION_ITEM() RATIONAL_B_SPLINE_CURVE((1.,1.,1.,1.,1.,
1.)) REPRESENTATION_ITEM('') );
#3109 = CARTESIAN_POINT('',(-10.1,-0.926859361513,5.8));
#3110 = CARTESIAN_POINT('',(-10.1,-1.196527403742,5.680978881219));
#3111 = CARTESIAN_POINT('',(-10.1,-1.447100485122,5.518671925823));
#3112 = CARTESIAN_POINT('',(-10.1,-1.669300639281,5.317138211167));
#3113 = CARTESIAN_POINT('',(-10.1,-1.855261927119,5.083492124222));
#3114 = CARTESIAN_POINT('',(-10.1,-2.,4.826529305444));
#3115 = PCURVE('',#2193,#3116);
#3116 = DEFINITIONAL_REPRESENTATION('',(#3117),#3124);
#3117 = B_SPLINE_CURVE_WITH_KNOTS('',5,(#3118,#3119,#3120,#3121,#3122,
    #3123),.UNSPECIFIED.,.F.,.F.,(6,6),(6.047305234776,7.138801403198),
  .PIECEWISE_BEZIER_KNOTS.);
#3118 = CARTESIAN_POINT('',(7.8,-3.073140638487));
#3119 = CARTESIAN_POINT('',(7.680978881219,-2.803472596258));
#3120 = CARTESIAN_POINT('',(7.518671925823,-2.552899514878));
#3121 = CARTESIAN_POINT('',(7.317138211167,-2.330699360719));
#3122 = CARTESIAN_POINT('',(7.083492124222,-2.144738072881));
#3123 = CARTESIAN_POINT('',(6.826529305444,-2.));
#3124 = ( GEOMETRIC_REPRESENTATION_CONTEXT(2) 
PARAMETRIC_REPRESENTATION_CONTEXT() REPRESENTATION_CONTEXT('2D SPACE',''
  ) );
#3125 = PCURVE('',#2989,#3126);
#3126 = DEFINITIONAL_REPRESENTATION('',(#3127),#3131);
#3127 = LINE('',#3128,#3129);
#3128 = CARTESIAN_POINT('',(1.091496168423,0.));
#3129 = VECTOR('',#3130,1.);
#3130 = DIRECTION('',(0.,1.));
#3131 = ( GEOMETRIC_REPRESENTATION_CONTEXT(2) 
PARAMETRIC_REPRESENTATION_CONTEXT() REPRESENTATION_CONTEXT('2D SPACE',''
  ) );
#3132 = ORIENTED_EDGE('',*,*,#3133,.F.);
#3133 = EDGE_CURVE('',#2178,#3105,#3134,.T.);
#3134 = SURFACE_CURVE('',#3135,(#3139,#3146),.PCURVE_S1.);
#3135 = LINE('',#3136,#3137);
#3136 = CARTESIAN_POINT('',(-10.1,-2.,5.8));
#3137 = VECTOR('',#3138,1.);
#3138 = DIRECTION('',(-0.,1.,0.));
#3139 = PCURVE('',#2193,#3140);
#3140 = DEFINITIONAL_REPRESENTATION('',(#3141),#3145);
#3141 = LINE('',#3142,#3143);
#3142 = CARTESIAN_POINT('',(7.8,-2.));
#3143 = VECTOR('',#3144,1.);
#3144 = DIRECTION('',(0.,-1.));
#3145 = ( GEOMETRIC_REPRESENTATION_CONTEXT(2) 
PARAMETRIC_REPRESENTATION_CONTEXT() REPRESENTATION_CONTEXT('2D SPACE',''
  ) );
#3146 = PCURVE('',#2221,#3147);
#3147 = DEFINITIONAL_REPRESENTATION('',(#3148),#3152);
#3148 = LINE('',#3149,#3150);
#3149 = CARTESIAN_POINT('',(-1.570796326795,0.));
#3150 = VECTOR('',#3151,1.);
#3151 = DIRECTION('',(-0.,1.));
#3152 = ( GEOMETRIC_REPRESENTATION_CONTEXT(2) 
PARAMETRIC_REPRESENTATION_CONTEXT() REPRESENTATION_CONTEXT('2D SPACE',''
  ) );
#3153 = ADVANCED_FACE('',(#3154),#2380,.T.);
#3154 = FACE_BOUND('',#3155,.T.);
#3155 = EDGE_LOOP('',(#3156,#3175,#3176,#3177));
#3156 = ORIENTED_EDGE('',*,*,#3157,.F.);
#3157 = EDGE_CURVE('',#2715,#2336,#3158,.T.);
#3158 = SURFACE_CURVE('',#3159,(#3163,#3169),.PCURVE_S1.);
#3159 = LINE('',#3160,#3161);
#3160 = CARTESIAN_POINT('',(-10.1,2.,-1.670329308849));
#3161 = VECTOR('',#3162,1.);
#3162 = DIRECTION('',(0.,-1.,2.22044604925E-16));
#3163 = PCURVE('',#2380,#3164);
#3164 = DEFINITIONAL_REPRESENTATION('',(#3165),#3168);
#3165 = B_SPLINE_CURVE_WITH_KNOTS('',1,(#3166,#3167),.UNSPECIFIED.,.F.,
  .F.,(2,2),(-6.000000007944E-07,4.0000006),.PIECEWISE_BEZIER_KNOTS.);
#3166 = CARTESIAN_POINT('',(0.329670691151,-6.0000006));
#3167 = CARTESIAN_POINT('',(0.329670691151,-1.9999994));
#3168 = ( GEOMETRIC_REPRESENTATION_CONTEXT(2) 
PARAMETRIC_REPRESENTATION_CONTEXT() REPRESENTATION_CONTEXT('2D SPACE',''
  ) );
#3169 = PCURVE('',#2352,#3170);
#3170 = DEFINITIONAL_REPRESENTATION('',(#3171),#3174);
#3171 = B_SPLINE_CURVE_WITH_KNOTS('',1,(#3172,#3173),.UNSPECIFIED.,.F.,
  .F.,(2,2),(-6.000000007944E-07,4.0000006),.PIECEWISE_BEZIER_KNOTS.);
#3172 = CARTESIAN_POINT('',(5.294753218253,-6.000000007212E-07));
#3173 = CARTESIAN_POINT('',(5.294753218253,4.0000006));
#3174 = ( GEOMETRIC_REPRESENTATION_CONTEXT(2) 
PARAMETRIC_REPRESENTATION_CONTEXT() REPRESENTATION_CONTEXT('2D SPACE',''
  ) );
#3175 = ORIENTED_EDGE('',*,*,#2742,.T.);
#3176 = ORIENTED_EDGE('',*,*,#3079,.T.);
#3177 = ORIENTED_EDGE('',*,*,#2364,.F.);
#3178 = ADVANCED_FACE('',(#3179),#2221,.F.);
#3179 = FACE_BOUND('',#3180,.T.);
#3180 = EDGE_LOOP('',(#3181,#3182,#3235,#3256,#3257,#3258));
#3181 = ORIENTED_EDGE('',*,*,#3133,.T.);
#3182 = ORIENTED_EDGE('',*,*,#3183,.F.);
#3183 = EDGE_CURVE('',#3184,#3105,#3186,.T.);
#3184 = VERTEX_POINT('',#3185);
#3185 = CARTESIAN_POINT('',(-10.1,0.926859361513,5.8));
#3186 = SURFACE_CURVE('',#3187,(#3195,#3206),.PCURVE_S1.);
#3187 = ( BOUNDED_CURVE() B_SPLINE_CURVE(6,(#3188,#3189,#3190,#3191,
#3192,#3193,#3194),.UNSPECIFIED.,.F.,.F.) B_SPLINE_CURVE_WITH_KNOTS((7,7
),(4.63410978743,6.047305234776),.PIECEWISE_BEZIER_KNOTS.) CURVE() 
GEOMETRIC_REPRESENTATION_ITEM() RATIONAL_B_SPLINE_CURVE((1.,1.,1.,1.,1.,
1.,1.)) REPRESENTATION_ITEM('') );
#3188 = CARTESIAN_POINT('',(-10.1,0.926859361513,5.8));
#3189 = CARTESIAN_POINT('',(-10.1,0.614045077577,5.878893836049));
#3190 = CARTESIAN_POINT('',(-10.09069761975,0.304237317535,
    5.919883815913));
#3191 = CARTESIAN_POINT('',(-10.08858255172,-7.965233792818E-15,
    5.932375322517));
#3192 = CARTESIAN_POINT('',(-10.09069761975,-0.304237317535,
    5.919883815913));
#3193 = CARTESIAN_POINT('',(-10.1,-0.614045077577,5.878893836049));
#3194 = CARTESIAN_POINT('',(-10.1,-0.926859361513,5.8));
#3195 = PCURVE('',#2221,#3196);
#3196 = DEFINITIONAL_REPRESENTATION('',(#3197),#3205);
#3197 = B_SPLINE_CURVE_WITH_KNOTS('',6,(#3198,#3199,#3200,#3201,#3202,
    #3203,#3204),.UNSPECIFIED.,.F.,.F.,(7,7),(4.63410978743,
    6.047305234776),.PIECEWISE_BEZIER_KNOTS.);
#3198 = CARTESIAN_POINT('',(-1.570796326795,2.926859361513));
#3199 = CARTESIAN_POINT('',(-1.472179031733,2.614045077577));
#3200 = CARTESIAN_POINT('',(-1.420896340395,2.304237311083));
#3201 = CARTESIAN_POINT('',(-1.403901072438,2.));
#3202 = CARTESIAN_POINT('',(-1.420896340395,1.695762688917));
#3203 = CARTESIAN_POINT('',(-1.472179031733,1.385954922423));
#3204 = CARTESIAN_POINT('',(-1.570796326795,1.073140638487));
#3205 = ( GEOMETRIC_REPRESENTATION_CONTEXT(2) 
PARAMETRIC_REPRESENTATION_CONTEXT() REPRESENTATION_CONTEXT('2D SPACE',''
  ) );
#3206 = PCURVE('',#3207,#3229);
#3207 = ( BOUNDED_SURFACE() B_SPLINE_SURFACE(2,6,(
    (#3208,#3209,#3210,#3211,#3212,#3213,#3214)
    ,(#3215,#3216,#3217,#3218,#3219,#3220,#3221)
    ,(#3222,#3223,#3224,#3225,#3226,#3227,#3228
)),.UNSPECIFIED.,.F.,.F.,.F.) B_SPLINE_SURFACE_WITH_KNOTS((3,3),(7,7),(
    0.,1.413195447346),(4.63410978743,6.047305234776),
.PIECEWISE_BEZIER_KNOTS.) GEOMETRIC_REPRESENTATION_ITEM() 
RATIONAL_B_SPLINE_SURFACE((
    (1.,1.,1.,1.,1.,1.,1.)
    ,(0.738548945876,0.768962286909,0.782799756912,0.78732186788
      ,0.782799756912,0.768962286909,0.738548945876)
,(1.,1.,1.,1.,1.,1.,1.))) REPRESENTATION_ITEM('') SURFACE() );
#3208 = CARTESIAN_POINT('',(-10.64545454545,0.685593365991,5.25335979585
    ));
#3209 = CARTESIAN_POINT('',(-10.64545454545,0.470374164309,5.34834928721
    ));
#3210 = CARTESIAN_POINT('',(-10.63855794135,0.239612094413,
    5.408157124597));
#3211 = CARTESIAN_POINT('',(-10.63561653434,-1.375830088983E-14,
    5.428509261201));
#3212 = CARTESIAN_POINT('',(-10.63855794135,-0.239612094413,
    5.408157124597));
#3213 = CARTESIAN_POINT('',(-10.64545454545,-0.470374164309,
    5.34834928721));
#3214 = CARTESIAN_POINT('',(-10.64545454545,-0.685593365991,
    5.25335979585));
#3215 = CARTESIAN_POINT('',(-10.1,0.705698865618,5.298913146196));
#3216 = CARTESIAN_POINT('',(-10.14746137731,0.491180573321,
    5.388857439675));
#3217 = CARTESIAN_POINT('',(-10.16338600952,0.24797515001,5.445325713633
    ));
#3218 = CARTESIAN_POINT('',(-10.16673703399,-5.548033512251E-15,
    5.462972528573));
#3219 = CARTESIAN_POINT('',(-10.16338600952,-0.24797515001,
    5.445325713633));
#3220 = CARTESIAN_POINT('',(-10.14746137731,-0.491180573321,
    5.388857439675));
#3221 = CARTESIAN_POINT('',(-10.1,-0.705698865618,5.298913146196));
#3222 = CARTESIAN_POINT('',(-10.1,0.926859361513,5.8));
#3223 = CARTESIAN_POINT('',(-10.1,0.614045077577,5.878893836049));
#3224 = CARTESIAN_POINT('',(-10.09069761975,0.304237317535,
    5.919883815913));
#3225 = CARTESIAN_POINT('',(-10.08858255172,-7.965233792818E-15,
    5.932375322517));
#3226 = CARTESIAN_POINT('',(-10.09069761975,-0.304237317535,
    5.919883815913));
#3227 = CARTESIAN_POINT('',(-10.1,-0.614045077577,5.878893836049));
#3228 = CARTESIAN_POINT('',(-10.1,-0.926859361513,5.8));
#3229 = DEFINITIONAL_REPRESENTATION('',(#3230),#3234);
#3230 = LINE('',#3231,#3232);
#3231 = CARTESIAN_POINT('',(1.413195447346,0.));
#3232 = VECTOR('',#3233,1.);
#3233 = DIRECTION('',(0.,1.));
#3234 = ( GEOMETRIC_REPRESENTATION_CONTEXT(2) 
PARAMETRIC_REPRESENTATION_CONTEXT() REPRESENTATION_CONTEXT('2D SPACE',''
  ) );
#3235 = ORIENTED_EDGE('',*,*,#3236,.T.);
#3236 = EDGE_CURVE('',#3184,#2594,#3237,.T.);
#3237 = SURFACE_CURVE('',#3238,(#3242,#3249),.PCURVE_S1.);
#3238 = LINE('',#3239,#3240);
#3239 = CARTESIAN_POINT('',(-10.1,-2.,5.8));
#3240 = VECTOR('',#3241,1.);
#3241 = DIRECTION('',(-0.,1.,0.));
#3242 = PCURVE('',#2221,#3243);
#3243 = DEFINITIONAL_REPRESENTATION('',(#3244),#3248);
#3244 = LINE('',#3245,#3246);
#3245 = CARTESIAN_POINT('',(-1.570796326795,0.));
#3246 = VECTOR('',#3247,1.);
#3247 = DIRECTION('',(-0.,1.));
#3248 = ( GEOMETRIC_REPRESENTATION_CONTEXT(2) 
PARAMETRIC_REPRESENTATION_CONTEXT() REPRESENTATION_CONTEXT('2D SPACE',''
  ) );
#3249 = PCURVE('',#2609,#3250);
#3250 = DEFINITIONAL_REPRESENTATION('',(#3251),#3255);
#3251 = LINE('',#3252,#3253);
#3252 = CARTESIAN_POINT('',(7.8,-2.));
#3253 = VECTOR('',#3254,1.);
#3254 = DIRECTION('',(0.,-1.));
#3255 = ( GEOMETRIC_REPRESENTATION_CONTEXT(2) 
PARAMETRIC_REPRESENTATION_CONTEXT() REPRESENTATION_CONTEXT('2D SPACE',''
  ) );
#3256 = ORIENTED_EDGE('',*,*,#2620,.F.);
#3257 = ORIENTED_EDGE('',*,*,#2820,.F.);
#3258 = ORIENTED_EDGE('',*,*,#2204,.T.);
#3259 = ADVANCED_FACE('',(#3260),#2352,.T.);
#3260 = FACE_BOUND('',#3261,.T.);
#3261 = EDGE_LOOP('',(#3262,#3263,#3282,#3283));
#3262 = ORIENTED_EDGE('',*,*,#2335,.F.);
#3263 = ORIENTED_EDGE('',*,*,#3264,.F.);
#3264 = EDGE_CURVE('',#2692,#2308,#3265,.T.);
#3265 = SURFACE_CURVE('',#3266,(#3270,#3276),.PCURVE_S1.);
#3266 = LINE('',#3267,#3268);
#3267 = CARTESIAN_POINT('',(-12.52287565553,2.,-1.5));
#3268 = VECTOR('',#3269,1.);
#3269 = DIRECTION('',(0.,-1.,2.22044604925E-16));
#3270 = PCURVE('',#2352,#3271);
#3271 = DEFINITIONAL_REPRESENTATION('',(#3272),#3275);
#3272 = B_SPLINE_CURVE_WITH_KNOTS('',1,(#3273,#3274),.UNSPECIFIED.,.F.,
  .F.,(2,2),(-6.000000003503E-07,4.0000006),.PIECEWISE_BEZIER_KNOTS.);
#3273 = CARTESIAN_POINT('',(3.989654732571,-6.000000006834E-07));
#3274 = CARTESIAN_POINT('',(3.989654732571,4.0000006));
#3275 = ( GEOMETRIC_REPRESENTATION_CONTEXT(2) 
PARAMETRIC_REPRESENTATION_CONTEXT() REPRESENTATION_CONTEXT('2D SPACE',''
  ) );
#3276 = PCURVE('',#2323,#3277);
#3277 = DEFINITIONAL_REPRESENTATION('',(#3278),#3281);
#3278 = B_SPLINE_CURVE_WITH_KNOTS('',1,(#3279,#3280),.UNSPECIFIED.,.F.,
  .F.,(2,2),(-6.000000003503E-07,4.0000006),.PIECEWISE_BEZIER_KNOTS.);
#3279 = CARTESIAN_POINT('',(2.177124344468,4.0000006));
#3280 = CARTESIAN_POINT('',(2.177124344468,-5.999999999062E-07));
#3281 = ( GEOMETRIC_REPRESENTATION_CONTEXT(2) 
PARAMETRIC_REPRESENTATION_CONTEXT() REPRESENTATION_CONTEXT('2D SPACE',''
  ) );
#3282 = ORIENTED_EDGE('',*,*,#2714,.F.);
#3283 = ORIENTED_EDGE('',*,*,#3157,.T.);
#3284 = ADVANCED_FACE('',(#3285),#2323,.F.);
#3285 = FACE_BOUND('',#3286,.F.);
#3286 = EDGE_LOOP('',(#3287,#3288,#3309,#3310));
#3287 = ORIENTED_EDGE('',*,*,#2691,.F.);
#3288 = ORIENTED_EDGE('',*,*,#3289,.F.);
#3289 = EDGE_CURVE('',#2280,#2669,#3290,.T.);
#3290 = SURFACE_CURVE('',#3291,(#3295,#3302),.PCURVE_S1.);
#3291 = LINE('',#3292,#3293);
#3292 = CARTESIAN_POINT('',(-14.7,-2.,-1.5));
#3293 = VECTOR('',#3294,1.);
#3294 = DIRECTION('',(-0.,1.,0.));
#3295 = PCURVE('',#2323,#3296);
#3296 = DEFINITIONAL_REPRESENTATION('',(#3297),#3301);
#3297 = LINE('',#3298,#3299);
#3298 = CARTESIAN_POINT('',(0.,0.));
#3299 = VECTOR('',#3300,1.);
#3300 = DIRECTION('',(0.,1.));
#3301 = ( GEOMETRIC_REPRESENTATION_CONTEXT(2) 
PARAMETRIC_REPRESENTATION_CONTEXT() REPRESENTATION_CONTEXT('2D SPACE',''
  ) );
#3302 = PCURVE('',#2295,#3303);
#3303 = DEFINITIONAL_REPRESENTATION('',(#3304),#3308);
#3304 = LINE('',#3305,#3306);
#3305 = CARTESIAN_POINT('',(0.,0.));
#3306 = VECTOR('',#3307,1.);
#3307 = DIRECTION('',(0.,-1.));
#3308 = ( GEOMETRIC_REPRESENTATION_CONTEXT(2) 
PARAMETRIC_REPRESENTATION_CONTEXT() REPRESENTATION_CONTEXT('2D SPACE',''
  ) );
#3309 = ORIENTED_EDGE('',*,*,#2307,.T.);
#3310 = ORIENTED_EDGE('',*,*,#3264,.F.);
#3311 = ADVANCED_FACE('',(#3312),#2295,.F.);
#3312 = FACE_BOUND('',#3313,.F.);
#3313 = EDGE_LOOP('',(#3314,#3315,#3316,#3317));
#3314 = ORIENTED_EDGE('',*,*,#2279,.F.);
#3315 = ORIENTED_EDGE('',*,*,#3289,.T.);
#3316 = ORIENTED_EDGE('',*,*,#2668,.T.);
#3317 = ORIENTED_EDGE('',*,*,#2452,.F.);
#3318 = ADVANCED_FACE('',(#3319),#2437,.F.);
#3319 = FACE_BOUND('',#3320,.F.);
#3320 = EDGE_LOOP('',(#3321,#3322,#3343,#3344));
#3321 = ORIENTED_EDGE('',*,*,#2420,.F.);
#3322 = ORIENTED_EDGE('',*,*,#3323,.F.);
#3323 = EDGE_CURVE('',#2793,#2421,#3324,.T.);
#3324 = SEAM_CURVE('',#3325,(#3329,#3336),.PCURVE_S1.);
#3325 = LINE('',#3326,#3327);
#3326 = CARTESIAN_POINT('',(-10.575,3.,-8.192146646685E-16));
#3327 = VECTOR('',#3328,1.);
#3328 = DIRECTION('',(0.,-1.,2.22044604925E-16));
#3329 = PCURVE('',#2437,#3330);
#3330 = DEFINITIONAL_REPRESENTATION('',(#3331),#3335);
#3331 = LINE('',#3332,#3333);
#3332 = CARTESIAN_POINT('',(6.28318530718,-0.));
#3333 = VECTOR('',#3334,1.);
#3334 = DIRECTION('',(0.,1.));
#3335 = ( GEOMETRIC_REPRESENTATION_CONTEXT(2) 
PARAMETRIC_REPRESENTATION_CONTEXT() REPRESENTATION_CONTEXT('2D SPACE',''
  ) );
#3336 = PCURVE('',#2437,#3337);
#3337 = DEFINITIONAL_REPRESENTATION('',(#3338),#3342);
#3338 = LINE('',#3339,#3340);
#3339 = CARTESIAN_POINT('',(0.,-0.));
#3340 = VECTOR('',#3341,1.);
#3341 = DIRECTION('',(0.,1.));
#3342 = ( GEOMETRIC_REPRESENTATION_CONTEXT(2) 
PARAMETRIC_REPRESENTATION_CONTEXT() REPRESENTATION_CONTEXT('2D SPACE',''
  ) );
#3343 = ORIENTED_EDGE('',*,*,#2792,.T.);
#3344 = ORIENTED_EDGE('',*,*,#3323,.T.);
#3345 = ADVANCED_FACE('',(#3346),#2555,.T.);
#3346 = FACE_BOUND('',#3347,.T.);
#3347 = EDGE_LOOP('',(#3348,#3369,#3370,#3410));
#3348 = ORIENTED_EDGE('',*,*,#3349,.T.);
#3349 = EDGE_CURVE('',#3350,#2504,#3352,.T.);
#3350 = VERTEX_POINT('',#3351);
#3351 = CARTESIAN_POINT('',(-10.64545454545,1.479390281762,
    2.866711746703));
#3352 = SURFACE_CURVE('',#3353,(#3357,#3363),.PCURVE_S1.);
#3353 = ( BOUNDED_CURVE() B_SPLINE_CURVE(2,(#3354,#3355,#3356),
.UNSPECIFIED.,.F.,.F.) B_SPLINE_CURVE_WITH_KNOTS((3,3),(0.,
1.801781494809),.PIECEWISE_BEZIER_KNOTS.) CURVE() 
GEOMETRIC_REPRESENTATION_ITEM() RATIONAL_B_SPLINE_CURVE((1.,
0.738548945876,1.)) REPRESENTATION_ITEM('') );
#3354 = CARTESIAN_POINT('',(-10.64545454545,1.479390281762,
    2.866711746703));
#3355 = CARTESIAN_POINT('',(-10.1,1.522774424948,2.842274992357));
#3356 = CARTESIAN_POINT('',(-10.1,2.,2.573470694556));
#3357 = PCURVE('',#2555,#3358);
#3358 = DEFINITIONAL_REPRESENTATION('',(#3359),#3362);
#3359 = B_SPLINE_CURVE_WITH_KNOTS('',1,(#3360,#3361),.UNSPECIFIED.,.F.,
  .F.,(2,2),(0.,1.801781494809),.PIECEWISE_BEZIER_KNOTS.);
#3360 = CARTESIAN_POINT('',(0.,1.801781494809));
#3361 = CARTESIAN_POINT('',(1.740832124197,1.801781494809));
#3362 = ( GEOMETRIC_REPRESENTATION_CONTEXT(2) 
PARAMETRIC_REPRESENTATION_CONTEXT() REPRESENTATION_CONTEXT('2D SPACE',''
  ) );
#3363 = PCURVE('',#2891,#3364);
#3364 = DEFINITIONAL_REPRESENTATION('',(#3365),#3368);
#3365 = B_SPLINE_CURVE_WITH_KNOTS('',1,(#3366,#3367),.UNSPECIFIED.,.F.,
  .F.,(2,2),(0.,1.801781494809),.PIECEWISE_BEZIER_KNOTS.);
#3366 = CARTESIAN_POINT('',(0.,1.801781494809));
#3367 = CARTESIAN_POINT('',(1.801781494809,1.801781494809));
#3368 = ( GEOMETRIC_REPRESENTATION_CONTEXT(2) 
PARAMETRIC_REPRESENTATION_CONTEXT() REPRESENTATION_CONTEXT('2D SPACE',''
  ) );
#3369 = ORIENTED_EDGE('',*,*,#2525,.T.);
#3370 = ORIENTED_EDGE('',*,*,#3371,.F.);
#3371 = EDGE_CURVE('',#3372,#2526,#3374,.T.);
#3372 = VERTEX_POINT('',#3373);
#3373 = CARTESIAN_POINT('',(-10.64545454545,1.479390281762,
    4.533288253297));
#3374 = SURFACE_CURVE('',#3375,(#3379,#3385),.PCURVE_S1.);
#3375 = ( BOUNDED_CURVE() B_SPLINE_CURVE(2,(#3376,#3377,#3378),
.UNSPECIFIED.,.F.,.F.) B_SPLINE_CURVE_WITH_KNOTS((3,3),(0.,
1.740832124197),.PIECEWISE_BEZIER_KNOTS.) CURVE() 
GEOMETRIC_REPRESENTATION_ITEM() RATIONAL_B_SPLINE_CURVE((1.,
0.738548945876,1.)) REPRESENTATION_ITEM('') );
#3376 = CARTESIAN_POINT('',(-10.64545454545,1.479390281762,
    4.533288253297));
#3377 = CARTESIAN_POINT('',(-10.1,1.522774424948,4.557725007643));
#3378 = CARTESIAN_POINT('',(-10.1,2.,4.826529305444));
#3379 = PCURVE('',#2555,#3380);
#3380 = DEFINITIONAL_REPRESENTATION('',(#3381),#3384);
#3381 = B_SPLINE_CURVE_WITH_KNOTS('',1,(#3382,#3383),.UNSPECIFIED.,.F.,
  .F.,(2,2),(0.,1.740832124197),.PIECEWISE_BEZIER_KNOTS.);
#3382 = CARTESIAN_POINT('',(0.,3.542613619007));
#3383 = CARTESIAN_POINT('',(1.740832124197,3.542613619007));
#3384 = ( GEOMETRIC_REPRESENTATION_CONTEXT(2) 
PARAMETRIC_REPRESENTATION_CONTEXT() REPRESENTATION_CONTEXT('2D SPACE',''
  ) );
#3385 = PCURVE('',#3386,#3405);
#3386 = ( BOUNDED_SURFACE() B_SPLINE_SURFACE(2,5,(
    (#3387,#3388,#3389,#3390,#3391,#3392)
    ,(#3393,#3394,#3395,#3396,#3397,#3398)
    ,(#3399,#3400,#3401,#3402,#3403,#3404
)),.UNSPECIFIED.,.F.,.F.,.F.) B_SPLINE_SURFACE_WITH_KNOTS((3,3),(6,6),(
    0.,1.091496168423),(3.542613619007,4.63410978743),
.PIECEWISE_BEZIER_KNOTS.) GEOMETRIC_REPRESENTATION_ITEM() 
RATIONAL_B_SPLINE_SURFACE((
    (1.,1.,1.,1.,1.,1.)
    ,(0.738548945876,0.738548945876,0.738548945876,0.738548945876
      ,0.738548945876,0.738548945876)
,(1.,1.,1.,1.,1.,1.))) REPRESENTATION_ITEM('') SURFACE() );
#3387 = CARTESIAN_POINT('',(-10.64545454545,1.479390281762,
    4.533288253297));
#3388 = CARTESIAN_POINT('',(-10.64545454545,1.372328232551,
    4.723362401734));
#3389 = CARTESIAN_POINT('',(-10.64545454545,1.234773571546,
    4.896189276933));
#3390 = CARTESIAN_POINT('',(-10.64545454545,1.070413197211,
    5.045262786388));
#3391 = CARTESIAN_POINT('',(-10.64545454545,0.885065506479,
    5.165320452625));
#3392 = CARTESIAN_POINT('',(-10.64545454545,0.685593365991,5.25335979585
    ));
#3393 = CARTESIAN_POINT('',(-10.1,1.522774424948,4.557725007643));
#3394 = CARTESIAN_POINT('',(-10.1,1.412572707098,4.753373211941));
#3395 = CARTESIAN_POINT('',(-10.1,1.270984160524,4.931268354786));
#3396 = CARTESIAN_POINT('',(-10.1,1.101803804537,5.084713548007));
#3397 = CARTESIAN_POINT('',(-10.1,0.911020664584,5.208291988341));
#3398 = CARTESIAN_POINT('',(-10.1,0.705698865618,5.298913146196));
#3399 = CARTESIAN_POINT('',(-10.1,2.,4.826529305444));
#3400 = CARTESIAN_POINT('',(-10.1,1.855261927119,5.083492124222));
#3401 = CARTESIAN_POINT('',(-10.1,1.669300639281,5.317138211167));
#3402 = CARTESIAN_POINT('',(-10.1,1.447100485122,5.518671925823));
#3403 = CARTESIAN_POINT('',(-10.1,1.196527403742,5.680978881219));
#3404 = CARTESIAN_POINT('',(-10.1,0.926859361513,5.8));
#3405 = DEFINITIONAL_REPRESENTATION('',(#3406),#3409);
#3406 = B_SPLINE_CURVE_WITH_KNOTS('',1,(#3407,#3408),.UNSPECIFIED.,.F.,
  .F.,(2,2),(0.,1.740832124197),.PIECEWISE_BEZIER_KNOTS.);
#3407 = CARTESIAN_POINT('',(0.,3.542613619007));
#3408 = CARTESIAN_POINT('',(1.091496168423,3.542613619007));
#3409 = ( GEOMETRIC_REPRESENTATION_CONTEXT(2) 
PARAMETRIC_REPRESENTATION_CONTEXT() REPRESENTATION_CONTEXT('2D SPACE',''
  ) );
#3410 = ORIENTED_EDGE('',*,*,#3411,.F.);
#3411 = EDGE_CURVE('',#3350,#3372,#3412,.T.);
#3412 = SURFACE_CURVE('',#3413,(#3424,#3431),.PCURVE_S1.);
#3413 = ( BOUNDED_CURVE() B_SPLINE_CURVE(9,(#3414,#3415,#3416,#3417,
    #3418,#3419,#3420,#3421,#3422,#3423),.UNSPECIFIED.,.F.,.F.) 
B_SPLINE_CURVE_WITH_KNOTS((10,10),(1.801781494809,3.542613619007),
.PIECEWISE_BEZIER_KNOTS.) CURVE() GEOMETRIC_REPRESENTATION_ITEM() 
RATIONAL_B_SPLINE_CURVE((1.,1.,1.,1.,1.,1.,1.,1.,1.,1.)) 
REPRESENTATION_ITEM('') );
#3414 = CARTESIAN_POINT('',(-10.64545454545,1.479390281762,
    2.866711746703));
#3415 = CARTESIAN_POINT('',(-10.64545454545,1.574489825384,
    3.035548088842));
#3416 = CARTESIAN_POINT('',(-10.62703438525,1.649385669289,
    3.215755474419));
#3417 = CARTESIAN_POINT('',(-10.61100463597,1.70086130569,3.405819672447
    ));
#3418 = CARTESIAN_POINT('',(-10.5994555652,1.724642646805,3.602826119222
    ));
#3419 = CARTESIAN_POINT('',(-10.59952280851,1.724555003996,
    3.798613832448));
#3420 = CARTESIAN_POINT('',(-10.61110885103,1.700559189072,
    3.995416033844));
#3421 = CARTESIAN_POINT('',(-10.62712562453,1.649036312061,
    4.185098534701));
#3422 = CARTESIAN_POINT('',(-10.64545454545,1.574253471462,
    4.364871525491));
#3423 = CARTESIAN_POINT('',(-10.64545454545,1.479390281762,
    4.533288253297));
#3424 = PCURVE('',#2555,#3425);
#3425 = DEFINITIONAL_REPRESENTATION('',(#3426),#3430);
#3426 = LINE('',#3427,#3428);
#3427 = CARTESIAN_POINT('',(0.,0.));
#3428 = VECTOR('',#3429,1.);
#3429 = DIRECTION('',(0.,1.));
#3430 = ( GEOMETRIC_REPRESENTATION_CONTEXT(2) 
PARAMETRIC_REPRESENTATION_CONTEXT() REPRESENTATION_CONTEXT('2D SPACE',''
  ) );
#3431 = PCURVE('',#3057,#3432);
#3432 = DEFINITIONAL_REPRESENTATION('',(#3433),#3443);
#3433 = B_SPLINE_CURVE_WITH_KNOTS('',8,(#3434,#3435,#3436,#3437,#3438,
    #3439,#3440,#3441,#3442),.UNSPECIFIED.,.F.,.F.,(9,9),(1.801781494809
    ,3.542613619007),.PIECEWISE_BEZIER_KNOTS.);
#3434 = CARTESIAN_POINT('',(-1.057826192488,9.103477803742E-02));
#3435 = CARTESIAN_POINT('',(-1.18621752184,9.103477803742E-02));
#3436 = CARTESIAN_POINT('',(-1.314607432764,4.344262634891E-02));
#3437 = CARTESIAN_POINT('',(-1.442950350622,1.123925635191E-02));
#3438 = CARTESIAN_POINT('',(-1.571226886981,-1.087478015767E-02));
#3439 = CARTESIAN_POINT('',(-1.699436474173,1.146497292826E-02));
#3440 = CARTESIAN_POINT('',(-1.827588166319,4.367208759115E-02));
#3441 = CARTESIAN_POINT('',(-1.955694226806,9.103477803742E-02));
#3442 = CARTESIAN_POINT('',(-2.083766461102,9.103477803742E-02));
#3443 = ( GEOMETRIC_REPRESENTATION_CONTEXT(2) 
PARAMETRIC_REPRESENTATION_CONTEXT() REPRESENTATION_CONTEXT('2D SPACE',''
  ) );
#3444 = ADVANCED_FACE('',(#3445),#2609,.T.);
#3445 = FACE_BOUND('',#3446,.T.);
#3446 = EDGE_LOOP('',(#3447,#3448,#3475));
#3447 = ORIENTED_EDGE('',*,*,#3236,.F.);
#3448 = ORIENTED_EDGE('',*,*,#3449,.F.);
#3449 = EDGE_CURVE('',#2526,#3184,#3450,.T.);
#3450 = SURFACE_CURVE('',#3451,(#3458,#3468),.PCURVE_S1.);
#3451 = ( BOUNDED_CURVE() B_SPLINE_CURVE(5,(#3452,#3453,#3454,#3455,
#3456,#3457),.UNSPECIFIED.,.F.,.F.) B_SPLINE_CURVE_WITH_KNOTS((6,6),(
3.542613619007,4.63410978743),.PIECEWISE_BEZIER_KNOTS.) CURVE() 
GEOMETRIC_REPRESENTATION_ITEM() RATIONAL_B_SPLINE_CURVE((1.,1.,1.,1.,1.,
1.)) REPRESENTATION_ITEM('') );
#3452 = CARTESIAN_POINT('',(-10.1,2.,4.826529305444));
#3453 = CARTESIAN_POINT('',(-10.1,1.855261927119,5.083492124222));
#3454 = CARTESIAN_POINT('',(-10.1,1.669300639281,5.317138211167));
#3455 = CARTESIAN_POINT('',(-10.1,1.447100485122,5.518671925823));
#3456 = CARTESIAN_POINT('',(-10.1,1.196527403742,5.680978881219));
#3457 = CARTESIAN_POINT('',(-10.1,0.926859361513,5.8));
#3458 = PCURVE('',#2609,#3459);
#3459 = DEFINITIONAL_REPRESENTATION('',(#3460),#3467);
#3460 = B_SPLINE_CURVE_WITH_KNOTS('',5,(#3461,#3462,#3463,#3464,#3465,
    #3466),.UNSPECIFIED.,.F.,.F.,(6,6),(3.542613619007,4.63410978743),
  .PIECEWISE_BEZIER_KNOTS.);
#3461 = CARTESIAN_POINT('',(6.826529305444,-6.));
#3462 = CARTESIAN_POINT('',(7.083492124222,-5.855261927119));
#3463 = CARTESIAN_POINT('',(7.317138211167,-5.669300639281));
#3464 = CARTESIAN_POINT('',(7.518671925823,-5.447100485122));
#3465 = CARTESIAN_POINT('',(7.680978881219,-5.196527403742));
#3466 = CARTESIAN_POINT('',(7.8,-4.926859361513));
#3467 = ( GEOMETRIC_REPRESENTATION_CONTEXT(2) 
PARAMETRIC_REPRESENTATION_CONTEXT() REPRESENTATION_CONTEXT('2D SPACE',''
  ) );
#3468 = PCURVE('',#3386,#3469);
#3469 = DEFINITIONAL_REPRESENTATION('',(#3470),#3474);
#3470 = LINE('',#3471,#3472);
#3471 = CARTESIAN_POINT('',(1.091496168423,0.));
#3472 = VECTOR('',#3473,1.);
#3473 = DIRECTION('',(0.,1.));
#3474 = ( GEOMETRIC_REPRESENTATION_CONTEXT(2) 
PARAMETRIC_REPRESENTATION_CONTEXT() REPRESENTATION_CONTEXT('2D SPACE',''
  ) );
#3475 = ORIENTED_EDGE('',*,*,#2593,.T.);
#3476 = ADVANCED_FACE('',(#3477),#2942,.T.);
#3477 = FACE_BOUND('',#3478,.T.);
#3478 = EDGE_LOOP('',(#3479,#3480,#3481,#3502));
#3479 = ORIENTED_EDGE('',*,*,#3015,.T.);
#3480 = ORIENTED_EDGE('',*,*,#2920,.T.);
#3481 = ORIENTED_EDGE('',*,*,#3482,.F.);
#3482 = EDGE_CURVE('',#3483,#2868,#3485,.T.);
#3483 = VERTEX_POINT('',#3484);
#3484 = CARTESIAN_POINT('',(-10.64545454545,0.,2.002070402268));
#3485 = SURFACE_CURVE('',#3486,(#3490,#3496),.PCURVE_S1.);
#3486 = ( BOUNDED_CURVE() B_SPLINE_CURVE(2,(#3487,#3488,#3489),
.UNSPECIFIED.,.F.,.F.) B_SPLINE_CURVE_WITH_KNOTS((3,3),(0.,
1.801781494809),.PIECEWISE_BEZIER_KNOTS.) CURVE() 
GEOMETRIC_REPRESENTATION_ITEM() RATIONAL_B_SPLINE_CURVE((1.,
0.738548945876,1.)) REPRESENTATION_ITEM('') );
#3487 = CARTESIAN_POINT('',(-10.64545454545,0.,2.002070402268));
#3488 = CARTESIAN_POINT('',(-10.1,0.,1.952277442495));
#3489 = CARTESIAN_POINT('',(-10.1,0.,1.40455488499));
#3490 = PCURVE('',#2942,#3491);
#3491 = DEFINITIONAL_REPRESENTATION('',(#3492),#3495);
#3492 = B_SPLINE_CURVE_WITH_KNOTS('',1,(#3493,#3494),.UNSPECIFIED.,.F.,
  .F.,(2,2),(0.,1.801781494809),.PIECEWISE_BEZIER_KNOTS.);
#3493 = CARTESIAN_POINT('',(0.,10.681415022205));
#3494 = CARTESIAN_POINT('',(1.801781494809,10.681415022205));
#3495 = ( GEOMETRIC_REPRESENTATION_CONTEXT(2) 
PARAMETRIC_REPRESENTATION_CONTEXT() REPRESENTATION_CONTEXT('2D SPACE',''
  ) );
#3496 = PCURVE('',#2891,#3497);
#3497 = DEFINITIONAL_REPRESENTATION('',(#3498),#3501);
#3498 = B_SPLINE_CURVE_WITH_KNOTS('',1,(#3499,#3500),.UNSPECIFIED.,.F.,
  .F.,(2,2),(0.,1.801781494809),.PIECEWISE_BEZIER_KNOTS.);
#3499 = CARTESIAN_POINT('',(0.,2.110830576696E-16));
#3500 = CARTESIAN_POINT('',(1.801781494809,2.110830576696E-16));
#3501 = ( GEOMETRIC_REPRESENTATION_CONTEXT(2) 
PARAMETRIC_REPRESENTATION_CONTEXT() REPRESENTATION_CONTEXT('2D SPACE',''
  ) );
#3502 = ORIENTED_EDGE('',*,*,#3503,.F.);
#3503 = EDGE_CURVE('',#3016,#3483,#3504,.T.);
#3504 = SURFACE_CURVE('',#3505,(#3513,#3520),.PCURVE_S1.);
#3505 = ( BOUNDED_CURVE() B_SPLINE_CURVE(6,(#3506,#3507,#3508,#3509,
#3510,#3511,#3512),.UNSPECIFIED.,.F.,.F.) B_SPLINE_CURVE_WITH_KNOTS((7,7
),(8.879633527396,10.681415022205),.PIECEWISE_BEZIER_KNOTS.) CURVE() 
GEOMETRIC_REPRESENTATION_ITEM() RATIONAL_B_SPLINE_CURVE((1.,1.,1.,1.,1.,
1.,1.)) REPRESENTATION_ITEM('') );
#3506 = CARTESIAN_POINT('',(-10.64545454545,-1.479390281762,
    2.866711746703));
#3507 = CARTESIAN_POINT('',(-10.64545454545,-1.331746581246,
    2.604590380126));
#3508 = CARTESIAN_POINT('',(-10.64545454545,-1.128370603985,
    2.373866105989));
#3509 = CARTESIAN_POINT('',(-10.64545454545,-0.877709070021,
    2.189497133108));
#3510 = CARTESIAN_POINT('',(-10.64545454545,-0.593904719912,
    2.06381221545));
#3511 = CARTESIAN_POINT('',(-10.64545454545,-0.29559247342,
    2.002070402268));
#3512 = CARTESIAN_POINT('',(-10.64545454545,0.,2.002070402268));
#3513 = PCURVE('',#2942,#3514);
#3514 = DEFINITIONAL_REPRESENTATION('',(#3515),#3519);
#3515 = LINE('',#3516,#3517);
#3516 = CARTESIAN_POINT('',(0.,0.));
#3517 = VECTOR('',#3518,1.);
#3518 = DIRECTION('',(0.,1.));
#3519 = ( GEOMETRIC_REPRESENTATION_CONTEXT(2) 
PARAMETRIC_REPRESENTATION_CONTEXT() REPRESENTATION_CONTEXT('2D SPACE',''
  ) );
#3520 = PCURVE('',#3057,#3521);
#3521 = DEFINITIONAL_REPRESENTATION('',(#3522),#3531);
#3522 = B_SPLINE_CURVE_WITH_KNOTS('',7,(#3523,#3524,#3525,#3526,#3527,
    #3528,#3529,#3530),.UNSPECIFIED.,.F.,.F.,(8,8),(8.879633527396,
    10.681415022205),.PIECEWISE_BEZIER_KNOTS.);
#3523 = CARTESIAN_POINT('',(-5.225359114692,9.103477803742E-02));
#3524 = CARTESIAN_POINT('',(-5.377229422234,9.103477803742E-02));
#3525 = CARTESIAN_POINT('',(-5.529098420721,9.103477803742E-02));
#3526 = CARTESIAN_POINT('',(-5.680903221905,9.103477803742E-02));
#3527 = CARTESIAN_POINT('',(-5.832462037519,9.103477803741E-02));
#3528 = CARTESIAN_POINT('',(-5.9836021636,9.103477803742E-02));
#3529 = CARTESIAN_POINT('',(-6.133965352739,9.103477803742E-02));
#3530 = CARTESIAN_POINT('',(-6.28318530718,9.103477803742E-02));
#3531 = ( GEOMETRIC_REPRESENTATION_CONTEXT(2) 
PARAMETRIC_REPRESENTATION_CONTEXT() REPRESENTATION_CONTEXT('2D SPACE',''
  ) );
#3532 = ADVANCED_FACE('',(#3533),#2891,.T.);
#3533 = FACE_BOUND('',#3534,.T.);
#3534 = EDGE_LOOP('',(#3535,#3536,#3537,#3538));
#3535 = ORIENTED_EDGE('',*,*,#3482,.T.);
#3536 = ORIENTED_EDGE('',*,*,#2867,.T.);
#3537 = ORIENTED_EDGE('',*,*,#3349,.F.);
#3538 = ORIENTED_EDGE('',*,*,#3539,.F.);
#3539 = EDGE_CURVE('',#3483,#3350,#3540,.T.);
#3540 = SURFACE_CURVE('',#3541,(#3549,#3556),.PCURVE_S1.);
#3541 = ( BOUNDED_CURVE() B_SPLINE_CURVE(6,(#3542,#3543,#3544,#3545,
#3546,#3547,#3548),.UNSPECIFIED.,.F.,.F.) B_SPLINE_CURVE_WITH_KNOTS((7,7
    ),(2.110830576696E-16,1.801781494809),.PIECEWISE_BEZIER_KNOTS.) 
CURVE() GEOMETRIC_REPRESENTATION_ITEM() RATIONAL_B_SPLINE_CURVE((1.,1.,
1.,1.,1.,1.,1.)) REPRESENTATION_ITEM('') );
#3542 = CARTESIAN_POINT('',(-10.64545454545,0.,2.002070402268));
#3543 = CARTESIAN_POINT('',(-10.64545454545,0.29559247342,2.002070402268
    ));
#3544 = CARTESIAN_POINT('',(-10.64545454545,0.593904719912,2.06381221545
    ));
#3545 = CARTESIAN_POINT('',(-10.64545454545,0.877709070021,
    2.189497133108));
#3546 = CARTESIAN_POINT('',(-10.64545454545,1.128370603985,
    2.373866105989));
#3547 = CARTESIAN_POINT('',(-10.64545454545,1.331746581246,
    2.604590380126));
#3548 = CARTESIAN_POINT('',(-10.64545454545,1.479390281762,
    2.866711746703));
#3549 = PCURVE('',#2891,#3550);
#3550 = DEFINITIONAL_REPRESENTATION('',(#3551),#3555);
#3551 = LINE('',#3552,#3553);
#3552 = CARTESIAN_POINT('',(0.,0.));
#3553 = VECTOR('',#3554,1.);
#3554 = DIRECTION('',(0.,1.));
#3555 = ( GEOMETRIC_REPRESENTATION_CONTEXT(2) 
PARAMETRIC_REPRESENTATION_CONTEXT() REPRESENTATION_CONTEXT('2D SPACE',''
  ) );
#3556 = PCURVE('',#3057,#3557);
#3557 = DEFINITIONAL_REPRESENTATION('',(#3558),#3567);
#3558 = B_SPLINE_CURVE_WITH_KNOTS('',7,(#3559,#3560,#3561,#3562,#3563,
    #3564,#3565,#3566),.UNSPECIFIED.,.F.,.F.,(8,8),(2.110830576696E-16,
    1.801781494809),.PIECEWISE_BEZIER_KNOTS.);
#3559 = CARTESIAN_POINT('',(2.22044604925E-16,9.103477803742E-02));
#3560 = CARTESIAN_POINT('',(-0.149219954441,9.103477803742E-02));
#3561 = CARTESIAN_POINT('',(-0.29958314358,9.103477803742E-02));
#3562 = CARTESIAN_POINT('',(-0.45072326966,9.103477803742E-02));
#3563 = CARTESIAN_POINT('',(-0.602282085275,9.103477803741E-02));
#3564 = CARTESIAN_POINT('',(-0.754086886459,9.103477803742E-02));
#3565 = CARTESIAN_POINT('',(-0.905955884945,9.103477803742E-02));
#3566 = CARTESIAN_POINT('',(-1.057826192488,9.103477803742E-02));
#3567 = ( GEOMETRIC_REPRESENTATION_CONTEXT(2) 
PARAMETRIC_REPRESENTATION_CONTEXT() REPRESENTATION_CONTEXT('2D SPACE',''
  ) );
#3568 = ADVANCED_FACE('',(#3569),#2989,.T.);
#3569 = FACE_BOUND('',#3570,.T.);
#3570 = EDGE_LOOP('',(#3571,#3592,#3593,#3594));
#3571 = ORIENTED_EDGE('',*,*,#3572,.T.);
#3572 = EDGE_CURVE('',#3573,#3105,#3575,.T.);
#3573 = VERTEX_POINT('',#3574);
#3574 = CARTESIAN_POINT('',(-10.64545454545,-0.685593365991,
    5.25335979585));
#3575 = SURFACE_CURVE('',#3576,(#3580,#3586),.PCURVE_S1.);
#3576 = ( BOUNDED_CURVE() B_SPLINE_CURVE(2,(#3577,#3578,#3579),
.UNSPECIFIED.,.F.,.F.) B_SPLINE_CURVE_WITH_KNOTS((3,3),(0.,
1.413195447346),.PIECEWISE_BEZIER_KNOTS.) CURVE() 
GEOMETRIC_REPRESENTATION_ITEM() RATIONAL_B_SPLINE_CURVE((1.,
0.738548945876,1.)) REPRESENTATION_ITEM('') );
#3577 = CARTESIAN_POINT('',(-10.64545454545,-0.685593365991,
    5.25335979585));
#3578 = CARTESIAN_POINT('',(-10.1,-0.705698865618,5.298913146196));
#3579 = CARTESIAN_POINT('',(-10.1,-0.926859361513,5.8));
#3580 = PCURVE('',#2989,#3581);
#3581 = DEFINITIONAL_REPRESENTATION('',(#3582),#3585);
#3582 = B_SPLINE_CURVE_WITH_KNOTS('',1,(#3583,#3584),.UNSPECIFIED.,.F.,
  .F.,(2,2),(0.,1.413195447346),.PIECEWISE_BEZIER_KNOTS.);
#3583 = CARTESIAN_POINT('',(0.,6.047305234776));
#3584 = CARTESIAN_POINT('',(1.091496168423,6.047305234776));
#3585 = ( GEOMETRIC_REPRESENTATION_CONTEXT(2) 
PARAMETRIC_REPRESENTATION_CONTEXT() REPRESENTATION_CONTEXT('2D SPACE',''
  ) );
#3586 = PCURVE('',#3207,#3587);
#3587 = DEFINITIONAL_REPRESENTATION('',(#3588),#3591);
#3588 = B_SPLINE_CURVE_WITH_KNOTS('',1,(#3589,#3590),.UNSPECIFIED.,.F.,
  .F.,(2,2),(0.,1.413195447346),.PIECEWISE_BEZIER_KNOTS.);
#3589 = CARTESIAN_POINT('',(0.,6.047305234776));
#3590 = CARTESIAN_POINT('',(1.413195447346,6.047305234776));
#3591 = ( GEOMETRIC_REPRESENTATION_CONTEXT(2) 
PARAMETRIC_REPRESENTATION_CONTEXT() REPRESENTATION_CONTEXT('2D SPACE',''
  ) );
#3592 = ORIENTED_EDGE('',*,*,#3104,.T.);
#3593 = ORIENTED_EDGE('',*,*,#2974,.F.);
#3594 = ORIENTED_EDGE('',*,*,#3595,.F.);
#3595 = EDGE_CURVE('',#3573,#2975,#3596,.T.);
#3596 = SURFACE_CURVE('',#3597,(#3604,#3611),.PCURVE_S1.);
#3597 = ( BOUNDED_CURVE() B_SPLINE_CURVE(5,(#3598,#3599,#3600,#3601,
#3602,#3603),.UNSPECIFIED.,.F.,.F.) B_SPLINE_CURVE_WITH_KNOTS((6,6),(
6.047305234776,7.138801403198),.PIECEWISE_BEZIER_KNOTS.) CURVE() 
GEOMETRIC_REPRESENTATION_ITEM() RATIONAL_B_SPLINE_CURVE((1.,1.,1.,1.,1.,
1.)) REPRESENTATION_ITEM('') );
#3598 = CARTESIAN_POINT('',(-10.64545454545,-0.685593365991,
    5.25335979585));
#3599 = CARTESIAN_POINT('',(-10.64545454545,-0.885065506479,
    5.165320452625));
#3600 = CARTESIAN_POINT('',(-10.64545454545,-1.070413197211,
    5.045262786388));
#3601 = CARTESIAN_POINT('',(-10.64545454545,-1.234773571546,
    4.896189276933));
#3602 = CARTESIAN_POINT('',(-10.64545454545,-1.372328232551,
    4.723362401734));
#3603 = CARTESIAN_POINT('',(-10.64545454545,-1.479390281762,
    4.533288253297));
#3604 = PCURVE('',#2989,#3605);
#3605 = DEFINITIONAL_REPRESENTATION('',(#3606),#3610);
#3606 = LINE('',#3607,#3608);
#3607 = CARTESIAN_POINT('',(0.,0.));
#3608 = VECTOR('',#3609,1.);
#3609 = DIRECTION('',(0.,1.));
#3610 = ( GEOMETRIC_REPRESENTATION_CONTEXT(2) 
PARAMETRIC_REPRESENTATION_CONTEXT() REPRESENTATION_CONTEXT('2D SPACE',''
  ) );
#3611 = PCURVE('',#3057,#3612);
#3612 = DEFINITIONAL_REPRESENTATION('',(#3613),#3619);
#3613 = B_SPLINE_CURVE_WITH_KNOTS('',4,(#3614,#3615,#3616,#3617,#3618),
  .UNSPECIFIED.,.F.,.F.,(5,5),(6.047305234776,7.138801403198),
  .PIECEWISE_BEZIER_KNOTS.);
#3614 = CARTESIAN_POINT('',(-3.557239706664,9.103477803742E-02));
#3615 = CARTESIAN_POINT('',(-3.717756398467,9.103477803742E-02));
#3616 = CARTESIAN_POINT('',(-3.878277972733,9.103477803742E-02));
#3617 = CARTESIAN_POINT('',(-4.038817084341,9.103477803742E-02));
#3618 = CARTESIAN_POINT('',(-4.199418846077,9.103477803742E-02));
#3619 = ( GEOMETRIC_REPRESENTATION_CONTEXT(2) 
PARAMETRIC_REPRESENTATION_CONTEXT() REPRESENTATION_CONTEXT('2D SPACE',''
  ) );
#3620 = ADVANCED_FACE('',(#3621),#3057,.F.);
#3621 = FACE_BOUND('',#3622,.T.);
#3622 = EDGE_LOOP('',(#3623,#3645,#3646,#3647,#3648,#3680,#3706,#3707,
    #3708,#3709));
#3623 = ORIENTED_EDGE('',*,*,#3624,.F.);
#3624 = EDGE_CURVE('',#3483,#3625,#3627,.T.);
#3625 = VERTEX_POINT('',#3626);
#3626 = CARTESIAN_POINT('',(-11.00001735421,0.,2.200023140354));
#3627 = SEAM_CURVE('',#3628,(#3633,#3639),.PCURVE_S1.);
#3628 = CIRCLE('',#3629,0.5);
#3629 = AXIS2_PLACEMENT_3D('',#3630,#3631,#3632);
#3630 = CARTESIAN_POINT('',(-10.6,0.,2.5));
#3631 = DIRECTION('',(0.,1.,0.));
#3632 = DIRECTION('',(2.22044604925E-16,0.,-1.));
#3633 = PCURVE('',#3057,#3634);
#3634 = DEFINITIONAL_REPRESENTATION('',(#3635),#3638);
#3635 = B_SPLINE_CURVE_WITH_KNOTS('',1,(#3636,#3637),.UNSPECIFIED.,.F.,
  .F.,(2,2),(0.,1.570796326795),.PIECEWISE_BEZIER_KNOTS.);
#3636 = CARTESIAN_POINT('',(0.,0.));
#3637 = CARTESIAN_POINT('',(0.,1.570796326795));
#3638 = ( GEOMETRIC_REPRESENTATION_CONTEXT(2) 
PARAMETRIC_REPRESENTATION_CONTEXT() REPRESENTATION_CONTEXT('2D SPACE',''
  ) );
#3639 = PCURVE('',#3057,#3640);
#3640 = DEFINITIONAL_REPRESENTATION('',(#3641),#3644);
#3641 = B_SPLINE_CURVE_WITH_KNOTS('',1,(#3642,#3643),.UNSPECIFIED.,.F.,
  .F.,(2,2),(0.,1.570796326795),.PIECEWISE_BEZIER_KNOTS.);
#3642 = CARTESIAN_POINT('',(-6.28318530718,0.));
#3643 = CARTESIAN_POINT('',(-6.28318530718,1.570796326795));
#3644 = ( GEOMETRIC_REPRESENTATION_CONTEXT(2) 
PARAMETRIC_REPRESENTATION_CONTEXT() REPRESENTATION_CONTEXT('2D SPACE',''
  ) );
#3645 = ORIENTED_EDGE('',*,*,#3503,.F.);
#3646 = ORIENTED_EDGE('',*,*,#3036,.F.);
#3647 = ORIENTED_EDGE('',*,*,#3595,.F.);
#3648 = ORIENTED_EDGE('',*,*,#3649,.F.);
#3649 = EDGE_CURVE('',#3650,#3573,#3652,.T.);
#3650 = VERTEX_POINT('',#3651);
#3651 = CARTESIAN_POINT('',(-10.64545454545,0.685593365991,5.25335979585
    ));
#3652 = SURFACE_CURVE('',#3653,(#3661,#3673),.PCURVE_S1.);
#3653 = ( BOUNDED_CURVE() B_SPLINE_CURVE(6,(#3654,#3655,#3656,#3657,
#3658,#3659,#3660),.UNSPECIFIED.,.F.,.F.) B_SPLINE_CURVE_WITH_KNOTS((7,7
),(4.63410978743,6.047305234776),.PIECEWISE_BEZIER_KNOTS.) CURVE() 
GEOMETRIC_REPRESENTATION_ITEM() RATIONAL_B_SPLINE_CURVE((1.,1.,1.,1.,1.,
1.,1.)) REPRESENTATION_ITEM('') );
#3654 = CARTESIAN_POINT('',(-10.64545454545,0.685593365991,5.25335979585
    ));
#3655 = CARTESIAN_POINT('',(-10.64545454545,0.470374164309,5.34834928721
    ));
#3656 = CARTESIAN_POINT('',(-10.63855794135,0.239612094413,
    5.408157124597));
#3657 = CARTESIAN_POINT('',(-10.63561653434,-1.375830088983E-14,
    5.428509261201));
#3658 = CARTESIAN_POINT('',(-10.63855794135,-0.239612094413,
    5.408157124597));
#3659 = CARTESIAN_POINT('',(-10.64545454545,-0.470374164309,
    5.34834928721));
#3660 = CARTESIAN_POINT('',(-10.64545454545,-0.685593365991,
    5.25335979585));
#3661 = PCURVE('',#3057,#3662);
#3662 = DEFINITIONAL_REPRESENTATION('',(#3663),#3672);
#3663 = B_SPLINE_CURVE_WITH_KNOTS('',7,(#3664,#3665,#3666,#3667,#3668,
    #3669,#3670,#3671),.UNSPECIFIED.,.F.,.F.,(8,8),(4.63410978743,
    6.047305234776),.PIECEWISE_BEZIER_KNOTS.);
#3664 = CARTESIAN_POINT('',(-2.725945600516,9.103477803742E-02));
#3665 = CARTESIAN_POINT('',(-2.844703406618,9.103477803742E-02));
#3666 = CARTESIAN_POINT('',(-2.963467106076,8.11384327399E-02));
#3667 = CARTESIAN_POINT('',(-3.082193321088,7.382312023686E-02));
#3668 = CARTESIAN_POINT('',(-3.200991986092,7.382312023686E-02));
#3669 = CARTESIAN_POINT('',(-3.319718201103,8.113843273991E-02));
#3670 = CARTESIAN_POINT('',(-3.438481900562,9.103477803742E-02));
#3671 = CARTESIAN_POINT('',(-3.557239706664,9.103477803742E-02));
#3672 = ( GEOMETRIC_REPRESENTATION_CONTEXT(2) 
PARAMETRIC_REPRESENTATION_CONTEXT() REPRESENTATION_CONTEXT('2D SPACE',''
  ) );
#3673 = PCURVE('',#3207,#3674);
#3674 = DEFINITIONAL_REPRESENTATION('',(#3675),#3679);
#3675 = LINE('',#3676,#3677);
#3676 = CARTESIAN_POINT('',(0.,0.));
#3677 = VECTOR('',#3678,1.);
#3678 = DIRECTION('',(0.,1.));
#3679 = ( GEOMETRIC_REPRESENTATION_CONTEXT(2) 
PARAMETRIC_REPRESENTATION_CONTEXT() REPRESENTATION_CONTEXT('2D SPACE',''
  ) );
#3680 = ORIENTED_EDGE('',*,*,#3681,.F.);
#3681 = EDGE_CURVE('',#3372,#3650,#3682,.T.);
#3682 = SURFACE_CURVE('',#3683,(#3690,#3699),.PCURVE_S1.);
#3683 = ( BOUNDED_CURVE() B_SPLINE_CURVE(5,(#3684,#3685,#3686,#3687,
#3688,#3689),.UNSPECIFIED.,.F.,.F.) B_SPLINE_CURVE_WITH_KNOTS((6,6),(
3.542613619007,4.63410978743),.PIECEWISE_BEZIER_KNOTS.) CURVE() 
GEOMETRIC_REPRESENTATION_ITEM() RATIONAL_B_SPLINE_CURVE((1.,1.,1.,1.,1.,
1.)) REPRESENTATION_ITEM('') );
#3684 = CARTESIAN_POINT('',(-10.64545454545,1.479390281762,
    4.533288253297));
#3685 = CARTESIAN_POINT('',(-10.64545454545,1.372328232551,
    4.723362401734));
#3686 = CARTESIAN_POINT('',(-10.64545454545,1.234773571546,
    4.896189276933));
#3687 = CARTESIAN_POINT('',(-10.64545454545,1.070413197211,
    5.045262786388));
#3688 = CARTESIAN_POINT('',(-10.64545454545,0.885065506479,
    5.165320452625));
#3689 = CARTESIAN_POINT('',(-10.64545454545,0.685593365991,5.25335979585
    ));
#3690 = PCURVE('',#3057,#3691);
#3691 = DEFINITIONAL_REPRESENTATION('',(#3692),#3698);
#3692 = B_SPLINE_CURVE_WITH_KNOTS('',4,(#3693,#3694,#3695,#3696,#3697),
  .UNSPECIFIED.,.F.,.F.,(5,5),(3.542613619007,4.63410978743),
  .PIECEWISE_BEZIER_KNOTS.);
#3693 = CARTESIAN_POINT('',(-2.083766461102,9.103477803742E-02));
#3694 = CARTESIAN_POINT('',(-2.244368222838,9.103477803742E-02));
#3695 = CARTESIAN_POINT('',(-2.404907334446,9.103477803742E-02));
#3696 = CARTESIAN_POINT('',(-2.565428908713,9.103477803742E-02));
#3697 = CARTESIAN_POINT('',(-2.725945600516,9.103477803742E-02));
#3698 = ( GEOMETRIC_REPRESENTATION_CONTEXT(2) 
PARAMETRIC_REPRESENTATION_CONTEXT() REPRESENTATION_CONTEXT('2D SPACE',''
  ) );
#3699 = PCURVE('',#3386,#3700);
#3700 = DEFINITIONAL_REPRESENTATION('',(#3701),#3705);
#3701 = LINE('',#3702,#3703);
#3702 = CARTESIAN_POINT('',(0.,0.));
#3703 = VECTOR('',#3704,1.);
#3704 = DIRECTION('',(0.,1.));
#3705 = ( GEOMETRIC_REPRESENTATION_CONTEXT(2) 
PARAMETRIC_REPRESENTATION_CONTEXT() REPRESENTATION_CONTEXT('2D SPACE',''
  ) );
#3706 = ORIENTED_EDGE('',*,*,#3411,.F.);
#3707 = ORIENTED_EDGE('',*,*,#3539,.F.);
#3708 = ORIENTED_EDGE('',*,*,#3624,.T.);
#3709 = ORIENTED_EDGE('',*,*,#3710,.T.);
#3710 = EDGE_CURVE('',#3625,#3625,#3711,.T.);
#3711 = SURFACE_CURVE('',#3712,(#3726,#3748),.PCURVE_S1.);
#3712 = ( BOUNDED_CURVE() B_SPLINE_CURVE(12,(#3713,#3714,#3715,#3716,
    #3717,#3718,#3719,#3720,#3721,#3722,#3723,#3724,#3725),
.UNSPECIFIED.,.T.,.F.) B_SPLINE_CURVE_WITH_KNOTS((13,13),(
1.683407738887E-16,5.654866776462),.PIECEWISE_BEZIER_KNOTS.) CURVE() 
GEOMETRIC_REPRESENTATION_ITEM() RATIONAL_B_SPLINE_CURVE((1.057722102904,
    1.057722102904,1.057722102903,1.057722102906,1.057722102899,
    1.05772210291,1.057722102897,1.057722102908,1.057722102901,
    1.057722102905,1.057722102903,1.057722102904,1.057722102904)) 
REPRESENTATION_ITEM('') );
#3713 = CARTESIAN_POINT('',(-11.00001735421,0.,2.200023140354));
#3714 = CARTESIAN_POINT('',(-11.00001735422,0.774024885406,
    2.200023140354));
#3715 = CARTESIAN_POINT('',(-11.00001735422,1.565792187776,
    2.636432156904));
#3716 = CARTESIAN_POINT('',(-11.00001735421,2.100954016174,
    3.537025866565));
#3717 = CARTESIAN_POINT('',(-11.00001735422,1.98184444794,4.747319182494
    ));
#3718 = CARTESIAN_POINT('',(-11.00001735422,1.283664968744,
    5.610167728189));
#3719 = CARTESIAN_POINT('',(-11.00001735421,-3.899284107406E-12,
    6.224270511257));
#3720 = CARTESIAN_POINT('',(-11.00001735422,-1.283664968738,
    5.610167728185));
#3721 = CARTESIAN_POINT('',(-11.00001735421,-1.981844447942,
    4.747319182499));
#3722 = CARTESIAN_POINT('',(-11.00001735422,-2.100954016174,
    3.537025866561));
#3723 = CARTESIAN_POINT('',(-11.00001735421,-1.565792187777,
    2.636432156905));
#3724 = CARTESIAN_POINT('',(-11.00001735422,-0.774024885406,
    2.200023140354));
#3725 = CARTESIAN_POINT('',(-11.00001735422,0.,2.200023140354));
#3726 = PCURVE('',#3057,#3727);
#3727 = DEFINITIONAL_REPRESENTATION('',(#3728),#3747);
#3728 = B_SPLINE_CURVE_WITH_KNOTS('',9,(#3729,#3730,#3731,#3732,#3733,
    #3734,#3735,#3736,#3737,#3738,#3739,#3740,#3741,#3742,#3743,#3744,
    #3745,#3746),.UNSPECIFIED.,.F.,.F.,(10,8,10),(1.683407738887E-16,
    2.827433388231,5.654866776462),.UNSPECIFIED.);
#3729 = CARTESIAN_POINT('',(0.,0.927353067631));
#3730 = CARTESIAN_POINT('',(-0.344016367287,0.927353067631));
#3731 = CARTESIAN_POINT('',(-0.693694325694,0.927353067631));
#3732 = CARTESIAN_POINT('',(-1.046173514713,0.927353067631));
#3733 = CARTESIAN_POINT('',(-1.395147435245,0.927353067631));
#3734 = CARTESIAN_POINT('',(-1.746066489935,0.927353067631));
#3735 = CARTESIAN_POINT('',(-2.093951169017,0.927353067631));
#3736 = CARTESIAN_POINT('',(-2.443597112891,0.927353067631));
#3737 = CARTESIAN_POINT('',(-2.7925457462,0.927353067631));
#3738 = CARTESIAN_POINT('',(-3.490639560979,0.927353067631));
#3739 = CARTESIAN_POINT('',(-3.839588194288,0.927353067632));
#3740 = CARTESIAN_POINT('',(-4.189234138164,0.927353067631));
#3741 = CARTESIAN_POINT('',(-4.537118817241,0.927353067632));
#3742 = CARTESIAN_POINT('',(-4.888037871939,0.92735306763));
#3743 = CARTESIAN_POINT('',(-5.237011792464,0.927353067633));
#3744 = CARTESIAN_POINT('',(-5.589490981488,0.927353067631));
#3745 = CARTESIAN_POINT('',(-5.939168939892,0.927353067631));
#3746 = CARTESIAN_POINT('',(-6.28318530718,0.927353067631));
#3747 = ( GEOMETRIC_REPRESENTATION_CONTEXT(2) 
PARAMETRIC_REPRESENTATION_CONTEXT() REPRESENTATION_CONTEXT('2D SPACE',''
  ) );
#3748 = PCURVE('',#3749,#3841);
#3749 = ( BOUNDED_SURFACE() B_SPLINE_SURFACE(6,12,(
    (#3750,#3751,#3752,#3753,#3754,#3755,#3756,#3757,#3758,#3759,#3760
      ,#3761,#3762)
    ,(#3763,#3764,#3765,#3766,#3767,#3768,#3769,#3770,#3771,#3772,#3773
      ,#3774,#3775)
    ,(#3776,#3777,#3778,#3779,#3780,#3781,#3782,#3783,#3784,#3785,#3786
      ,#3787,#3788)
    ,(#3789,#3790,#3791,#3792,#3793,#3794,#3795,#3796,#3797,#3798,#3799
      ,#3800,#3801)
    ,(#3802,#3803,#3804,#3805,#3806,#3807,#3808,#3809,#3810,#3811,#3812
      ,#3813,#3814)
    ,(#3815,#3816,#3817,#3818,#3819,#3820,#3821,#3822,#3823,#3824,#3825
      ,#3826,#3827)
    ,(#3828,#3829,#3830,#3831,#3832,#3833,#3834,#3835,#3836,#3837,#3838
      ,#3839,#3840
)),.UNSPECIFIED.,.F.,.F.,.F.) B_SPLINE_SURFACE_WITH_KNOTS((7,7),(13,13),
  (0.,5.654866776462),(1.683407738887E-16,5.654866776462),
.PIECEWISE_BEZIER_KNOTS.) GEOMETRIC_REPRESENTATION_ITEM() 
RATIONAL_B_SPLINE_SURFACE((
    (1.057722102904,1.057722102904,1.057722102903,1.057722102906
      ,1.057722102899,1.05772210291,1.057722102897,1.057722102908
      ,1.057722102901,1.057722102905,1.057722102903,1.057722102904
      ,1.057722102904)
    ,(1.017754486012,1.017754486012,1.017754486011,1.017754486015
      ,1.017754486007,1.017754486019,1.017754486005,1.017754486018
      ,1.017754486008,1.017754486014,1.017754486011,1.017754486012
      ,1.017754486012)
    ,(0.996257011016,0.996257011016,0.996257011015,0.996257011018
      ,0.996257011011,0.996257011022,0.996257011009,0.996257011021
      ,0.996257011012,0.996257011018,0.996257011015,0.996257011016
      ,0.996257011016)
    ,(0.989189581579,0.989189581579,0.989189581578,0.989189581581
      ,0.989189581575,0.989189581583,0.989189581574,0.989189581583
      ,0.989189581576,0.98918958158,0.989189581578,0.989189581579
      ,0.989189581579)
    ,(0.996257011016,0.996257011016,0.996257011015,0.996257011018
      ,0.996257011011,0.996257011022,0.99625701101,0.996257011021
      ,0.996257011012,0.996257011017,0.996257011015,0.996257011016
      ,0.996257011016)
    ,(1.017754486012,1.017754486012,1.017754486011,1.017754486015
      ,1.017754486007,1.017754486019,1.017754486005,1.017754486018
      ,1.017754486008,1.017754486014,1.017754486011,1.017754486012
      ,1.017754486012)
    ,(1.057722102904,1.057722102904,1.057722102903,1.057722102906
      ,1.057722102899,1.05772210291,1.057722102897,1.057722102908
      ,1.057722102901,1.057722102905,1.057722102903,1.057722102904
,1.057722102904))) REPRESENTATION_ITEM('') SURFACE() );
#3750 = CARTESIAN_POINT('',(-11.00001735421,0.,2.200023140354));
#3751 = CARTESIAN_POINT('',(-11.00001735422,0.774024885406,
    2.200023140354));
#3752 = CARTESIAN_POINT('',(-11.00001735422,1.565792187776,
    2.636432156904));
#3753 = CARTESIAN_POINT('',(-11.00001735421,2.100954016174,
    3.537025866565));
#3754 = CARTESIAN_POINT('',(-11.00001735422,1.98184444794,4.747319182494
    ));
#3755 = CARTESIAN_POINT('',(-11.00001735422,1.283664968744,
    5.610167728189));
#3756 = CARTESIAN_POINT('',(-11.00001735421,-3.899284107406E-12,
    6.224270511257));
#3757 = CARTESIAN_POINT('',(-11.00001735422,-1.283664968738,
    5.610167728185));
#3758 = CARTESIAN_POINT('',(-11.00001735421,-1.981844447942,
    4.747319182499));
#3759 = CARTESIAN_POINT('',(-11.00001735422,-2.100954016174,
    3.537025866561));
#3760 = CARTESIAN_POINT('',(-11.00001735421,-1.565792187777,
    2.636432156905));
#3761 = CARTESIAN_POINT('',(-11.00001735422,-0.774024885406,
    2.200023140354));
#3762 = CARTESIAN_POINT('',(-11.00001735422,0.,2.200023140354));
#3763 = CARTESIAN_POINT('',(-11.08791265063,-6.289456802588E-16,
    2.317230994196));
#3764 = CARTESIAN_POINT('',(-11.08791265063,0.713542755262,
    2.317230994197));
#3765 = CARTESIAN_POINT('',(-11.08791265063,1.443441539023,
    2.719539108523));
#3766 = CARTESIAN_POINT('',(-11.08791265063,1.936785942731,3.54976062863
    ));
#3767 = CARTESIAN_POINT('',(-11.08791265063,1.826983569321,
    4.665481897554));
#3768 = CARTESIAN_POINT('',(-11.08791265063,1.18335967732,5.460907652298
    ));
#3769 = CARTESIAN_POINT('',(-11.08791265063,-7.261635086644E-12,
    6.027024582273));
#3770 = CARTESIAN_POINT('',(-11.08791265064,-1.183359677308,
    5.460907652294));
#3771 = CARTESIAN_POINT('',(-11.08791265063,-1.826983569328,
    4.665481897559));
#3772 = CARTESIAN_POINT('',(-11.08791265063,-1.936785942728,
    3.549760628627));
#3773 = CARTESIAN_POINT('',(-11.08791265063,-1.443441539024,
    2.719539108524));
#3774 = CARTESIAN_POINT('',(-11.08791265063,-0.713542755261,
    2.317230994197));
#3775 = CARTESIAN_POINT('',(-11.08791265063,2.719179048594E-16,
    2.317230994196));
#3776 = CARTESIAN_POINT('',(-11.12083151803,1.638554743277E-15,
    2.466625653043));
#3777 = CARTESIAN_POINT('',(-11.12083151803,0.636451443518,
    2.466625653044));
#3778 = CARTESIAN_POINT('',(-11.12083151803,1.287491806723,
    2.825468312736));
#3779 = CARTESIAN_POINT('',(-11.12083151803,1.72753517564,3.565992522415
    ));
#3780 = CARTESIAN_POINT('',(-11.12083151803,1.629595874114,
    4.561171027045));
#3781 = CARTESIAN_POINT('',(-11.12083151803,1.055509244931,
    5.270658813287));
#3782 = CARTESIAN_POINT('',(-11.12083151803,-7.0856441374E-12,
    5.775612349182));
#3783 = CARTESIAN_POINT('',(-11.12083151803,-1.055509244919,
    5.270658813283));
#3784 = CARTESIAN_POINT('',(-11.12083151803,-1.629595874121,
    4.561171027049));
#3785 = CARTESIAN_POINT('',(-11.12083151803,-1.727535175637,
    3.565992522413));
#3786 = CARTESIAN_POINT('',(-11.12083151803,-1.287491806724,
    2.825468312737));
#3787 = CARTESIAN_POINT('',(-11.12083151803,-0.636451443518,
    2.466625653044));
#3788 = CARTESIAN_POINT('',(-11.12083151803,-2.348490325821E-15,
    2.466625653043));
#3789 = CARTESIAN_POINT('',(-11.0892509479,4.085273785925E-16,
    2.619748937779));
#3790 = CARTESIAN_POINT('',(-11.0892509479,0.557436069275,2.61974893778)
  );
#3791 = CARTESIAN_POINT('',(-11.0892509479,1.127649845519,2.934041322132
    ));
#3792 = CARTESIAN_POINT('',(-11.0892509479,1.513061880292,3.582629535498
    ));
#3793 = CARTESIAN_POINT('',(-11.0892509479,1.427281731896,4.454256742095
    ));
#3794 = CARTESIAN_POINT('',(-11.0892509479,0.92446789236,5.075661700462)
  );
#3795 = CARTESIAN_POINT('',(-11.0892509479,-5.492488842213E-12,
    5.517925312368));
#3796 = CARTESIAN_POINT('',(-11.0892509479,-0.924467892351,5.07566170046
    ));
#3797 = CARTESIAN_POINT('',(-11.0892509479,-1.427281731901,
    4.454256742098));
#3798 = CARTESIAN_POINT('',(-11.0892509479,-1.51306188029,3.582629535496
    ));
#3799 = CARTESIAN_POINT('',(-11.0892509479,-1.12764984552,2.934041322132
    ));
#3800 = CARTESIAN_POINT('',(-11.0892509479,-0.557436069275,2.61974893778
    ));
#3801 = CARTESIAN_POINT('',(-11.0892509479,-9.168013570537E-16,
    2.619748937779));
#3802 = CARTESIAN_POINT('',(-10.99786293299,3.604972223514E-16,
    2.746604380976));
#3803 = CARTESIAN_POINT('',(-10.99786293299,0.491975546167,
    2.746604380977));
#3804 = CARTESIAN_POINT('',(-10.99786293299,0.995228294708,
    3.023988956482));
#3805 = CARTESIAN_POINT('',(-10.99786293299,1.335380837318,
    3.596412518744));
#3806 = CARTESIAN_POINT('',(-10.99786293299,1.259673975702,
    4.365683282972));
#3807 = CARTESIAN_POINT('',(-10.99786293299,0.815906291905,
    4.914115759148));
#3808 = CARTESIAN_POINT('',(-10.99786293299,-3.858405457115E-12,
    5.30444371604));
#3809 = CARTESIAN_POINT('',(-10.99786293298,-0.815906291899,
    4.914115759147));
#3810 = CARTESIAN_POINT('',(-10.99786293299,-1.259673975705,
    4.365683282973));
#3811 = CARTESIAN_POINT('',(-10.99786293299,-1.335380837316,
    3.596412518743));
#3812 = CARTESIAN_POINT('',(-10.99786293299,-0.995228294709,
    3.023988956483));
#3813 = CARTESIAN_POINT('',(-10.99786293299,-0.491975546166,
    2.746604380976));
#3814 = CARTESIAN_POINT('',(-10.99786293299,-1.849215225391E-15,
    2.746604380976));
#3815 = CARTESIAN_POINT('',(-10.86558135081,5.013350845573E-16,
    2.823441864919));
#3816 = CARTESIAN_POINT('',(-10.86558135081,0.45232551802,2.823441864919
    ));
#3817 = CARTESIAN_POINT('',(-10.86558135081,0.915019369276,
    3.078471048349));
#3818 = CARTESIAN_POINT('',(-10.86558135081,1.22775783004,3.604760995776
    ));
#3819 = CARTESIAN_POINT('',(-10.86558135081,1.15815244891,4.312033541411
    ));
#3820 = CARTESIAN_POINT('',(-10.86558135081,0.750149553198,4.8162659282)
  );
#3821 = CARTESIAN_POINT('',(-10.86558135081,-2.62879724499E-12,
    5.175135991305));
#3822 = CARTESIAN_POINT('',(-10.86558135081,-0.750149553194,
    4.816265928199));
#3823 = CARTESIAN_POINT('',(-10.86558135081,-1.158152448912,
    4.312033541411));
#3824 = CARTESIAN_POINT('',(-10.86558135081,-1.227757830039,
    3.604760995776));
#3825 = CARTESIAN_POINT('',(-10.86558135081,-0.915019369276,
    3.07847104835));
#3826 = CARTESIAN_POINT('',(-10.86558135081,-0.45232551802,
    2.823441864919));
#3827 = CARTESIAN_POINT('',(-10.86558135081,-7.897328624384E-16,
    2.823441864919));
#3828 = CARTESIAN_POINT('',(-10.71980495845,0.,2.838019504155));
#3829 = CARTESIAN_POINT('',(-10.71980495845,0.44480309828,2.838019504155
    ));
#3830 = CARTESIAN_POINT('',(-10.71980495845,0.899802098766,
    3.088807413353));
#3831 = CARTESIAN_POINT('',(-10.71980495845,1.207339548583,
    3.606344872293));
#3832 = CARTESIAN_POINT('',(-10.71980495845,1.138891742854,
    4.301855090249));
#3833 = CARTESIAN_POINT('',(-10.71980495845,0.737674157531,
    4.797701817802));
#3834 = CARTESIAN_POINT('',(-10.71980495845,-8.803761756063E-13,
    5.150603676279));
#3835 = CARTESIAN_POINT('',(-10.71980495845,-0.737674157531,
    4.797701817801));
#3836 = CARTESIAN_POINT('',(-10.71980495845,-1.138891742854,
    4.30185509025));
#3837 = CARTESIAN_POINT('',(-10.71980495845,-1.207339548583,
    3.606344872292));
#3838 = CARTESIAN_POINT('',(-10.71980495845,-0.899802098766,
    3.088807413354));
#3839 = CARTESIAN_POINT('',(-10.71980495845,-0.44480309828,
    2.838019504155));
#3840 = CARTESIAN_POINT('',(-10.71980495845,-2.111243310329E-16,
    2.838019504155));
#3841 = DEFINITIONAL_REPRESENTATION('',(#3842),#3846);
#3842 = LINE('',#3843,#3844);
#3843 = CARTESIAN_POINT('',(0.,0.));
#3844 = VECTOR('',#3845,1.);
#3845 = DIRECTION('',(0.,1.));
#3846 = ( GEOMETRIC_REPRESENTATION_CONTEXT(2) 
PARAMETRIC_REPRESENTATION_CONTEXT() REPRESENTATION_CONTEXT('2D SPACE',''
  ) );
#3847 = ADVANCED_FACE('',(#3848),#3207,.T.);
#3848 = FACE_BOUND('',#3849,.T.);
#3849 = EDGE_LOOP('',(#3850,#3869,#3870,#3871));
#3850 = ORIENTED_EDGE('',*,*,#3851,.T.);
#3851 = EDGE_CURVE('',#3650,#3184,#3852,.T.);
#3852 = SURFACE_CURVE('',#3853,(#3857,#3863),.PCURVE_S1.);
#3853 = ( BOUNDED_CURVE() B_SPLINE_CURVE(2,(#3854,#3855,#3856),
.UNSPECIFIED.,.F.,.F.) B_SPLINE_CURVE_WITH_KNOTS((3,3),(0.,
1.091496168423),.PIECEWISE_BEZIER_KNOTS.) CURVE() 
GEOMETRIC_REPRESENTATION_ITEM() RATIONAL_B_SPLINE_CURVE((1.,
0.738548945876,1.)) REPRESENTATION_ITEM('') );
#3854 = CARTESIAN_POINT('',(-10.64545454545,0.685593365991,5.25335979585
    ));
#3855 = CARTESIAN_POINT('',(-10.1,0.705698865618,5.298913146196));
#3856 = CARTESIAN_POINT('',(-10.1,0.926859361513,5.8));
#3857 = PCURVE('',#3207,#3858);
#3858 = DEFINITIONAL_REPRESENTATION('',(#3859),#3862);
#3859 = B_SPLINE_CURVE_WITH_KNOTS('',1,(#3860,#3861),.UNSPECIFIED.,.F.,
  .F.,(2,2),(0.,1.091496168423),.PIECEWISE_BEZIER_KNOTS.);
#3860 = CARTESIAN_POINT('',(0.,4.63410978743));
#3861 = CARTESIAN_POINT('',(1.413195447346,4.63410978743));
#3862 = ( GEOMETRIC_REPRESENTATION_CONTEXT(2) 
PARAMETRIC_REPRESENTATION_CONTEXT() REPRESENTATION_CONTEXT('2D SPACE',''
  ) );
#3863 = PCURVE('',#3386,#3864);
#3864 = DEFINITIONAL_REPRESENTATION('',(#3865),#3868);
#3865 = B_SPLINE_CURVE_WITH_KNOTS('',1,(#3866,#3867),.UNSPECIFIED.,.F.,
  .F.,(2,2),(0.,1.091496168423),.PIECEWISE_BEZIER_KNOTS.);
#3866 = CARTESIAN_POINT('',(0.,4.63410978743));
#3867 = CARTESIAN_POINT('',(1.091496168423,4.63410978743));
#3868 = ( GEOMETRIC_REPRESENTATION_CONTEXT(2) 
PARAMETRIC_REPRESENTATION_CONTEXT() REPRESENTATION_CONTEXT('2D SPACE',''
  ) );
#3869 = ORIENTED_EDGE('',*,*,#3183,.T.);
#3870 = ORIENTED_EDGE('',*,*,#3572,.F.);
#3871 = ORIENTED_EDGE('',*,*,#3649,.F.);
#3872 = ADVANCED_FACE('',(#3873),#3386,.T.);
#3873 = FACE_BOUND('',#3874,.T.);
#3874 = EDGE_LOOP('',(#3875,#3876,#3877,#3878));
#3875 = ORIENTED_EDGE('',*,*,#3371,.T.);
#3876 = ORIENTED_EDGE('',*,*,#3449,.T.);
#3877 = ORIENTED_EDGE('',*,*,#3851,.F.);
#3878 = ORIENTED_EDGE('',*,*,#3681,.F.);
#3879 = ADVANCED_FACE('',(#3880),#3749,.F.);
#3880 = FACE_BOUND('',#3881,.F.);
#3881 = EDGE_LOOP('',(#3882,#3907,#3998,#3999));
#3882 = ORIENTED_EDGE('',*,*,#3883,.T.);
#3883 = EDGE_CURVE('',#3625,#3884,#3886,.T.);
#3884 = VERTEX_POINT('',#3885);
#3885 = CARTESIAN_POINT('',(-10.71980495845,0.,2.838019504155));
#3886 = SEAM_CURVE('',#3887,(#3895,#3901),.PCURVE_S1.);
#3887 = ( BOUNDED_CURVE() B_SPLINE_CURVE(6,(#3888,#3889,#3890,#3891,
#3892,#3893,#3894),.UNSPECIFIED.,.F.,.F.) B_SPLINE_CURVE_WITH_KNOTS((7,7
),(0.,5.654866776462),.PIECEWISE_BEZIER_KNOTS.) CURVE() 
GEOMETRIC_REPRESENTATION_ITEM() RATIONAL_B_SPLINE_CURVE((1.057722102904,
    1.017754486012,0.996257011016,0.989189581579,0.996257011016,
1.017754486012,1.057722102904)) REPRESENTATION_ITEM('') );
#3888 = CARTESIAN_POINT('',(-11.00001735421,0.,2.200023140354));
#3889 = CARTESIAN_POINT('',(-11.08791265063,-6.289456802588E-16,
    2.317230994196));
#3890 = CARTESIAN_POINT('',(-11.12083151803,1.638554743277E-15,
    2.466625653043));
#3891 = CARTESIAN_POINT('',(-11.0892509479,4.085273785925E-16,
    2.619748937779));
#3892 = CARTESIAN_POINT('',(-10.99786293299,3.604972223514E-16,
    2.746604380976));
#3893 = CARTESIAN_POINT('',(-10.86558135081,5.013350845573E-16,
    2.823441864919));
#3894 = CARTESIAN_POINT('',(-10.71980495845,0.,2.838019504155));
#3895 = PCURVE('',#3749,#3896);
#3896 = DEFINITIONAL_REPRESENTATION('',(#3897),#3900);
#3897 = B_SPLINE_CURVE_WITH_KNOTS('',1,(#3898,#3899),.UNSPECIFIED.,.F.,
  .F.,(2,2),(0.,5.654866776462),.PIECEWISE_BEZIER_KNOTS.);
#3898 = CARTESIAN_POINT('',(0.,1.683407738887E-16));
#3899 = CARTESIAN_POINT('',(5.654866776462,1.683407738887E-16));
#3900 = ( GEOMETRIC_REPRESENTATION_CONTEXT(2) 
PARAMETRIC_REPRESENTATION_CONTEXT() REPRESENTATION_CONTEXT('2D SPACE',''
  ) );
#3901 = PCURVE('',#3749,#3902);
#3902 = DEFINITIONAL_REPRESENTATION('',(#3903),#3906);
#3903 = B_SPLINE_CURVE_WITH_KNOTS('',1,(#3904,#3905),.UNSPECIFIED.,.F.,
  .F.,(2,2),(0.,5.654866776462),.PIECEWISE_BEZIER_KNOTS.);
#3904 = CARTESIAN_POINT('',(0.,5.654866776462));
#3905 = CARTESIAN_POINT('',(5.654866776462,5.654866776462));
#3906 = ( GEOMETRIC_REPRESENTATION_CONTEXT(2) 
PARAMETRIC_REPRESENTATION_CONTEXT() REPRESENTATION_CONTEXT('2D SPACE',''
  ) );
#3907 = ORIENTED_EDGE('',*,*,#3908,.T.);
#3908 = EDGE_CURVE('',#3884,#3884,#3909,.T.);
#3909 = SURFACE_CURVE('',#3910,(#3924,#3931),.PCURVE_S1.);
#3910 = ( BOUNDED_CURVE() B_SPLINE_CURVE(12,(#3911,#3912,#3913,#3914,
    #3915,#3916,#3917,#3918,#3919,#3920,#3921,#3922,#3923),
.UNSPECIFIED.,.T.,.F.) B_SPLINE_CURVE_WITH_KNOTS((13,13),(
1.683407738887E-16,5.654866776462),.PIECEWISE_BEZIER_KNOTS.) CURVE() 
GEOMETRIC_REPRESENTATION_ITEM() RATIONAL_B_SPLINE_CURVE((1.057722102904,
    1.057722102904,1.057722102903,1.057722102906,1.057722102899,
    1.05772210291,1.057722102897,1.057722102908,1.057722102901,
    1.057722102905,1.057722102903,1.057722102904,1.057722102904)) 
REPRESENTATION_ITEM('') );
#3911 = CARTESIAN_POINT('',(-10.71980495845,0.,2.838019504155));
#3912 = CARTESIAN_POINT('',(-10.71980495845,0.44480309828,2.838019504155
    ));
#3913 = CARTESIAN_POINT('',(-10.71980495845,0.899802098766,
    3.088807413353));
#3914 = CARTESIAN_POINT('',(-10.71980495845,1.207339548583,
    3.606344872293));
#3915 = CARTESIAN_POINT('',(-10.71980495845,1.138891742854,
    4.301855090249));
#3916 = CARTESIAN_POINT('',(-10.71980495845,0.737674157531,
    4.797701817802));
#3917 = CARTESIAN_POINT('',(-10.71980495845,-8.803761756063E-13,
    5.150603676279));
#3918 = CARTESIAN_POINT('',(-10.71980495845,-0.737674157531,
    4.797701817801));
#3919 = CARTESIAN_POINT('',(-10.71980495845,-1.138891742854,
    4.30185509025));
#3920 = CARTESIAN_POINT('',(-10.71980495845,-1.207339548583,
    3.606344872292));
#3921 = CARTESIAN_POINT('',(-10.71980495845,-0.899802098766,
    3.088807413354));
#3922 = CARTESIAN_POINT('',(-10.71980495845,-0.44480309828,
    2.838019504155));
#3923 = CARTESIAN_POINT('',(-10.71980495845,-2.111243310329E-16,
    2.838019504155));
#3924 = PCURVE('',#3749,#3925);
#3925 = DEFINITIONAL_REPRESENTATION('',(#3926),#3930);
#3926 = LINE('',#3927,#3928);
#3927 = CARTESIAN_POINT('',(5.654866776462,0.));
#3928 = VECTOR('',#3929,1.);
#3929 = DIRECTION('',(0.,1.));
#3930 = ( GEOMETRIC_REPRESENTATION_CONTEXT(2) 
PARAMETRIC_REPRESENTATION_CONTEXT() REPRESENTATION_CONTEXT('2D SPACE',''
  ) );
#3931 = PCURVE('',#3932,#3937);
#3932 = CONICAL_SURFACE('',#3933,0.9,9.966865249116E-02);
#3933 = AXIS2_PLACEMENT_3D('',#3934,#3935,#3936);
#3934 = CARTESIAN_POINT('',(-11.1,0.,3.7));
#3935 = DIRECTION('',(-1.,-0.,-2.22044604925E-16));
#3936 = DIRECTION('',(2.22044604925E-16,0.,-1.));
#3937 = DEFINITIONAL_REPRESENTATION('',(#3938),#3997);
#3938 = B_SPLINE_CURVE_WITH_KNOTS('',8,(#3939,#3940,#3941,#3942,#3943,
    #3944,#3945,#3946,#3947,#3948,#3949,#3950,#3951,#3952,#3953,#3954,
    #3955,#3956,#3957,#3958,#3959,#3960,#3961,#3962,#3963,#3964,#3965,
    #3966,#3967,#3968,#3969,#3970,#3971,#3972,#3973,#3974,#3975,#3976,
    #3977,#3978,#3979,#3980,#3981,#3982,#3983,#3984,#3985,#3986,#3987,
    #3988,#3989,#3990,#3991,#3992,#3993,#3994,#3995,#3996),
  .UNSPECIFIED.,.F.,.F.,(9,7,7,7,7,7,7,7,9),(1.683407738887E-16,
    0.353429173529,0.706858347058,1.413716694115,2.827433388231,
    4.241150082346,4.948008429404,5.301437602933,5.654866776462),
  .UNSPECIFIED.);
#3939 = CARTESIAN_POINT('',(-4.440892098501E-16,-0.380195041548));
#3940 = CARTESIAN_POINT('',(-4.837730164981E-02,-0.380195041548));
#3941 = CARTESIAN_POINT('',(-9.686639187879E-02,-0.380195041548));
#3942 = CARTESIAN_POINT('',(-0.145453237814,-0.380195041548));
#3943 = CARTESIAN_POINT('',(-0.194148981202,-0.380195041548));
#3944 = CARTESIAN_POINT('',(-0.242926192078,-0.380195041548));
#3945 = CARTESIAN_POINT('',(-0.291779965926,-0.380195041548));
#3946 = CARTESIAN_POINT('',(-0.340699838721,-0.380195041548));
#3947 = CARTESIAN_POINT('',(-0.438650895583,-0.380195041548));
#3948 = CARTESIAN_POINT('',(-0.487682190903,-0.380195041548));
#3949 = CARTESIAN_POINT('',(-0.536759799526,-0.380195041548));
#3950 = CARTESIAN_POINT('',(-0.585875301601,-0.380195041548));
#3951 = CARTESIAN_POINT('',(-0.635021311016,-0.380195041548));
#3952 = CARTESIAN_POINT('',(-0.684191475395,-0.380195041548));
#3953 = CARTESIAN_POINT('',(-0.733380476099,-0.380195041548));
#3954 = CARTESIAN_POINT('',(-0.88099113248,-0.380195041548));
#3955 = CARTESIAN_POINT('',(-0.9794557317,-0.380195041548));
#3956 = CARTESIAN_POINT('',(-1.07794259602,-0.380195041548));
#3957 = CARTESIAN_POINT('',(-1.176425978103,-0.380195041548));
#3958 = CARTESIAN_POINT('',(-1.274888419387,-0.380195041548));
#3959 = CARTESIAN_POINT('',(-1.373319556327,-0.380195041548));
#3960 = CARTESIAN_POINT('',(-1.47171492664,-0.380195041548));
#3961 = CARTESIAN_POINT('',(-1.766794473369,-0.380195041548));
#3962 = CARTESIAN_POINT('',(-1.963373542652,-0.380195041548));
#3963 = CARTESIAN_POINT('',(-2.159806414876,-0.380195041548));
#3964 = CARTESIAN_POINT('',(-2.356192129282,-0.380195041548));
#3965 = CARTESIAN_POINT('',(-2.552565288289,-0.380195041548));
#3966 = CARTESIAN_POINT('',(-2.748915201303,-0.380195041548));
#3967 = CARTESIAN_POINT('',(-2.945253768183,-0.380195041548));
#3968 = CARTESIAN_POINT('',(-3.337931538997,-0.380195041548));
#3969 = CARTESIAN_POINT('',(-3.534270105876,-0.380195041548));
#3970 = CARTESIAN_POINT('',(-3.730620018891,-0.380195041548));
#3971 = CARTESIAN_POINT('',(-3.926993177897,-0.380195041548));
#3972 = CARTESIAN_POINT('',(-4.123378892304,-0.380195041548));
#3973 = CARTESIAN_POINT('',(-4.319811764527,-0.380195041548));
#3974 = CARTESIAN_POINT('',(-4.516390833811,-0.380195041548));
#3975 = CARTESIAN_POINT('',(-4.811470380539,-0.380195041548));
#3976 = CARTESIAN_POINT('',(-4.909865750853,-0.380195041548));
#3977 = CARTESIAN_POINT('',(-5.008296887793,-0.380195041548));
#3978 = CARTESIAN_POINT('',(-5.106759329077,-0.380195041548));
#3979 = CARTESIAN_POINT('',(-5.20524271116,-0.380195041548));
#3980 = CARTESIAN_POINT('',(-5.303729575479,-0.380195041548));
#3981 = CARTESIAN_POINT('',(-5.4021941747,-0.380195041548));
#3982 = CARTESIAN_POINT('',(-5.549804831081,-0.380195041548));
#3983 = CARTESIAN_POINT('',(-5.598993831785,-0.380195041548));
#3984 = CARTESIAN_POINT('',(-5.648163996164,-0.380195041548));
#3985 = CARTESIAN_POINT('',(-5.697310005579,-0.380195041548));
#3986 = CARTESIAN_POINT('',(-5.746425507654,-0.380195041548));
#3987 = CARTESIAN_POINT('',(-5.795503116277,-0.380195041548));
#3988 = CARTESIAN_POINT('',(-5.844534411597,-0.380195041548));
#3989 = CARTESIAN_POINT('',(-5.942485468459,-0.380195041548));
#3990 = CARTESIAN_POINT('',(-5.991405341255,-0.380195041548));
#3991 = CARTESIAN_POINT('',(-6.040259115102,-0.380195041548));
#3992 = CARTESIAN_POINT('',(-6.089036325978,-0.380195041548));
#3993 = CARTESIAN_POINT('',(-6.137732069366,-0.380195041548));
#3994 = CARTESIAN_POINT('',(-6.186318915301,-0.380195041548));
#3995 = CARTESIAN_POINT('',(-6.23480800553,-0.380195041548));
#3996 = CARTESIAN_POINT('',(-6.28318530718,-0.380195041548));
#3997 = ( GEOMETRIC_REPRESENTATION_CONTEXT(2) 
PARAMETRIC_REPRESENTATION_CONTEXT() REPRESENTATION_CONTEXT('2D SPACE',''
  ) );
#3998 = ORIENTED_EDGE('',*,*,#3883,.F.);
#3999 = ORIENTED_EDGE('',*,*,#3710,.F.);
#4000 = ADVANCED_FACE('',(#4001),#3932,.T.);
#4001 = FACE_BOUND('',#4002,.T.);
#4002 = EDGE_LOOP('',(#4003,#4026,#4053,#4054));
#4003 = ORIENTED_EDGE('',*,*,#4004,.T.);
#4004 = EDGE_CURVE('',#3884,#4005,#4007,.T.);
#4005 = VERTEX_POINT('',#4006);
#4006 = CARTESIAN_POINT('',(-9.6,-1.836970198721E-16,2.95));
#4007 = SEAM_CURVE('',#4008,(#4012,#4019),.PCURVE_S1.);
#4008 = LINE('',#4009,#4010);
#4009 = CARTESIAN_POINT('',(-11.1,-2.204364238465E-16,2.8));
#4010 = VECTOR('',#4011,1.);
#4011 = DIRECTION('',(0.99503719021,2.437138220046E-17,9.9503719021E-02)
  );
#4012 = PCURVE('',#3932,#4013);
#4013 = DEFINITIONAL_REPRESENTATION('',(#4014),#4018);
#4014 = LINE('',#4015,#4016);
#4015 = CARTESIAN_POINT('',(-6.28318530718,0.));
#4016 = VECTOR('',#4017,1.);
#4017 = DIRECTION('',(-0.,-1.));
#4018 = ( GEOMETRIC_REPRESENTATION_CONTEXT(2) 
PARAMETRIC_REPRESENTATION_CONTEXT() REPRESENTATION_CONTEXT('2D SPACE',''
  ) );
#4019 = PCURVE('',#3932,#4020);
#4020 = DEFINITIONAL_REPRESENTATION('',(#4021),#4025);
#4021 = LINE('',#4022,#4023);
#4022 = CARTESIAN_POINT('',(0.,-0.));
#4023 = VECTOR('',#4024,1.);
#4024 = DIRECTION('',(-0.,-1.));
#4025 = ( GEOMETRIC_REPRESENTATION_CONTEXT(2) 
PARAMETRIC_REPRESENTATION_CONTEXT() REPRESENTATION_CONTEXT('2D SPACE',''
  ) );
#4026 = ORIENTED_EDGE('',*,*,#4027,.F.);
#4027 = EDGE_CURVE('',#4005,#4005,#4028,.T.);
#4028 = SURFACE_CURVE('',#4029,(#4034,#4041),.PCURVE_S1.);
#4029 = CIRCLE('',#4030,0.75);
#4030 = AXIS2_PLACEMENT_3D('',#4031,#4032,#4033);
#4031 = CARTESIAN_POINT('',(-9.6,0.,3.7));
#4032 = DIRECTION('',(1.,-0.,2.22044604925E-16));
#4033 = DIRECTION('',(2.22044604925E-16,0.,-1.));
#4034 = PCURVE('',#3932,#4035);
#4035 = DEFINITIONAL_REPRESENTATION('',(#4036),#4040);
#4036 = LINE('',#4037,#4038);
#4037 = CARTESIAN_POINT('',(-0.,-1.5));
#4038 = VECTOR('',#4039,1.);
#4039 = DIRECTION('',(-1.,-0.));
#4040 = ( GEOMETRIC_REPRESENTATION_CONTEXT(2) 
PARAMETRIC_REPRESENTATION_CONTEXT() REPRESENTATION_CONTEXT('2D SPACE',''
  ) );
#4041 = PCURVE('',#4042,#4047);
#4042 = PLANE('',#4043);
#4043 = AXIS2_PLACEMENT_3D('',#4044,#4045,#4046);
#4044 = CARTESIAN_POINT('',(-9.6,0.,3.7));
#4045 = DIRECTION('',(1.,0.,2.22044604925E-16));
#4046 = DIRECTION('',(2.22044604925E-16,0.,-1.));
#4047 = DEFINITIONAL_REPRESENTATION('',(#4048),#4052);
#4048 = CIRCLE('',#4049,0.75);
#4049 = AXIS2_PLACEMENT_2D('',#4050,#4051);
#4050 = CARTESIAN_POINT('',(0.,0.));
#4051 = DIRECTION('',(1.,0.));
#4052 = ( GEOMETRIC_REPRESENTATION_CONTEXT(2) 
PARAMETRIC_REPRESENTATION_CONTEXT() REPRESENTATION_CONTEXT('2D SPACE',''
  ) );
#4053 = ORIENTED_EDGE('',*,*,#4004,.F.);
#4054 = ORIENTED_EDGE('',*,*,#3908,.T.);
#4055 = ADVANCED_FACE('',(#4056),#4042,.T.);
#4056 = FACE_BOUND('',#4057,.T.);
#4057 = EDGE_LOOP('',(#4058));
#4058 = ORIENTED_EDGE('',*,*,#4027,.T.);
#4059 = ( GEOMETRIC_REPRESENTATION_CONTEXT(3) 
GLOBAL_UNCERTAINTY_ASSIGNED_CONTEXT((#4063)) 
GLOBAL_UNIT_ASSIGNED_CONTEXT((#4060,#4061,#4062)) REPRESENTATION_CONTEXT
('Context #1','3D Context with UNIT and UNCERTAINTY') );
#4060 = ( LENGTH_UNIT() NAMED_UNIT(*) SI_UNIT(.MILLI.,.METRE.) );
#4061 = ( NAMED_UNIT(*) PLANE_ANGLE_UNIT() SI_UNIT($,.RADIAN.) );
#4062 = ( NAMED_UNIT(*) SI_UNIT($,.STERADIAN.) SOLID_ANGLE_UNIT() );
#4063 = UNCERTAINTY_MEASURE_WITH_UNIT(LENGTH_MEASURE(2.E-05),#4060,
  'distance_accuracy_value','confusion accuracy');
#4064 = CONTEXT_DEPENDENT_SHAPE_REPRESENTATION(#4065,#4067);
#4065 = ( REPRESENTATION_RELATIONSHIP('','',#32,#10) 
REPRESENTATION_RELATIONSHIP_WITH_TRANSFORMATION(#4066) 
SHAPE_REPRESENTATION_RELATIONSHIP() );
#4066 = ITEM_DEFINED_TRANSFORMATION('','',#11,#15);
#4067 = PRODUCT_DEFINITION_SHAPE('Placement','Placement of an item',
  #4068);
#4068 = NEXT_ASSEMBLY_USAGE_OCCURRENCE('4','lever_print','',#5,#27,$);
#4069 = PRODUCT_RELATED_PRODUCT_CATEGORY('part',$,(#29));
ENDSEC;
END-ISO-10303-21;
