ISO-10303-21;
HEADER;
FILE_DESCRIPTION(('Open CASCADE Model'),'2;1');
FILE_NAME('lever_print','2026-09-12T18:25:14',('Author'),('Open CASCADE'
    ),'Open CASCADE STEP processor 7.9','build123d','Unknown');
FILE_SCHEMA(('AUTOMOTIVE_DESIGN { 1 0 10303 214 1 1 1 1 }'));
ENDSEC;
DATA;
#1 = APPLICATION_PROTOCOL_DEFINITION('international standard',
  'automotive_design',2000,#2);
#2 = APPLICATION_CONTEXT(
  'core data for automotive mechanical design processes');
#3 = SHAPE_DEFINITION_REPRESENTATION(#4,#10);
#4 = PRODUCT_DEFINITION_SHAPE('','',#5);
#5 = PRODUCT_DEFINITION('design','',#6,#9);
#6 = PRODUCT_DEFINITION_FORMATION('','',#7);
#7 = PRODUCT('lever_print','lever_print','',(#8));
#8 = PRODUCT_CONTEXT('',#2,'mechanical');
#9 = PRODUCT_DEFINITION_CONTEXT('part definition',#2,'design');
#10 = SHAPE_REPRESENTATION('',(#11,#15),#19);
#11 = AXIS2_PLACEMENT_3D('',#12,#13,#14);
#12 = CARTESIAN_POINT('',(0.,0.,0.));
#13 = DIRECTION('',(0.,0.,1.));
#14 = DIRECTION('',(1.,0.,-0.));
#15 = AXIS2_PLACEMENT_3D('',#16,#17,#18);
#16 = CARTESIAN_POINT('',(3.8,1.7763568394E-15,11.0000001));
#17 = DIRECTION('',(0.,-1.224646799147E-16,-1.));
#18 = DIRECTION('',(1.,0.,0.));
#19 = ( GEOMETRIC_REPRESENTATION_CONTEXT(3) 
GLOBAL_UNCERTAINTY_ASSIGNED_CONTEXT((#23)) GLOBAL_UNIT_ASSIGNED_CONTEXT(
(#20,#21,#22)) REPRESENTATION_CONTEXT('Context #1',
  '3D Context with UNIT and UNCERTAINTY') );
#20 = ( LENGTH_UNIT() NAMED_UNIT(*) SI_UNIT(.MILLI.,.METRE.) );
#21 = ( NAMED_UNIT(*) PLANE_ANGLE_UNIT() SI_UNIT($,.RADIAN.) );
#22 = ( NAMED_UNIT(*) SI_UNIT($,.STERADIAN.) SOLID_ANGLE_UNIT() );
#23 = UNCERTAINTY_MEASURE_WITH_UNIT(LENGTH_MEASURE(1.E-05),#20,
  'distance_accuracy_value','confusion accuracy');
#24 = PRODUCT_RELATED_PRODUCT_CATEGORY('part',$,(#7));
#25 = SHAPE_DEFINITION_REPRESENTATION(#26,#32);
#26 = PRODUCT_DEFINITION_SHAPE('','',#27);
#27 = PRODUCT_DEFINITION('design','',#28,#31);
#28 = PRODUCT_DEFINITION_FORMATION('','',#29);
#29 = PRODUCT('lever_print','lever_print','',(#30));
#30 = PRODUCT_CONTEXT('',#2,'mechanical');
#31 = PRODUCT_DEFINITION_CONTEXT('part definition',#2,'design');
#32 = ADVANCED_BREP_SHAPE_REPRESENTATION('',(#11,#33),#4209);
#33 = MANIFOLD_SOLID_BREP('',#34);
#34 = CLOSED_SHELL('',(#35,#674,#1611,#1636,#1686,#1851,#1879,#1883,
    #1937,#2041,#2069,#2074,#2501,#2547,#2911,#2938,#3066,#3170,#3195,
    #3249,#3274,#3355,#3380,#3407,#3434,#3461,#3468,#3495,#3594,#3626,
    #3682,#3718,#3770,#3997,#4022,#4029,#4150,#4205));
#35 = ADVANCED_FACE('',(#36),#109,.T.);
#36 = FACE_BOUND('',#37,.T.);
#37 = EDGE_LOOP('',(#38,#308,#337,#363,#392,#650));
#38 = ORIENTED_EDGE('',*,*,#39,.T.);
#39 = EDGE_CURVE('',#40,#42,#44,.T.);
#40 = VERTEX_POINT('',#41);
#41 = CARTESIAN_POINT('',(-3.155946768143,6.360031440225,11.));
#42 = VERTEX_POINT('',#43);
#43 = CARTESIAN_POINT('',(-6.435060217278,3.,10.357607497432));
#44 = SURFACE_CURVE('',#45,(#108,#208),.PCURVE_S1.);
#45 = B_SPLINE_CURVE_WITH_KNOTS('',7,(#46,#47,#48,#49,#50,#51,#52,#53,
    #54,#55,#56,#57,#58,#59,#60,#61,#62,#63,#64,#65,#66,#67,#68,#69,#70,
    #71,#72,#73,#74,#75,#76,#77,#78,#79,#80,#81,#82,#83,#84,#85,#86,#87,
    #88,#89,#90,#91,#92,#93,#94,#95,#96,#97,#98,#99,#100,#101,#102,#103,
    #104,#105,#106,#107),.UNSPECIFIED.,.F.,.F.,(8,6,6,6,6,6,6,6,6,6,8),(
    0.57915621258,0.611672674253,0.707353190519,0.792647727885,
    0.888328244151,1.,1.111671940039,1.207352262045,1.292646626237,
    1.388326948265,1.420843226504),.UNSPECIFIED.);
#46 = CARTESIAN_POINT('',(-6.435060191331,-2.999999987165,
    10.357607503375));
#47 = CARTESIAN_POINT('',(-6.356188219864,-3.169181946875,
    10.378617277571));
#48 = CARTESIAN_POINT('',(-6.271685424132,-3.33689199156,10.400805237149
    ));
#49 = CARTESIAN_POINT('',(-6.181495234659,-3.502978342577,
    10.424104934657));
#50 = CARTESIAN_POINT('',(-6.085556018033,-3.667278424406,
    10.448441752219));
#51 = CARTESIAN_POINT('',(-5.983801468769,-3.829617221269,
    10.473732338618));
#52 = CARTESIAN_POINT('',(-5.876161028599,-3.989805469303,
    10.499883967236));
#53 = CARTESIAN_POINT('',(-5.428287459721,-4.612062926885,
    10.605976799992));
#54 = CARTESIAN_POINT('',(-5.040942050396,-5.058125367753,
    10.692071979466));
#55 = CARTESIAN_POINT('',(-4.598363135031,-5.47949049382,10.782435450358
    ));
#56 = CARTESIAN_POINT('',(-4.098753726491,-5.86830769996,10.873440254386
    ));
#57 = CARTESIAN_POINT('',(-3.541007601226,-6.215015265851,
    10.960383786536));
#58 = CARTESIAN_POINT('',(-2.925289802022,-6.507968402609,
    11.037408276153));
#59 = CARTESIAN_POINT('',(-1.655791787044,-6.932998613641,
    11.152340095013));
#60 = CARTESIAN_POINT('',(-1.012584634221,-7.079358751182,
    11.193658507137));
#61 = CARTESIAN_POINT('',(-0.340816634807,-7.156279915635,
    11.216246168544));
#62 = CARTESIAN_POINT('',(0.340816634805,-7.156279915637,11.216246168544
    ));
#63 = CARTESIAN_POINT('',(1.012584634225,-7.079358751181,11.193658507137
    ));
#64 = CARTESIAN_POINT('',(1.655791787042,-6.932998613641,11.152340095013
    ));
#65 = CARTESIAN_POINT('',(2.925289802022,-6.507968402609,11.037408276153
    ));
#66 = CARTESIAN_POINT('',(3.541007601226,-6.215015265851,10.960383786536
    ));
#67 = CARTESIAN_POINT('',(4.098753726491,-5.86830769996,10.873440254386)
  );
#68 = CARTESIAN_POINT('',(4.598363135031,-5.47949049382,10.782435450358)
  );
#69 = CARTESIAN_POINT('',(5.040942050396,-5.058125367753,10.692071979466
    ));
#70 = CARTESIAN_POINT('',(5.428287459721,-4.612062926886,10.605976799992
    ));
#71 = CARTESIAN_POINT('',(6.152700808775,-3.605592261625,10.434376889598
    ));
#72 = CARTESIAN_POINT('',(6.472545641967,-3.035754905327,10.35090239721)
  );
#73 = CARTESIAN_POINT('',(6.725102644617,-2.446451929933,10.280535281247
    ));
#74 = CARTESIAN_POINT('',(6.912855871414,-1.843750991844,10.226038208887
    ));
#75 = CARTESIAN_POINT('',(7.037542081282,-1.23240925498,10.189106828055)
  );
#76 = CARTESIAN_POINT('',(7.1,-0.616527187008,10.170607001075));
#77 = CARTESIAN_POINT('',(7.1,0.616528203902,10.170607001075));
#78 = CARTESIAN_POINT('',(7.037541873235,1.232411621325,10.189106890387)
  );
#79 = CARTESIAN_POINT('',(6.91285514366,1.843753745943,10.226038421322)
  );
#80 = CARTESIAN_POINT('',(6.725101659354,2.446453584478,10.280535573503)
  );
#81 = CARTESIAN_POINT('',(6.472545489244,3.035754189333,10.350902377347)
  );
#82 = CARTESIAN_POINT('',(6.152702244375,3.60559026706,10.434376549531)
  );
#83 = CARTESIAN_POINT('',(5.428287459721,4.612062926886,10.605976799992)
  );
#84 = CARTESIAN_POINT('',(5.040942050396,5.058125367752,10.692071979466)
  );
#85 = CARTESIAN_POINT('',(4.598363135031,5.479490493821,10.782435450358)
  );
#86 = CARTESIAN_POINT('',(4.098753726491,5.868307699959,10.873440254385)
  );
#87 = CARTESIAN_POINT('',(3.541007601225,6.215015265851,10.960383786536)
  );
#88 = CARTESIAN_POINT('',(2.925289802022,6.507968402609,11.037408276153)
  );
#89 = CARTESIAN_POINT('',(1.655791787043,6.932998613641,11.152340095013)
  );
#90 = CARTESIAN_POINT('',(1.012584634222,7.079358751182,11.193658507137)
  );
#91 = CARTESIAN_POINT('',(0.340816634809,7.156279915636,11.216246168544)
  );
#92 = CARTESIAN_POINT('',(-0.340816634808,7.156279915636,11.216246168544
    ));
#93 = CARTESIAN_POINT('',(-1.012584634223,7.079358751182,11.193658507137
    ));
#94 = CARTESIAN_POINT('',(-1.655791787042,6.932998613641,11.152340095013
    ));
#95 = CARTESIAN_POINT('',(-2.925289802179,6.507968402557,11.037408276139
    ));
#96 = CARTESIAN_POINT('',(-3.541007601241,6.215015265805,10.960383786525
    ));
#97 = CARTESIAN_POINT('',(-4.098753726375,5.868307700013,10.873440254402
    ));
#98 = CARTESIAN_POINT('',(-4.598363134932,5.479490493927,10.782435450382
    ));
#99 = CARTESIAN_POINT('',(-5.040942050422,5.058125367771,10.692071979463
    ));
#100 = CARTESIAN_POINT('',(-5.428287459819,4.612062926749,
    10.605976799969));
#101 = CARTESIAN_POINT('',(-5.876160618333,3.98980603931,10.49988406442)
  );
#102 = CARTESIAN_POINT('',(-5.983800903806,3.829618083451,
    10.473732477109));
#103 = CARTESIAN_POINT('',(-6.085555460646,3.667279354818,
    10.448441892661));
#104 = CARTESIAN_POINT('',(-6.18149477859,3.502979172468,10.424105052166
    ));
#105 = CARTESIAN_POINT('',(-6.271685114583,3.3368926038,10.400805318388)
  );
#106 = CARTESIAN_POINT('',(-6.35618806923,3.169182269786,10.37861731772)
  );
#107 = CARTESIAN_POINT('',(-6.435060191232,2.999999987113,
    10.357607503425));
#108 = PCURVE('',#109,#114);
#109 = CYLINDRICAL_SURFACE('',#110,25.);
#110 = AXIS2_PLACEMENT_3D('',#111,#112,#113);
#111 = CARTESIAN_POINT('',(0.,30.,-13.8));
#112 = DIRECTION('',(0.,-1.,2.22044604925E-16));
#113 = DIRECTION('',(1.,0.,0.));
#114 = DEFINITIONAL_REPRESENTATION('',(#115),#207);
#115 = B_SPLINE_CURVE_WITH_KNOTS('',3,(#116,#117,#118,#119,#120,#121,
    #122,#123,#124,#125,#126,#127,#128,#129,#130,#131,#132,#133,#134,
    #135,#136,#137,#138,#139,#140,#141,#142,#143,#144,#145,#146,#147,
    #148,#149,#150,#151,#152,#153,#154,#155,#156,#157,#158,#159,#160,
    #161,#162,#163,#164,#165,#166,#167,#168,#169,#170,#171,#172,#173,
    #174,#175,#176,#177,#178,#179,#180,#181,#182,#183,#184,#185,#186,
    #187,#188,#189,#190,#191,#192,#193,#194,#195,#196,#197,#198,#199,
    #200,#201,#202,#203,#204,#205,#206),.UNSPECIFIED.,.F.,.F.,(4,1,1,1,1
    ,1,1,1,1,1,1,1,1,1,1,1,1,1,1,1,1,1,1,1,1,1,1,1,1,1,1,1,1,1,1,1,1,1,1
    ,1,1,1,1,1,1,1,1,1,1,1,1,1,1,1,1,1,1,1,1,1,1,1,1,1,1,1,1,1,1,1,1,1,1
    ,1,1,1,1,1,1,1,1,1,1,1,1,1,1,1,4),(0.57915621258,0.588720837739,
    0.598285462897,0.607850088055,0.617414713213,0.626979338371,
    0.63654396353,0.646108588688,0.655673213846,0.665237839004,
    0.674802464163,0.684367089321,0.693931714479,0.703496339637,
    0.713060964796,0.722625589954,0.732190215112,0.74175484027,
    0.751319465428,0.760884090587,0.770448715745,0.780013340903,
    0.789577966061,0.79914259122,0.808707216378,0.818271841536,
    0.827836466694,0.837401091852,0.846965717011,0.856530342169,
    0.866094967327,0.875659592485,0.885224217644,0.894788842802,
    0.90435346796,0.913918093118,0.923482718276,0.933047343435,
    0.942611968593,0.952176593751,0.961741218909,0.971305844068,
    0.980870469226,0.990435094384,0.999999719542,1.009564344701,
    1.019128969859,1.028693595017,1.038258220175,1.047822845333,
    1.057387470492,1.06695209565,1.076516720808,1.086081345966,
    1.095645971125,1.105210596283,1.114775221441,1.124339846599,
    1.133904471757,1.143469096916,1.153033722074,1.162598347232,
    1.17216297239,1.181727597549,1.191292222707,1.200856847865,
    1.210421473023,1.219986098182,1.22955072334,1.239115348498,
    1.248679973656,1.258244598814,1.267809223973,1.277373849131,
    1.286938474289,1.296503099447,1.306067724606,1.315632349764,
    1.325196974922,1.33476160008,1.344326225238,1.353890850397,
    1.363455475555,1.373020100713,1.382584725871,1.39214935103,
    1.401713976188,1.411278601346,1.420843226504),
  .QUASI_UNIFORM_KNOTS.);
#116 = CARTESIAN_POINT('',(1.83112939113,32.999999987165));
#117 = CARTESIAN_POINT('',(1.828888480716,33.116110300091));
#118 = CARTESIAN_POINT('',(1.824128603789,33.34657273344));
#119 = CARTESIAN_POINT('',(1.816144922934,33.686059264953));
#120 = CARTESIAN_POINT('',(1.807307756638,34.018436931292));
#121 = CARTESIAN_POINT('',(1.79760721474,34.342696205604));
#122 = CARTESIAN_POINT('',(1.787001528049,34.658577624661));
#123 = CARTESIAN_POINT('',(1.775483427654,34.964433282197));
#124 = CARTESIAN_POINT('',(1.763041874506,35.258702481948));
#125 = CARTESIAN_POINT('',(1.749669454287,35.539621468759));
#126 = CARTESIAN_POINT('',(1.735360842686,35.80529087342));
#127 = CARTESIAN_POINT('',(1.720113542639,36.053647027448));
#128 = CARTESIAN_POINT('',(1.703928743224,36.282452455501));
#129 = CARTESIAN_POINT('',(1.686809740642,36.489297522533));
#130 = CARTESIAN_POINT('',(1.668770362056,36.671529383703));
#131 = CARTESIAN_POINT('',(1.649806253208,36.826451031947));
#132 = CARTESIAN_POINT('',(1.630023669341,36.950368898977));
#133 = CARTESIAN_POINT('',(1.609642045931,37.039689605397));
#134 = CARTESIAN_POINT('',(1.5888640982,37.092058066862));
#135 = CARTESIAN_POINT('',(1.567902563453,37.106083501191));
#136 = CARTESIAN_POINT('',(1.546970467547,37.08140402189));
#137 = CARTESIAN_POINT('',(1.526280571939,37.018660026305));
#138 = CARTESIAN_POINT('',(1.506044663369,36.91952482302));
#139 = CARTESIAN_POINT('',(1.486464277998,36.786628511817));
#140 = CARTESIAN_POINT('',(1.467755728675,36.62388261833));
#141 = CARTESIAN_POINT('',(1.449968440169,36.434587879703));
#142 = CARTESIAN_POINT('',(1.433106561185,36.221433523638));
#143 = CARTESIAN_POINT('',(1.417179999746,35.987002206373));
#144 = CARTESIAN_POINT('',(1.402191673006,35.733655203167));
#145 = CARTESIAN_POINT('',(1.388141639432,35.46358074409));
#146 = CARTESIAN_POINT('',(1.375026596456,35.178796292238));
#147 = CARTESIAN_POINT('',(1.362840615586,34.881162545741));
#148 = CARTESIAN_POINT('',(1.351575204969,34.572387876917));
#149 = CARTESIAN_POINT('',(1.341220516351,34.254051209648));
#150 = CARTESIAN_POINT('',(1.331762376409,33.927553253272));
#151 = CARTESIAN_POINT('',(1.323160750063,33.593087827073));
#152 = CARTESIAN_POINT('',(1.315410928285,33.251807774976));
#153 = CARTESIAN_POINT('',(1.308501982192,32.904569451652));
#154 = CARTESIAN_POINT('',(1.302425775753,32.552211350945));
#155 = CARTESIAN_POINT('',(1.297174601819,32.195491263178));
#156 = CARTESIAN_POINT('',(1.292741874055,31.835114431308));
#157 = CARTESIAN_POINT('',(1.289122006765,31.471736014268));
#158 = CARTESIAN_POINT('',(1.286310518413,31.105972248335));
#159 = CARTESIAN_POINT('',(1.284304080693,30.738399528882));
#160 = CARTESIAN_POINT('',(1.283100587708,30.369590226348));
#161 = CARTESIAN_POINT('',(1.282699223782,30.000010852853));
#162 = CARTESIAN_POINT('',(1.283100540687,29.630431394001));
#163 = CARTESIAN_POINT('',(1.28430398678,29.261622036725));
#164 = CARTESIAN_POINT('',(1.286310376492,28.894049393425));
#165 = CARTESIAN_POINT('',(1.289121813863,28.528285913043));
#166 = CARTESIAN_POINT('',(1.292741625018,28.16490802156));
#167 = CARTESIAN_POINT('',(1.297174289526,27.804531939426));
#168 = CARTESIAN_POINT('',(1.302425391864,27.447812758581));
#169 = CARTESIAN_POINT('',(1.308501518606,27.095455600277));
#170 = CARTESIAN_POINT('',(1.315410379063,26.748218085596));
#171 = CARTESIAN_POINT('',(1.323160114991,26.406938469274));
#172 = CARTESIAN_POINT('',(1.331761662128,26.072472901819));
#173 = CARTESIAN_POINT('',(1.341219750541,25.745973708803));
#174 = CARTESIAN_POINT('',(1.351574391483,25.427635718538));
#175 = CARTESIAN_POINT('',(1.362839756948,25.11885965623));
#176 = CARTESIAN_POINT('',(1.375025695802,24.821224440506));
#177 = CARTESIAN_POINT('',(1.388140699998,24.536438444885));
#178 = CARTESIAN_POINT('',(1.402190698275,24.266362367713));
#179 = CARTESIAN_POINT('',(1.4171789934,24.013013673439));
#180 = CARTESIAN_POINT('',(1.433105527178,23.778580593602));
#181 = CARTESIAN_POINT('',(1.449967382509,23.565424407056));
#182 = CARTESIAN_POINT('',(1.467754652243,23.376127768893));
#183 = CARTESIAN_POINT('',(1.486463185505,23.21337992657));
#184 = CARTESIAN_POINT('',(1.506043567893,23.080481553485));
#185 = CARTESIAN_POINT('',(1.526279487722,22.981344248325));
#186 = CARTESIAN_POINT('',(1.546969407355,22.9185981848));
#187 = CARTESIAN_POINT('',(1.567901539087,22.893916733786));
#188 = CARTESIAN_POINT('',(1.588863120198,22.907940347191));
#189 = CARTESIAN_POINT('',(1.60964112349,22.960307184361));
#190 = CARTESIAN_POINT('',(1.630022810289,23.049626502037));
#191 = CARTESIAN_POINT('',(1.649805463688,23.17354324303));
#192 = CARTESIAN_POINT('',(1.668769647441,23.328464061899));
#193 = CARTESIAN_POINT('',(1.686809097063,23.510695316437));
#194 = CARTESIAN_POINT('',(1.703928167555,23.717539976856));
#195 = CARTESIAN_POINT('',(1.720113031263,23.946345174324));
#196 = CARTESIAN_POINT('',(1.735360391895,24.194701252811));
#197 = CARTESIAN_POINT('',(1.749669060245,24.460370717964));
#198 = CARTESIAN_POINT('',(1.763041533282,24.741289882929));
#199 = CARTESIAN_POINT('',(1.775483135362,25.035559366057));
#200 = CARTESIAN_POINT('',(1.787001280473,25.341415384929));
#201 = CARTESIAN_POINT('',(1.797607008861,25.657297278097));
#202 = CARTESIAN_POINT('',(1.807307585053,25.981556948631));
#203 = CARTESIAN_POINT('',(1.816144807649,26.3139360445));
#204 = CARTESIAN_POINT('',(1.824128549211,26.653424694262));
#205 = CARTESIAN_POINT('',(1.828888464135,26.883888826258));
#206 = CARTESIAN_POINT('',(1.831129391126,27.000000012887));
#207 = ( GEOMETRIC_REPRESENTATION_CONTEXT(2) 
PARAMETRIC_REPRESENTATION_CONTEXT() REPRESENTATION_CONTEXT('2D SPACE',''
  ) );
#208 = PCURVE('',#209,#214);
#209 = CYLINDRICAL_SURFACE('',#210,7.1);
#210 = AXIS2_PLACEMENT_3D('',#211,#212,#213);
#211 = CARTESIAN_POINT('',(0.,0.,0.));
#212 = DIRECTION('',(0.,0.,1.));
#213 = DIRECTION('',(1.,0.,-0.));
#214 = DEFINITIONAL_REPRESENTATION('',(#215),#307);
#215 = B_SPLINE_CURVE_WITH_KNOTS('',3,(#216,#217,#218,#219,#220,#221,
    #222,#223,#224,#225,#226,#227,#228,#229,#230,#231,#232,#233,#234,
    #235,#236,#237,#238,#239,#240,#241,#242,#243,#244,#245,#246,#247,
    #248,#249,#250,#251,#252,#253,#254,#255,#256,#257,#258,#259,#260,
    #261,#262,#263,#264,#265,#266,#267,#268,#269,#270,#271,#272,#273,
    #274,#275,#276,#277,#278,#279,#280,#281,#282,#283,#284,#285,#286,
    #287,#288,#289,#290,#291,#292,#293,#294,#295,#296,#297,#298,#299,
    #300,#301,#302,#303,#304,#305,#306),.UNSPECIFIED.,.F.,.F.,(4,1,1,1,1
    ,1,1,1,1,1,1,1,1,1,1,1,1,1,1,1,1,1,1,1,1,1,1,1,1,1,1,1,1,1,1,1,1,1,1
    ,1,1,1,1,1,1,1,1,1,1,1,1,1,1,1,1,1,1,1,1,1,1,1,1,1,1,1,1,1,1,1,1,1,1
    ,1,1,1,1,1,1,1,1,1,1,1,1,1,1,1,4),(0.57915621258,0.588720837739,
    0.598285462897,0.607850088055,0.617414713213,0.626979338371,
    0.63654396353,0.646108588688,0.655673213846,0.665237839004,
    0.674802464163,0.684367089321,0.693931714479,0.703496339637,
    0.713060964796,0.722625589954,0.732190215112,0.74175484027,
    0.751319465428,0.760884090587,0.770448715745,0.780013340903,
    0.789577966061,0.79914259122,0.808707216378,0.818271841536,
    0.827836466694,0.837401091852,0.846965717011,0.856530342169,
    0.866094967327,0.875659592485,0.885224217644,0.894788842802,
    0.90435346796,0.913918093118,0.923482718276,0.933047343435,
    0.942611968593,0.952176593751,0.961741218909,0.971305844068,
    0.980870469226,0.990435094384,0.999999719542,1.009564344701,
    1.019128969859,1.028693595017,1.038258220175,1.047822845333,
    1.057387470492,1.06695209565,1.076516720808,1.086081345966,
    1.095645971125,1.105210596283,1.114775221441,1.124339846599,
    1.133904471757,1.143469096916,1.153033722074,1.162598347232,
    1.17216297239,1.181727597549,1.191292222707,1.200856847865,
    1.210421473023,1.219986098182,1.22955072334,1.239115348498,
    1.248679973656,1.258244598814,1.267809223973,1.277373849131,
    1.286938474289,1.296503099447,1.306067724606,1.315632349764,
    1.325196974922,1.33476160008,1.344326225238,1.353890850397,
    1.363455475555,1.373020100713,1.382584725871,1.39214935103,
    1.401713976188,1.411278601346,1.420843226504),
  .QUASI_UNIFORM_KNOTS.);
#216 = CARTESIAN_POINT('',(3.577833332394,10.357607503375));
#217 = CARTESIAN_POINT('',(3.595878041074,10.372022811903));
#218 = CARTESIAN_POINT('',(3.632144696464,10.402298025651));
#219 = CARTESIAN_POINT('',(3.687154602223,10.451602522819));
#220 = CARTESIAN_POINT('',(3.742851351978,10.504379863389));
#221 = CARTESIAN_POINT('',(3.799316372482,10.560129732862));
#222 = CARTESIAN_POINT('',(3.856794872842,10.618461277755));
#223 = CARTESIAN_POINT('',(3.915324479357,10.678700532733));
#224 = CARTESIAN_POINT('',(3.974982141498,10.740122320888));
#225 = CARTESIAN_POINT('',(4.035838621993,10.801904995486));
#226 = CARTESIAN_POINT('',(4.09797176879,10.863141800139));
#227 = CARTESIAN_POINT('',(4.161464748347,10.922839092201));
#228 = CARTESIAN_POINT('',(4.226406024921,10.979918901815));
#229 = CARTESIAN_POINT('',(4.292898173807,11.033227917456));
#230 = CARTESIAN_POINT('',(4.361030969312,11.081529287492));
#231 = CARTESIAN_POINT('',(4.430990654595,11.12357181417));
#232 = CARTESIAN_POINT('',(4.502595830402,11.157847661683));
#233 = CARTESIAN_POINT('',(4.575326344351,11.18290918395));
#234 = CARTESIAN_POINT('',(4.64878365314,11.197740323359));
#235 = CARTESIAN_POINT('',(4.722569933277,11.201729685142));
#236 = CARTESIAN_POINT('',(4.796303650889,11.194714779141));
#237 = CARTESIAN_POINT('',(4.869601529715,11.176982068021));
#238 = CARTESIAN_POINT('',(4.942060759234,11.149262432045));
#239 = CARTESIAN_POINT('',(5.013273471413,11.112678970862));
#240 = CARTESIAN_POINT('',(5.082708915051,11.068779850437));
#241 = CARTESIAN_POINT('',(5.150379856426,11.018970738095));
#242 = CARTESIAN_POINT('',(5.216433417849,10.96450210356));
#243 = CARTESIAN_POINT('',(5.280965991613,10.906588126594));
#244 = CARTESIAN_POINT('',(5.344075227043,10.846362118316));
#245 = CARTESIAN_POINT('',(5.405848239306,10.784879154291));
#246 = CARTESIAN_POINT('',(5.466366552649,10.723109117354));
#247 = CARTESIAN_POINT('',(5.525705996745,10.66193535894));
#248 = CARTESIAN_POINT('',(5.583938876717,10.602152720566));
#249 = CARTESIAN_POINT('',(5.641131444519,10.544472514708));
#250 = CARTESIAN_POINT('',(5.697357602098,10.489508101196));
#251 = CARTESIAN_POINT('',(5.752862065872,10.437636506961));
#252 = CARTESIAN_POINT('',(5.807695116344,10.389366178108));
#253 = CARTESIAN_POINT('',(5.861941592777,10.345109189441));
#254 = CARTESIAN_POINT('',(5.915672935807,10.30523439852));
#255 = CARTESIAN_POINT('',(5.968960893969,10.270057302906));
#256 = CARTESIAN_POINT('',(6.021874551463,10.239846530367));
#257 = CARTESIAN_POINT('',(6.074481830346,10.214825521796));
#258 = CARTESIAN_POINT('',(6.126849403633,10.195175128708));
#259 = CARTESIAN_POINT('',(6.179044310219,10.181035568575));
#260 = CARTESIAN_POINT('',(6.23113034192,10.172508133742));
#261 = CARTESIAN_POINT('',(6.283183779298,10.169656518197));
#262 = CARTESIAN_POINT('',(6.335237224563,10.172507799935));
#263 = CARTESIAN_POINT('',(6.387323251593,10.181034904516));
#264 = CARTESIAN_POINT('',(6.439518126491,10.195174131937));
#265 = CARTESIAN_POINT('',(6.491885628942,10.214824179909));
#266 = CARTESIAN_POINT('',(6.544492791565,10.239844819543));
#267 = CARTESIAN_POINT('',(6.59740628684,10.270055190617));
#268 = CARTESIAN_POINT('',(6.650694043088,10.305231850266));
#269 = CARTESIAN_POINT('',(6.704425158906,10.34510617987));
#270 = CARTESIAN_POINT('',(6.758671405266,10.389362704383));
#271 = CARTESIAN_POINT('',(6.813504259218,10.437632609639));
#272 = CARTESIAN_POINT('',(6.86900859406,10.489503868499));
#273 = CARTESIAN_POINT('',(6.925234789078,10.544468154094));
#274 = CARTESIAN_POINT('',(6.982427397163,10.602148293629));
#275 = CARTESIAN_POINT('',(7.040660315541,10.661930922802));
#276 = CARTESIAN_POINT('',(7.099999797706,10.723104733125));
#277 = CARTESIAN_POINT('',(7.160518148579,10.784874884032));
#278 = CARTESIAN_POINT('',(7.222291198069,10.84635802499));
#279 = CARTESIAN_POINT('',(7.28540047045,10.906584273056));
#280 = CARTESIAN_POINT('',(7.349933081136,10.964498551805));
#281 = CARTESIAN_POINT('',(7.415986678865,11.018967547839));
#282 = CARTESIAN_POINT('',(7.483657658267,11.068777079497));
#283 = CARTESIAN_POINT('',(7.553093132892,11.112676668407));
#284 = CARTESIAN_POINT('',(7.62430590568,11.149260660519));
#285 = CARTESIAN_POINT('',(7.696765226679,11.176980864732));
#286 = CARTESIAN_POINT('',(7.770063221637,11.194714152871));
#287 = CARTESIAN_POINT('',(7.843797077037,11.201729618244));
#288 = CARTESIAN_POINT('',(7.917583513774,11.197740774022));
#289 = CARTESIAN_POINT('',(7.991040995837,11.182910089871));
#290 = CARTESIAN_POINT('',(8.06377169832,11.157848944135));
#291 = CARTESIAN_POINT('',(8.13537707589,11.123573383938));
#292 = CARTESIAN_POINT('',(8.205336978261,11.081531046468));
#293 = CARTESIAN_POINT('',(8.273469975922,11.033229790015));
#294 = CARTESIAN_POINT('',(8.339962316851,10.979920821358));
#295 = CARTESIAN_POINT('',(8.404903775444,10.922841002199));
#296 = CARTESIAN_POINT('',(8.46839692814,10.863143653576));
#297 = CARTESIAN_POINT('',(8.530530239948,10.801906754458));
#298 = CARTESIAN_POINT('',(8.591386877881,10.740123956198));
#299 = CARTESIAN_POINT('',(8.651044691052,10.678702022591));
#300 = CARTESIAN_POINT('',(8.709574440636,10.618462609545));
#301 = CARTESIAN_POINT('',(8.767053084433,10.560130893195));
#302 = CARTESIAN_POINT('',(8.823518219922,10.504380871775));
#303 = CARTESIAN_POINT('',(8.879215243569,10.451603227136));
#304 = CARTESIAN_POINT('',(8.934225510898,10.402298370982));
#305 = CARTESIAN_POINT('',(8.97049243806,10.372022919226));
#306 = CARTESIAN_POINT('',(8.988537281966,10.357607503425));
#307 = ( GEOMETRIC_REPRESENTATION_CONTEXT(2) 
PARAMETRIC_REPRESENTATION_CONTEXT() REPRESENTATION_CONTEXT('2D SPACE',''
  ) );
#308 = ORIENTED_EDGE('',*,*,#309,.T.);
#309 = EDGE_CURVE('',#42,#310,#312,.T.);
#310 = VERTEX_POINT('',#311);
#311 = CARTESIAN_POINT('',(-12.00829064384,3.,8.127173913043));
#312 = SURFACE_CURVE('',#313,(#318,#325),.PCURVE_S1.);
#313 = CIRCLE('',#314,25.);
#314 = AXIS2_PLACEMENT_3D('',#315,#316,#317);
#315 = CARTESIAN_POINT('',(0.,3.,-13.8));
#316 = DIRECTION('',(0.,-1.,2.22044604925E-16));
#317 = DIRECTION('',(1.,0.,0.));
#318 = PCURVE('',#109,#319);
#319 = DEFINITIONAL_REPRESENTATION('',(#320),#324);
#320 = LINE('',#321,#322);
#321 = CARTESIAN_POINT('',(0.,27.));
#322 = VECTOR('',#323,1.);
#323 = DIRECTION('',(1.,0.));
#324 = ( GEOMETRIC_REPRESENTATION_CONTEXT(2) 
PARAMETRIC_REPRESENTATION_CONTEXT() REPRESENTATION_CONTEXT('2D SPACE',''
  ) );
#325 = PCURVE('',#326,#331);
#326 = PLANE('',#327);
#327 = AXIS2_PLACEMENT_3D('',#328,#329,#330);
#328 = CARTESIAN_POINT('',(0.,3.,-6.661338147751E-16));
#329 = DIRECTION('',(0.,-1.,2.22044604925E-16));
#330 = DIRECTION('',(1.,0.,0.));
#331 = DEFINITIONAL_REPRESENTATION('',(#332),#336);
#332 = CIRCLE('',#333,25.);
#333 = AXIS2_PLACEMENT_2D('',#334,#335);
#334 = CARTESIAN_POINT('',(0.,-13.8));
#335 = DIRECTION('',(1.,0.));
#336 = ( GEOMETRIC_REPRESENTATION_CONTEXT(2) 
PARAMETRIC_REPRESENTATION_CONTEXT() REPRESENTATION_CONTEXT('2D SPACE',''
  ) );
#337 = ORIENTED_EDGE('',*,*,#338,.T.);
#338 = EDGE_CURVE('',#310,#339,#341,.T.);
#339 = VERTEX_POINT('',#340);
#340 = CARTESIAN_POINT('',(-12.00829064384,-3.,8.127173913043));
#341 = SURFACE_CURVE('',#342,(#346,#352),.PCURVE_S1.);
#342 = LINE('',#343,#344);
#343 = CARTESIAN_POINT('',(-12.00829064384,30.,8.127173913043));
#344 = VECTOR('',#345,1.);
#345 = DIRECTION('',(0.,-1.,2.22044604925E-16));
#346 = PCURVE('',#109,#347);
#347 = DEFINITIONAL_REPRESENTATION('',(#348),#351);
#348 = B_SPLINE_CURVE_WITH_KNOTS('',1,(#349,#350),.UNSPECIFIED.,.F.,.F.,
  (2,2),(26.9999994,33.0000006),.PIECEWISE_BEZIER_KNOTS.);
#349 = CARTESIAN_POINT('',(2.071829099131,26.9999994));
#350 = CARTESIAN_POINT('',(2.071829099131,33.0000006));
#351 = ( GEOMETRIC_REPRESENTATION_CONTEXT(2) 
PARAMETRIC_REPRESENTATION_CONTEXT() REPRESENTATION_CONTEXT('2D SPACE',''
  ) );
#352 = PCURVE('',#353,#358);
#353 = CYLINDRICAL_SURFACE('',#354,14.5);
#354 = AXIS2_PLACEMENT_3D('',#355,#356,#357);
#355 = CARTESIAN_POINT('',(0.,3.,-6.661338147751E-16));
#356 = DIRECTION('',(0.,-1.,2.22044604925E-16));
#357 = DIRECTION('',(1.,0.,0.));
#358 = DEFINITIONAL_REPRESENTATION('',(#359),#362);
#359 = B_SPLINE_CURVE_WITH_KNOTS('',1,(#360,#361),.UNSPECIFIED.,.F.,.F.,
  (2,2),(26.9999994,33.0000006),.PIECEWISE_BEZIER_KNOTS.);
#360 = CARTESIAN_POINT('',(2.546609560938,-6.000002841233E-07));
#361 = CARTESIAN_POINT('',(2.546609560938,6.0000006));
#362 = ( GEOMETRIC_REPRESENTATION_CONTEXT(2) 
PARAMETRIC_REPRESENTATION_CONTEXT() REPRESENTATION_CONTEXT('2D SPACE',''
  ) );
#363 = ORIENTED_EDGE('',*,*,#364,.F.);
#364 = EDGE_CURVE('',#365,#339,#367,.T.);
#365 = VERTEX_POINT('',#366);
#366 = CARTESIAN_POINT('',(-6.435060217278,-3.,10.357607497432));
#367 = SURFACE_CURVE('',#368,(#373,#380),.PCURVE_S1.);
#368 = CIRCLE('',#369,25.);
#369 = AXIS2_PLACEMENT_3D('',#370,#371,#372);
#370 = CARTESIAN_POINT('',(0.,-3.,-13.8));
#371 = DIRECTION('',(0.,-1.,2.22044604925E-16));
#372 = DIRECTION('',(1.,0.,0.));
#373 = PCURVE('',#109,#374);
#374 = DEFINITIONAL_REPRESENTATION('',(#375),#379);
#375 = LINE('',#376,#377);
#376 = CARTESIAN_POINT('',(0.,33.));
#377 = VECTOR('',#378,1.);
#378 = DIRECTION('',(1.,0.));
#379 = ( GEOMETRIC_REPRESENTATION_CONTEXT(2) 
PARAMETRIC_REPRESENTATION_CONTEXT() REPRESENTATION_CONTEXT('2D SPACE',''
  ) );
#380 = PCURVE('',#381,#386);
#381 = PLANE('',#382);
#382 = AXIS2_PLACEMENT_3D('',#383,#384,#385);
#383 = CARTESIAN_POINT('',(0.,-3.,6.661338147751E-16));
#384 = DIRECTION('',(0.,-1.,2.22044604925E-16));
#385 = DIRECTION('',(1.,0.,0.));
#386 = DEFINITIONAL_REPRESENTATION('',(#387),#391);
#387 = CIRCLE('',#388,25.);
#388 = AXIS2_PLACEMENT_2D('',#389,#390);
#389 = CARTESIAN_POINT('',(0.,-13.8));
#390 = DIRECTION('',(1.,0.));
#391 = ( GEOMETRIC_REPRESENTATION_CONTEXT(2) 
PARAMETRIC_REPRESENTATION_CONTEXT() REPRESENTATION_CONTEXT('2D SPACE',''
  ) );
#392 = ORIENTED_EDGE('',*,*,#393,.T.);
#393 = EDGE_CURVE('',#365,#394,#396,.T.);
#394 = VERTEX_POINT('',#395);
#395 = CARTESIAN_POINT('',(-3.155946768143,-6.360031440225,11.));
#396 = SURFACE_CURVE('',#397,(#460,#555),.PCURVE_S1.);
#397 = B_SPLINE_CURVE_WITH_KNOTS('',7,(#398,#399,#400,#401,#402,#403,
    #404,#405,#406,#407,#408,#409,#410,#411,#412,#413,#414,#415,#416,
    #417,#418,#419,#420,#421,#422,#423,#424,#425,#426,#427,#428,#429,
    #430,#431,#432,#433,#434,#435,#436,#437,#438,#439,#440,#441,#442,
    #443,#444,#445,#446,#447,#448,#449,#450,#451,#452,#453,#454,#455,
    #456,#457,#458,#459),.UNSPECIFIED.,.F.,.F.,(8,6,6,6,6,6,6,6,6,6,8),(
    0.57915621258,0.611672674253,0.707353190519,0.792647727885,
    0.888328244151,1.,1.111671940039,1.207352262045,1.292646626237,
    1.388326948265,1.420843226504),.UNSPECIFIED.);
#398 = CARTESIAN_POINT('',(-6.435060191331,-2.999999987165,
    10.357607503375));
#399 = CARTESIAN_POINT('',(-6.356188219864,-3.169181946875,
    10.378617277571));
#400 = CARTESIAN_POINT('',(-6.271685424132,-3.33689199156,
    10.400805237149));
#401 = CARTESIAN_POINT('',(-6.181495234659,-3.502978342577,
    10.424104934657));
#402 = CARTESIAN_POINT('',(-6.085556018033,-3.667278424406,
    10.448441752219));
#403 = CARTESIAN_POINT('',(-5.983801468769,-3.829617221269,
    10.473732338618));
#404 = CARTESIAN_POINT('',(-5.876161028599,-3.989805469303,
    10.499883967236));
#405 = CARTESIAN_POINT('',(-5.428287459721,-4.612062926885,
    10.605976799992));
#406 = CARTESIAN_POINT('',(-5.040942050396,-5.058125367753,
    10.692071979466));
#407 = CARTESIAN_POINT('',(-4.598363135031,-5.47949049382,
    10.782435450358));
#408 = CARTESIAN_POINT('',(-4.098753726491,-5.86830769996,
    10.873440254386));
#409 = CARTESIAN_POINT('',(-3.541007601226,-6.215015265851,
    10.960383786536));
#410 = CARTESIAN_POINT('',(-2.925289802022,-6.507968402609,
    11.037408276153));
#411 = CARTESIAN_POINT('',(-1.655791787044,-6.932998613641,
    11.152340095013));
#412 = CARTESIAN_POINT('',(-1.012584634221,-7.079358751182,
    11.193658507137));
#413 = CARTESIAN_POINT('',(-0.340816634807,-7.156279915635,
    11.216246168544));
#414 = CARTESIAN_POINT('',(0.340816634805,-7.156279915637,
    11.216246168544));
#415 = CARTESIAN_POINT('',(1.012584634225,-7.079358751181,
    11.193658507137));
#416 = CARTESIAN_POINT('',(1.655791787042,-6.932998613641,
    11.152340095013));
#417 = CARTESIAN_POINT('',(2.925289802022,-6.507968402609,
    11.037408276153));
#418 = CARTESIAN_POINT('',(3.541007601226,-6.215015265851,
    10.960383786536));
#419 = CARTESIAN_POINT('',(4.098753726491,-5.86830769996,10.873440254386
    ));
#420 = CARTESIAN_POINT('',(4.598363135031,-5.47949049382,10.782435450358
    ));
#421 = CARTESIAN_POINT('',(5.040942050396,-5.058125367753,
    10.692071979466));
#422 = CARTESIAN_POINT('',(5.428287459721,-4.612062926886,
    10.605976799992));
#423 = CARTESIAN_POINT('',(6.152700808775,-3.605592261625,
    10.434376889598));
#424 = CARTESIAN_POINT('',(6.472545641967,-3.035754905327,10.35090239721
    ));
#425 = CARTESIAN_POINT('',(6.725102644617,-2.446451929933,
    10.280535281247));
#426 = CARTESIAN_POINT('',(6.912855871414,-1.843750991844,
    10.226038208887));
#427 = CARTESIAN_POINT('',(7.037542081282,-1.23240925498,10.189106828055
    ));
#428 = CARTESIAN_POINT('',(7.1,-0.616527187008,10.170607001075));
#429 = CARTESIAN_POINT('',(7.1,0.616528203902,10.170607001075));
#430 = CARTESIAN_POINT('',(7.037541873235,1.232411621325,10.189106890387
    ));
#431 = CARTESIAN_POINT('',(6.91285514366,1.843753745943,10.226038421322)
  );
#432 = CARTESIAN_POINT('',(6.725101659354,2.446453584478,10.280535573503
    ));
#433 = CARTESIAN_POINT('',(6.472545489244,3.035754189333,10.350902377347
    ));
#434 = CARTESIAN_POINT('',(6.152702244375,3.60559026706,10.434376549531)
  );
#435 = CARTESIAN_POINT('',(5.428287459721,4.612062926886,10.605976799992
    ));
#436 = CARTESIAN_POINT('',(5.040942050396,5.058125367752,10.692071979466
    ));
#437 = CARTESIAN_POINT('',(4.598363135031,5.479490493821,10.782435450358
    ));
#438 = CARTESIAN_POINT('',(4.098753726491,5.868307699959,10.873440254385
    ));
#439 = CARTESIAN_POINT('',(3.541007601225,6.215015265851,10.960383786536
    ));
#440 = CARTESIAN_POINT('',(2.925289802022,6.507968402609,11.037408276153
    ));
#441 = CARTESIAN_POINT('',(1.655791787043,6.932998613641,11.152340095013
    ));
#442 = CARTESIAN_POINT('',(1.012584634222,7.079358751182,11.193658507137
    ));
#443 = CARTESIAN_POINT('',(0.340816634809,7.156279915636,11.216246168544
    ));
#444 = CARTESIAN_POINT('',(-0.340816634808,7.156279915636,
    11.216246168544));
#445 = CARTESIAN_POINT('',(-1.012584634223,7.079358751182,
    11.193658507137));
#446 = CARTESIAN_POINT('',(-1.655791787042,6.932998613641,
    11.152340095013));
#447 = CARTESIAN_POINT('',(-2.925289802179,6.507968402557,
    11.037408276139));
#448 = CARTESIAN_POINT('',(-3.541007601241,6.215015265805,
    10.960383786525));
#449 = CARTESIAN_POINT('',(-4.098753726375,5.868307700013,
    10.873440254402));
#450 = CARTESIAN_POINT('',(-4.598363134932,5.479490493927,
    10.782435450382));
#451 = CARTESIAN_POINT('',(-5.040942050422,5.058125367771,
    10.692071979463));
#452 = CARTESIAN_POINT('',(-5.428287459819,4.612062926749,
    10.605976799969));
#453 = CARTESIAN_POINT('',(-5.876160618333,3.98980603931,10.49988406442)
  );
#454 = CARTESIAN_POINT('',(-5.983800903806,3.829618083451,
    10.473732477109));
#455 = CARTESIAN_POINT('',(-6.085555460646,3.667279354818,
    10.448441892661));
#456 = CARTESIAN_POINT('',(-6.18149477859,3.502979172468,10.424105052166
    ));
#457 = CARTESIAN_POINT('',(-6.271685114583,3.3368926038,10.400805318388)
  );
#458 = CARTESIAN_POINT('',(-6.35618806923,3.169182269786,10.37861731772)
  );
#459 = CARTESIAN_POINT('',(-6.435060191232,2.999999987113,
    10.357607503425));
#460 = PCURVE('',#109,#461);
#461 = DEFINITIONAL_REPRESENTATION('',(#462),#554);
#462 = B_SPLINE_CURVE_WITH_KNOTS('',3,(#463,#464,#465,#466,#467,#468,
    #469,#470,#471,#472,#473,#474,#475,#476,#477,#478,#479,#480,#481,
    #482,#483,#484,#485,#486,#487,#488,#489,#490,#491,#492,#493,#494,
    #495,#496,#497,#498,#499,#500,#501,#502,#503,#504,#505,#506,#507,
    #508,#509,#510,#511,#512,#513,#514,#515,#516,#517,#518,#519,#520,
    #521,#522,#523,#524,#525,#526,#527,#528,#529,#530,#531,#532,#533,
    #534,#535,#536,#537,#538,#539,#540,#541,#542,#543,#544,#545,#546,
    #547,#548,#549,#550,#551,#552,#553),.UNSPECIFIED.,.F.,.F.,(4,1,1,1,1
    ,1,1,1,1,1,1,1,1,1,1,1,1,1,1,1,1,1,1,1,1,1,1,1,1,1,1,1,1,1,1,1,1,1,1
    ,1,1,1,1,1,1,1,1,1,1,1,1,1,1,1,1,1,1,1,1,1,1,1,1,1,1,1,1,1,1,1,1,1,1
    ,1,1,1,1,1,1,1,1,1,1,1,1,1,1,1,4),(0.57915621258,0.588720837739,
    0.598285462897,0.607850088055,0.617414713213,0.626979338371,
    0.63654396353,0.646108588688,0.655673213846,0.665237839004,
    0.674802464163,0.684367089321,0.693931714479,0.703496339637,
    0.713060964796,0.722625589954,0.732190215112,0.74175484027,
    0.751319465428,0.760884090587,0.770448715745,0.780013340903,
    0.789577966061,0.79914259122,0.808707216378,0.818271841536,
    0.827836466694,0.837401091852,0.846965717011,0.856530342169,
    0.866094967327,0.875659592485,0.885224217644,0.894788842802,
    0.90435346796,0.913918093118,0.923482718276,0.933047343435,
    0.942611968593,0.952176593751,0.961741218909,0.971305844068,
    0.980870469226,0.990435094384,0.999999719542,1.009564344701,
    1.019128969859,1.028693595017,1.038258220175,1.047822845333,
    1.057387470492,1.06695209565,1.076516720808,1.086081345966,
    1.095645971125,1.105210596283,1.114775221441,1.124339846599,
    1.133904471757,1.143469096916,1.153033722074,1.162598347232,
    1.17216297239,1.181727597549,1.191292222707,1.200856847865,
    1.210421473023,1.219986098182,1.22955072334,1.239115348498,
    1.248679973656,1.258244598814,1.267809223973,1.277373849131,
    1.286938474289,1.296503099447,1.306067724606,1.315632349764,
    1.325196974922,1.33476160008,1.344326225238,1.353890850397,
    1.363455475555,1.373020100713,1.382584725871,1.39214935103,
    1.401713976188,1.411278601346,1.420843226504),
  .QUASI_UNIFORM_KNOTS.);
#463 = CARTESIAN_POINT('',(1.83112939113,32.999999987165));
#464 = CARTESIAN_POINT('',(1.828888480716,33.116110300091));
#465 = CARTESIAN_POINT('',(1.824128603789,33.34657273344));
#466 = CARTESIAN_POINT('',(1.816144922934,33.686059264953));
#467 = CARTESIAN_POINT('',(1.807307756638,34.018436931292));
#468 = CARTESIAN_POINT('',(1.79760721474,34.342696205604));
#469 = CARTESIAN_POINT('',(1.787001528049,34.658577624661));
#470 = CARTESIAN_POINT('',(1.775483427654,34.964433282197));
#471 = CARTESIAN_POINT('',(1.763041874506,35.258702481948));
#472 = CARTESIAN_POINT('',(1.749669454287,35.539621468759));
#473 = CARTESIAN_POINT('',(1.735360842686,35.80529087342));
#474 = CARTESIAN_POINT('',(1.720113542639,36.053647027448));
#475 = CARTESIAN_POINT('',(1.703928743224,36.282452455501));
#476 = CARTESIAN_POINT('',(1.686809740642,36.489297522533));
#477 = CARTESIAN_POINT('',(1.668770362056,36.671529383703));
#478 = CARTESIAN_POINT('',(1.649806253208,36.826451031947));
#479 = CARTESIAN_POINT('',(1.630023669341,36.950368898977));
#480 = CARTESIAN_POINT('',(1.609642045931,37.039689605397));
#481 = CARTESIAN_POINT('',(1.5888640982,37.092058066862));
#482 = CARTESIAN_POINT('',(1.567902563453,37.106083501191));
#483 = CARTESIAN_POINT('',(1.546970467547,37.08140402189));
#484 = CARTESIAN_POINT('',(1.526280571939,37.018660026305));
#485 = CARTESIAN_POINT('',(1.506044663369,36.91952482302));
#486 = CARTESIAN_POINT('',(1.486464277998,36.786628511817));
#487 = CARTESIAN_POINT('',(1.467755728675,36.62388261833));
#488 = CARTESIAN_POINT('',(1.449968440169,36.434587879703));
#489 = CARTESIAN_POINT('',(1.433106561185,36.221433523638));
#490 = CARTESIAN_POINT('',(1.417179999746,35.987002206373));
#491 = CARTESIAN_POINT('',(1.402191673006,35.733655203167));
#492 = CARTESIAN_POINT('',(1.388141639432,35.46358074409));
#493 = CARTESIAN_POINT('',(1.375026596456,35.178796292238));
#494 = CARTESIAN_POINT('',(1.362840615586,34.881162545741));
#495 = CARTESIAN_POINT('',(1.351575204969,34.572387876917));
#496 = CARTESIAN_POINT('',(1.341220516351,34.254051209648));
#497 = CARTESIAN_POINT('',(1.331762376409,33.927553253272));
#498 = CARTESIAN_POINT('',(1.323160750063,33.593087827073));
#499 = CARTESIAN_POINT('',(1.315410928285,33.251807774976));
#500 = CARTESIAN_POINT('',(1.308501982192,32.904569451652));
#501 = CARTESIAN_POINT('',(1.302425775753,32.552211350945));
#502 = CARTESIAN_POINT('',(1.297174601819,32.195491263178));
#503 = CARTESIAN_POINT('',(1.292741874055,31.835114431308));
#504 = CARTESIAN_POINT('',(1.289122006765,31.471736014268));
#505 = CARTESIAN_POINT('',(1.286310518413,31.105972248335));
#506 = CARTESIAN_POINT('',(1.284304080693,30.738399528882));
#507 = CARTESIAN_POINT('',(1.283100587708,30.369590226348));
#508 = CARTESIAN_POINT('',(1.282699223782,30.000010852853));
#509 = CARTESIAN_POINT('',(1.283100540687,29.630431394001));
#510 = CARTESIAN_POINT('',(1.28430398678,29.261622036725));
#511 = CARTESIAN_POINT('',(1.286310376492,28.894049393425));
#512 = CARTESIAN_POINT('',(1.289121813863,28.528285913043));
#513 = CARTESIAN_POINT('',(1.292741625018,28.16490802156));
#514 = CARTESIAN_POINT('',(1.297174289526,27.804531939426));
#515 = CARTESIAN_POINT('',(1.302425391864,27.447812758581));
#516 = CARTESIAN_POINT('',(1.308501518606,27.095455600277));
#517 = CARTESIAN_POINT('',(1.315410379063,26.748218085596));
#518 = CARTESIAN_POINT('',(1.323160114991,26.406938469274));
#519 = CARTESIAN_POINT('',(1.331761662128,26.072472901819));
#520 = CARTESIAN_POINT('',(1.341219750541,25.745973708803));
#521 = CARTESIAN_POINT('',(1.351574391483,25.427635718538));
#522 = CARTESIAN_POINT('',(1.362839756948,25.11885965623));
#523 = CARTESIAN_POINT('',(1.375025695802,24.821224440506));
#524 = CARTESIAN_POINT('',(1.388140699998,24.536438444885));
#525 = CARTESIAN_POINT('',(1.402190698275,24.266362367713));
#526 = CARTESIAN_POINT('',(1.4171789934,24.013013673439));
#527 = CARTESIAN_POINT('',(1.433105527178,23.778580593602));
#528 = CARTESIAN_POINT('',(1.449967382509,23.565424407056));
#529 = CARTESIAN_POINT('',(1.467754652243,23.376127768893));
#530 = CARTESIAN_POINT('',(1.486463185505,23.21337992657));
#531 = CARTESIAN_POINT('',(1.506043567893,23.080481553485));
#532 = CARTESIAN_POINT('',(1.526279487722,22.981344248325));
#533 = CARTESIAN_POINT('',(1.546969407355,22.9185981848));
#534 = CARTESIAN_POINT('',(1.567901539087,22.893916733786));
#535 = CARTESIAN_POINT('',(1.588863120198,22.907940347191));
#536 = CARTESIAN_POINT('',(1.60964112349,22.960307184361));
#537 = CARTESIAN_POINT('',(1.630022810289,23.049626502037));
#538 = CARTESIAN_POINT('',(1.649805463688,23.17354324303));
#539 = CARTESIAN_POINT('',(1.668769647441,23.328464061899));
#540 = CARTESIAN_POINT('',(1.686809097063,23.510695316437));
#541 = CARTESIAN_POINT('',(1.703928167555,23.717539976856));
#542 = CARTESIAN_POINT('',(1.720113031263,23.946345174324));
#543 = CARTESIAN_POINT('',(1.735360391895,24.194701252811));
#544 = CARTESIAN_POINT('',(1.749669060245,24.460370717964));
#545 = CARTESIAN_POINT('',(1.763041533282,24.741289882929));
#546 = CARTESIAN_POINT('',(1.775483135362,25.035559366057));
#547 = CARTESIAN_POINT('',(1.787001280473,25.341415384929));
#548 = CARTESIAN_POINT('',(1.797607008861,25.657297278097));
#549 = CARTESIAN_POINT('',(1.807307585053,25.981556948631));
#550 = CARTESIAN_POINT('',(1.816144807649,26.3139360445));
#551 = CARTESIAN_POINT('',(1.824128549211,26.653424694262));
#552 = CARTESIAN_POINT('',(1.828888464135,26.883888826258));
#553 = CARTESIAN_POINT('',(1.831129391126,27.000000012887));
#554 = ( GEOMETRIC_REPRESENTATION_CONTEXT(2) 
PARAMETRIC_REPRESENTATION_CONTEXT() REPRESENTATION_CONTEXT('2D SPACE',''
  ) );
#555 = PCURVE('',#209,#556);
#556 = DEFINITIONAL_REPRESENTATION('',(#557),#649);
#557 = B_SPLINE_CURVE_WITH_KNOTS('',3,(#558,#559,#560,#561,#562,#563,
    #564,#565,#566,#567,#568,#569,#570,#571,#572,#573,#574,#575,#576,
    #577,#578,#579,#580,#581,#582,#583,#584,#585,#586,#587,#588,#589,
    #590,#591,#592,#593,#594,#595,#596,#597,#598,#599,#600,#601,#602,
    #603,#604,#605,#606,#607,#608,#609,#610,#611,#612,#613,#614,#615,
    #616,#617,#618,#619,#620,#621,#622,#623,#624,#625,#626,#627,#628,
    #629,#630,#631,#632,#633,#634,#635,#636,#637,#638,#639,#640,#641,
    #642,#643,#644,#645,#646,#647,#648),.UNSPECIFIED.,.F.,.F.,(4,1,1,1,1
    ,1,1,1,1,1,1,1,1,1,1,1,1,1,1,1,1,1,1,1,1,1,1,1,1,1,1,1,1,1,1,1,1,1,1
    ,1,1,1,1,1,1,1,1,1,1,1,1,1,1,1,1,1,1,1,1,1,1,1,1,1,1,1,1,1,1,1,1,1,1
    ,1,1,1,1,1,1,1,1,1,1,1,1,1,1,1,4),(0.57915621258,0.588720837739,
    0.598285462897,0.607850088055,0.617414713213,0.626979338371,
    0.63654396353,0.646108588688,0.655673213846,0.665237839004,
    0.674802464163,0.684367089321,0.693931714479,0.703496339637,
    0.713060964796,0.722625589954,0.732190215112,0.74175484027,
    0.751319465428,0.760884090587,0.770448715745,0.780013340903,
    0.789577966061,0.79914259122,0.808707216378,0.818271841536,
    0.827836466694,0.837401091852,0.846965717011,0.856530342169,
    0.866094967327,0.875659592485,0.885224217644,0.894788842802,
    0.90435346796,0.913918093118,0.923482718276,0.933047343435,
    0.942611968593,0.952176593751,0.961741218909,0.971305844068,
    0.980870469226,0.990435094384,0.999999719542,1.009564344701,
    1.019128969859,1.028693595017,1.038258220175,1.047822845333,
    1.057387470492,1.06695209565,1.076516720808,1.086081345966,
    1.095645971125,1.105210596283,1.114775221441,1.124339846599,
    1.133904471757,1.143469096916,1.153033722074,1.162598347232,
    1.17216297239,1.181727597549,1.191292222707,1.200856847865,
    1.210421473023,1.219986098182,1.22955072334,1.239115348498,
    1.248679973656,1.258244598814,1.267809223973,1.277373849131,
    1.286938474289,1.296503099447,1.306067724606,1.315632349764,
    1.325196974922,1.33476160008,1.344326225238,1.353890850397,
    1.363455475555,1.373020100713,1.382584725871,1.39214935103,
    1.401713976188,1.411278601346,1.420843226504),
  .QUASI_UNIFORM_KNOTS.);
#558 = CARTESIAN_POINT('',(3.577833332394,10.357607503375));
#559 = CARTESIAN_POINT('',(3.595878041074,10.372022811903));
#560 = CARTESIAN_POINT('',(3.632144696464,10.402298025651));
#561 = CARTESIAN_POINT('',(3.687154602223,10.451602522819));
#562 = CARTESIAN_POINT('',(3.742851351978,10.504379863389));
#563 = CARTESIAN_POINT('',(3.799316372482,10.560129732862));
#564 = CARTESIAN_POINT('',(3.856794872842,10.618461277755));
#565 = CARTESIAN_POINT('',(3.915324479357,10.678700532733));
#566 = CARTESIAN_POINT('',(3.974982141498,10.740122320888));
#567 = CARTESIAN_POINT('',(4.035838621993,10.801904995486));
#568 = CARTESIAN_POINT('',(4.09797176879,10.863141800139));
#569 = CARTESIAN_POINT('',(4.161464748347,10.922839092201));
#570 = CARTESIAN_POINT('',(4.226406024921,10.979918901815));
#571 = CARTESIAN_POINT('',(4.292898173807,11.033227917456));
#572 = CARTESIAN_POINT('',(4.361030969312,11.081529287492));
#573 = CARTESIAN_POINT('',(4.430990654595,11.12357181417));
#574 = CARTESIAN_POINT('',(4.502595830402,11.157847661683));
#575 = CARTESIAN_POINT('',(4.575326344351,11.18290918395));
#576 = CARTESIAN_POINT('',(4.64878365314,11.197740323359));
#577 = CARTESIAN_POINT('',(4.722569933277,11.201729685142));
#578 = CARTESIAN_POINT('',(4.796303650889,11.194714779141));
#579 = CARTESIAN_POINT('',(4.869601529715,11.176982068021));
#580 = CARTESIAN_POINT('',(4.942060759234,11.149262432045));
#581 = CARTESIAN_POINT('',(5.013273471413,11.112678970862));
#582 = CARTESIAN_POINT('',(5.082708915051,11.068779850437));
#583 = CARTESIAN_POINT('',(5.150379856426,11.018970738095));
#584 = CARTESIAN_POINT('',(5.216433417849,10.96450210356));
#585 = CARTESIAN_POINT('',(5.280965991613,10.906588126594));
#586 = CARTESIAN_POINT('',(5.344075227043,10.846362118316));
#587 = CARTESIAN_POINT('',(5.405848239306,10.784879154291));
#588 = CARTESIAN_POINT('',(5.466366552649,10.723109117354));
#589 = CARTESIAN_POINT('',(5.525705996745,10.66193535894));
#590 = CARTESIAN_POINT('',(5.583938876717,10.602152720566));
#591 = CARTESIAN_POINT('',(5.641131444519,10.544472514708));
#592 = CARTESIAN_POINT('',(5.697357602098,10.489508101196));
#593 = CARTESIAN_POINT('',(5.752862065872,10.437636506961));
#594 = CARTESIAN_POINT('',(5.807695116344,10.389366178108));
#595 = CARTESIAN_POINT('',(5.861941592777,10.345109189441));
#596 = CARTESIAN_POINT('',(5.915672935807,10.30523439852));
#597 = CARTESIAN_POINT('',(5.968960893969,10.270057302906));
#598 = CARTESIAN_POINT('',(6.021874551463,10.239846530367));
#599 = CARTESIAN_POINT('',(6.074481830346,10.214825521796));
#600 = CARTESIAN_POINT('',(6.126849403633,10.195175128708));
#601 = CARTESIAN_POINT('',(6.179044310219,10.181035568575));
#602 = CARTESIAN_POINT('',(6.23113034192,10.172508133742));
#603 = CARTESIAN_POINT('',(6.283183779298,10.169656518197));
#604 = CARTESIAN_POINT('',(6.335237224563,10.172507799935));
#605 = CARTESIAN_POINT('',(6.387323251593,10.181034904516));
#606 = CARTESIAN_POINT('',(6.439518126491,10.195174131937));
#607 = CARTESIAN_POINT('',(6.491885628942,10.214824179909));
#608 = CARTESIAN_POINT('',(6.544492791565,10.239844819543));
#609 = CARTESIAN_POINT('',(6.59740628684,10.270055190617));
#610 = CARTESIAN_POINT('',(6.650694043088,10.305231850266));
#611 = CARTESIAN_POINT('',(6.704425158906,10.34510617987));
#612 = CARTESIAN_POINT('',(6.758671405266,10.389362704383));
#613 = CARTESIAN_POINT('',(6.813504259218,10.437632609639));
#614 = CARTESIAN_POINT('',(6.86900859406,10.489503868499));
#615 = CARTESIAN_POINT('',(6.925234789078,10.544468154094));
#616 = CARTESIAN_POINT('',(6.982427397163,10.602148293629));
#617 = CARTESIAN_POINT('',(7.040660315541,10.661930922802));
#618 = CARTESIAN_POINT('',(7.099999797706,10.723104733125));
#619 = CARTESIAN_POINT('',(7.160518148579,10.784874884032));
#620 = CARTESIAN_POINT('',(7.222291198069,10.84635802499));
#621 = CARTESIAN_POINT('',(7.28540047045,10.906584273056));
#622 = CARTESIAN_POINT('',(7.349933081136,10.964498551805));
#623 = CARTESIAN_POINT('',(7.415986678865,11.018967547839));
#624 = CARTESIAN_POINT('',(7.483657658267,11.068777079497));
#625 = CARTESIAN_POINT('',(7.553093132892,11.112676668407));
#626 = CARTESIAN_POINT('',(7.62430590568,11.149260660519));
#627 = CARTESIAN_POINT('',(7.696765226679,11.176980864732));
#628 = CARTESIAN_POINT('',(7.770063221637,11.194714152871));
#629 = CARTESIAN_POINT('',(7.843797077037,11.201729618244));
#630 = CARTESIAN_POINT('',(7.917583513774,11.197740774022));
#631 = CARTESIAN_POINT('',(7.991040995837,11.182910089871));
#632 = CARTESIAN_POINT('',(8.06377169832,11.157848944135));
#633 = CARTESIAN_POINT('',(8.13537707589,11.123573383938));
#634 = CARTESIAN_POINT('',(8.205336978261,11.081531046468));
#635 = CARTESIAN_POINT('',(8.273469975922,11.033229790015));
#636 = CARTESIAN_POINT('',(8.339962316851,10.979920821358));
#637 = CARTESIAN_POINT('',(8.404903775444,10.922841002199));
#638 = CARTESIAN_POINT('',(8.46839692814,10.863143653576));
#639 = CARTESIAN_POINT('',(8.530530239948,10.801906754458));
#640 = CARTESIAN_POINT('',(8.591386877881,10.740123956198));
#641 = CARTESIAN_POINT('',(8.651044691052,10.678702022591));
#642 = CARTESIAN_POINT('',(8.709574440636,10.618462609545));
#643 = CARTESIAN_POINT('',(8.767053084433,10.560130893195));
#644 = CARTESIAN_POINT('',(8.823518219922,10.504380871775));
#645 = CARTESIAN_POINT('',(8.879215243569,10.451603227136));
#646 = CARTESIAN_POINT('',(8.934225510898,10.402298370982));
#647 = CARTESIAN_POINT('',(8.97049243806,10.372022919226));
#648 = CARTESIAN_POINT('',(8.988537281966,10.357607503425));
#649 = ( GEOMETRIC_REPRESENTATION_CONTEXT(2) 
PARAMETRIC_REPRESENTATION_CONTEXT() REPRESENTATION_CONTEXT('2D SPACE',''
  ) );
#650 = ORIENTED_EDGE('',*,*,#651,.F.);
#651 = EDGE_CURVE('',#40,#394,#652,.T.);
#652 = SURFACE_CURVE('',#653,(#657,#663),.PCURVE_S1.);
#653 = LINE('',#654,#655);
#654 = CARTESIAN_POINT('',(-3.155946767612,30.,11.));
#655 = VECTOR('',#656,1.);
#656 = DIRECTION('',(0.,-1.,2.22044604925E-16));
#657 = PCURVE('',#109,#658);
#658 = DEFINITIONAL_REPRESENTATION('',(#659),#662);
#659 = B_SPLINE_CURVE_WITH_KNOTS('',1,(#660,#661),.UNSPECIFIED.,.F.,.F.,
  (2,2),(22.893916133786,37.106084101191),.PIECEWISE_BEZIER_KNOTS.);
#660 = CARTESIAN_POINT('',(1.697371912758,22.893916133786));
#661 = CARTESIAN_POINT('',(1.697371912758,37.106084101191));
#662 = ( GEOMETRIC_REPRESENTATION_CONTEXT(2) 
PARAMETRIC_REPRESENTATION_CONTEXT() REPRESENTATION_CONTEXT('2D SPACE',''
  ) );
#663 = PCURVE('',#664,#669);
#664 = PLANE('',#665);
#665 = AXIS2_PLACEMENT_3D('',#666,#667,#668);
#666 = CARTESIAN_POINT('',(-30.,-30.,11.));
#667 = DIRECTION('',(0.,0.,1.));
#668 = DIRECTION('',(1.,0.,-0.));
#669 = DEFINITIONAL_REPRESENTATION('',(#670),#673);
#670 = B_SPLINE_CURVE_WITH_KNOTS('',1,(#671,#672),.UNSPECIFIED.,.F.,.F.,
  (2,2),(22.893916133786,37.106084101191),.PIECEWISE_BEZIER_KNOTS.);
#671 = CARTESIAN_POINT('',(26.844053232388,37.106083866214));
#672 = CARTESIAN_POINT('',(26.844053232388,22.893915898809));
#673 = ( GEOMETRIC_REPRESENTATION_CONTEXT(2) 
PARAMETRIC_REPRESENTATION_CONTEXT() REPRESENTATION_CONTEXT('2D SPACE',''
  ) );
#674 = ADVANCED_FACE('',(#675),#209,.T.);
#675 = FACE_BOUND('',#676,.T.);
#676 = EDGE_LOOP('',(#677,#1026,#1049,#1073,#1092,#1093,#1117,#1380,
    #1402,#1403,#1426,#1458,#1558,#1590,#1609,#1610));
#677 = ORIENTED_EDGE('',*,*,#678,.T.);
#678 = EDGE_CURVE('',#679,#679,#681,.T.);
#679 = VERTEX_POINT('',#680);
#680 = CARTESIAN_POINT('',(7.1,-1.738998454789E-15,5.366563145999));
#681 = SURFACE_CURVE('',#682,(#793,#907),.PCURVE_S1.);
#682 = B_SPLINE_CURVE_WITH_KNOTS('',7,(#683,#684,#685,#686,#687,#688,
    #689,#690,#691,#692,#693,#694,#695,#696,#697,#698,#699,#700,#701,
    #702,#703,#704,#705,#706,#707,#708,#709,#710,#711,#712,#713,#714,
    #715,#716,#717,#718,#719,#720,#721,#722,#723,#724,#725,#726,#727,
    #728,#729,#730,#731,#732,#733,#734,#735,#736,#737,#738,#739,#740,
    #741,#742,#743,#744,#745,#746,#747,#748,#749,#750,#751,#752,#753,
    #754,#755,#756,#757,#758,#759,#760,#761,#762,#763,#764,#765,#766,
    #767,#768,#769,#770,#771,#772,#773,#774,#775,#776,#777,#778,#779,
    #780,#781,#782,#783,#784,#785,#786,#787,#788,#789,#790,#791,#792),
  .UNSPECIFIED.,.T.,.F.,(8,6,6,6,6,6,6,6,6,6,6,6,6,6,6,6,6,6,8),(0.,
    4.541133110826E-02,0.10684020512,0.174030533271,0.218736159653,
    0.271310783738,0.325148425364,0.391900361897,0.453834907449,
    0.500033414349,0.5454386757,0.606859339023,0.674040686809,
    0.718740338411,0.771307936134,0.825138382508,0.891881398126,
    0.95380766693,1.),.UNSPECIFIED.);
#683 = CARTESIAN_POINT('',(7.1,-1.7763568394E-15,5.366563145999));
#684 = CARTESIAN_POINT('',(7.1,0.270389509696,5.366563145999));
#685 = CARTESIAN_POINT('',(7.087986708485,0.539789943593,5.382456561534)
  );
#686 = CARTESIAN_POINT('',(7.064117406453,0.807565022004,5.414036639154)
  );
#687 = CARTESIAN_POINT('',(7.028593082956,1.072994749126,5.460568685897)
  );
#688 = CARTESIAN_POINT('',(6.981694455794,1.33517973956,5.520785558912)
  );
#689 = CARTESIAN_POINT('',(6.923909228399,1.59294971743,5.592921778949)
  );
#690 = CARTESIAN_POINT('',(6.764492021186,2.185427214268,5.78552610387)
  );
#691 = CARTESIAN_POINT('',(6.654172882531,2.51673030894,5.914562883434)
  );
#692 = CARTESIAN_POINT('',(6.525993951307,2.839062729709,6.058163341326)
  );
#693 = CARTESIAN_POINT('',(6.380369549988,3.152553123679,6.21290435974)
  );
#694 = CARTESIAN_POINT('',(6.217448926208,3.457243823138,6.375893979547)
  );
#695 = CARTESIAN_POINT('',(6.037030169098,3.753139106837,6.5447299838));
#696 = CARTESIAN_POINT('',(5.621246348003,4.353997253662,6.906113766354)
  );
#697 = CARTESIAN_POINT('',(5.382567992133,4.656842152139,7.099179733026)
  );
#698 = CARTESIAN_POINT('',(5.12120969907,4.949139805325,7.294155067098)
  );
#699 = CARTESIAN_POINT('',(4.835408363725,5.230568144598,7.488889469203)
  );
#700 = CARTESIAN_POINT('',(4.523055624284,5.499860130577,7.680917801529)
  );
#701 = CARTESIAN_POINT('',(4.181926068935,5.754636780554,7.867078969551)
  );
#702 = CARTESIAN_POINT('',(3.562405663773,6.148601869348,8.16053159699)
  );
#703 = CARTESIAN_POINT('',(3.300470296771,6.298417138252,8.273724256489)
  );
#704 = CARTESIAN_POINT('',(3.023756445359,6.439211550854,8.381421491666)
  );
#705 = CARTESIAN_POINT('',(2.731990567245,6.569373387479,8.482031216353)
  );
#706 = CARTESIAN_POINT('',(2.425020592507,6.687099383466,8.573806651027)
  );
#707 = CARTESIAN_POINT('',(2.1028540069,6.790373545867,8.654844687865));
#708 = CARTESIAN_POINT('',(1.369196879018,6.97874467978,8.803349057076)
  );
#709 = CARTESIAN_POINT('',(0.949948570494,7.057960581483,8.866324551767)
  );
#710 = CARTESIAN_POINT('',(0.515366942185,7.108576238789,8.906837253436)
  );
#711 = CARTESIAN_POINT('',(7.315519677312E-02,7.12720086416,
    8.921772146455));
#712 = CARTESIAN_POINT('',(-0.368801088078,7.112913331374,8.910273407629
    ));
#713 = CARTESIAN_POINT('',(-0.802621199761,7.067242055697,8.873778079231
    ));
#714 = CARTESIAN_POINT('',(-1.648815587778,6.919557493252,8.756609338063
    ));
#715 = CARTESIAN_POINT('',(-2.057264731246,6.81676840274,8.675332635548)
  );
#716 = CARTESIAN_POINT('',(-2.4448469281,6.68991185847,8.575615730902));
#717 = CARTESIAN_POINT('',(-2.81081514069,6.542678056723,8.460904016843)
  );
#718 = CARTESIAN_POINT('',(-3.154792936812,6.378508113505,8.334498599717
    ));
#719 = CARTESIAN_POINT('',(-3.476701625634,6.200649431052,8.199530829118
    ));
#720 = CARTESIAN_POINT('',(-4.148646994557,5.778552550593,7.884634489733
    ));
#721 = CARTESIAN_POINT('',(-4.48996649794,5.526705203484,7.700254402041)
  );
#722 = CARTESIAN_POINT('',(-4.80271063448,5.260356738174,7.509858890235)
  );
#723 = CARTESIAN_POINT('',(-5.089076476272,4.981904200454,7.316588259094
    ));
#724 = CARTESIAN_POINT('',(-5.351159803122,4.692644643848,7.122884126387
    ));
#725 = CARTESIAN_POINT('',(-5.590730513698,4.39293439474,6.930855066671)
  );
#726 = CARTESIAN_POINT('',(-6.011562959916,3.794100286878,6.568301149305
    ));
#727 = CARTESIAN_POINT('',(-6.195547022333,3.496833569864,6.397430076774
    ));
#728 = CARTESIAN_POINT('',(-6.361709724689,3.19064382704,6.232280395332)
  );
#729 = CARTESIAN_POINT('',(-6.51029753867,2.875518301585,6.075268500762)
  );
#730 = CARTESIAN_POINT('',(-6.64118354824,2.551405349835,5.929314335556)
  );
#731 = CARTESIAN_POINT('',(-6.753962102686,2.21817019339,5.797895481484)
  );
#732 = CARTESIAN_POINT('',(-6.917847487904,1.619768658433,5.600482325856
    ));
#733 = CARTESIAN_POINT('',(-6.977598684279,1.357885787117,5.526041534753
    ));
#734 = CARTESIAN_POINT('',(-7.026108639216,1.091388631635,5.463822158206
    ));
#735 = CARTESIAN_POINT('',(-7.062861782798,0.821503028384,5.415697904325
    ));
#736 = CARTESIAN_POINT('',(-7.087563307976,0.549164107592,5.383016694745
    ));
#737 = CARTESIAN_POINT('',(-7.1,0.275113307525,5.366563145999));
#738 = CARTESIAN_POINT('',(-7.1,-0.270389509696,5.366563145999));
#739 = CARTESIAN_POINT('',(-7.087986708485,-0.539789943593,
    5.382456561534));
#740 = CARTESIAN_POINT('',(-7.064117406453,-0.807565022004,
    5.414036639154));
#741 = CARTESIAN_POINT('',(-7.028593082956,-1.072994749126,
    5.460568685897));
#742 = CARTESIAN_POINT('',(-6.981694455794,-1.335179739559,
    5.520785558912));
#743 = CARTESIAN_POINT('',(-6.923909228399,-1.592949717431,
    5.592921778949));
#744 = CARTESIAN_POINT('',(-6.764492021187,-2.185427214267,
    5.785526103869));
#745 = CARTESIAN_POINT('',(-6.65417288253,-2.516730308943,5.914562883435
    ));
#746 = CARTESIAN_POINT('',(-6.525993951308,-2.839062729705,
    6.058163341325));
#747 = CARTESIAN_POINT('',(-6.380369549986,-3.152553123682,
    6.212904359741));
#748 = CARTESIAN_POINT('',(-6.21744892621,-3.457243823136,6.375893979546
    ));
#749 = CARTESIAN_POINT('',(-6.037030169097,-3.753139106838,
    6.544729983801));
#750 = CARTESIAN_POINT('',(-5.621246346678,-4.353997255577,
    6.906113767506));
#751 = CARTESIAN_POINT('',(-5.382567995887,-4.656842147999,
    7.099179730371));
#752 = CARTESIAN_POINT('',(-5.121209696239,-4.949139807509,
    7.294155068644));
#753 = CARTESIAN_POINT('',(-4.835408361574,-5.230568147132,7.48888947081
    ));
#754 = CARTESIAN_POINT('',(-4.523055628858,-5.499860126861,
    7.680917798948));
#755 = CARTESIAN_POINT('',(-4.181926066674,-5.754636781992,
    7.867078970622));
#756 = CARTESIAN_POINT('',(-3.562405663178,-6.148601869727,
    8.160531597272));
#757 = CARTESIAN_POINT('',(-3.300470296752,-6.298417138185,
    8.273724256446));
#758 = CARTESIAN_POINT('',(-3.023756445901,-6.439211550555,
    8.381421491437));
#759 = CARTESIAN_POINT('',(-2.731990567735,-6.569373387336,
    8.482031216237));
#760 = CARTESIAN_POINT('',(-2.425020592346,-6.687099383599,8.57380665113
    ));
#761 = CARTESIAN_POINT('',(-2.10285400614,-6.790373546062,8.654844688019
    ));
#762 = CARTESIAN_POINT('',(-1.369196879257,-6.978744679718,
    8.803349057028));
#763 = CARTESIAN_POINT('',(-0.949948570515,-7.057960581511,
    8.866324551789));
#764 = CARTESIAN_POINT('',(-0.515366941991,-7.108576238825,
    8.906837253464));
#765 = CARTESIAN_POINT('',(-7.315519658111E-02,-7.12720086414,
    8.921772146439));
#766 = CARTESIAN_POINT('',(0.368801088052,-7.112913331344,8.910273407605
    ));
#767 = CARTESIAN_POINT('',(0.802621199518,-7.067242055739,8.873778079265
    ));
#768 = CARTESIAN_POINT('',(1.648815587273,-6.91955749334,8.756609338133)
  );
#769 = CARTESIAN_POINT('',(2.057264731142,-6.816768402831,8.675332635621
    ));
#770 = CARTESIAN_POINT('',(2.444846928436,-6.689911858397,8.575615730841
    ));
#771 = CARTESIAN_POINT('',(2.810815141067,-6.542678056526,8.460904016691
    ));
#772 = CARTESIAN_POINT('',(3.154792936816,-6.378508113441,8.334498599674
    ));
#773 = CARTESIAN_POINT('',(3.476701625248,-6.200649431294,8.199530829299
    ));
#774 = CARTESIAN_POINT('',(4.148646996693,-5.778552549252,7.884634488732
    ));
#775 = CARTESIAN_POINT('',(4.489966493615,-5.526705206957,7.70025440446)
  );
#776 = CARTESIAN_POINT('',(4.80271063652,-5.260356735802,7.509858888724)
  );
#777 = CARTESIAN_POINT('',(5.089076478946,-4.981904198415,7.316588257647
    ));
#778 = CARTESIAN_POINT('',(5.351159799564,-4.692644647723,7.122884128884
    ));
#779 = CARTESIAN_POINT('',(5.590730514961,-4.392934392943,6.930855065583
    ));
#780 = CARTESIAN_POINT('',(6.011562959917,-3.794100286877,6.568301149305
    ));
#781 = CARTESIAN_POINT('',(6.195547022332,-3.496833569866,6.397430076775
    ));
#782 = CARTESIAN_POINT('',(6.361709724691,-3.190643827037,6.232280395331
    ));
#783 = CARTESIAN_POINT('',(6.510297538669,-2.875518301588,6.075268500764
    ));
#784 = CARTESIAN_POINT('',(6.641183548241,-2.551405349832,5.929314335555
    ));
#785 = CARTESIAN_POINT('',(6.753962102686,-2.21817019339,5.797895481484)
  );
#786 = CARTESIAN_POINT('',(6.917847487904,-1.619768658433,5.600482325856
    ));
#787 = CARTESIAN_POINT('',(6.977598684279,-1.357885787117,5.526041534753
    ));
#788 = CARTESIAN_POINT('',(7.026108639216,-1.091388631635,5.463822158206
    ));
#789 = CARTESIAN_POINT('',(7.062861782798,-0.821503028384,5.415697904325
    ));
#790 = CARTESIAN_POINT('',(7.087563307976,-0.549164107592,5.383016694745
    ));
#791 = CARTESIAN_POINT('',(7.1,-0.275113307525,5.366563145999));
#792 = CARTESIAN_POINT('',(7.1,-1.7763568394E-15,5.366563145999));
#793 = PCURVE('',#209,#794);
#794 = DEFINITIONAL_REPRESENTATION('',(#795),#906);
#795 = B_SPLINE_CURVE_WITH_KNOTS('',7,(#796,#797,#798,#799,#800,#801,
    #802,#803,#804,#805,#806,#807,#808,#809,#810,#811,#812,#813,#814,
    #815,#816,#817,#818,#819,#820,#821,#822,#823,#824,#825,#826,#827,
    #828,#829,#830,#831,#832,#833,#834,#835,#836,#837,#838,#839,#840,
    #841,#842,#843,#844,#845,#846,#847,#848,#849,#850,#851,#852,#853,
    #854,#855,#856,#857,#858,#859,#860,#861,#862,#863,#864,#865,#866,
    #867,#868,#869,#870,#871,#872,#873,#874,#875,#876,#877,#878,#879,
    #880,#881,#882,#883,#884,#885,#886,#887,#888,#889,#890,#891,#892,
    #893,#894,#895,#896,#897,#898,#899,#900,#901,#902,#903,#904,#905),
  .UNSPECIFIED.,.F.,.F.,(8,6,6,6,6,6,6,6,6,6,6,6,6,6,6,6,6,6,8),(0.,
    4.541133110826E-02,0.10684020512,0.174030533271,0.218736159653,
    0.271310783738,0.325148425364,0.391900361897,0.453834907449,
    0.500033414349,0.5454386757,0.606859339023,0.674040686809,
    0.718740338411,0.771307936134,0.825138382508,0.891881398126,
    0.95380766693,1.),.UNSPECIFIED.);
#796 = CARTESIAN_POINT('',(0.,5.366563145999));
#797 = CARTESIAN_POINT('',(3.808302953463E-02,5.366563145999));
#798 = CARTESIAN_POINT('',(7.60266993905E-02,5.382456561534));
#799 = CARTESIAN_POINT('',(0.113831898281,5.414036639154));
#800 = CARTESIAN_POINT('',(0.151483776444,5.460568685897));
#801 = CARTESIAN_POINT('',(0.188940350308,5.520785558912));
#802 = CARTESIAN_POINT('',(0.226113691506,5.592921778949));
#803 = CARTESIAN_POINT('',(0.312529164689,5.78552610387));
#804 = CARTESIAN_POINT('',(0.361626136366,5.914562883434));
#805 = CARTESIAN_POINT('',(0.4103569079,6.058163341326));
#806 = CARTESIAN_POINT('',(0.45890300296,6.21290435974));
#807 = CARTESIAN_POINT('',(0.507443332837,6.375893979547));
#808 = CARTESIAN_POINT('',(0.556173374118,6.5447299838));
#809 = CARTESIAN_POINT('',(0.659087345129,6.906113766354));
#810 = CARTESIAN_POINT('',(0.713291672565,7.099179733026));
#811 = CARTESIAN_POINT('',(0.768345188707,7.294155067098));
#812 = CARTESIAN_POINT('',(0.824626567143,7.488889469203));
#813 = CARTESIAN_POINT('',(0.88249260884,7.680917801529));
#814 = CARTESIAN_POINT('',(0.942291540687,7.867078969551));
#815 = CARTESIAN_POINT('',(1.045696575103,8.16053159699));
#816 = CARTESIAN_POINT('',(1.08815031655,8.273724256489));
#817 = CARTESIAN_POINT('',(1.131793766563,8.381421491666));
#818 = CARTESIAN_POINT('',(1.17668166124,8.482031216353));
#819 = CARTESIAN_POINT('',(1.222874508875,8.573806651027));
#820 = CARTESIAN_POINT('',(1.2704419074,8.654844687865));
#821 = CARTESIAN_POINT('',(1.377125560378,8.803349057076));
#822 = CARTESIAN_POINT('',(1.437094209824,8.866324551767));
#823 = CARTESIAN_POINT('',(1.498465651735,8.906837253436));
#824 = CARTESIAN_POINT('',(1.560497268812,8.921772146455));
#825 = CARTESIAN_POINT('',(1.622512427952,8.910273407629));
#826 = CARTESIAN_POINT('',(1.683809987695,8.873778079231));
#827 = CARTESIAN_POINT('',(1.804793826754,8.756609338063));
#828 = CARTESIAN_POINT('',(1.863954388419,8.675332635548));
#829 = CARTESIAN_POINT('',(1.921176757301,8.575615730902));
#830 = CARTESIAN_POINT('',(1.976530670907,8.460904016843));
#831 = CARTESIAN_POINT('',(2.030057778057,8.334498599717));
#832 = CARTESIAN_POINT('',(2.081775719828,8.199530829118));
#833 = CARTESIAN_POINT('',(2.193539309988,7.884634489733));
#834 = CARTESIAN_POINT('',(2.253115612724,7.700254402041));
#835 = CARTESIAN_POINT('',(2.310756200443,7.509858890235));
#836 = CARTESIAN_POINT('',(2.366803873798,7.316588259094));
#837 = CARTESIAN_POINT('',(2.421610101047,7.122884126387));
#838 = CARTESIAN_POINT('',(2.475548476861,6.930855066671));
#839 = CARTESIAN_POINT('',(2.578635353411,6.568301149305));
#840 = CARTESIAN_POINT('',(2.627790456495,6.397430076774));
#841 = CARTESIAN_POINT('',(2.676730116324,6.232280395332));
#842 = CARTESIAN_POINT('',(2.725658462594,6.075268500762));
#843 = CARTESIAN_POINT('',(2.774761007602,5.929314335556));
#844 = CARTESIAN_POINT('',(2.824224327305,5.797895481484));
#845 = CARTESIAN_POINT('',(2.911609904886,5.600482325856));
#846 = CARTESIAN_POINT('',(2.949407675621,5.526041534753));
#847 = CARTESIAN_POINT('',(2.987499289773,5.463822158206));
#848 = CARTESIAN_POINT('',(3.025792831138,5.415697904325));
#849 = CARTESIAN_POINT('',(3.064245654787,5.383016694745));
#850 = CARTESIAN_POINT('',(3.102844300417,5.366563145999));
#851 = CARTESIAN_POINT('',(3.179675683124,5.366563145999));
#852 = CARTESIAN_POINT('',(3.21761935298,5.382456561534));
#853 = CARTESIAN_POINT('',(3.255424551871,5.414036639154));
#854 = CARTESIAN_POINT('',(3.293076430033,5.460568685897));
#855 = CARTESIAN_POINT('',(3.330533003898,5.520785558912));
#856 = CARTESIAN_POINT('',(3.367706345096,5.592921778949));
#857 = CARTESIAN_POINT('',(3.454121818279,5.785526103869));
#858 = CARTESIAN_POINT('',(3.503218789956,5.914562883435));
#859 = CARTESIAN_POINT('',(3.551949561489,6.058163341325));
#860 = CARTESIAN_POINT('',(3.60049565655,6.212904359741));
#861 = CARTESIAN_POINT('',(3.649035986426,6.375893979546));
#862 = CARTESIAN_POINT('',(3.697766027708,6.544729983801));
#863 = CARTESIAN_POINT('',(3.800679999047,6.906113767506));
#864 = CARTESIAN_POINT('',(3.854884325356,7.099179730371));
#865 = CARTESIAN_POINT('',(3.909937842805,7.294155068644));
#866 = CARTESIAN_POINT('',(3.966219221206,7.48888947081));
#867 = CARTESIAN_POINT('',(4.024085261588,7.680917798948));
#868 = CARTESIAN_POINT('',(4.083884194654,7.867078970622));
#869 = CARTESIAN_POINT('',(4.187289228792,8.160531597272));
#870 = CARTESIAN_POINT('',(4.229742970137,8.273724256446));
#871 = CARTESIAN_POINT('',(4.273386420067,8.381421491437));
#872 = CARTESIAN_POINT('',(4.318274314759,8.482031216237));
#873 = CARTESIAN_POINT('',(4.364467162491,8.57380665113));
#874 = CARTESIAN_POINT('',(4.4120345611,8.654844688019));
#875 = CARTESIAN_POINT('',(4.518718213933,8.803349057028));
#876 = CARTESIAN_POINT('',(4.578686863412,8.866324551789));
#877 = CARTESIAN_POINT('',(4.640058305352,8.906837253464));
#878 = CARTESIAN_POINT('',(4.702089922429,8.921772146439));
#879 = CARTESIAN_POINT('',(4.764105081538,8.910273407605));
#880 = CARTESIAN_POINT('',(4.82540264125,8.873778079265));
#881 = CARTESIAN_POINT('',(4.946386480272,8.756609338133));
#882 = CARTESIAN_POINT('',(5.005547041992,8.675332635621));
#883 = CARTESIAN_POINT('',(5.062769410938,8.575615730841));
#884 = CARTESIAN_POINT('',(5.118123324555,8.460904016691));
#885 = CARTESIAN_POINT('',(5.171650431652,8.334498599674));
#886 = CARTESIAN_POINT('',(5.223368373354,8.199530829299));
#887 = CARTESIAN_POINT('',(5.335131963933,7.884634488732));
#888 = CARTESIAN_POINT('',(5.394708265522,7.70025440446));
#889 = CARTESIAN_POINT('',(5.452348854478,7.509858888724));
#890 = CARTESIAN_POINT('',(5.508396527866,7.316588257647));
#891 = CARTESIAN_POINT('',(5.563202753886,7.122884128884));
#892 = CARTESIAN_POINT('',(5.61714113076,6.930855065583));
#893 = CARTESIAN_POINT('',(5.720228007001,6.568301149305));
#894 = CARTESIAN_POINT('',(5.769383110084,6.397430076775));
#895 = CARTESIAN_POINT('',(5.818322769915,6.232280395331));
#896 = CARTESIAN_POINT('',(5.867251116183,6.075268500764));
#897 = CARTESIAN_POINT('',(5.916353661192,5.929314335555));
#898 = CARTESIAN_POINT('',(5.965816980894,5.797895481484));
#899 = CARTESIAN_POINT('',(6.053202558476,5.600482325856));
#900 = CARTESIAN_POINT('',(6.09100032921,5.526041534753));
#901 = CARTESIAN_POINT('',(6.129091943362,5.463822158206));
#902 = CARTESIAN_POINT('',(6.167385484728,5.415697904325));
#903 = CARTESIAN_POINT('',(6.205838308377,5.383016694745));
#904 = CARTESIAN_POINT('',(6.244436954007,5.366563145999));
#905 = CARTESIAN_POINT('',(6.28318530718,5.366563145999));
#906 = ( GEOMETRIC_REPRESENTATION_CONTEXT(2) 
PARAMETRIC_REPRESENTATION_CONTEXT() REPRESENTATION_CONTEXT('2D SPACE',''
  ) );
#907 = PCURVE('',#908,#913);
#908 = CYLINDRICAL_SURFACE('',#909,8.9);
#909 = AXIS2_PLACEMENT_3D('',#910,#911,#912);
#910 = CARTESIAN_POINT('',(0.,8.1,-1.798561299893E-15));
#911 = DIRECTION('',(0.,-1.,2.22044604925E-16));
#912 = DIRECTION('',(1.,0.,0.));
#913 = DEFINITIONAL_REPRESENTATION('',(#914),#1025);
#914 = B_SPLINE_CURVE_WITH_KNOTS('',7,(#915,#916,#917,#918,#919,#920,
    #921,#922,#923,#924,#925,#926,#927,#928,#929,#930,#931,#932,#933,
    #934,#935,#936,#937,#938,#939,#940,#941,#942,#943,#944,#945,#946,
    #947,#948,#949,#950,#951,#952,#953,#954,#955,#956,#957,#958,#959,
    #960,#961,#962,#963,#964,#965,#966,#967,#968,#969,#970,#971,#972,
    #973,#974,#975,#976,#977,#978,#979,#980,#981,#982,#983,#984,#985,
    #986,#987,#988,#989,#990,#991,#992,#993,#994,#995,#996,#997,#998,
    #999,#1000,#1001,#1002,#1003,#1004,#1005,#1006,#1007,#1008,#1009,
    #1010,#1011,#1012,#1013,#1014,#1015,#1016,#1017,#1018,#1019,#1020,
    #1021,#1022,#1023,#1024),.UNSPECIFIED.,.T.,.F.,(8,6,6,6,6,6,6,6,6,6,
    6,6,6,6,6,6,6,6,8),(0.,4.541133110826E-02,0.10684020512,
    0.174030533271,0.218736159653,0.271310783738,0.325148425364,
    0.391900361897,0.453834907449,0.500033414349,0.5454386757,
    0.606859339023,0.674040686809,0.718740338411,0.771307936134,
    0.825138382508,0.891881398126,0.95380766693,1.),.UNSPECIFIED.);
#915 = CARTESIAN_POINT('',(0.647237130608,8.1));
#916 = CARTESIAN_POINT('',(0.647237130608,7.829610490304));
#917 = CARTESIAN_POINT('',(0.649475621344,7.560210056407));
#918 = CARTESIAN_POINT('',(0.653923583629,7.292434977996));
#919 = CARTESIAN_POINT('',(0.660501168326,7.027005250874));
#920 = CARTESIAN_POINT('',(0.669076174472,6.764820260441));
#921 = CARTESIAN_POINT('',(0.679459872349,6.50705028257));
#922 = CARTESIAN_POINT('',(0.707552068194,5.914572785732));
#923 = CARTESIAN_POINT('',(0.726624570646,5.58326969106));
#924 = CARTESIAN_POINT('',(0.748244073169,5.260937270291));
#925 = CARTESIAN_POINT('',(0.772102595474,4.947446876321));
#926 = CARTESIAN_POINT('',(0.797974836236,4.642756176862));
#927 = CARTESIAN_POINT('',(0.825719725928,4.346860893163));
#928 = CARTESIAN_POINT('',(0.887616931313,3.746002746338));
#929 = CARTESIAN_POINT('',(0.922088445311,3.443157847861));
#930 = CARTESIAN_POINT('',(0.958679172556,3.150860194675));
#931 = CARTESIAN_POINT('',(0.997468441467,2.869431855401));
#932 = CARTESIAN_POINT('',(1.038583847214,2.600139869423));
#933 = CARTESIAN_POINT('',(1.082177637738,2.345363219446));
#934 = CARTESIAN_POINT('',(1.159200906812,1.951398130652));
#935 = CARTESIAN_POINT('',(1.191243289926,1.801582861748));
#936 = CARTESIAN_POINT('',(1.22456960174,1.660788449146));
#937 = CARTESIAN_POINT('',(1.25919633158,1.530626612521));
#938 = CARTESIAN_POINT('',(1.295141846131,1.412900616534));
#939 = CARTESIAN_POINT('',(1.332427254705,1.309626454133));
#940 = CARTESIAN_POINT('',(1.416532437179,1.12125532022));
#941 = CARTESIAN_POINT('',(1.464106706764,1.042039418517));
#942 = CARTESIAN_POINT('',(1.513021025797,0.991423761211));
#943 = CARTESIAN_POINT('',(1.56257897438,0.97279913584));
#944 = CARTESIAN_POINT('',(1.612118160636,0.987086668626));
#945 = CARTESIAN_POINT('',(1.660964020421,1.032757944303));
#946 = CARTESIAN_POINT('',(1.756949165311,1.180442506748));
#947 = CARTESIAN_POINT('',(1.803661163193,1.28323159726));
#948 = CARTESIAN_POINT('',(1.848521907104,1.41008814153));
#949 = CARTESIAN_POINT('',(1.89151820596,1.557321943277));
#950 = CARTESIAN_POINT('',(1.93262619872,1.721491886495));
#951 = CARTESIAN_POINT('',(1.971812875418,1.899350568948));
#952 = CARTESIAN_POINT('',(2.055191708685,2.321447449407));
#953 = CARTESIAN_POINT('',(2.098709231999,2.573294796516));
#954 = CARTESIAN_POINT('',(2.139766785629,2.839643261826));
#955 = CARTESIAN_POINT('',(2.178516440651,3.118095799546));
#956 = CARTESIAN_POINT('',(2.215087453197,3.407355356152));
#957 = CARTESIAN_POINT('',(2.249563888636,3.70706560526));
#958 = CARTESIAN_POINT('',(2.311976083318,4.305899713122));
#959 = CARTESIAN_POINT('',(2.340168993744,4.603166430136));
#960 = CARTESIAN_POINT('',(2.366469524904,4.909356172961));
#961 = CARTESIAN_POINT('',(2.390741258551,5.224481698415));
#962 = CARTESIAN_POINT('',(2.412760156008,5.548594650165));
#963 = CARTESIAN_POINT('',(2.432215527985,5.88182980661));
#964 = CARTESIAN_POINT('',(2.461044101474,6.480231341567));
#965 = CARTESIAN_POINT('',(2.471767869428,6.742114212883));
#966 = CARTESIAN_POINT('',(2.480631543885,7.008611368365));
#967 = CARTESIAN_POINT('',(2.487435082766,7.278496971615));
#968 = CARTESIAN_POINT('',(2.492038142715,7.550835892408));
#969 = CARTESIAN_POINT('',(2.494355522982,7.824886692475));
#970 = CARTESIAN_POINT('',(2.494355522982,8.370389509696));
#971 = CARTESIAN_POINT('',(2.492117032246,8.639789943593));
#972 = CARTESIAN_POINT('',(2.48766906996,8.907565022004));
#973 = CARTESIAN_POINT('',(2.481091485264,9.172994749126));
#974 = CARTESIAN_POINT('',(2.472516479118,9.435179739559));
#975 = CARTESIAN_POINT('',(2.462132781241,9.692949717431));
#976 = CARTESIAN_POINT('',(2.434040585396,10.285427214267));
#977 = CARTESIAN_POINT('',(2.414968082944,10.616730308943));
#978 = CARTESIAN_POINT('',(2.393348580421,10.939062729706));
#979 = CARTESIAN_POINT('',(2.369490058115,11.252553123682));
#980 = CARTESIAN_POINT('',(2.343617817354,11.557243823136));
#981 = CARTESIAN_POINT('',(2.315872927662,11.853139106838));
#982 = CARTESIAN_POINT('',(2.253975722079,12.453997255577));
#983 = CARTESIAN_POINT('',(2.219504208799,12.756842147999));
#984 = CARTESIAN_POINT('',(2.18291348067,13.049139807509));
#985 = CARTESIAN_POINT('',(2.144124211819,13.330568147132));
#986 = CARTESIAN_POINT('',(2.10300880697,13.599860126861));
#987 = CARTESIAN_POINT('',(2.05941501557,13.854636781992));
#988 = CARTESIAN_POINT('',(1.982391746704,14.248601869727));
#989 = CARTESIAN_POINT('',(1.950349363664,14.398417138185));
#990 = CARTESIAN_POINT('',(1.917023051916,14.539211550555));
#991 = CARTESIAN_POINT('',(1.882396322066,14.669373387336));
#992 = CARTESIAN_POINT('',(1.846450807439,14.787099383599));
#993 = CARTESIAN_POINT('',(1.809165398798,14.890373546062));
#994 = CARTESIAN_POINT('',(1.725060216438,15.078744679718));
#995 = CARTESIAN_POINT('',(1.677485946828,15.157960581511));
#996 = CARTESIAN_POINT('',(1.628571627771,15.208576238825));
#997 = CARTESIAN_POINT('',(1.579013679189,15.22720086414));
#998 = CARTESIAN_POINT('',(1.529474492956,15.212913331344));
#999 = CARTESIAN_POINT('',(1.480628633196,15.167242055739));
#1000 = CARTESIAN_POINT('',(1.384643488336,15.01955749334));
#1001 = CARTESIAN_POINT('',(1.337931490409,14.91676840283));
#1002 = CARTESIAN_POINT('',(1.293070746448,14.789911858398));
#1003 = CARTESIAN_POINT('',(1.250074447584,14.642678056526));
#1004 = CARTESIAN_POINT('',(1.208966454868,14.478508113441));
#1005 = CARTESIAN_POINT('',(1.169779778219,14.300649431294));
#1006 = CARTESIAN_POINT('',(1.08640094464,13.878552549252));
#1007 = CARTESIAN_POINT('',(1.042883422151,13.626705206957));
#1008 = CARTESIAN_POINT('',(1.001825867674,13.360356735802));
#1009 = CARTESIAN_POINT('',(0.963076212596,13.081904198415));
#1010 = CARTESIAN_POINT('',(0.926505200885,12.792644647723));
#1011 = CARTESIAN_POINT('',(0.892028764767,12.492934392943));
#1012 = CARTESIAN_POINT('',(0.829616570272,11.894100286877));
#1013 = CARTESIAN_POINT('',(0.801423659846,11.596833569866));
#1014 = CARTESIAN_POINT('',(0.775123128686,11.290643827037));
#1015 = CARTESIAN_POINT('',(0.750851395039,10.975518301588));
#1016 = CARTESIAN_POINT('',(0.728832497582,10.651405349833));
#1017 = CARTESIAN_POINT('',(0.709377125605,10.31817019339));
#1018 = CARTESIAN_POINT('',(0.680548552115,9.719768658433));
#1019 = CARTESIAN_POINT('',(0.669824784162,9.457885787117));
#1020 = CARTESIAN_POINT('',(0.660961109705,9.191388631635));
#1021 = CARTESIAN_POINT('',(0.654157570824,8.921503028384));
#1022 = CARTESIAN_POINT('',(0.649554510874,8.649164107592));
#1023 = CARTESIAN_POINT('',(0.647237130608,8.375113307525));
#1024 = CARTESIAN_POINT('',(0.647237130608,8.1));
#1025 = ( GEOMETRIC_REPRESENTATION_CONTEXT(2) 
PARAMETRIC_REPRESENTATION_CONTEXT() REPRESENTATION_CONTEXT('2D SPACE',''
  ) );
#1026 = ORIENTED_EDGE('',*,*,#1027,.T.);
#1027 = EDGE_CURVE('',#679,#1028,#1030,.T.);
#1028 = VERTEX_POINT('',#1029);
#1029 = CARTESIAN_POINT('',(7.1,7.847013178211E-14,9.7));
#1030 = SEAM_CURVE('',#1031,(#1035,#1042),.PCURVE_S1.);
#1031 = LINE('',#1032,#1033);
#1032 = CARTESIAN_POINT('',(7.1,-1.738998454789E-15,0.));
#1033 = VECTOR('',#1034,1.);
#1034 = DIRECTION('',(0.,0.,1.));
#1035 = PCURVE('',#209,#1036);
#1036 = DEFINITIONAL_REPRESENTATION('',(#1037),#1041);
#1037 = LINE('',#1038,#1039);
#1038 = CARTESIAN_POINT('',(0.,-0.));
#1039 = VECTOR('',#1040,1.);
#1040 = DIRECTION('',(0.,1.));
#1041 = ( GEOMETRIC_REPRESENTATION_CONTEXT(2) 
PARAMETRIC_REPRESENTATION_CONTEXT() REPRESENTATION_CONTEXT('2D SPACE',''
  ) );
#1042 = PCURVE('',#209,#1043);
#1043 = DEFINITIONAL_REPRESENTATION('',(#1044),#1048);
#1044 = LINE('',#1045,#1046);
#1045 = CARTESIAN_POINT('',(6.28318530718,-0.));
#1046 = VECTOR('',#1047,1.);
#1047 = DIRECTION('',(0.,1.));
#1048 = ( GEOMETRIC_REPRESENTATION_CONTEXT(2) 
PARAMETRIC_REPRESENTATION_CONTEXT() REPRESENTATION_CONTEXT('2D SPACE',''
  ) );
#1049 = ORIENTED_EDGE('',*,*,#1050,.T.);
#1050 = EDGE_CURVE('',#1028,#1051,#1053,.T.);
#1051 = VERTEX_POINT('',#1052);
#1052 = CARTESIAN_POINT('',(-6.435060217278,3.,9.7));
#1053 = SEAM_CURVE('',#1054,(#1059,#1066),.PCURVE_S1.);
#1054 = CIRCLE('',#1055,7.1);
#1055 = AXIS2_PLACEMENT_3D('',#1056,#1057,#1058);
#1056 = CARTESIAN_POINT('',(0.,0.,9.7));
#1057 = DIRECTION('',(0.,0.,1.));
#1058 = DIRECTION('',(-0.906346509476,-0.422535211268,0.));
#1059 = PCURVE('',#209,#1060);
#1060 = DEFINITIONAL_REPRESENTATION('',(#1061),#1065);
#1061 = LINE('',#1062,#1063);
#1062 = CARTESIAN_POINT('',(-2.705351974692,9.7));
#1063 = VECTOR('',#1064,1.);
#1064 = DIRECTION('',(1.,0.));
#1065 = ( GEOMETRIC_REPRESENTATION_CONTEXT(2) 
PARAMETRIC_REPRESENTATION_CONTEXT() REPRESENTATION_CONTEXT('2D SPACE',''
  ) );
#1066 = PCURVE('',#209,#1067);
#1067 = DEFINITIONAL_REPRESENTATION('',(#1068),#1072);
#1068 = LINE('',#1069,#1070);
#1069 = CARTESIAN_POINT('',(3.577833332488,9.7));
#1070 = VECTOR('',#1071,1.);
#1071 = DIRECTION('',(1.,0.));
#1072 = ( GEOMETRIC_REPRESENTATION_CONTEXT(2) 
PARAMETRIC_REPRESENTATION_CONTEXT() REPRESENTATION_CONTEXT('2D SPACE',''
  ) );
#1073 = ORIENTED_EDGE('',*,*,#1074,.T.);
#1074 = EDGE_CURVE('',#1051,#42,#1075,.T.);
#1075 = SURFACE_CURVE('',#1076,(#1080,#1086),.PCURVE_S1.);
#1076 = LINE('',#1077,#1078);
#1077 = CARTESIAN_POINT('',(-6.435060217278,3.,9.7));
#1078 = VECTOR('',#1079,1.);
#1079 = DIRECTION('',(0.,0.,1.));
#1080 = PCURVE('',#209,#1081);
#1081 = DEFINITIONAL_REPRESENTATION('',(#1082),#1085);
#1082 = B_SPLINE_CURVE_WITH_KNOTS('',1,(#1083,#1084),.UNSPECIFIED.,.F.,
  .F.,(2,2),(0.,3.),.PIECEWISE_BEZIER_KNOTS.);
#1083 = CARTESIAN_POINT('',(8.988537281871,9.7));
#1084 = CARTESIAN_POINT('',(8.988537281871,12.7));
#1085 = ( GEOMETRIC_REPRESENTATION_CONTEXT(2) 
PARAMETRIC_REPRESENTATION_CONTEXT() REPRESENTATION_CONTEXT('2D SPACE',''
  ) );
#1086 = PCURVE('',#326,#1087);
#1087 = DEFINITIONAL_REPRESENTATION('',(#1088),#1091);
#1088 = B_SPLINE_CURVE_WITH_KNOTS('',1,(#1089,#1090),.UNSPECIFIED.,.F.,
  .F.,(2,2),(-5.999999999062E-07,3.0000006),.PIECEWISE_BEZIER_KNOTS.);
#1089 = CARTESIAN_POINT('',(-6.435060217278,9.6999994));
#1090 = CARTESIAN_POINT('',(-6.435060217278,12.7000006));
#1091 = ( GEOMETRIC_REPRESENTATION_CONTEXT(2) 
PARAMETRIC_REPRESENTATION_CONTEXT() REPRESENTATION_CONTEXT('2D SPACE',''
  ) );
#1092 = ORIENTED_EDGE('',*,*,#39,.F.);
#1093 = ORIENTED_EDGE('',*,*,#1094,.F.);
#1094 = EDGE_CURVE('',#1095,#40,#1097,.T.);
#1095 = VERTEX_POINT('',#1096);
#1096 = CARTESIAN_POINT('',(3.155946768143,6.360031440225,11.));
#1097 = SURFACE_CURVE('',#1098,(#1103,#1110),.PCURVE_S1.);
#1098 = CIRCLE('',#1099,7.1);
#1099 = AXIS2_PLACEMENT_3D('',#1100,#1101,#1102);
#1100 = CARTESIAN_POINT('',(0.,0.,11.));
#1101 = DIRECTION('',(0.,0.,1.));
#1102 = DIRECTION('',(1.,0.,-0.));
#1103 = PCURVE('',#209,#1104);
#1104 = DEFINITIONAL_REPRESENTATION('',(#1105),#1109);
#1105 = LINE('',#1106,#1107);
#1106 = CARTESIAN_POINT('',(6.28318530718,11.));
#1107 = VECTOR('',#1108,1.);
#1108 = DIRECTION('',(1.,0.));
#1109 = ( GEOMETRIC_REPRESENTATION_CONTEXT(2) 
PARAMETRIC_REPRESENTATION_CONTEXT() REPRESENTATION_CONTEXT('2D SPACE',''
  ) );
#1110 = PCURVE('',#664,#1111);
#1111 = DEFINITIONAL_REPRESENTATION('',(#1112),#1116);
#1112 = CIRCLE('',#1113,7.1);
#1113 = AXIS2_PLACEMENT_2D('',#1114,#1115);
#1114 = CARTESIAN_POINT('',(30.,30.));
#1115 = DIRECTION('',(1.,0.));
#1116 = ( GEOMETRIC_REPRESENTATION_CONTEXT(2) 
PARAMETRIC_REPRESENTATION_CONTEXT() REPRESENTATION_CONTEXT('2D SPACE',''
  ) );
#1117 = ORIENTED_EDGE('',*,*,#1118,.F.);
#1118 = EDGE_CURVE('',#1119,#1095,#1121,.T.);
#1119 = VERTEX_POINT('',#1120);
#1120 = CARTESIAN_POINT('',(3.155946768143,-6.360031440225,11.));
#1121 = SURFACE_CURVE('',#1122,(#1185,#1280),.PCURVE_S1.);
#1122 = B_SPLINE_CURVE_WITH_KNOTS('',7,(#1123,#1124,#1125,#1126,#1127,
    #1128,#1129,#1130,#1131,#1132,#1133,#1134,#1135,#1136,#1137,#1138,
    #1139,#1140,#1141,#1142,#1143,#1144,#1145,#1146,#1147,#1148,#1149,
    #1150,#1151,#1152,#1153,#1154,#1155,#1156,#1157,#1158,#1159,#1160,
    #1161,#1162,#1163,#1164,#1165,#1166,#1167,#1168,#1169,#1170,#1171,
    #1172,#1173,#1174,#1175,#1176,#1177,#1178,#1179,#1180,#1181,#1182,
    #1183,#1184),.UNSPECIFIED.,.F.,.F.,(8,6,6,6,6,6,6,6,6,6,8),(
    0.57915621258,0.611672674253,0.707353190519,0.792647727885,
    0.888328244151,1.,1.111671940039,1.207352262045,1.292646626237,
    1.388326948265,1.420843226504),.UNSPECIFIED.);
#1123 = CARTESIAN_POINT('',(-6.435060191331,-2.999999987165,
    10.357607503375));
#1124 = CARTESIAN_POINT('',(-6.356188219864,-3.169181946875,
    10.378617277571));
#1125 = CARTESIAN_POINT('',(-6.271685424132,-3.33689199156,
    10.400805237149));
#1126 = CARTESIAN_POINT('',(-6.181495234659,-3.502978342577,
    10.424104934657));
#1127 = CARTESIAN_POINT('',(-6.085556018033,-3.667278424406,
    10.448441752219));
#1128 = CARTESIAN_POINT('',(-5.983801468769,-3.829617221269,
    10.473732338618));
#1129 = CARTESIAN_POINT('',(-5.876161028599,-3.989805469303,
    10.499883967236));
#1130 = CARTESIAN_POINT('',(-5.428287459721,-4.612062926885,
    10.605976799992));
#1131 = CARTESIAN_POINT('',(-5.040942050396,-5.058125367753,
    10.692071979466));
#1132 = CARTESIAN_POINT('',(-4.598363135031,-5.47949049382,
    10.782435450358));
#1133 = CARTESIAN_POINT('',(-4.098753726491,-5.86830769996,
    10.873440254386));
#1134 = CARTESIAN_POINT('',(-3.541007601226,-6.215015265851,
    10.960383786536));
#1135 = CARTESIAN_POINT('',(-2.925289802022,-6.507968402609,
    11.037408276153));
#1136 = CARTESIAN_POINT('',(-1.655791787044,-6.932998613641,
    11.152340095013));
#1137 = CARTESIAN_POINT('',(-1.012584634221,-7.079358751182,
    11.193658507137));
#1138 = CARTESIAN_POINT('',(-0.340816634807,-7.156279915635,
    11.216246168544));
#1139 = CARTESIAN_POINT('',(0.340816634805,-7.156279915637,
    11.216246168544));
#1140 = CARTESIAN_POINT('',(1.012584634225,-7.079358751181,
    11.193658507137));
#1141 = CARTESIAN_POINT('',(1.655791787042,-6.932998613641,
    11.152340095013));
#1142 = CARTESIAN_POINT('',(2.925289802022,-6.507968402609,
    11.037408276153));
#1143 = CARTESIAN_POINT('',(3.541007601226,-6.215015265851,
    10.960383786536));
#1144 = CARTESIAN_POINT('',(4.098753726491,-5.86830769996,
    10.873440254386));
#1145 = CARTESIAN_POINT('',(4.598363135031,-5.47949049382,
    10.782435450358));
#1146 = CARTESIAN_POINT('',(5.040942050396,-5.058125367753,
    10.692071979466));
#1147 = CARTESIAN_POINT('',(5.428287459721,-4.612062926886,
    10.605976799992));
#1148 = CARTESIAN_POINT('',(6.152700808775,-3.605592261625,
    10.434376889598));
#1149 = CARTESIAN_POINT('',(6.472545641967,-3.035754905327,
    10.35090239721));
#1150 = CARTESIAN_POINT('',(6.725102644617,-2.446451929933,
    10.280535281247));
#1151 = CARTESIAN_POINT('',(6.912855871414,-1.843750991844,
    10.226038208887));
#1152 = CARTESIAN_POINT('',(7.037542081282,-1.23240925498,
    10.189106828055));
#1153 = CARTESIAN_POINT('',(7.1,-0.616527187008,10.170607001075));
#1154 = CARTESIAN_POINT('',(7.1,0.616528203902,10.170607001075));
#1155 = CARTESIAN_POINT('',(7.037541873235,1.232411621325,
    10.189106890387));
#1156 = CARTESIAN_POINT('',(6.91285514366,1.843753745943,10.226038421322
    ));
#1157 = CARTESIAN_POINT('',(6.725101659354,2.446453584478,
    10.280535573503));
#1158 = CARTESIAN_POINT('',(6.472545489244,3.035754189333,
    10.350902377347));
#1159 = CARTESIAN_POINT('',(6.152702244375,3.60559026706,10.434376549531
    ));
#1160 = CARTESIAN_POINT('',(5.428287459721,4.612062926886,
    10.605976799992));
#1161 = CARTESIAN_POINT('',(5.040942050396,5.058125367752,
    10.692071979466));
#1162 = CARTESIAN_POINT('',(4.598363135031,5.479490493821,
    10.782435450358));
#1163 = CARTESIAN_POINT('',(4.098753726491,5.868307699959,
    10.873440254385));
#1164 = CARTESIAN_POINT('',(3.541007601225,6.215015265851,
    10.960383786536));
#1165 = CARTESIAN_POINT('',(2.925289802022,6.507968402609,
    11.037408276153));
#1166 = CARTESIAN_POINT('',(1.655791787043,6.932998613641,
    11.152340095013));
#1167 = CARTESIAN_POINT('',(1.012584634222,7.079358751182,
    11.193658507137));
#1168 = CARTESIAN_POINT('',(0.340816634809,7.156279915636,
    11.216246168544));
#1169 = CARTESIAN_POINT('',(-0.340816634808,7.156279915636,
    11.216246168544));
#1170 = CARTESIAN_POINT('',(-1.012584634223,7.079358751182,
    11.193658507137));
#1171 = CARTESIAN_POINT('',(-1.655791787042,6.932998613641,
    11.152340095013));
#1172 = CARTESIAN_POINT('',(-2.925289802179,6.507968402557,
    11.037408276139));
#1173 = CARTESIAN_POINT('',(-3.541007601241,6.215015265805,
    10.960383786525));
#1174 = CARTESIAN_POINT('',(-4.098753726375,5.868307700013,
    10.873440254402));
#1175 = CARTESIAN_POINT('',(-4.598363134932,5.479490493927,
    10.782435450382));
#1176 = CARTESIAN_POINT('',(-5.040942050422,5.058125367771,
    10.692071979463));
#1177 = CARTESIAN_POINT('',(-5.428287459819,4.612062926749,
    10.605976799969));
#1178 = CARTESIAN_POINT('',(-5.876160618333,3.98980603931,10.49988406442
    ));
#1179 = CARTESIAN_POINT('',(-5.983800903806,3.829618083451,
    10.473732477109));
#1180 = CARTESIAN_POINT('',(-6.085555460646,3.667279354818,
    10.448441892661));
#1181 = CARTESIAN_POINT('',(-6.18149477859,3.502979172468,
    10.424105052166));
#1182 = CARTESIAN_POINT('',(-6.271685114583,3.3368926038,10.400805318388
    ));
#1183 = CARTESIAN_POINT('',(-6.35618806923,3.169182269786,10.37861731772
    ));
#1184 = CARTESIAN_POINT('',(-6.435060191232,2.999999987113,
    10.357607503425));
#1185 = PCURVE('',#209,#1186);
#1186 = DEFINITIONAL_REPRESENTATION('',(#1187),#1279);
#1187 = B_SPLINE_CURVE_WITH_KNOTS('',3,(#1188,#1189,#1190,#1191,#1192,
    #1193,#1194,#1195,#1196,#1197,#1198,#1199,#1200,#1201,#1202,#1203,
    #1204,#1205,#1206,#1207,#1208,#1209,#1210,#1211,#1212,#1213,#1214,
    #1215,#1216,#1217,#1218,#1219,#1220,#1221,#1222,#1223,#1224,#1225,
    #1226,#1227,#1228,#1229,#1230,#1231,#1232,#1233,#1234,#1235,#1236,
    #1237,#1238,#1239,#1240,#1241,#1242,#1243,#1244,#1245,#1246,#1247,
    #1248,#1249,#1250,#1251,#1252,#1253,#1254,#1255,#1256,#1257,#1258,
    #1259,#1260,#1261,#1262,#1263,#1264,#1265,#1266,#1267,#1268,#1269,
    #1270,#1271,#1272,#1273,#1274,#1275,#1276,#1277,#1278),
  .UNSPECIFIED.,.F.,.F.,(4,1,1,1,1,1,1,1,1,1,1,1,1,1,1,1,1,1,1,1,1,1,1,1
    ,1,1,1,1,1,1,1,1,1,1,1,1,1,1,1,1,1,1,1,1,1,1,1,1,1,1,1,1,1,1,1,1,1,1
    ,1,1,1,1,1,1,1,1,1,1,1,1,1,1,1,1,1,1,1,1,1,1,1,1,1,1,1,1,1,1,4),(
    0.57915621258,0.588720837739,0.598285462897,0.607850088055,
    0.617414713213,0.626979338371,0.63654396353,0.646108588688,
    0.655673213846,0.665237839004,0.674802464163,0.684367089321,
    0.693931714479,0.703496339637,0.713060964796,0.722625589954,
    0.732190215112,0.74175484027,0.751319465428,0.760884090587,
    0.770448715745,0.780013340903,0.789577966061,0.79914259122,
    0.808707216378,0.818271841536,0.827836466694,0.837401091852,
    0.846965717011,0.856530342169,0.866094967327,0.875659592485,
    0.885224217644,0.894788842802,0.90435346796,0.913918093118,
    0.923482718276,0.933047343435,0.942611968593,0.952176593751,
    0.961741218909,0.971305844068,0.980870469226,0.990435094384,
    0.999999719542,1.009564344701,1.019128969859,1.028693595017,
    1.038258220175,1.047822845333,1.057387470492,1.06695209565,
    1.076516720808,1.086081345966,1.095645971125,1.105210596283,
    1.114775221441,1.124339846599,1.133904471757,1.143469096916,
    1.153033722074,1.162598347232,1.17216297239,1.181727597549,
    1.191292222707,1.200856847865,1.210421473023,1.219986098182,
    1.22955072334,1.239115348498,1.248679973656,1.258244598814,
    1.267809223973,1.277373849131,1.286938474289,1.296503099447,
    1.306067724606,1.315632349764,1.325196974922,1.33476160008,
    1.344326225238,1.353890850397,1.363455475555,1.373020100713,
    1.382584725871,1.39214935103,1.401713976188,1.411278601346,
    1.420843226504),.QUASI_UNIFORM_KNOTS.);
#1188 = CARTESIAN_POINT('',(3.577833332394,10.357607503375));
#1189 = CARTESIAN_POINT('',(3.595878041074,10.372022811903));
#1190 = CARTESIAN_POINT('',(3.632144696464,10.402298025651));
#1191 = CARTESIAN_POINT('',(3.687154602223,10.451602522819));
#1192 = CARTESIAN_POINT('',(3.742851351978,10.504379863389));
#1193 = CARTESIAN_POINT('',(3.799316372482,10.560129732862));
#1194 = CARTESIAN_POINT('',(3.856794872842,10.618461277755));
#1195 = CARTESIAN_POINT('',(3.915324479357,10.678700532733));
#1196 = CARTESIAN_POINT('',(3.974982141498,10.740122320888));
#1197 = CARTESIAN_POINT('',(4.035838621993,10.801904995486));
#1198 = CARTESIAN_POINT('',(4.09797176879,10.863141800139));
#1199 = CARTESIAN_POINT('',(4.161464748347,10.922839092201));
#1200 = CARTESIAN_POINT('',(4.226406024921,10.979918901815));
#1201 = CARTESIAN_POINT('',(4.292898173807,11.033227917456));
#1202 = CARTESIAN_POINT('',(4.361030969312,11.081529287492));
#1203 = CARTESIAN_POINT('',(4.430990654595,11.12357181417));
#1204 = CARTESIAN_POINT('',(4.502595830402,11.157847661683));
#1205 = CARTESIAN_POINT('',(4.575326344351,11.18290918395));
#1206 = CARTESIAN_POINT('',(4.64878365314,11.197740323359));
#1207 = CARTESIAN_POINT('',(4.722569933277,11.201729685142));
#1208 = CARTESIAN_POINT('',(4.796303650889,11.194714779141));
#1209 = CARTESIAN_POINT('',(4.869601529715,11.176982068021));
#1210 = CARTESIAN_POINT('',(4.942060759234,11.149262432045));
#1211 = CARTESIAN_POINT('',(5.013273471413,11.112678970862));
#1212 = CARTESIAN_POINT('',(5.082708915051,11.068779850437));
#1213 = CARTESIAN_POINT('',(5.150379856426,11.018970738095));
#1214 = CARTESIAN_POINT('',(5.216433417849,10.96450210356));
#1215 = CARTESIAN_POINT('',(5.280965991613,10.906588126594));
#1216 = CARTESIAN_POINT('',(5.344075227043,10.846362118316));
#1217 = CARTESIAN_POINT('',(5.405848239306,10.784879154291));
#1218 = CARTESIAN_POINT('',(5.466366552649,10.723109117354));
#1219 = CARTESIAN_POINT('',(5.525705996745,10.66193535894));
#1220 = CARTESIAN_POINT('',(5.583938876717,10.602152720566));
#1221 = CARTESIAN_POINT('',(5.641131444519,10.544472514708));
#1222 = CARTESIAN_POINT('',(5.697357602098,10.489508101196));
#1223 = CARTESIAN_POINT('',(5.752862065872,10.437636506961));
#1224 = CARTESIAN_POINT('',(5.807695116344,10.389366178108));
#1225 = CARTESIAN_POINT('',(5.861941592777,10.345109189441));
#1226 = CARTESIAN_POINT('',(5.915672935807,10.30523439852));
#1227 = CARTESIAN_POINT('',(5.968960893969,10.270057302906));
#1228 = CARTESIAN_POINT('',(6.021874551463,10.239846530367));
#1229 = CARTESIAN_POINT('',(6.074481830346,10.214825521796));
#1230 = CARTESIAN_POINT('',(6.126849403633,10.195175128708));
#1231 = CARTESIAN_POINT('',(6.179044310219,10.181035568575));
#1232 = CARTESIAN_POINT('',(6.23113034192,10.172508133742));
#1233 = CARTESIAN_POINT('',(6.283183779298,10.169656518197));
#1234 = CARTESIAN_POINT('',(6.335237224563,10.172507799935));
#1235 = CARTESIAN_POINT('',(6.387323251593,10.181034904516));
#1236 = CARTESIAN_POINT('',(6.439518126491,10.195174131937));
#1237 = CARTESIAN_POINT('',(6.491885628942,10.214824179909));
#1238 = CARTESIAN_POINT('',(6.544492791565,10.239844819543));
#1239 = CARTESIAN_POINT('',(6.59740628684,10.270055190617));
#1240 = CARTESIAN_POINT('',(6.650694043088,10.305231850266));
#1241 = CARTESIAN_POINT('',(6.704425158906,10.34510617987));
#1242 = CARTESIAN_POINT('',(6.758671405266,10.389362704383));
#1243 = CARTESIAN_POINT('',(6.813504259218,10.437632609639));
#1244 = CARTESIAN_POINT('',(6.86900859406,10.489503868499));
#1245 = CARTESIAN_POINT('',(6.925234789078,10.544468154094));
#1246 = CARTESIAN_POINT('',(6.982427397163,10.602148293629));
#1247 = CARTESIAN_POINT('',(7.040660315541,10.661930922802));
#1248 = CARTESIAN_POINT('',(7.099999797706,10.723104733125));
#1249 = CARTESIAN_POINT('',(7.160518148579,10.784874884032));
#1250 = CARTESIAN_POINT('',(7.222291198069,10.84635802499));
#1251 = CARTESIAN_POINT('',(7.28540047045,10.906584273056));
#1252 = CARTESIAN_POINT('',(7.349933081136,10.964498551805));
#1253 = CARTESIAN_POINT('',(7.415986678865,11.018967547839));
#1254 = CARTESIAN_POINT('',(7.483657658267,11.068777079497));
#1255 = CARTESIAN_POINT('',(7.553093132892,11.112676668407));
#1256 = CARTESIAN_POINT('',(7.62430590568,11.149260660519));
#1257 = CARTESIAN_POINT('',(7.696765226679,11.176980864732));
#1258 = CARTESIAN_POINT('',(7.770063221637,11.194714152871));
#1259 = CARTESIAN_POINT('',(7.843797077037,11.201729618244));
#1260 = CARTESIAN_POINT('',(7.917583513774,11.197740774022));
#1261 = CARTESIAN_POINT('',(7.991040995837,11.182910089871));
#1262 = CARTESIAN_POINT('',(8.06377169832,11.157848944135));
#1263 = CARTESIAN_POINT('',(8.13537707589,11.123573383938));
#1264 = CARTESIAN_POINT('',(8.205336978261,11.081531046468));
#1265 = CARTESIAN_POINT('',(8.273469975922,11.033229790015));
#1266 = CARTESIAN_POINT('',(8.339962316851,10.979920821358));
#1267 = CARTESIAN_POINT('',(8.404903775444,10.922841002199));
#1268 = CARTESIAN_POINT('',(8.46839692814,10.863143653576));
#1269 = CARTESIAN_POINT('',(8.530530239948,10.801906754458));
#1270 = CARTESIAN_POINT('',(8.591386877881,10.740123956198));
#1271 = CARTESIAN_POINT('',(8.651044691052,10.678702022591));
#1272 = CARTESIAN_POINT('',(8.709574440636,10.618462609545));
#1273 = CARTESIAN_POINT('',(8.767053084433,10.560130893195));
#1274 = CARTESIAN_POINT('',(8.823518219922,10.504380871775));
#1275 = CARTESIAN_POINT('',(8.879215243569,10.451603227136));
#1276 = CARTESIAN_POINT('',(8.934225510898,10.402298370982));
#1277 = CARTESIAN_POINT('',(8.97049243806,10.372022919226));
#1278 = CARTESIAN_POINT('',(8.988537281966,10.357607503425));
#1279 = ( GEOMETRIC_REPRESENTATION_CONTEXT(2) 
PARAMETRIC_REPRESENTATION_CONTEXT() REPRESENTATION_CONTEXT('2D SPACE',''
  ) );
#1280 = PCURVE('',#1281,#1286);
#1281 = CYLINDRICAL_SURFACE('',#1282,25.);
#1282 = AXIS2_PLACEMENT_3D('',#1283,#1284,#1285);
#1283 = CARTESIAN_POINT('',(0.,30.,-13.8));
#1284 = DIRECTION('',(0.,-1.,2.22044604925E-16));
#1285 = DIRECTION('',(1.,0.,0.));
#1286 = DEFINITIONAL_REPRESENTATION('',(#1287),#1379);
#1287 = B_SPLINE_CURVE_WITH_KNOTS('',3,(#1288,#1289,#1290,#1291,#1292,
    #1293,#1294,#1295,#1296,#1297,#1298,#1299,#1300,#1301,#1302,#1303,
    #1304,#1305,#1306,#1307,#1308,#1309,#1310,#1311,#1312,#1313,#1314,
    #1315,#1316,#1317,#1318,#1319,#1320,#1321,#1322,#1323,#1324,#1325,
    #1326,#1327,#1328,#1329,#1330,#1331,#1332,#1333,#1334,#1335,#1336,
    #1337,#1338,#1339,#1340,#1341,#1342,#1343,#1344,#1345,#1346,#1347,
    #1348,#1349,#1350,#1351,#1352,#1353,#1354,#1355,#1356,#1357,#1358,
    #1359,#1360,#1361,#1362,#1363,#1364,#1365,#1366,#1367,#1368,#1369,
    #1370,#1371,#1372,#1373,#1374,#1375,#1376,#1377,#1378),
  .UNSPECIFIED.,.F.,.F.,(4,1,1,1,1,1,1,1,1,1,1,1,1,1,1,1,1,1,1,1,1,1,1,1
    ,1,1,1,1,1,1,1,1,1,1,1,1,1,1,1,1,1,1,1,1,1,1,1,1,1,1,1,1,1,1,1,1,1,1
    ,1,1,1,1,1,1,1,1,1,1,1,1,1,1,1,1,1,1,1,1,1,1,1,1,1,1,1,1,1,1,4),(
    0.57915621258,0.588720837739,0.598285462897,0.607850088055,
    0.617414713213,0.626979338371,0.63654396353,0.646108588688,
    0.655673213846,0.665237839004,0.674802464163,0.684367089321,
    0.693931714479,0.703496339637,0.713060964796,0.722625589954,
    0.732190215112,0.74175484027,0.751319465428,0.760884090587,
    0.770448715745,0.780013340903,0.789577966061,0.79914259122,
    0.808707216378,0.818271841536,0.827836466694,0.837401091852,
    0.846965717011,0.856530342169,0.866094967327,0.875659592485,
    0.885224217644,0.894788842802,0.90435346796,0.913918093118,
    0.923482718276,0.933047343435,0.942611968593,0.952176593751,
    0.961741218909,0.971305844068,0.980870469226,0.990435094384,
    0.999999719542,1.009564344701,1.019128969859,1.028693595017,
    1.038258220175,1.047822845333,1.057387470492,1.06695209565,
    1.076516720808,1.086081345966,1.095645971125,1.105210596283,
    1.114775221441,1.124339846599,1.133904471757,1.143469096916,
    1.153033722074,1.162598347232,1.17216297239,1.181727597549,
    1.191292222707,1.200856847865,1.210421473023,1.219986098182,
    1.22955072334,1.239115348498,1.248679973656,1.258244598814,
    1.267809223973,1.277373849131,1.286938474289,1.296503099447,
    1.306067724606,1.315632349764,1.325196974922,1.33476160008,
    1.344326225238,1.353890850397,1.363455475555,1.373020100713,
    1.382584725871,1.39214935103,1.401713976188,1.411278601346,
    1.420843226504),.QUASI_UNIFORM_KNOTS.);
#1288 = CARTESIAN_POINT('',(1.83112939113,32.999999987165));
#1289 = CARTESIAN_POINT('',(1.828888480716,33.116110300091));
#1290 = CARTESIAN_POINT('',(1.824128603789,33.34657273344));
#1291 = CARTESIAN_POINT('',(1.816144922934,33.686059264953));
#1292 = CARTESIAN_POINT('',(1.807307756638,34.018436931292));
#1293 = CARTESIAN_POINT('',(1.79760721474,34.342696205604));
#1294 = CARTESIAN_POINT('',(1.787001528049,34.658577624661));
#1295 = CARTESIAN_POINT('',(1.775483427654,34.964433282197));
#1296 = CARTESIAN_POINT('',(1.763041874506,35.258702481948));
#1297 = CARTESIAN_POINT('',(1.749669454287,35.539621468759));
#1298 = CARTESIAN_POINT('',(1.735360842686,35.80529087342));
#1299 = CARTESIAN_POINT('',(1.720113542639,36.053647027448));
#1300 = CARTESIAN_POINT('',(1.703928743224,36.282452455501));
#1301 = CARTESIAN_POINT('',(1.686809740642,36.489297522533));
#1302 = CARTESIAN_POINT('',(1.668770362056,36.671529383703));
#1303 = CARTESIAN_POINT('',(1.649806253208,36.826451031947));
#1304 = CARTESIAN_POINT('',(1.630023669341,36.950368898977));
#1305 = CARTESIAN_POINT('',(1.609642045931,37.039689605397));
#1306 = CARTESIAN_POINT('',(1.5888640982,37.092058066862));
#1307 = CARTESIAN_POINT('',(1.567902563453,37.106083501191));
#1308 = CARTESIAN_POINT('',(1.546970467547,37.08140402189));
#1309 = CARTESIAN_POINT('',(1.526280571939,37.018660026305));
#1310 = CARTESIAN_POINT('',(1.506044663369,36.91952482302));
#1311 = CARTESIAN_POINT('',(1.486464277998,36.786628511817));
#1312 = CARTESIAN_POINT('',(1.467755728675,36.62388261833));
#1313 = CARTESIAN_POINT('',(1.449968440169,36.434587879703));
#1314 = CARTESIAN_POINT('',(1.433106561185,36.221433523638));
#1315 = CARTESIAN_POINT('',(1.417179999746,35.987002206373));
#1316 = CARTESIAN_POINT('',(1.402191673006,35.733655203167));
#1317 = CARTESIAN_POINT('',(1.388141639432,35.46358074409));
#1318 = CARTESIAN_POINT('',(1.375026596456,35.178796292238));
#1319 = CARTESIAN_POINT('',(1.362840615586,34.881162545741));
#1320 = CARTESIAN_POINT('',(1.351575204969,34.572387876917));
#1321 = CARTESIAN_POINT('',(1.341220516351,34.254051209648));
#1322 = CARTESIAN_POINT('',(1.331762376409,33.927553253272));
#1323 = CARTESIAN_POINT('',(1.323160750063,33.593087827073));
#1324 = CARTESIAN_POINT('',(1.315410928285,33.251807774976));
#1325 = CARTESIAN_POINT('',(1.308501982192,32.904569451652));
#1326 = CARTESIAN_POINT('',(1.302425775753,32.552211350945));
#1327 = CARTESIAN_POINT('',(1.297174601819,32.195491263178));
#1328 = CARTESIAN_POINT('',(1.292741874055,31.835114431308));
#1329 = CARTESIAN_POINT('',(1.289122006765,31.471736014268));
#1330 = CARTESIAN_POINT('',(1.286310518413,31.105972248335));
#1331 = CARTESIAN_POINT('',(1.284304080693,30.738399528882));
#1332 = CARTESIAN_POINT('',(1.283100587708,30.369590226348));
#1333 = CARTESIAN_POINT('',(1.282699223782,30.000010852853));
#1334 = CARTESIAN_POINT('',(1.283100540687,29.630431394001));
#1335 = CARTESIAN_POINT('',(1.28430398678,29.261622036725));
#1336 = CARTESIAN_POINT('',(1.286310376492,28.894049393425));
#1337 = CARTESIAN_POINT('',(1.289121813863,28.528285913043));
#1338 = CARTESIAN_POINT('',(1.292741625018,28.16490802156));
#1339 = CARTESIAN_POINT('',(1.297174289526,27.804531939426));
#1340 = CARTESIAN_POINT('',(1.302425391864,27.447812758581));
#1341 = CARTESIAN_POINT('',(1.308501518606,27.095455600277));
#1342 = CARTESIAN_POINT('',(1.315410379063,26.748218085596));
#1343 = CARTESIAN_POINT('',(1.323160114991,26.406938469274));
#1344 = CARTESIAN_POINT('',(1.331761662128,26.072472901819));
#1345 = CARTESIAN_POINT('',(1.341219750541,25.745973708803));
#1346 = CARTESIAN_POINT('',(1.351574391483,25.427635718538));
#1347 = CARTESIAN_POINT('',(1.362839756948,25.11885965623));
#1348 = CARTESIAN_POINT('',(1.375025695802,24.821224440506));
#1349 = CARTESIAN_POINT('',(1.388140699998,24.536438444885));
#1350 = CARTESIAN_POINT('',(1.402190698275,24.266362367713));
#1351 = CARTESIAN_POINT('',(1.4171789934,24.013013673439));
#1352 = CARTESIAN_POINT('',(1.433105527178,23.778580593602));
#1353 = CARTESIAN_POINT('',(1.449967382509,23.565424407056));
#1354 = CARTESIAN_POINT('',(1.467754652243,23.376127768893));
#1355 = CARTESIAN_POINT('',(1.486463185505,23.21337992657));
#1356 = CARTESIAN_POINT('',(1.506043567893,23.080481553485));
#1357 = CARTESIAN_POINT('',(1.526279487722,22.981344248325));
#1358 = CARTESIAN_POINT('',(1.546969407355,22.9185981848));
#1359 = CARTESIAN_POINT('',(1.567901539087,22.893916733786));
#1360 = CARTESIAN_POINT('',(1.588863120198,22.907940347191));
#1361 = CARTESIAN_POINT('',(1.60964112349,22.960307184361));
#1362 = CARTESIAN_POINT('',(1.630022810289,23.049626502037));
#1363 = CARTESIAN_POINT('',(1.649805463688,23.17354324303));
#1364 = CARTESIAN_POINT('',(1.668769647441,23.328464061899));
#1365 = CARTESIAN_POINT('',(1.686809097063,23.510695316437));
#1366 = CARTESIAN_POINT('',(1.703928167555,23.717539976856));
#1367 = CARTESIAN_POINT('',(1.720113031263,23.946345174324));
#1368 = CARTESIAN_POINT('',(1.735360391895,24.194701252811));
#1369 = CARTESIAN_POINT('',(1.749669060245,24.460370717964));
#1370 = CARTESIAN_POINT('',(1.763041533282,24.741289882929));
#1371 = CARTESIAN_POINT('',(1.775483135362,25.035559366057));
#1372 = CARTESIAN_POINT('',(1.787001280473,25.341415384929));
#1373 = CARTESIAN_POINT('',(1.797607008861,25.657297278097));
#1374 = CARTESIAN_POINT('',(1.807307585053,25.981556948631));
#1375 = CARTESIAN_POINT('',(1.816144807649,26.3139360445));
#1376 = CARTESIAN_POINT('',(1.824128549211,26.653424694262));
#1377 = CARTESIAN_POINT('',(1.828888464135,26.883888826258));
#1378 = CARTESIAN_POINT('',(1.831129391126,27.000000012887));
#1379 = ( GEOMETRIC_REPRESENTATION_CONTEXT(2) 
PARAMETRIC_REPRESENTATION_CONTEXT() REPRESENTATION_CONTEXT('2D SPACE',''
  ) );
#1380 = ORIENTED_EDGE('',*,*,#1381,.F.);
#1381 = EDGE_CURVE('',#394,#1119,#1382,.T.);
#1382 = SURFACE_CURVE('',#1383,(#1388,#1395),.PCURVE_S1.);
#1383 = CIRCLE('',#1384,7.1);
#1384 = AXIS2_PLACEMENT_3D('',#1385,#1386,#1387);
#1385 = CARTESIAN_POINT('',(0.,0.,11.));
#1386 = DIRECTION('',(0.,0.,1.));
#1387 = DIRECTION('',(1.,0.,-0.));
#1388 = PCURVE('',#209,#1389);
#1389 = DEFINITIONAL_REPRESENTATION('',(#1390),#1394);
#1390 = LINE('',#1391,#1392);
#1391 = CARTESIAN_POINT('',(0.,11.));
#1392 = VECTOR('',#1393,1.);
#1393 = DIRECTION('',(1.,0.));
#1394 = ( GEOMETRIC_REPRESENTATION_CONTEXT(2) 
PARAMETRIC_REPRESENTATION_CONTEXT() REPRESENTATION_CONTEXT('2D SPACE',''
  ) );
#1395 = PCURVE('',#664,#1396);
#1396 = DEFINITIONAL_REPRESENTATION('',(#1397),#1401);
#1397 = CIRCLE('',#1398,7.1);
#1398 = AXIS2_PLACEMENT_2D('',#1399,#1400);
#1399 = CARTESIAN_POINT('',(30.,30.));
#1400 = DIRECTION('',(1.,0.));
#1401 = ( GEOMETRIC_REPRESENTATION_CONTEXT(2) 
PARAMETRIC_REPRESENTATION_CONTEXT() REPRESENTATION_CONTEXT('2D SPACE',''
  ) );
#1402 = ORIENTED_EDGE('',*,*,#393,.F.);
#1403 = ORIENTED_EDGE('',*,*,#1404,.T.);
#1404 = EDGE_CURVE('',#365,#1405,#1407,.T.);
#1405 = VERTEX_POINT('',#1406);
#1406 = CARTESIAN_POINT('',(-6.435060217278,-3.,7.5));
#1407 = SURFACE_CURVE('',#1408,(#1412,#1419),.PCURVE_S1.);
#1408 = LINE('',#1409,#1410);
#1409 = CARTESIAN_POINT('',(-6.435060217278,-3.,12.7));
#1410 = VECTOR('',#1411,1.);
#1411 = DIRECTION('',(-8.198570028001E-15,8.881784197001E-15,-1.));
#1412 = PCURVE('',#209,#1413);
#1413 = DEFINITIONAL_REPRESENTATION('',(#1414),#1418);
#1414 = LINE('',#1415,#1416);
#1415 = CARTESIAN_POINT('',(3.577833332488,12.7));
#1416 = VECTOR('',#1417,1.);
#1417 = DIRECTION('',(-0.,-1.));
#1418 = ( GEOMETRIC_REPRESENTATION_CONTEXT(2) 
PARAMETRIC_REPRESENTATION_CONTEXT() REPRESENTATION_CONTEXT('2D SPACE',''
  ) );
#1419 = PCURVE('',#381,#1420);
#1420 = DEFINITIONAL_REPRESENTATION('',(#1421),#1425);
#1421 = LINE('',#1422,#1423);
#1422 = CARTESIAN_POINT('',(-6.435060217278,12.7));
#1423 = VECTOR('',#1424,1.);
#1424 = DIRECTION('',(-8.198570028001E-15,-1.));
#1425 = ( GEOMETRIC_REPRESENTATION_CONTEXT(2) 
PARAMETRIC_REPRESENTATION_CONTEXT() REPRESENTATION_CONTEXT('2D SPACE',''
  ) );
#1426 = ORIENTED_EDGE('',*,*,#1427,.F.);
#1427 = EDGE_CURVE('',#1428,#1405,#1430,.T.);
#1428 = VERTEX_POINT('',#1429);
#1429 = CARTESIAN_POINT('',(-6.610577181561,-2.590418755072,
    7.098610379971));
#1430 = SURFACE_CURVE('',#1431,(#1436,#1446),.PCURVE_S1.);
#1431 = ELLIPSE('',#1432,9.94101423397,7.1);
#1432 = AXIS2_PLACEMENT_3D('',#1433,#1434,#1435);
#1433 = CARTESIAN_POINT('',(0.,0.,4.56));
#1434 = DIRECTION('',(-0.,0.69992858236,0.714212839143));
#1435 = DIRECTION('',(0.,-0.714212839143,0.69992858236));
#1436 = PCURVE('',#209,#1437);
#1437 = DEFINITIONAL_REPRESENTATION('',(#1438),#1445);
#1438 = B_SPLINE_CURVE_WITH_KNOTS('',5,(#1439,#1440,#1441,#1442,#1443,
    #1444),.UNSPECIFIED.,.F.,.F.,(6,6),(4.98329615344,5.16422686708),
  .PIECEWISE_BEZIER_KNOTS.);
#1439 = CARTESIAN_POINT('',(3.412499826645,6.422));
#1440 = CARTESIAN_POINT('',(3.448685969373,6.664600277925));
#1441 = CARTESIAN_POINT('',(3.484872112101,6.904152843959));
#1442 = CARTESIAN_POINT('',(3.521058254829,7.139995869563));
#1443 = CARTESIAN_POINT('',(3.557244397557,7.371484226797));
#1444 = CARTESIAN_POINT('',(3.593430540285,7.598));
#1445 = ( GEOMETRIC_REPRESENTATION_CONTEXT(2) 
PARAMETRIC_REPRESENTATION_CONTEXT() REPRESENTATION_CONTEXT('2D SPACE',''
  ) );
#1446 = PCURVE('',#1447,#1452);
#1447 = PLANE('',#1448);
#1448 = AXIS2_PLACEMENT_3D('',#1449,#1450,#1451);
#1449 = CARTESIAN_POINT('',(-15.5,-3.,7.5));
#1450 = DIRECTION('',(-0.,0.69992858236,0.714212839143));
#1451 = DIRECTION('',(0.,0.714212839143,-0.69992858236));
#1452 = DEFINITIONAL_REPRESENTATION('',(#1453),#1457);
#1453 = ELLIPSE('',#1454,9.94101423397,7.1);
#1454 = AXIS2_PLACEMENT_2D('',#1455,#1456);
#1455 = CARTESIAN_POINT('',(4.200428549565,-15.5));
#1456 = DIRECTION('',(-1.,-0.));
#1457 = ( GEOMETRIC_REPRESENTATION_CONTEXT(2) 
PARAMETRIC_REPRESENTATION_CONTEXT() REPRESENTATION_CONTEXT('2D SPACE',''
  ) );
#1458 = ORIENTED_EDGE('',*,*,#1459,.F.);
#1459 = EDGE_CURVE('',#1460,#1428,#1462,.T.);
#1460 = VERTEX_POINT('',#1461);
#1461 = CARTESIAN_POINT('',(-6.610577181561,2.590418755072,
    7.098610379971));
#1462 = SURFACE_CURVE('',#1463,(#1491,#1522),.PCURVE_S1.);
#1463 = B_SPLINE_CURVE_WITH_KNOTS('',6,(#1464,#1465,#1466,#1467,#1468,
    #1469,#1470,#1471,#1472,#1473,#1474,#1475,#1476,#1477,#1478,#1479,
    #1480,#1481,#1482,#1483,#1484,#1485,#1486,#1487,#1488,#1489,#1490),
  .UNSPECIFIED.,.F.,.F.,(7,5,5,5,5,7),(0.,0.213878155974,0.500236118734,
    0.690349928205,0.786758290146,1.),.UNSPECIFIED.);
#1464 = CARTESIAN_POINT('',(-6.435059937561,3.0000006,7.258099172649));
#1465 = CARTESIAN_POINT('',(-6.527043086636,2.802694946947,
    7.176546542481));
#1466 = CARTESIAN_POINT('',(-6.61181035954,2.601911286614,7.09889325568)
  );
#1467 = CARTESIAN_POINT('',(-6.689249327528,2.397857275044,7.02584682179
    ));
#1468 = CARTESIAN_POINT('',(-6.759255228438,2.190699613994,
    6.958115874108));
#1469 = CARTESIAN_POINT('',(-6.821711004365,1.980564787111,
    6.896396619746));
#1470 = CARTESIAN_POINT('',(-6.949779700151,1.482324121912,
    6.767670709225));
#1471 = CARTESIAN_POINT('',(-7.009413003059,1.191448273178,6.70583627518
    ));
#1472 = CARTESIAN_POINT('',(-7.054546556815,0.896551977889,
    6.657914539126));
#1473 = CARTESIAN_POINT('',(-7.084814489158,0.59894735768,6.625398071346
    ));
#1474 = CARTESIAN_POINT('',(-7.1,0.299747051909,6.609084656743));
#1475 = CARTESIAN_POINT('',(-7.1,-0.199002861198,6.609084656743));
#1476 = CARTESIAN_POINT('',(-7.09330623963,-0.397925509788,
    6.616274924293));
#1477 = CARTESIAN_POINT('',(-7.079930944623,-0.596379276012,
    6.630645681543));
#1478 = CARTESIAN_POINT('',(-7.05991996652,-0.793968251076,
    6.652031562918));
#1479 = CARTESIAN_POINT('',(-7.033370289166,-0.99026611066,6.68011710203
    ));
#1480 = CARTESIAN_POINT('',(-6.983752121073,-1.283439180204,
    6.731848782968));
#1481 = CARTESIAN_POINT('',(-6.965414557067,-1.381650795644,
    6.750863716817));
#1482 = CARTESIAN_POINT('',(-6.945449282694,-1.479398507836,
    6.771434124113));
#1483 = CARTESIAN_POINT('',(-6.92387246187,-1.576650160153,6.79350194366
    ));
#1484 = CARTESIAN_POINT('',(-6.900701982908,-1.673370716229,
    6.817003949099));
#1485 = CARTESIAN_POINT('',(-6.821226057825,-1.982195924146,
    6.896875817486));
#1486 = CARTESIAN_POINT('',(-6.75882032191,-2.191986166807,
    6.958536626221));
#1487 = CARTESIAN_POINT('',(-6.688888761896,-2.398806992413,
    7.02618690203));
#1488 = CARTESIAN_POINT('',(-6.611547702129,-2.602533201059,
    7.099133838714));
#1489 = CARTESIAN_POINT('',(-6.526901028636,-2.802999664134,
    7.176672491676));
#1490 = CARTESIAN_POINT('',(-6.435059937561,-3.0000006,7.258099172649));
#1491 = PCURVE('',#209,#1492);
#1492 = DEFINITIONAL_REPRESENTATION('',(#1493),#1521);
#1493 = B_SPLINE_CURVE_WITH_KNOTS('',6,(#1494,#1495,#1496,#1497,#1498,
    #1499,#1500,#1501,#1502,#1503,#1504,#1505,#1506,#1507,#1508,#1509,
    #1510,#1511,#1512,#1513,#1514,#1515,#1516,#1517,#1518,#1519,#1520),
  .UNSPECIFIED.,.F.,.F.,(7,5,5,5,5,7),(0.,0.213878155974,0.500236118734,
    0.690349928205,0.786758290146,1.),.UNSPECIFIED.);
#1494 = CARTESIAN_POINT('',(2.705351881452,7.258099172649));
#1495 = CARTESIAN_POINT('',(2.736012925012,7.176546542481));
#1496 = CARTESIAN_POINT('',(2.766688497076,7.09889325568));
#1497 = CARTESIAN_POINT('',(2.797397393085,7.02584682179));
#1498 = CARTESIAN_POINT('',(2.82816401472,6.958115874108));
#1499 = CARTESIAN_POINT('',(2.859018597601,6.896396619746));
#1500 = CARTESIAN_POINT('',(2.931474502735,6.767670709225));
#1501 = CARTESIAN_POINT('',(2.973244013493,6.70583627518));
#1502 = CARTESIAN_POINT('',(3.01518216049,6.657914539126));
#1503 = CARTESIAN_POINT('',(3.057233902536,6.625398071346));
#1504 = CARTESIAN_POINT('',(3.099374758955,6.609084656743));
#1505 = CARTESIAN_POINT('',(3.16962122559,6.609084656743));
#1506 = CARTESIAN_POINT('',(3.197638519632,6.616274924293));
#1507 = CARTESIAN_POINT('',(3.225629338829,6.630645681543));
#1508 = CARTESIAN_POINT('',(3.253577547641,6.652031562918));
#1509 = CARTESIAN_POINT('',(3.281461460564,6.68011710203));
#1510 = CARTESIAN_POINT('',(3.323340650154,6.731848782968));
#1511 = CARTESIAN_POINT('',(3.337410306653,6.750863716817));
#1512 = CARTESIAN_POINT('',(3.351458836663,6.771434124113));
#1513 = CARTESIAN_POINT('',(3.365486352832,6.79350194366));
#1514 = CARTESIAN_POINT('',(3.379492444106,6.817003949099));
#1515 = CARTESIAN_POINT('',(3.424406219356,6.896875817486));
#1516 = CARTESIAN_POINT('',(3.455212374722,6.958536626221));
#1517 = CARTESIAN_POINT('',(3.485930848209,7.02618690203));
#1518 = CARTESIAN_POINT('',(3.516591831132,7.099133838714));
#1519 = CARTESIAN_POINT('',(3.547219734825,7.176672491676));
#1520 = CARTESIAN_POINT('',(3.577833425727,7.258099172649));
#1521 = ( GEOMETRIC_REPRESENTATION_CONTEXT(2) 
PARAMETRIC_REPRESENTATION_CONTEXT() REPRESENTATION_CONTEXT('2D SPACE',''
  ) );
#1522 = PCURVE('',#1523,#1528);
#1523 = CYLINDRICAL_SURFACE('',#1524,9.7);
#1524 = AXIS2_PLACEMENT_3D('',#1525,#1526,#1527);
#1525 = CARTESIAN_POINT('',(0.,3.,-6.661338147751E-16));
#1526 = DIRECTION('',(0.,-1.,2.22044604925E-16));
#1527 = DIRECTION('',(1.,0.,0.));
#1528 = DEFINITIONAL_REPRESENTATION('',(#1529),#1557);
#1529 = B_SPLINE_CURVE_WITH_KNOTS('',6,(#1530,#1531,#1532,#1533,#1534,
    #1535,#1536,#1537,#1538,#1539,#1540,#1541,#1542,#1543,#1544,#1545,
    #1546,#1547,#1548,#1549,#1550,#1551,#1552,#1553,#1554,#1555,#1556),
  .UNSPECIFIED.,.F.,.F.,(7,5,5,5,5,7),(0.,0.213878155974,0.500236118734,
    0.690349928205,0.786758290146,1.),.UNSPECIFIED.);
#1530 = CARTESIAN_POINT('',(2.296160845961,-6.000002652496E-07));
#1531 = CARTESIAN_POINT('',(2.30883401932,0.197305053053));
#1532 = CARTESIAN_POINT('',(2.320683865883,0.398088713386));
#1533 = CARTESIAN_POINT('',(2.331657027656,0.602142724956));
#1534 = CARTESIAN_POINT('',(2.341698162279,0.809300386006));
#1535 = CARTESIAN_POINT('',(2.350750064187,1.019435212889));
#1536 = CARTESIAN_POINT('',(2.369469837607,1.517675878088));
#1537 = CARTESIAN_POINT('',(2.378324911897,1.808551726822));
#1538 = CARTESIAN_POINT('',(2.385111206437,2.103448022111));
#1539 = CARTESIAN_POINT('',(2.389691030974,2.40105264232));
#1540 = CARTESIAN_POINT('',(2.391988686526,2.700252948091));
#1541 = CARTESIAN_POINT('',(2.391988686526,3.199002861198));
#1542 = CARTESIAN_POINT('',(2.390975933607,3.397925509788));
#1543 = CARTESIAN_POINT('',(2.388951992348,3.596379276012));
#1544 = CARTESIAN_POINT('',(2.385932629514,3.793968251076));
#1545 = CARTESIAN_POINT('',(2.381948378522,3.99026611066));
#1546 = CARTESIAN_POINT('',(2.374558610843,4.283439180204));
#1547 = CARTESIAN_POINT('',(2.371835262776,4.381650795644));
#1548 = CARTESIAN_POINT('',(2.36888000632,4.479398507836));
#1549 = CARTESIAN_POINT('',(2.365698255193,4.576650160153));
#1550 = CARTESIAN_POINT('',(2.362295890231,4.673370716229));
#1551 = CARTESIAN_POINT('',(2.350679781657,4.982195924146));
#1552 = CARTESIAN_POINT('',(2.341635783942,5.191986166807));
#1553 = CARTESIAN_POINT('',(2.331605937534,5.398806992413));
#1554 = CARTESIAN_POINT('',(2.320647150535,5.602533201059));
#1555 = CARTESIAN_POINT('',(2.308814446978,5.802999664134));
#1556 = CARTESIAN_POINT('',(2.296160845961,6.0000006));
#1557 = ( GEOMETRIC_REPRESENTATION_CONTEXT(2) 
PARAMETRIC_REPRESENTATION_CONTEXT() REPRESENTATION_CONTEXT('2D SPACE',''
  ) );
#1558 = ORIENTED_EDGE('',*,*,#1559,.F.);
#1559 = EDGE_CURVE('',#1560,#1460,#1562,.T.);
#1560 = VERTEX_POINT('',#1561);
#1561 = CARTESIAN_POINT('',(-6.435060217278,3.,7.5));
#1562 = SURFACE_CURVE('',#1563,(#1568,#1578),.PCURVE_S1.);
#1563 = ELLIPSE('',#1564,9.94101423397,7.1);
#1564 = AXIS2_PLACEMENT_3D('',#1565,#1566,#1567);
#1565 = CARTESIAN_POINT('',(0.,0.,4.56));
#1566 = DIRECTION('',(0.,-0.69992858236,0.714212839143));
#1567 = DIRECTION('',(0.,0.714212839143,0.69992858236));
#1568 = PCURVE('',#209,#1569);
#1569 = DEFINITIONAL_REPRESENTATION('',(#1570),#1577);
#1570 = B_SPLINE_CURVE_WITH_KNOTS('',5,(#1571,#1572,#1573,#1574,#1575,
    #1576),.UNSPECIFIED.,.F.,.F.,(6,6),(1.118958440099,1.299889153739),
  .PIECEWISE_BEZIER_KNOTS.);
#1571 = CARTESIAN_POINT('',(2.689754766894,7.598));
#1572 = CARTESIAN_POINT('',(2.725940909622,7.371484226797));
#1573 = CARTESIAN_POINT('',(2.76212705235,7.139995869563));
#1574 = CARTESIAN_POINT('',(2.798313195078,6.904152843959));
#1575 = CARTESIAN_POINT('',(2.834499337806,6.664600277925));
#1576 = CARTESIAN_POINT('',(2.870685480534,6.422));
#1577 = ( GEOMETRIC_REPRESENTATION_CONTEXT(2) 
PARAMETRIC_REPRESENTATION_CONTEXT() REPRESENTATION_CONTEXT('2D SPACE',''
  ) );
#1578 = PCURVE('',#1579,#1584);
#1579 = PLANE('',#1580);
#1580 = AXIS2_PLACEMENT_3D('',#1581,#1582,#1583);
#1581 = CARTESIAN_POINT('',(-15.5,2.,6.52));
#1582 = DIRECTION('',(0.,-0.69992858236,0.714212839143));
#1583 = DIRECTION('',(0.,0.714212839143,0.69992858236));
#1584 = DEFINITIONAL_REPRESENTATION('',(#1585),#1589);
#1585 = ELLIPSE('',#1586,9.94101423397,7.1);
#1586 = AXIS2_PLACEMENT_2D('',#1587,#1588);
#1587 = CARTESIAN_POINT('',(-2.80028569971,-15.5));
#1588 = DIRECTION('',(1.,0.));
#1589 = ( GEOMETRIC_REPRESENTATION_CONTEXT(2) 
PARAMETRIC_REPRESENTATION_CONTEXT() REPRESENTATION_CONTEXT('2D SPACE',''
  ) );
#1590 = ORIENTED_EDGE('',*,*,#1591,.T.);
#1591 = EDGE_CURVE('',#1560,#1051,#1592,.T.);
#1592 = SURFACE_CURVE('',#1593,(#1597,#1603),.PCURVE_S1.);
#1593 = LINE('',#1594,#1595);
#1594 = CARTESIAN_POINT('',(-6.435060217278,3.,-6.661338147751E-16));
#1595 = VECTOR('',#1596,1.);
#1596 = DIRECTION('',(0.,0.,1.));
#1597 = PCURVE('',#209,#1598);
#1598 = DEFINITIONAL_REPRESENTATION('',(#1599),#1602);
#1599 = B_SPLINE_CURVE_WITH_KNOTS('',1,(#1600,#1601),.UNSPECIFIED.,.F.,
  .F.,(2,2),(6.98,12.7000006),.PIECEWISE_BEZIER_KNOTS.);
#1600 = CARTESIAN_POINT('',(2.705351974692,6.98));
#1601 = CARTESIAN_POINT('',(2.705351974692,12.7000006));
#1602 = ( GEOMETRIC_REPRESENTATION_CONTEXT(2) 
PARAMETRIC_REPRESENTATION_CONTEXT() REPRESENTATION_CONTEXT('2D SPACE',''
  ) );
#1603 = PCURVE('',#326,#1604);
#1604 = DEFINITIONAL_REPRESENTATION('',(#1605),#1608);
#1605 = B_SPLINE_CURVE_WITH_KNOTS('',1,(#1606,#1607),.UNSPECIFIED.,.F.,
  .F.,(2,2),(6.98,12.7000006),.PIECEWISE_BEZIER_KNOTS.);
#1606 = CARTESIAN_POINT('',(-6.435060217278,6.98));
#1607 = CARTESIAN_POINT('',(-6.435060217278,12.7000006));
#1608 = ( GEOMETRIC_REPRESENTATION_CONTEXT(2) 
PARAMETRIC_REPRESENTATION_CONTEXT() REPRESENTATION_CONTEXT('2D SPACE',''
  ) );
#1609 = ORIENTED_EDGE('',*,*,#1050,.F.);
#1610 = ORIENTED_EDGE('',*,*,#1027,.F.);
#1611 = ADVANCED_FACE('',(#1612),#664,.T.);
#1612 = FACE_BOUND('',#1613,.T.);
#1613 = EDGE_LOOP('',(#1614,#1633,#1634,#1635));
#1614 = ORIENTED_EDGE('',*,*,#1615,.F.);
#1615 = EDGE_CURVE('',#1095,#1119,#1616,.T.);
#1616 = SURFACE_CURVE('',#1617,(#1621,#1627),.PCURVE_S1.);
#1617 = LINE('',#1618,#1619);
#1618 = CARTESIAN_POINT('',(3.155946767612,30.,11.));
#1619 = VECTOR('',#1620,1.);
#1620 = DIRECTION('',(0.,-1.,2.22044604925E-16));
#1621 = PCURVE('',#664,#1622);
#1622 = DEFINITIONAL_REPRESENTATION('',(#1623),#1626);
#1623 = B_SPLINE_CURVE_WITH_KNOTS('',1,(#1624,#1625),.UNSPECIFIED.,.F.,
  .F.,(2,2),(22.893916133786,37.106084101191),.PIECEWISE_BEZIER_KNOTS.);
#1624 = CARTESIAN_POINT('',(33.155946767612,37.106083866214));
#1625 = CARTESIAN_POINT('',(33.155946767612,22.893915898809));
#1626 = ( GEOMETRIC_REPRESENTATION_CONTEXT(2) 
PARAMETRIC_REPRESENTATION_CONTEXT() REPRESENTATION_CONTEXT('2D SPACE',''
  ) );
#1627 = PCURVE('',#1281,#1628);
#1628 = DEFINITIONAL_REPRESENTATION('',(#1629),#1632);
#1629 = B_SPLINE_CURVE_WITH_KNOTS('',1,(#1630,#1631),.UNSPECIFIED.,.F.,
  .F.,(2,2),(22.893916133786,37.106084101191),.PIECEWISE_BEZIER_KNOTS.);
#1630 = CARTESIAN_POINT('',(1.444220740832,22.893916133786));
#1631 = CARTESIAN_POINT('',(1.444220740832,37.106084101191));
#1632 = ( GEOMETRIC_REPRESENTATION_CONTEXT(2) 
PARAMETRIC_REPRESENTATION_CONTEXT() REPRESENTATION_CONTEXT('2D SPACE',''
  ) );
#1633 = ORIENTED_EDGE('',*,*,#1094,.T.);
#1634 = ORIENTED_EDGE('',*,*,#651,.T.);
#1635 = ORIENTED_EDGE('',*,*,#1381,.T.);
#1636 = ADVANCED_FACE('',(#1637),#381,.T.);
#1637 = FACE_BOUND('',#1638,.T.);
#1638 = EDGE_LOOP('',(#1639,#1640,#1664,#1685));
#1639 = ORIENTED_EDGE('',*,*,#364,.T.);
#1640 = ORIENTED_EDGE('',*,*,#1641,.T.);
#1641 = EDGE_CURVE('',#339,#1642,#1644,.T.);
#1642 = VERTEX_POINT('',#1643);
#1643 = CARTESIAN_POINT('',(-12.40967364599,-3.,7.5));
#1644 = SURFACE_CURVE('',#1645,(#1650,#1657),.PCURVE_S1.);
#1645 = CIRCLE('',#1646,14.5);
#1646 = AXIS2_PLACEMENT_3D('',#1647,#1648,#1649);
#1647 = CARTESIAN_POINT('',(0.,-3.,6.661338147751E-16));
#1648 = DIRECTION('',(0.,-1.,2.22044604925E-16));
#1649 = DIRECTION('',(1.,0.,0.));
#1650 = PCURVE('',#381,#1651);
#1651 = DEFINITIONAL_REPRESENTATION('',(#1652),#1656);
#1652 = CIRCLE('',#1653,14.5);
#1653 = AXIS2_PLACEMENT_2D('',#1654,#1655);
#1654 = CARTESIAN_POINT('',(0.,0.));
#1655 = DIRECTION('',(1.,0.));
#1656 = ( GEOMETRIC_REPRESENTATION_CONTEXT(2) 
PARAMETRIC_REPRESENTATION_CONTEXT() REPRESENTATION_CONTEXT('2D SPACE',''
  ) );
#1657 = PCURVE('',#353,#1658);
#1658 = DEFINITIONAL_REPRESENTATION('',(#1659),#1663);
#1659 = LINE('',#1660,#1661);
#1660 = CARTESIAN_POINT('',(0.,6.));
#1661 = VECTOR('',#1662,1.);
#1662 = DIRECTION('',(1.,0.));
#1663 = ( GEOMETRIC_REPRESENTATION_CONTEXT(2) 
PARAMETRIC_REPRESENTATION_CONTEXT() REPRESENTATION_CONTEXT('2D SPACE',''
  ) );
#1664 = ORIENTED_EDGE('',*,*,#1665,.T.);
#1665 = EDGE_CURVE('',#1642,#1405,#1666,.T.);
#1666 = SURFACE_CURVE('',#1667,(#1671,#1678),.PCURVE_S1.);
#1667 = LINE('',#1668,#1669);
#1668 = CARTESIAN_POINT('',(-15.5,-3.,7.5));
#1669 = VECTOR('',#1670,1.);
#1670 = DIRECTION('',(1.,0.,0.));
#1671 = PCURVE('',#381,#1672);
#1672 = DEFINITIONAL_REPRESENTATION('',(#1673),#1677);
#1673 = LINE('',#1674,#1675);
#1674 = CARTESIAN_POINT('',(-15.5,7.5));
#1675 = VECTOR('',#1676,1.);
#1676 = DIRECTION('',(1.,0.));
#1677 = ( GEOMETRIC_REPRESENTATION_CONTEXT(2) 
PARAMETRIC_REPRESENTATION_CONTEXT() REPRESENTATION_CONTEXT('2D SPACE',''
  ) );
#1678 = PCURVE('',#1447,#1679);
#1679 = DEFINITIONAL_REPRESENTATION('',(#1680),#1684);
#1680 = LINE('',#1681,#1682);
#1681 = CARTESIAN_POINT('',(0.,0.));
#1682 = VECTOR('',#1683,1.);
#1683 = DIRECTION('',(0.,-1.));
#1684 = ( GEOMETRIC_REPRESENTATION_CONTEXT(2) 
PARAMETRIC_REPRESENTATION_CONTEXT() REPRESENTATION_CONTEXT('2D SPACE',''
  ) );
#1685 = ORIENTED_EDGE('',*,*,#1404,.F.);
#1686 = ADVANCED_FACE('',(#1687),#353,.T.);
#1687 = FACE_BOUND('',#1688,.T.);
#1688 = EDGE_LOOP('',(#1689,#1690,#1691,#1715,#1742,#1771,#1797,#1826));
#1689 = ORIENTED_EDGE('',*,*,#1641,.F.);
#1690 = ORIENTED_EDGE('',*,*,#338,.F.);
#1691 = ORIENTED_EDGE('',*,*,#1692,.T.);
#1692 = EDGE_CURVE('',#310,#1693,#1695,.T.);
#1693 = VERTEX_POINT('',#1694);
#1694 = CARTESIAN_POINT('',(-12.40967364599,3.,7.5));
#1695 = SURFACE_CURVE('',#1696,(#1701,#1708),.PCURVE_S1.);
#1696 = CIRCLE('',#1697,14.5);
#1697 = AXIS2_PLACEMENT_3D('',#1698,#1699,#1700);
#1698 = CARTESIAN_POINT('',(0.,3.,-6.661338147751E-16));
#1699 = DIRECTION('',(0.,-1.,2.22044604925E-16));
#1700 = DIRECTION('',(1.,0.,0.));
#1701 = PCURVE('',#353,#1702);
#1702 = DEFINITIONAL_REPRESENTATION('',(#1703),#1707);
#1703 = LINE('',#1704,#1705);
#1704 = CARTESIAN_POINT('',(0.,0.));
#1705 = VECTOR('',#1706,1.);
#1706 = DIRECTION('',(1.,0.));
#1707 = ( GEOMETRIC_REPRESENTATION_CONTEXT(2) 
PARAMETRIC_REPRESENTATION_CONTEXT() REPRESENTATION_CONTEXT('2D SPACE',''
  ) );
#1708 = PCURVE('',#326,#1709);
#1709 = DEFINITIONAL_REPRESENTATION('',(#1710),#1714);
#1710 = CIRCLE('',#1711,14.5);
#1711 = AXIS2_PLACEMENT_2D('',#1712,#1713);
#1712 = CARTESIAN_POINT('',(0.,0.));
#1713 = DIRECTION('',(1.,0.));
#1714 = ( GEOMETRIC_REPRESENTATION_CONTEXT(2) 
PARAMETRIC_REPRESENTATION_CONTEXT() REPRESENTATION_CONTEXT('2D SPACE',''
  ) );
#1715 = ORIENTED_EDGE('',*,*,#1716,.T.);
#1716 = EDGE_CURVE('',#1693,#1717,#1719,.T.);
#1717 = VERTEX_POINT('',#1718);
#1718 = CARTESIAN_POINT('',(-12.95143235321,2.,6.52));
#1719 = SURFACE_CURVE('',#1720,(#1725,#1735),.PCURVE_S1.);
#1720 = ELLIPSE('',#1721,20.716399309079,14.5);
#1721 = AXIS2_PLACEMENT_3D('',#1722,#1723,#1724);
#1722 = CARTESIAN_POINT('',(0.,-4.65306122449,1.033187141284E-15));
#1723 = DIRECTION('',(0.,-0.69992858236,0.714212839143));
#1724 = DIRECTION('',(0.,-0.714212839143,-0.69992858236));
#1725 = PCURVE('',#353,#1726);
#1726 = DEFINITIONAL_REPRESENTATION('',(#1727),#1734);
#1727 = B_SPLINE_CURVE_WITH_KNOTS('',5,(#1728,#1729,#1730,#1731,#1732,
    #1733),.UNSPECIFIED.,.F.,.F.,(6,6),(4.168764425469,4.253562181687),
  .PIECEWISE_BEZIER_KNOTS.);
#1728 = CARTESIAN_POINT('',(2.597968098675,-5.999999999062E-07));
#1729 = CARTESIAN_POINT('',(2.614927649918,0.214757042947));
#1730 = CARTESIAN_POINT('',(2.631887201162,0.432266213883));
#1731 = CARTESIAN_POINT('',(2.648846752405,0.652398225919));
#1732 = CARTESIAN_POINT('',(2.665806303649,0.875021092207));
#1733 = CARTESIAN_POINT('',(2.682765854892,1.1));
#1734 = ( GEOMETRIC_REPRESENTATION_CONTEXT(2) 
PARAMETRIC_REPRESENTATION_CONTEXT() REPRESENTATION_CONTEXT('2D SPACE',''
  ) );
#1735 = PCURVE('',#1579,#1736);
#1736 = DEFINITIONAL_REPRESENTATION('',(#1737),#1741);
#1737 = ELLIPSE('',#1738,20.716399309079,14.5);
#1738 = AXIS2_PLACEMENT_2D('',#1739,#1740);
#1739 = CARTESIAN_POINT('',(-9.315236103117,-15.5));
#1740 = DIRECTION('',(-1.,-0.));
#1741 = ( GEOMETRIC_REPRESENTATION_CONTEXT(2) 
PARAMETRIC_REPRESENTATION_CONTEXT() REPRESENTATION_CONTEXT('2D SPACE',''
  ) );
#1742 = ORIENTED_EDGE('',*,*,#1743,.T.);
#1743 = EDGE_CURVE('',#1717,#1744,#1746,.T.);
#1744 = VERTEX_POINT('',#1745);
#1745 = CARTESIAN_POINT('',(-13.61621040482,2.,4.984858494648));
#1746 = SURFACE_CURVE('',#1747,(#1752,#1759),.PCURVE_S1.);
#1747 = CIRCLE('',#1748,14.5);
#1748 = AXIS2_PLACEMENT_3D('',#1749,#1750,#1751);
#1749 = CARTESIAN_POINT('',(0.,2.,-4.440892098501E-16));
#1750 = DIRECTION('',(0.,-1.,2.22044604925E-16));
#1751 = DIRECTION('',(1.,0.,0.));
#1752 = PCURVE('',#353,#1753);
#1753 = DEFINITIONAL_REPRESENTATION('',(#1754),#1758);
#1754 = LINE('',#1755,#1756);
#1755 = CARTESIAN_POINT('',(0.,1.));
#1756 = VECTOR('',#1757,1.);
#1757 = DIRECTION('',(1.,0.));
#1758 = ( GEOMETRIC_REPRESENTATION_CONTEXT(2) 
PARAMETRIC_REPRESENTATION_CONTEXT() REPRESENTATION_CONTEXT('2D SPACE',''
  ) );
#1759 = PCURVE('',#1760,#1765);
#1760 = PLANE('',#1761);
#1761 = AXIS2_PLACEMENT_3D('',#1762,#1763,#1764);
#1762 = CARTESIAN_POINT('',(0.,2.,-4.440892098501E-16));
#1763 = DIRECTION('',(0.,-1.,2.22044604925E-16));
#1764 = DIRECTION('',(1.,0.,0.));
#1765 = DEFINITIONAL_REPRESENTATION('',(#1766),#1770);
#1766 = CIRCLE('',#1767,14.5);
#1767 = AXIS2_PLACEMENT_2D('',#1768,#1769);
#1768 = CARTESIAN_POINT('',(0.,0.));
#1769 = DIRECTION('',(1.,0.));
#1770 = ( GEOMETRIC_REPRESENTATION_CONTEXT(2) 
PARAMETRIC_REPRESENTATION_CONTEXT() REPRESENTATION_CONTEXT('2D SPACE',''
  ) );
#1771 = ORIENTED_EDGE('',*,*,#1772,.T.);
#1772 = EDGE_CURVE('',#1744,#1773,#1775,.T.);
#1773 = VERTEX_POINT('',#1774);
#1774 = CARTESIAN_POINT('',(-13.61621040482,-2.,4.984858494648));
#1775 = SURFACE_CURVE('',#1776,(#1780,#1786),.PCURVE_S1.);
#1776 = LINE('',#1777,#1778);
#1777 = CARTESIAN_POINT('',(-13.61621040482,3.,4.984858494648));
#1778 = VECTOR('',#1779,1.);
#1779 = DIRECTION('',(0.,-1.,2.22044604925E-16));
#1780 = PCURVE('',#353,#1781);
#1781 = DEFINITIONAL_REPRESENTATION('',(#1782),#1785);
#1782 = B_SPLINE_CURVE_WITH_KNOTS('',1,(#1783,#1784),.UNSPECIFIED.,.F.,
  .F.,(2,2),(-5.999999990181E-07,6.0000006),.PIECEWISE_BEZIER_KNOTS.);
#1783 = CARTESIAN_POINT('',(2.790649801477,-6.000000001316E-07));
#1784 = CARTESIAN_POINT('',(2.790649801477,6.0000006));
#1785 = ( GEOMETRIC_REPRESENTATION_CONTEXT(2) 
PARAMETRIC_REPRESENTATION_CONTEXT() REPRESENTATION_CONTEXT('2D SPACE',''
  ) );
#1786 = PCURVE('',#1787,#1792);
#1787 = PLANE('',#1788);
#1788 = AXIS2_PLACEMENT_3D('',#1789,#1790,#1791);
#1789 = CARTESIAN_POINT('',(-12.23642104538,3.,3.4));
#1790 = DIRECTION('',(-0.754216222396,-0.,-0.656626141632));
#1791 = DIRECTION('',(-0.656626141632,0.,0.754216222396));
#1792 = DEFINITIONAL_REPRESENTATION('',(#1793),#1796);
#1793 = B_SPLINE_CURVE_WITH_KNOTS('',1,(#1794,#1795),.UNSPECIFIED.,.F.,
  .F.,(2,2),(-5.999999990181E-07,6.0000006),.PIECEWISE_BEZIER_KNOTS.);
#1794 = CARTESIAN_POINT('',(2.101331750215,6.000000012385E-07));
#1795 = CARTESIAN_POINT('',(2.101331750215,-6.0000006));
#1796 = ( GEOMETRIC_REPRESENTATION_CONTEXT(2) 
PARAMETRIC_REPRESENTATION_CONTEXT() REPRESENTATION_CONTEXT('2D SPACE',''
  ) );
#1797 = ORIENTED_EDGE('',*,*,#1798,.F.);
#1798 = EDGE_CURVE('',#1799,#1773,#1801,.T.);
#1799 = VERTEX_POINT('',#1800);
#1800 = CARTESIAN_POINT('',(-12.95143235321,-2.,6.52));
#1801 = SURFACE_CURVE('',#1802,(#1807,#1814),.PCURVE_S1.);
#1802 = CIRCLE('',#1803,14.5);
#1803 = AXIS2_PLACEMENT_3D('',#1804,#1805,#1806);
#1804 = CARTESIAN_POINT('',(0.,-2.,4.440892098501E-16));
#1805 = DIRECTION('',(0.,-1.,2.22044604925E-16));
#1806 = DIRECTION('',(1.,0.,0.));
#1807 = PCURVE('',#353,#1808);
#1808 = DEFINITIONAL_REPRESENTATION('',(#1809),#1813);
#1809 = LINE('',#1810,#1811);
#1810 = CARTESIAN_POINT('',(0.,5.));
#1811 = VECTOR('',#1812,1.);
#1812 = DIRECTION('',(1.,0.));
#1813 = ( GEOMETRIC_REPRESENTATION_CONTEXT(2) 
PARAMETRIC_REPRESENTATION_CONTEXT() REPRESENTATION_CONTEXT('2D SPACE',''
  ) );
#1814 = PCURVE('',#1815,#1820);
#1815 = PLANE('',#1816);
#1816 = AXIS2_PLACEMENT_3D('',#1817,#1818,#1819);
#1817 = CARTESIAN_POINT('',(0.,-2.,4.440892098501E-16));
#1818 = DIRECTION('',(0.,-1.,2.22044604925E-16));
#1819 = DIRECTION('',(1.,0.,0.));
#1820 = DEFINITIONAL_REPRESENTATION('',(#1821),#1825);
#1821 = CIRCLE('',#1822,14.5);
#1822 = AXIS2_PLACEMENT_2D('',#1823,#1824);
#1823 = CARTESIAN_POINT('',(0.,0.));
#1824 = DIRECTION('',(1.,0.));
#1825 = ( GEOMETRIC_REPRESENTATION_CONTEXT(2) 
PARAMETRIC_REPRESENTATION_CONTEXT() REPRESENTATION_CONTEXT('2D SPACE',''
  ) );
#1826 = ORIENTED_EDGE('',*,*,#1827,.T.);
#1827 = EDGE_CURVE('',#1799,#1642,#1828,.T.);
#1828 = SURFACE_CURVE('',#1829,(#1834,#1844),.PCURVE_S1.);
#1829 = ELLIPSE('',#1830,20.716399309079,14.5);
#1830 = AXIS2_PLACEMENT_3D('',#1831,#1832,#1833);
#1831 = CARTESIAN_POINT('',(0.,4.65306122449,-1.033187141284E-15));
#1832 = DIRECTION('',(-0.,0.69992858236,0.714212839143));
#1833 = DIRECTION('',(0.,-0.714212839143,0.69992858236));
#1834 = PCURVE('',#353,#1835);
#1835 = DEFINITIONAL_REPRESENTATION('',(#1836),#1843);
#1836 = B_SPLINE_CURVE_WITH_KNOTS('',5,(#1837,#1838,#1839,#1840,#1841,
    #1842),.UNSPECIFIED.,.F.,.F.,(6,6),(5.171215779082,5.2560135353),
  .PIECEWISE_BEZIER_KNOTS.);
#1837 = CARTESIAN_POINT('',(2.682765854892,4.9));
#1838 = CARTESIAN_POINT('',(2.665806303649,5.124978907792));
#1839 = CARTESIAN_POINT('',(2.648846752405,5.347601774081));
#1840 = CARTESIAN_POINT('',(2.631887201162,5.567733786117));
#1841 = CARTESIAN_POINT('',(2.614927649918,5.785242957053));
#1842 = CARTESIAN_POINT('',(2.597968098675,6.0000006));
#1843 = ( GEOMETRIC_REPRESENTATION_CONTEXT(2) 
PARAMETRIC_REPRESENTATION_CONTEXT() REPRESENTATION_CONTEXT('2D SPACE',''
  ) );
#1844 = PCURVE('',#1447,#1845);
#1845 = DEFINITIONAL_REPRESENTATION('',(#1846),#1850);
#1846 = ELLIPSE('',#1847,20.716399309079,14.5);
#1847 = AXIS2_PLACEMENT_2D('',#1848,#1849);
#1848 = CARTESIAN_POINT('',(10.715378952972,-15.5));
#1849 = DIRECTION('',(-1.,-0.));
#1850 = ( GEOMETRIC_REPRESENTATION_CONTEXT(2) 
PARAMETRIC_REPRESENTATION_CONTEXT() REPRESENTATION_CONTEXT('2D SPACE',''
  ) );
#1851 = ADVANCED_FACE('',(#1852),#326,.F.);
#1852 = FACE_BOUND('',#1853,.F.);
#1853 = EDGE_LOOP('',(#1854,#1855,#1856,#1877,#1878));
#1854 = ORIENTED_EDGE('',*,*,#309,.T.);
#1855 = ORIENTED_EDGE('',*,*,#1692,.T.);
#1856 = ORIENTED_EDGE('',*,*,#1857,.T.);
#1857 = EDGE_CURVE('',#1693,#1560,#1858,.T.);
#1858 = SURFACE_CURVE('',#1859,(#1863,#1870),.PCURVE_S1.);
#1859 = LINE('',#1860,#1861);
#1860 = CARTESIAN_POINT('',(-15.5,3.,7.5));
#1861 = VECTOR('',#1862,1.);
#1862 = DIRECTION('',(1.,0.,0.));
#1863 = PCURVE('',#326,#1864);
#1864 = DEFINITIONAL_REPRESENTATION('',(#1865),#1869);
#1865 = LINE('',#1866,#1867);
#1866 = CARTESIAN_POINT('',(-15.5,7.5));
#1867 = VECTOR('',#1868,1.);
#1868 = DIRECTION('',(1.,0.));
#1869 = ( GEOMETRIC_REPRESENTATION_CONTEXT(2) 
PARAMETRIC_REPRESENTATION_CONTEXT() REPRESENTATION_CONTEXT('2D SPACE',''
  ) );
#1870 = PCURVE('',#1579,#1871);
#1871 = DEFINITIONAL_REPRESENTATION('',(#1872),#1876);
#1872 = LINE('',#1873,#1874);
#1873 = CARTESIAN_POINT('',(1.400142849855,0.));
#1874 = VECTOR('',#1875,1.);
#1875 = DIRECTION('',(0.,-1.));
#1876 = ( GEOMETRIC_REPRESENTATION_CONTEXT(2) 
PARAMETRIC_REPRESENTATION_CONTEXT() REPRESENTATION_CONTEXT('2D SPACE',''
  ) );
#1877 = ORIENTED_EDGE('',*,*,#1591,.T.);
#1878 = ORIENTED_EDGE('',*,*,#1074,.T.);
#1879 = ADVANCED_FACE('',(#1880),#908,.F.);
#1880 = FACE_BOUND('',#1881,.F.);
#1881 = EDGE_LOOP('',(#1882));
#1882 = ORIENTED_EDGE('',*,*,#678,.T.);
#1883 = ADVANCED_FACE('',(#1884),#1579,.F.);
#1884 = FACE_BOUND('',#1885,.F.);
#1885 = EDGE_LOOP('',(#1886,#1887,#1888,#1911,#1936));
#1886 = ORIENTED_EDGE('',*,*,#1857,.F.);
#1887 = ORIENTED_EDGE('',*,*,#1716,.T.);
#1888 = ORIENTED_EDGE('',*,*,#1889,.T.);
#1889 = EDGE_CURVE('',#1717,#1890,#1892,.T.);
#1890 = VERTEX_POINT('',#1891);
#1891 = CARTESIAN_POINT('',(-7.181893900637,2.,6.52));
#1892 = SURFACE_CURVE('',#1893,(#1897,#1904),.PCURVE_S1.);
#1893 = LINE('',#1894,#1895);
#1894 = CARTESIAN_POINT('',(-12.95143235321,2.,6.52));
#1895 = VECTOR('',#1896,1.);
#1896 = DIRECTION('',(1.,0.,0.));
#1897 = PCURVE('',#1579,#1898);
#1898 = DEFINITIONAL_REPRESENTATION('',(#1899),#1903);
#1899 = LINE('',#1900,#1901);
#1900 = CARTESIAN_POINT('',(0.,-2.548567646781));
#1901 = VECTOR('',#1902,1.);
#1902 = DIRECTION('',(0.,-1.));
#1903 = ( GEOMETRIC_REPRESENTATION_CONTEXT(2) 
PARAMETRIC_REPRESENTATION_CONTEXT() REPRESENTATION_CONTEXT('2D SPACE',''
  ) );
#1904 = PCURVE('',#1760,#1905);
#1905 = DEFINITIONAL_REPRESENTATION('',(#1906),#1910);
#1906 = LINE('',#1907,#1908);
#1907 = CARTESIAN_POINT('',(-12.95143235321,6.52));
#1908 = VECTOR('',#1909,1.);
#1909 = DIRECTION('',(1.,0.));
#1910 = ( GEOMETRIC_REPRESENTATION_CONTEXT(2) 
PARAMETRIC_REPRESENTATION_CONTEXT() REPRESENTATION_CONTEXT('2D SPACE',''
  ) );
#1911 = ORIENTED_EDGE('',*,*,#1912,.F.);
#1912 = EDGE_CURVE('',#1460,#1890,#1913,.T.);
#1913 = SURFACE_CURVE('',#1914,(#1919,#1926),.PCURVE_S1.);
#1914 = ELLIPSE('',#1915,13.858556779177,9.7);
#1915 = AXIS2_PLACEMENT_3D('',#1916,#1917,#1918);
#1916 = CARTESIAN_POINT('',(0.,-4.65306122449,1.033187141284E-15));
#1917 = DIRECTION('',(0.,-0.69992858236,0.714212839143));
#1918 = DIRECTION('',(0.,-0.714212839143,-0.69992858236));
#1919 = PCURVE('',#1579,#1920);
#1920 = DEFINITIONAL_REPRESENTATION('',(#1921),#1925);
#1921 = ELLIPSE('',#1922,13.858556779177,9.7);
#1922 = AXIS2_PLACEMENT_2D('',#1923,#1924);
#1923 = CARTESIAN_POINT('',(-9.315236103117,-15.5));
#1924 = DIRECTION('',(-1.,-0.));
#1925 = ( GEOMETRIC_REPRESENTATION_CONTEXT(2) 
PARAMETRIC_REPRESENTATION_CONTEXT() REPRESENTATION_CONTEXT('2D SPACE',''
  ) );
#1926 = PCURVE('',#1523,#1927);
#1927 = DEFINITIONAL_REPRESENTATION('',(#1928),#1935);
#1928 = B_SPLINE_CURVE_WITH_KNOTS('',5,(#1929,#1930,#1931,#1932,#1933,
    #1934),.UNSPECIFIED.,.F.,.F.,(6,6),(3.828523615031,3.988822389776),
  .PIECEWISE_BEZIER_KNOTS.);
#1929 = CARTESIAN_POINT('',(2.257727288236,-6.000000007944E-07));
#1930 = CARTESIAN_POINT('',(2.289787043185,0.201237234847));
#1931 = CARTESIAN_POINT('',(2.321846798134,0.412307603946));
#1932 = CARTESIAN_POINT('',(2.353906553083,0.632779619539));
#1933 = CARTESIAN_POINT('',(2.385966308032,0.862180174669));
#1934 = CARTESIAN_POINT('',(2.418026062981,1.1));
#1935 = ( GEOMETRIC_REPRESENTATION_CONTEXT(2) 
PARAMETRIC_REPRESENTATION_CONTEXT() REPRESENTATION_CONTEXT('2D SPACE',''
  ) );
#1936 = ORIENTED_EDGE('',*,*,#1559,.F.);
#1937 = ADVANCED_FACE('',(#1938),#1523,.F.);
#1938 = FACE_BOUND('',#1939,.F.);
#1939 = EDGE_LOOP('',(#1940,#1966,#1991,#1992,#1993,#2017));
#1940 = ORIENTED_EDGE('',*,*,#1941,.F.);
#1941 = EDGE_CURVE('',#1942,#1944,#1946,.T.);
#1942 = VERTEX_POINT('',#1943);
#1943 = CARTESIAN_POINT('',(-7.181893900637,-2.,6.52));
#1944 = VERTEX_POINT('',#1945);
#1945 = CARTESIAN_POINT('',(-7.271423519504,-2.,6.42));
#1946 = SURFACE_CURVE('',#1947,(#1952,#1959),.PCURVE_S1.);
#1947 = CIRCLE('',#1948,9.7);
#1948 = AXIS2_PLACEMENT_3D('',#1949,#1950,#1951);
#1949 = CARTESIAN_POINT('',(0.,-2.,4.440892098501E-16));
#1950 = DIRECTION('',(-1.247571740238E-16,-1.,-1.37422206623E-16));
#1951 = DIRECTION('',(-0.740401433055,1.352241805943E-32,0.672164948454)
  );
#1952 = PCURVE('',#1523,#1953);
#1953 = DEFINITIONAL_REPRESENTATION('',(#1954),#1958);
#1954 = LINE('',#1955,#1956);
#1955 = CARTESIAN_POINT('',(2.404463712882,5.));
#1956 = VECTOR('',#1957,1.);
#1957 = DIRECTION('',(1.,0.));
#1958 = ( GEOMETRIC_REPRESENTATION_CONTEXT(2) 
PARAMETRIC_REPRESENTATION_CONTEXT() REPRESENTATION_CONTEXT('2D SPACE',''
  ) );
#1959 = PCURVE('',#1815,#1960);
#1960 = DEFINITIONAL_REPRESENTATION('',(#1961),#1965);
#1961 = CIRCLE('',#1962,9.7);
#1962 = AXIS2_PLACEMENT_2D('',#1963,#1964);
#1963 = CARTESIAN_POINT('',(0.,0.));
#1964 = DIRECTION('',(-0.740401433055,0.672164948454));
#1965 = ( GEOMETRIC_REPRESENTATION_CONTEXT(2) 
PARAMETRIC_REPRESENTATION_CONTEXT() REPRESENTATION_CONTEXT('2D SPACE',''
  ) );
#1966 = ORIENTED_EDGE('',*,*,#1967,.T.);
#1967 = EDGE_CURVE('',#1942,#1428,#1968,.T.);
#1968 = SURFACE_CURVE('',#1969,(#1974,#1984),.PCURVE_S1.);
#1969 = ELLIPSE('',#1970,13.858556779177,9.7);
#1970 = AXIS2_PLACEMENT_3D('',#1971,#1972,#1973);
#1971 = CARTESIAN_POINT('',(0.,4.65306122449,-1.033187141284E-15));
#1972 = DIRECTION('',(-0.,0.69992858236,0.714212839143));
#1973 = DIRECTION('',(0.,-0.714212839143,0.69992858236));
#1974 = PCURVE('',#1523,#1975);
#1975 = DEFINITIONAL_REPRESENTATION('',(#1976),#1983);
#1976 = B_SPLINE_CURVE_WITH_KNOTS('',5,(#1977,#1978,#1979,#1980,#1981,
    #1982),.UNSPECIFIED.,.F.,.F.,(6,6),(5.435955570993,5.596254345738),
  .PIECEWISE_BEZIER_KNOTS.);
#1977 = CARTESIAN_POINT('',(2.418026062981,4.9));
#1978 = CARTESIAN_POINT('',(2.385966308032,5.137819825331));
#1979 = CARTESIAN_POINT('',(2.353906553083,5.367220380461));
#1980 = CARTESIAN_POINT('',(2.321846798134,5.587692396054));
#1981 = CARTESIAN_POINT('',(2.289787043185,5.798762765153));
#1982 = CARTESIAN_POINT('',(2.257727288236,6.0000006));
#1983 = ( GEOMETRIC_REPRESENTATION_CONTEXT(2) 
PARAMETRIC_REPRESENTATION_CONTEXT() REPRESENTATION_CONTEXT('2D SPACE',''
  ) );
#1984 = PCURVE('',#1447,#1985);
#1985 = DEFINITIONAL_REPRESENTATION('',(#1986),#1990);
#1986 = ELLIPSE('',#1987,13.858556779177,9.7);
#1987 = AXIS2_PLACEMENT_2D('',#1988,#1989);
#1988 = CARTESIAN_POINT('',(10.715378952972,-15.5));
#1989 = DIRECTION('',(-1.,-0.));
#1990 = ( GEOMETRIC_REPRESENTATION_CONTEXT(2) 
PARAMETRIC_REPRESENTATION_CONTEXT() REPRESENTATION_CONTEXT('2D SPACE',''
  ) );
#1991 = ORIENTED_EDGE('',*,*,#1459,.F.);
#1992 = ORIENTED_EDGE('',*,*,#1912,.T.);
#1993 = ORIENTED_EDGE('',*,*,#1994,.T.);
#1994 = EDGE_CURVE('',#1890,#1995,#1997,.T.);
#1995 = VERTEX_POINT('',#1996);
#1996 = CARTESIAN_POINT('',(-7.271423519504,2.,6.42));
#1997 = SURFACE_CURVE('',#1998,(#2003,#2010),.PCURVE_S1.);
#1998 = CIRCLE('',#1999,9.7);
#1999 = AXIS2_PLACEMENT_3D('',#2000,#2001,#2002);
#2000 = CARTESIAN_POINT('',(0.,2.,-4.440892098501E-16));
#2001 = DIRECTION('',(-1.663428986984E-16,-1.,-1.832296088307E-16));
#2002 = DIRECTION('',(-0.740401433055,9.677046538989E-33,0.672164948454)
  );
#2003 = PCURVE('',#1523,#2004);
#2004 = DEFINITIONAL_REPRESENTATION('',(#2005),#2009);
#2005 = LINE('',#2006,#2007);
#2006 = CARTESIAN_POINT('',(2.404463712882,1.));
#2007 = VECTOR('',#2008,1.);
#2008 = DIRECTION('',(1.,0.));
#2009 = ( GEOMETRIC_REPRESENTATION_CONTEXT(2) 
PARAMETRIC_REPRESENTATION_CONTEXT() REPRESENTATION_CONTEXT('2D SPACE',''
  ) );
#2010 = PCURVE('',#1760,#2011);
#2011 = DEFINITIONAL_REPRESENTATION('',(#2012),#2016);
#2012 = CIRCLE('',#2013,9.7);
#2013 = AXIS2_PLACEMENT_2D('',#2014,#2015);
#2014 = CARTESIAN_POINT('',(0.,0.));
#2015 = DIRECTION('',(-0.740401433055,0.672164948454));
#2016 = ( GEOMETRIC_REPRESENTATION_CONTEXT(2) 
PARAMETRIC_REPRESENTATION_CONTEXT() REPRESENTATION_CONTEXT('2D SPACE',''
  ) );
#2017 = ORIENTED_EDGE('',*,*,#2018,.T.);
#2018 = EDGE_CURVE('',#1995,#1944,#2019,.T.);
#2019 = SURFACE_CURVE('',#2020,(#2024,#2030),.PCURVE_S1.);
#2020 = LINE('',#2021,#2022);
#2021 = CARTESIAN_POINT('',(-7.271423519504,3.,6.42));
#2022 = VECTOR('',#2023,1.);
#2023 = DIRECTION('',(0.,-1.,2.22044604925E-16));
#2024 = PCURVE('',#1523,#2025);
#2025 = DEFINITIONAL_REPRESENTATION('',(#2026),#2029);
#2026 = B_SPLINE_CURVE_WITH_KNOTS('',1,(#2027,#2028),.UNSPECIFIED.,.F.,
  .F.,(2,2),(-6.000002668038E-07,6.0000006),.PIECEWISE_BEZIER_KNOTS.);
#2027 = CARTESIAN_POINT('',(2.418301145697,-6.000002653783E-07));
#2028 = CARTESIAN_POINT('',(2.418301145697,6.0000006));
#2029 = ( GEOMETRIC_REPRESENTATION_CONTEXT(2) 
PARAMETRIC_REPRESENTATION_CONTEXT() REPRESENTATION_CONTEXT('2D SPACE',''
  ) );
#2030 = PCURVE('',#2031,#2036);
#2031 = PLANE('',#2032);
#2032 = AXIS2_PLACEMENT_3D('',#2033,#2034,#2035);
#2033 = CARTESIAN_POINT('',(-10.1,-4.,6.42));
#2034 = DIRECTION('',(0.,0.,1.));
#2035 = DIRECTION('',(1.,0.,-0.));
#2036 = DEFINITIONAL_REPRESENTATION('',(#2037),#2040);
#2037 = B_SPLINE_CURVE_WITH_KNOTS('',1,(#2038,#2039),.UNSPECIFIED.,.F.,
  .F.,(2,2),(-6.000002668038E-07,6.0000006),.PIECEWISE_BEZIER_KNOTS.);
#2038 = CARTESIAN_POINT('',(2.828576480496,7.0000006));
#2039 = CARTESIAN_POINT('',(2.828576480496,0.9999994));
#2040 = ( GEOMETRIC_REPRESENTATION_CONTEXT(2) 
PARAMETRIC_REPRESENTATION_CONTEXT() REPRESENTATION_CONTEXT('2D SPACE',''
  ) );
#2041 = ADVANCED_FACE('',(#2042),#1447,.F.);
#2042 = FACE_BOUND('',#2043,.F.);
#2043 = EDGE_LOOP('',(#2044,#2065,#2066,#2067,#2068));
#2044 = ORIENTED_EDGE('',*,*,#2045,.T.);
#2045 = EDGE_CURVE('',#1942,#1799,#2046,.T.);
#2046 = SURFACE_CURVE('',#2047,(#2051,#2058),.PCURVE_S1.);
#2047 = LINE('',#2048,#2049);
#2048 = CARTESIAN_POINT('',(-7.181893900637,-2.,6.52));
#2049 = VECTOR('',#2050,1.);
#2050 = DIRECTION('',(-1.,0.,0.));
#2051 = PCURVE('',#1447,#2052);
#2052 = DEFINITIONAL_REPRESENTATION('',(#2053),#2057);
#2053 = LINE('',#2054,#2055);
#2054 = CARTESIAN_POINT('',(1.400142849855,-8.318106099363));
#2055 = VECTOR('',#2056,1.);
#2056 = DIRECTION('',(0.,1.));
#2057 = ( GEOMETRIC_REPRESENTATION_CONTEXT(2) 
PARAMETRIC_REPRESENTATION_CONTEXT() REPRESENTATION_CONTEXT('2D SPACE',''
  ) );
#2058 = PCURVE('',#1815,#2059);
#2059 = DEFINITIONAL_REPRESENTATION('',(#2060),#2064);
#2060 = LINE('',#2061,#2062);
#2061 = CARTESIAN_POINT('',(-7.181893900637,6.52));
#2062 = VECTOR('',#2063,1.);
#2063 = DIRECTION('',(-1.,0.));
#2064 = ( GEOMETRIC_REPRESENTATION_CONTEXT(2) 
PARAMETRIC_REPRESENTATION_CONTEXT() REPRESENTATION_CONTEXT('2D SPACE',''
  ) );
#2065 = ORIENTED_EDGE('',*,*,#1827,.T.);
#2066 = ORIENTED_EDGE('',*,*,#1665,.T.);
#2067 = ORIENTED_EDGE('',*,*,#1427,.F.);
#2068 = ORIENTED_EDGE('',*,*,#1967,.F.);
#2069 = ADVANCED_FACE('',(#2070),#1281,.T.);
#2070 = FACE_BOUND('',#2071,.T.);
#2071 = EDGE_LOOP('',(#2072,#2073));
#2072 = ORIENTED_EDGE('',*,*,#1118,.T.);
#2073 = ORIENTED_EDGE('',*,*,#1615,.T.);
#2074 = ADVANCED_FACE('',(#2075,#2470),#1815,.T.);
#2075 = FACE_BOUND('',#2076,.T.);
#2076 = EDGE_LOOP('',(#2077,#2106,#2174,#2201,#2230,#2250,#2251,#2252,
    #2253,#2275,#2303,#2331,#2359,#2387,#2416,#2443));
#2077 = ORIENTED_EDGE('',*,*,#2078,.T.);
#2078 = EDGE_CURVE('',#2079,#2081,#2083,.T.);
#2079 = VERTEX_POINT('',#2080);
#2080 = CARTESIAN_POINT('',(-10.1,-2.,1.056231508714));
#2081 = VERTEX_POINT('',#2082);
#2082 = CARTESIAN_POINT('',(-10.1,-2.,2.393470694556));
#2083 = SURFACE_CURVE('',#2084,(#2088,#2095),.PCURVE_S1.);
#2084 = LINE('',#2085,#2086);
#2085 = CARTESIAN_POINT('',(-10.1,-2.,-1.));
#2086 = VECTOR('',#2087,1.);
#2087 = DIRECTION('',(0.,2.22044604925E-16,1.));
#2088 = PCURVE('',#1815,#2089);
#2089 = DEFINITIONAL_REPRESENTATION('',(#2090),#2094);
#2090 = LINE('',#2091,#2092);
#2091 = CARTESIAN_POINT('',(-10.1,-1.));
#2092 = VECTOR('',#2093,1.);
#2093 = DIRECTION('',(0.,1.));
#2094 = ( GEOMETRIC_REPRESENTATION_CONTEXT(2) 
PARAMETRIC_REPRESENTATION_CONTEXT() REPRESENTATION_CONTEXT('2D SPACE',''
  ) );
#2095 = PCURVE('',#2096,#2101);
#2096 = PLANE('',#2097);
#2097 = AXIS2_PLACEMENT_3D('',#2098,#2099,#2100);
#2098 = CARTESIAN_POINT('',(-10.1,-4.,-2.));
#2099 = DIRECTION('',(1.,0.,-0.));
#2100 = DIRECTION('',(0.,0.,1.));
#2101 = DEFINITIONAL_REPRESENTATION('',(#2102),#2105);
#2102 = B_SPLINE_CURVE_WITH_KNOTS('',1,(#2103,#2104),.UNSPECIFIED.,.F.,
  .F.,(2,2),(-1.,7.42),.PIECEWISE_BEZIER_KNOTS.);
#2103 = CARTESIAN_POINT('',(0.,-2.));
#2104 = CARTESIAN_POINT('',(8.42,-2.));
#2105 = ( GEOMETRIC_REPRESENTATION_CONTEXT(2) 
PARAMETRIC_REPRESENTATION_CONTEXT() REPRESENTATION_CONTEXT('2D SPACE',''
  ) );
#2106 = ORIENTED_EDGE('',*,*,#2107,.F.);
#2107 = EDGE_CURVE('',#2108,#2081,#2110,.T.);
#2108 = VERTEX_POINT('',#2109);
#2109 = CARTESIAN_POINT('',(-10.1,-2.,4.646529305444));
#2110 = SURFACE_CURVE('',#2111,(#2122,#2136),.PCURVE_S1.);
#2111 = ( BOUNDED_CURVE() B_SPLINE_CURVE(9,(#2112,#2113,#2114,#2115,
    #2116,#2117,#2118,#2119,#2120,#2121),.UNSPECIFIED.,.F.,.F.) 
B_SPLINE_CURVE_WITH_KNOTS((10,10),(7.138801403198,8.879633527396),
.PIECEWISE_BEZIER_KNOTS.) CURVE() GEOMETRIC_REPRESENTATION_ITEM() 
RATIONAL_B_SPLINE_CURVE((1.,1.,1.,1.,1.,1.,1.,1.,1.,1.)) 
REPRESENTATION_ITEM('') );
#2112 = CARTESIAN_POINT('',(-10.1,-2.,4.646529305444));
#2113 = CARTESIAN_POINT('',(-10.1,-2.,4.346608706879));
#2114 = CARTESIAN_POINT('',(-10.1,-2.,4.089888558778));
#2115 = CARTESIAN_POINT('',(-10.1,-2.,3.854456126569));
#2116 = CARTESIAN_POINT('',(-10.1,-2.,3.631005435491));
#2117 = CARTESIAN_POINT('',(-10.1,-2.,3.410597535836));
#2118 = CARTESIAN_POINT('',(-10.1,-2.,3.18702080281));
#2119 = CARTESIAN_POINT('',(-10.1,-2.,2.951317833615));
#2120 = CARTESIAN_POINT('',(-10.1,-2.,2.694138552514));
#2121 = CARTESIAN_POINT('',(-10.1,-2.,2.393470694556));
#2122 = PCURVE('',#1815,#2123);
#2123 = DEFINITIONAL_REPRESENTATION('',(#2124),#2135);
#2124 = B_SPLINE_CURVE_WITH_KNOTS('',9,(#2125,#2126,#2127,#2128,#2129,
    #2130,#2131,#2132,#2133,#2134),.UNSPECIFIED.,.F.,.F.,(10,10),(
    7.138801403198,8.879633527396),.PIECEWISE_BEZIER_KNOTS.);
#2125 = CARTESIAN_POINT('',(-10.1,4.646529305444));
#2126 = CARTESIAN_POINT('',(-10.1,4.346608706879));
#2127 = CARTESIAN_POINT('',(-10.09999999999,4.089888558778));
#2128 = CARTESIAN_POINT('',(-10.1,3.854456126569));
#2129 = CARTESIAN_POINT('',(-10.09999999999,3.631005435491));
#2130 = CARTESIAN_POINT('',(-10.1,3.410597535836));
#2131 = CARTESIAN_POINT('',(-10.09999999999,3.18702080281));
#2132 = CARTESIAN_POINT('',(-10.1,2.951317833615));
#2133 = CARTESIAN_POINT('',(-10.1,2.694138552514));
#2134 = CARTESIAN_POINT('',(-10.1,2.393470694556));
#2135 = ( GEOMETRIC_REPRESENTATION_CONTEXT(2) 
PARAMETRIC_REPRESENTATION_CONTEXT() REPRESENTATION_CONTEXT('2D SPACE',''
  ) );
#2136 = PCURVE('',#2137,#2168);
#2137 = ( BOUNDED_SURFACE() B_SPLINE_SURFACE(2,9,(
    (#2138,#2139,#2140,#2141,#2142,#2143,#2144,#2145,#2146,#2147)
    ,(#2148,#2149,#2150,#2151,#2152,#2153,#2154,#2155,#2156,#2157)
    ,(#2158,#2159,#2160,#2161,#2162,#2163,#2164,#2165,#2166,#2167
)),.UNSPECIFIED.,.F.,.F.,.F.) B_SPLINE_SURFACE_WITH_KNOTS((3,3),(10,10),
  (0.,1.740832124197),(7.138801403198,8.879633527396),
.PIECEWISE_BEZIER_KNOTS.) GEOMETRIC_REPRESENTATION_ITEM() 
RATIONAL_B_SPLINE_SURFACE((
    (1.,1.,1.,1.,1.,1.,1.,1.,1.,1.)
    ,(0.738548945876,0.821245857065,0.850663553126,0.873187876872
      ,0.87863759539,0.878633554621,0.873314355477,0.850790163072
      ,0.821451898411,0.738548945876)
,(1.,1.,1.,1.,1.,1.,1.,1.,1.,1.))) REPRESENTATION_ITEM('') SURFACE() );
#2138 = CARTESIAN_POINT('',(-10.64545454545,-1.479390281762,
    4.353288253297));
#2139 = CARTESIAN_POINT('',(-10.64545454545,-1.574253471462,
    4.184871525491));
#2140 = CARTESIAN_POINT('',(-10.62712562453,-1.649036312061,
    4.005098534701));
#2141 = CARTESIAN_POINT('',(-10.61110885103,-1.700559189072,
    3.815416033844));
#2142 = CARTESIAN_POINT('',(-10.59952280851,-1.724555003996,
    3.618613832448));
#2143 = CARTESIAN_POINT('',(-10.5994555652,-1.724642646805,
    3.422826119222));
#2144 = CARTESIAN_POINT('',(-10.61100463597,-1.70086130569,
    3.225819672447));
#2145 = CARTESIAN_POINT('',(-10.62703438525,-1.649385669289,
    3.035755474419));
#2146 = CARTESIAN_POINT('',(-10.64545454545,-1.574489825384,
    2.855548088842));
#2147 = CARTESIAN_POINT('',(-10.64545454545,-1.479390281762,
    2.686711746703));
#2148 = CARTESIAN_POINT('',(-10.1,-1.522774424948,4.377725007643));
#2149 = CARTESIAN_POINT('',(-10.22083627889,-1.600975955554,
    4.21641216885));
#2150 = CARTESIAN_POINT('',(-10.25780207719,-1.665055543006,
    4.014485590464));
#2151 = CARTESIAN_POINT('',(-10.27248901763,-1.70536388429,
    3.826561522173));
#2152 = CARTESIAN_POINT('',(-10.27529726971,-1.725827960683,
    3.613678846842));
#2153 = CARTESIAN_POINT('',(-10.27529601462,-1.72591509434,
    3.427803198219));
#2154 = CARTESIAN_POINT('',(-10.27254594806,-1.705595349996,
    3.214675315337));
#2155 = CARTESIAN_POINT('',(-10.25795493495,-1.665348575657,
    3.02644853978));
#2156 = CARTESIAN_POINT('',(-10.22110696102,-1.601151132716,
    2.823949183736));
#2157 = CARTESIAN_POINT('',(-10.1,-1.522774424948,2.662274992357));
#2158 = CARTESIAN_POINT('',(-10.1,-2.,4.646529305444));
#2159 = CARTESIAN_POINT('',(-10.1,-2.,4.346608706879));
#2160 = CARTESIAN_POINT('',(-10.1,-2.,4.089888558778));
#2161 = CARTESIAN_POINT('',(-10.1,-2.,3.854456126569));
#2162 = CARTESIAN_POINT('',(-10.1,-2.,3.631005435491));
#2163 = CARTESIAN_POINT('',(-10.1,-2.,3.410597535836));
#2164 = CARTESIAN_POINT('',(-10.1,-2.,3.18702080281));
#2165 = CARTESIAN_POINT('',(-10.1,-2.,2.951317833615));
#2166 = CARTESIAN_POINT('',(-10.1,-2.,2.694138552514));
#2167 = CARTESIAN_POINT('',(-10.1,-2.,2.393470694556));
#2168 = DEFINITIONAL_REPRESENTATION('',(#2169),#2173);
#2169 = LINE('',#2170,#2171);
#2170 = CARTESIAN_POINT('',(1.740832124197,0.));
#2171 = VECTOR('',#2172,1.);
#2172 = DIRECTION('',(0.,1.));
#2173 = ( GEOMETRIC_REPRESENTATION_CONTEXT(2) 
PARAMETRIC_REPRESENTATION_CONTEXT() REPRESENTATION_CONTEXT('2D SPACE',''
  ) );
#2174 = ORIENTED_EDGE('',*,*,#2175,.T.);
#2175 = EDGE_CURVE('',#2108,#2176,#2178,.T.);
#2176 = VERTEX_POINT('',#2177);
#2177 = CARTESIAN_POINT('',(-10.1,-2.,5.62));
#2178 = SURFACE_CURVE('',#2179,(#2183,#2190),.PCURVE_S1.);
#2179 = LINE('',#2180,#2181);
#2180 = CARTESIAN_POINT('',(-10.1,-2.,-1.));
#2181 = VECTOR('',#2182,1.);
#2182 = DIRECTION('',(0.,2.22044604925E-16,1.));
#2183 = PCURVE('',#1815,#2184);
#2184 = DEFINITIONAL_REPRESENTATION('',(#2185),#2189);
#2185 = LINE('',#2186,#2187);
#2186 = CARTESIAN_POINT('',(-10.1,-1.));
#2187 = VECTOR('',#2188,1.);
#2188 = DIRECTION('',(0.,1.));
#2189 = ( GEOMETRIC_REPRESENTATION_CONTEXT(2) 
PARAMETRIC_REPRESENTATION_CONTEXT() REPRESENTATION_CONTEXT('2D SPACE',''
  ) );
#2190 = PCURVE('',#2191,#2196);
#2191 = PLANE('',#2192);
#2192 = AXIS2_PLACEMENT_3D('',#2193,#2194,#2195);
#2193 = CARTESIAN_POINT('',(-10.1,-4.,-2.));
#2194 = DIRECTION('',(1.,0.,-0.));
#2195 = DIRECTION('',(0.,0.,1.));
#2196 = DEFINITIONAL_REPRESENTATION('',(#2197),#2200);
#2197 = B_SPLINE_CURVE_WITH_KNOTS('',1,(#2198,#2199),.UNSPECIFIED.,.F.,
  .F.,(2,2),(-1.,7.42),.PIECEWISE_BEZIER_KNOTS.);
#2198 = CARTESIAN_POINT('',(0.,-2.));
#2199 = CARTESIAN_POINT('',(8.42,-2.));
#2200 = ( GEOMETRIC_REPRESENTATION_CONTEXT(2) 
PARAMETRIC_REPRESENTATION_CONTEXT() REPRESENTATION_CONTEXT('2D SPACE',''
  ) );
#2201 = ORIENTED_EDGE('',*,*,#2202,.F.);
#2202 = EDGE_CURVE('',#2203,#2176,#2205,.T.);
#2203 = VERTEX_POINT('',#2204);
#2204 = CARTESIAN_POINT('',(-9.3,-2.,6.42));
#2205 = SURFACE_CURVE('',#2206,(#2211,#2218),.PCURVE_S1.);
#2206 = CIRCLE('',#2207,0.8);
#2207 = AXIS2_PLACEMENT_3D('',#2208,#2209,#2210);
#2208 = CARTESIAN_POINT('',(-9.3,-2.,5.62));
#2209 = DIRECTION('',(0.,-1.,0.));
#2210 = DIRECTION('',(0.,0.,1.));
#2211 = PCURVE('',#1815,#2212);
#2212 = DEFINITIONAL_REPRESENTATION('',(#2213),#2217);
#2213 = CIRCLE('',#2214,0.8);
#2214 = AXIS2_PLACEMENT_2D('',#2215,#2216);
#2215 = CARTESIAN_POINT('',(-9.3,5.62));
#2216 = DIRECTION('',(0.,1.));
#2217 = ( GEOMETRIC_REPRESENTATION_CONTEXT(2) 
PARAMETRIC_REPRESENTATION_CONTEXT() REPRESENTATION_CONTEXT('2D SPACE',''
  ) );
#2218 = PCURVE('',#2219,#2224);
#2219 = CYLINDRICAL_SURFACE('',#2220,0.8);
#2220 = AXIS2_PLACEMENT_3D('',#2221,#2222,#2223);
#2221 = CARTESIAN_POINT('',(-9.3,-2.,5.62));
#2222 = DIRECTION('',(-0.,1.,0.));
#2223 = DIRECTION('',(0.,0.,1.));
#2224 = DEFINITIONAL_REPRESENTATION('',(#2225),#2229);
#2225 = LINE('',#2226,#2227);
#2226 = CARTESIAN_POINT('',(-0.,0.));
#2227 = VECTOR('',#2228,1.);
#2228 = DIRECTION('',(-1.,0.));
#2229 = ( GEOMETRIC_REPRESENTATION_CONTEXT(2) 
PARAMETRIC_REPRESENTATION_CONTEXT() REPRESENTATION_CONTEXT('2D SPACE',''
  ) );
#2230 = ORIENTED_EDGE('',*,*,#2231,.F.);
#2231 = EDGE_CURVE('',#1944,#2203,#2232,.T.);
#2232 = SURFACE_CURVE('',#2233,(#2237,#2244),.PCURVE_S1.);
#2233 = LINE('',#2234,#2235);
#2234 = CARTESIAN_POINT('',(-5.05,-2.,6.42));
#2235 = VECTOR('',#2236,1.);
#2236 = DIRECTION('',(-1.,0.,0.));
#2237 = PCURVE('',#1815,#2238);
#2238 = DEFINITIONAL_REPRESENTATION('',(#2239),#2243);
#2239 = LINE('',#2240,#2241);
#2240 = CARTESIAN_POINT('',(-5.05,6.42));
#2241 = VECTOR('',#2242,1.);
#2242 = DIRECTION('',(-1.,0.));
#2243 = ( GEOMETRIC_REPRESENTATION_CONTEXT(2) 
PARAMETRIC_REPRESENTATION_CONTEXT() REPRESENTATION_CONTEXT('2D SPACE',''
  ) );
#2244 = PCURVE('',#2031,#2245);
#2245 = DEFINITIONAL_REPRESENTATION('',(#2246),#2249);
#2246 = B_SPLINE_CURVE_WITH_KNOTS('',1,(#2247,#2248),.UNSPECIFIED.,.F.,
  .F.,(2,2),(2.131893900637,5.05),.PIECEWISE_BEZIER_KNOTS.);
#2247 = CARTESIAN_POINT('',(2.918106099363,2.));
#2248 = CARTESIAN_POINT('',(0.,2.));
#2249 = ( GEOMETRIC_REPRESENTATION_CONTEXT(2) 
PARAMETRIC_REPRESENTATION_CONTEXT() REPRESENTATION_CONTEXT('2D SPACE',''
  ) );
#2250 = ORIENTED_EDGE('',*,*,#1941,.F.);
#2251 = ORIENTED_EDGE('',*,*,#2045,.T.);
#2252 = ORIENTED_EDGE('',*,*,#1798,.T.);
#2253 = ORIENTED_EDGE('',*,*,#2254,.T.);
#2254 = EDGE_CURVE('',#1773,#2255,#2257,.T.);
#2255 = VERTEX_POINT('',#2256);
#2256 = CARTESIAN_POINT('',(-12.9512805947,-2.,4.221104483427));
#2257 = SURFACE_CURVE('',#2258,(#2262,#2269),.PCURVE_S1.);
#2258 = LINE('',#2259,#2260);
#2259 = CARTESIAN_POINT('',(-13.71255137052,-2.,5.095517992667));
#2260 = VECTOR('',#2261,1.);
#2261 = DIRECTION('',(0.656626141632,0.,-0.754216222396));
#2262 = PCURVE('',#1815,#2263);
#2263 = DEFINITIONAL_REPRESENTATION('',(#2264),#2268);
#2264 = LINE('',#2265,#2266);
#2265 = CARTESIAN_POINT('',(-13.71255137052,5.095517992667));
#2266 = VECTOR('',#2267,1.);
#2267 = DIRECTION('',(0.656626141632,-0.754216222396));
#2268 = ( GEOMETRIC_REPRESENTATION_CONTEXT(2) 
PARAMETRIC_REPRESENTATION_CONTEXT() REPRESENTATION_CONTEXT('2D SPACE',''
  ) );
#2269 = PCURVE('',#1787,#2270);
#2270 = DEFINITIONAL_REPRESENTATION('',(#2271),#2274);
#2271 = B_SPLINE_CURVE_WITH_KNOTS('',1,(#2272,#2273),.UNSPECIFIED.,.F.,
  .F.,(2,2),(0.146721185162,2.248052935377),.PIECEWISE_BEZIER_KNOTS.);
#2272 = CARTESIAN_POINT('',(2.101331750215,-5.));
#2273 = CARTESIAN_POINT('',(0.,-5.));
#2274 = ( GEOMETRIC_REPRESENTATION_CONTEXT(2) 
PARAMETRIC_REPRESENTATION_CONTEXT() REPRESENTATION_CONTEXT('2D SPACE',''
  ) );
#2275 = ORIENTED_EDGE('',*,*,#2276,.F.);
#2276 = EDGE_CURVE('',#2277,#2255,#2279,.T.);
#2277 = VERTEX_POINT('',#2278);
#2278 = CARTESIAN_POINT('',(-13.87199614114,-2.,4.221104483427));
#2279 = SURFACE_CURVE('',#2280,(#2284,#2291),.PCURVE_S1.);
#2280 = LINE('',#2281,#2282);
#2281 = CARTESIAN_POINT('',(-13.87199614114,-2.,4.221104483427));
#2282 = VECTOR('',#2283,1.);
#2283 = DIRECTION('',(1.,0.,0.));
#2284 = PCURVE('',#1815,#2285);
#2285 = DEFINITIONAL_REPRESENTATION('',(#2286),#2290);
#2286 = LINE('',#2287,#2288);
#2287 = CARTESIAN_POINT('',(-13.87199614114,4.221104483427));
#2288 = VECTOR('',#2289,1.);
#2289 = DIRECTION('',(1.,0.));
#2290 = ( GEOMETRIC_REPRESENTATION_CONTEXT(2) 
PARAMETRIC_REPRESENTATION_CONTEXT() REPRESENTATION_CONTEXT('2D SPACE',''
  ) );
#2291 = PCURVE('',#2292,#2297);
#2292 = PLANE('',#2293);
#2293 = AXIS2_PLACEMENT_3D('',#2294,#2295,#2296);
#2294 = CARTESIAN_POINT('',(-13.87199614114,2.,4.221104483427));
#2295 = DIRECTION('',(-0.,0.,1.));
#2296 = DIRECTION('',(1.,0.,0.));
#2297 = DEFINITIONAL_REPRESENTATION('',(#2298),#2302);
#2298 = LINE('',#2299,#2300);
#2299 = CARTESIAN_POINT('',(0.,-4.));
#2300 = VECTOR('',#2301,1.);
#2301 = DIRECTION('',(1.,0.));
#2302 = ( GEOMETRIC_REPRESENTATION_CONTEXT(2) 
PARAMETRIC_REPRESENTATION_CONTEXT() REPRESENTATION_CONTEXT('2D SPACE',''
  ) );
#2303 = ORIENTED_EDGE('',*,*,#2304,.F.);
#2304 = EDGE_CURVE('',#2305,#2277,#2307,.T.);
#2305 = VERTEX_POINT('',#2306);
#2306 = CARTESIAN_POINT('',(-14.7,-2.,1.5));
#2307 = SURFACE_CURVE('',#2308,(#2312,#2319),.PCURVE_S1.);
#2308 = LINE('',#2309,#2310);
#2309 = CARTESIAN_POINT('',(-14.7,-2.,1.5));
#2310 = VECTOR('',#2311,1.);
#2311 = DIRECTION('',(0.291110654029,0.,0.956689389045));
#2312 = PCURVE('',#1815,#2313);
#2313 = DEFINITIONAL_REPRESENTATION('',(#2314),#2318);
#2314 = LINE('',#2315,#2316);
#2315 = CARTESIAN_POINT('',(-14.7,1.5));
#2316 = VECTOR('',#2317,1.);
#2317 = DIRECTION('',(0.291110654029,0.956689389045));
#2318 = ( GEOMETRIC_REPRESENTATION_CONTEXT(2) 
PARAMETRIC_REPRESENTATION_CONTEXT() REPRESENTATION_CONTEXT('2D SPACE',''
  ) );
#2319 = PCURVE('',#2320,#2325);
#2320 = PLANE('',#2321);
#2321 = AXIS2_PLACEMENT_3D('',#2322,#2323,#2324);
#2322 = CARTESIAN_POINT('',(-14.7,2.,1.5));
#2323 = DIRECTION('',(-0.956689389045,0.,0.291110654029));
#2324 = DIRECTION('',(0.291110654029,0.,0.956689389045));
#2325 = DEFINITIONAL_REPRESENTATION('',(#2326),#2330);
#2326 = LINE('',#2327,#2328);
#2327 = CARTESIAN_POINT('',(0.,-4.));
#2328 = VECTOR('',#2329,1.);
#2329 = DIRECTION('',(1.,0.));
#2330 = ( GEOMETRIC_REPRESENTATION_CONTEXT(2) 
PARAMETRIC_REPRESENTATION_CONTEXT() REPRESENTATION_CONTEXT('2D SPACE',''
  ) );
#2331 = ORIENTED_EDGE('',*,*,#2332,.F.);
#2332 = EDGE_CURVE('',#2333,#2305,#2335,.T.);
#2333 = VERTEX_POINT('',#2334);
#2334 = CARTESIAN_POINT('',(-14.7,-2.,-1.5));
#2335 = SURFACE_CURVE('',#2336,(#2340,#2347),.PCURVE_S1.);
#2336 = LINE('',#2337,#2338);
#2337 = CARTESIAN_POINT('',(-14.7,-2.,-1.5));
#2338 = VECTOR('',#2339,1.);
#2339 = DIRECTION('',(5.921189464668E-16,0.,1.));
#2340 = PCURVE('',#1815,#2341);
#2341 = DEFINITIONAL_REPRESENTATION('',(#2342),#2346);
#2342 = LINE('',#2343,#2344);
#2343 = CARTESIAN_POINT('',(-14.7,-1.5));
#2344 = VECTOR('',#2345,1.);
#2345 = DIRECTION('',(5.921189464668E-16,1.));
#2346 = ( GEOMETRIC_REPRESENTATION_CONTEXT(2) 
PARAMETRIC_REPRESENTATION_CONTEXT() REPRESENTATION_CONTEXT('2D SPACE',''
  ) );
#2347 = PCURVE('',#2348,#2353);
#2348 = PLANE('',#2349);
#2349 = AXIS2_PLACEMENT_3D('',#2350,#2351,#2352);
#2350 = CARTESIAN_POINT('',(-14.7,-2.,-1.5));
#2351 = DIRECTION('',(1.,0.,-0.));
#2352 = DIRECTION('',(0.,0.,1.));
#2353 = DEFINITIONAL_REPRESENTATION('',(#2354),#2358);
#2354 = LINE('',#2355,#2356);
#2355 = CARTESIAN_POINT('',(0.,0.));
#2356 = VECTOR('',#2357,1.);
#2357 = DIRECTION('',(1.,0.));
#2358 = ( GEOMETRIC_REPRESENTATION_CONTEXT(2) 
PARAMETRIC_REPRESENTATION_CONTEXT() REPRESENTATION_CONTEXT('2D SPACE',''
  ) );
#2359 = ORIENTED_EDGE('',*,*,#2360,.T.);
#2360 = EDGE_CURVE('',#2333,#2361,#2363,.T.);
#2361 = VERTEX_POINT('',#2362);
#2362 = CARTESIAN_POINT('',(-12.52287565553,-2.,-1.5));
#2363 = SURFACE_CURVE('',#2364,(#2368,#2375),.PCURVE_S1.);
#2364 = LINE('',#2365,#2366);
#2365 = CARTESIAN_POINT('',(-14.7,-2.,-1.5));
#2366 = VECTOR('',#2367,1.);
#2367 = DIRECTION('',(1.,0.,-0.));
#2368 = PCURVE('',#1815,#2369);
#2369 = DEFINITIONAL_REPRESENTATION('',(#2370),#2374);
#2370 = LINE('',#2371,#2372);
#2371 = CARTESIAN_POINT('',(-14.7,-1.5));
#2372 = VECTOR('',#2373,1.);
#2373 = DIRECTION('',(1.,0.));
#2374 = ( GEOMETRIC_REPRESENTATION_CONTEXT(2) 
PARAMETRIC_REPRESENTATION_CONTEXT() REPRESENTATION_CONTEXT('2D SPACE',''
  ) );
#2375 = PCURVE('',#2376,#2381);
#2376 = PLANE('',#2377);
#2377 = AXIS2_PLACEMENT_3D('',#2378,#2379,#2380);
#2378 = CARTESIAN_POINT('',(-14.7,-2.,-1.5));
#2379 = DIRECTION('',(0.,0.,1.));
#2380 = DIRECTION('',(1.,0.,-0.));
#2381 = DEFINITIONAL_REPRESENTATION('',(#2382),#2386);
#2382 = LINE('',#2383,#2384);
#2383 = CARTESIAN_POINT('',(0.,0.));
#2384 = VECTOR('',#2385,1.);
#2385 = DIRECTION('',(1.,0.));
#2386 = ( GEOMETRIC_REPRESENTATION_CONTEXT(2) 
PARAMETRIC_REPRESENTATION_CONTEXT() REPRESENTATION_CONTEXT('2D SPACE',''
  ) );
#2387 = ORIENTED_EDGE('',*,*,#2388,.T.);
#2388 = EDGE_CURVE('',#2361,#2389,#2391,.T.);
#2389 = VERTEX_POINT('',#2390);
#2390 = CARTESIAN_POINT('',(-10.1,-2.,-1.670329308849));
#2391 = SURFACE_CURVE('',#2392,(#2397,#2404),.PCURVE_S1.);
#2392 = CIRCLE('',#2393,2.);
#2393 = AXIS2_PLACEMENT_3D('',#2394,#2395,#2396);
#2394 = CARTESIAN_POINT('',(-11.2,-2.,4.440892098501E-16));
#2395 = DIRECTION('',(-1.110223024625E-16,-1.,4.563405215541E-17));
#2396 = DIRECTION('',(-0.7109375,1.110223024625E-16,0.703255196279));
#2397 = PCURVE('',#1815,#2398);
#2398 = DEFINITIONAL_REPRESENTATION('',(#2399),#2403);
#2399 = CIRCLE('',#2400,2.);
#2400 = AXIS2_PLACEMENT_2D('',#2401,#2402);
#2401 = CARTESIAN_POINT('',(-11.2,0.));
#2402 = DIRECTION('',(-0.7109375,0.703255196279));
#2403 = ( GEOMETRIC_REPRESENTATION_CONTEXT(2) 
PARAMETRIC_REPRESENTATION_CONTEXT() REPRESENTATION_CONTEXT('2D SPACE',''
  ) );
#2404 = PCURVE('',#2405,#2410);
#2405 = CYLINDRICAL_SURFACE('',#2406,2.);
#2406 = AXIS2_PLACEMENT_3D('',#2407,#2408,#2409);
#2407 = CARTESIAN_POINT('',(-11.2,2.,-4.440892098501E-16));
#2408 = DIRECTION('',(0.,-1.,2.22044604925E-16));
#2409 = DIRECTION('',(1.,0.,0.));
#2410 = DEFINITIONAL_REPRESENTATION('',(#2411),#2415);
#2411 = LINE('',#2412,#2413);
#2412 = CARTESIAN_POINT('',(2.361626725965,4.));
#2413 = VECTOR('',#2414,1.);
#2414 = DIRECTION('',(1.,0.));
#2415 = ( GEOMETRIC_REPRESENTATION_CONTEXT(2) 
PARAMETRIC_REPRESENTATION_CONTEXT() REPRESENTATION_CONTEXT('2D SPACE',''
  ) );
#2416 = ORIENTED_EDGE('',*,*,#2417,.T.);
#2417 = EDGE_CURVE('',#2389,#2418,#2420,.T.);
#2418 = VERTEX_POINT('',#2419);
#2419 = CARTESIAN_POINT('',(-10.1,-2.,-1.056231508714));
#2420 = SURFACE_CURVE('',#2421,(#2425,#2432),.PCURVE_S1.);
#2421 = LINE('',#2422,#2423);
#2422 = CARTESIAN_POINT('',(-10.1,-2.,-1.));
#2423 = VECTOR('',#2424,1.);
#2424 = DIRECTION('',(0.,2.22044604925E-16,1.));
#2425 = PCURVE('',#1815,#2426);
#2426 = DEFINITIONAL_REPRESENTATION('',(#2427),#2431);
#2427 = LINE('',#2428,#2429);
#2428 = CARTESIAN_POINT('',(-10.1,-1.));
#2429 = VECTOR('',#2430,1.);
#2430 = DIRECTION('',(0.,1.));
#2431 = ( GEOMETRIC_REPRESENTATION_CONTEXT(2) 
PARAMETRIC_REPRESENTATION_CONTEXT() REPRESENTATION_CONTEXT('2D SPACE',''
  ) );
#2432 = PCURVE('',#2433,#2438);
#2433 = PLANE('',#2434);
#2434 = AXIS2_PLACEMENT_3D('',#2435,#2436,#2437);
#2435 = CARTESIAN_POINT('',(-10.1,-4.,-2.));
#2436 = DIRECTION('',(1.,0.,-0.));
#2437 = DIRECTION('',(0.,0.,1.));
#2438 = DEFINITIONAL_REPRESENTATION('',(#2439),#2442);
#2439 = B_SPLINE_CURVE_WITH_KNOTS('',1,(#2440,#2441),.UNSPECIFIED.,.F.,
  .F.,(2,2),(-1.,7.42),.PIECEWISE_BEZIER_KNOTS.);
#2440 = CARTESIAN_POINT('',(0.,-2.));
#2441 = CARTESIAN_POINT('',(8.42,-2.));
#2442 = ( GEOMETRIC_REPRESENTATION_CONTEXT(2) 
PARAMETRIC_REPRESENTATION_CONTEXT() REPRESENTATION_CONTEXT('2D SPACE',''
  ) );
#2443 = ORIENTED_EDGE('',*,*,#2444,.T.);
#2444 = EDGE_CURVE('',#2418,#2079,#2445,.T.);
#2445 = SURFACE_CURVE('',#2446,(#2451,#2458),.PCURVE_S1.);
#2446 = CIRCLE('',#2447,1.525);
#2447 = AXIS2_PLACEMENT_3D('',#2448,#2449,#2450);
#2448 = CARTESIAN_POINT('',(-11.2,-2.,4.440892098501E-16));
#2449 = DIRECTION('',(0.,-1.,0.));
#2450 = DIRECTION('',(0.72131147541,0.,-0.692610825386));
#2451 = PCURVE('',#1815,#2452);
#2452 = DEFINITIONAL_REPRESENTATION('',(#2453),#2457);
#2453 = CIRCLE('',#2454,1.525);
#2454 = AXIS2_PLACEMENT_2D('',#2455,#2456);
#2455 = CARTESIAN_POINT('',(-11.2,0.));
#2456 = DIRECTION('',(0.72131147541,-0.692610825386));
#2457 = ( GEOMETRIC_REPRESENTATION_CONTEXT(2) 
PARAMETRIC_REPRESENTATION_CONTEXT() REPRESENTATION_CONTEXT('2D SPACE',''
  ) );
#2458 = PCURVE('',#2459,#2464);
#2459 = CYLINDRICAL_SURFACE('',#2460,1.525);
#2460 = AXIS2_PLACEMENT_3D('',#2461,#2462,#2463);
#2461 = CARTESIAN_POINT('',(-11.2,2.,-4.440892098501E-16));
#2462 = DIRECTION('',(0.,-1.,2.22044604925E-16));
#2463 = DIRECTION('',(1.,0.,0.));
#2464 = DEFINITIONAL_REPRESENTATION('',(#2465),#2469);
#2465 = LINE('',#2466,#2467);
#2466 = CARTESIAN_POINT('',(5.518082961386,4.));
#2467 = VECTOR('',#2468,1.);
#2468 = DIRECTION('',(1.,0.));
#2469 = ( GEOMETRIC_REPRESENTATION_CONTEXT(2) 
PARAMETRIC_REPRESENTATION_CONTEXT() REPRESENTATION_CONTEXT('2D SPACE',''
  ) );
#2470 = FACE_BOUND('',#2471,.T.);
#2471 = EDGE_LOOP('',(#2472));
#2472 = ORIENTED_EDGE('',*,*,#2473,.F.);
#2473 = EDGE_CURVE('',#2474,#2474,#2476,.T.);
#2474 = VERTEX_POINT('',#2475);
#2475 = CARTESIAN_POINT('',(-10.575,-2.,2.910083599566E-16));
#2476 = SURFACE_CURVE('',#2477,(#2482,#2489),.PCURVE_S1.);
#2477 = CIRCLE('',#2478,0.625);
#2478 = AXIS2_PLACEMENT_3D('',#2479,#2480,#2481);
#2479 = CARTESIAN_POINT('',(-11.2,-2.,4.440892098501E-16));
#2480 = DIRECTION('',(0.,-1.,2.22044604925E-16));
#2481 = DIRECTION('',(1.,0.,0.));
#2482 = PCURVE('',#1815,#2483);
#2483 = DEFINITIONAL_REPRESENTATION('',(#2484),#2488);
#2484 = CIRCLE('',#2485,0.625);
#2485 = AXIS2_PLACEMENT_2D('',#2486,#2487);
#2486 = CARTESIAN_POINT('',(-11.2,0.));
#2487 = DIRECTION('',(1.,0.));
#2488 = ( GEOMETRIC_REPRESENTATION_CONTEXT(2) 
PARAMETRIC_REPRESENTATION_CONTEXT() REPRESENTATION_CONTEXT('2D SPACE',''
  ) );
#2489 = PCURVE('',#2490,#2495);
#2490 = CYLINDRICAL_SURFACE('',#2491,0.625);
#2491 = AXIS2_PLACEMENT_3D('',#2492,#2493,#2494);
#2492 = CARTESIAN_POINT('',(-11.2,3.,-6.661338147751E-16));
#2493 = DIRECTION('',(0.,-1.,2.22044604925E-16));
#2494 = DIRECTION('',(1.,0.,0.));
#2495 = DEFINITIONAL_REPRESENTATION('',(#2496),#2500);
#2496 = LINE('',#2497,#2498);
#2497 = CARTESIAN_POINT('',(0.,5.));
#2498 = VECTOR('',#2499,1.);
#2499 = DIRECTION('',(1.,0.));
#2500 = ( GEOMETRIC_REPRESENTATION_CONTEXT(2) 
PARAMETRIC_REPRESENTATION_CONTEXT() REPRESENTATION_CONTEXT('2D SPACE',''
  ) );
#2501 = ADVANCED_FACE('',(#2502),#1787,.T.);
#2502 = FACE_BOUND('',#2503,.T.);
#2503 = EDGE_LOOP('',(#2504,#2526,#2545,#2546));
#2504 = ORIENTED_EDGE('',*,*,#2505,.F.);
#2505 = EDGE_CURVE('',#2506,#1744,#2508,.T.);
#2506 = VERTEX_POINT('',#2507);
#2507 = CARTESIAN_POINT('',(-12.9512805947,2.,4.221104483427));
#2508 = SURFACE_CURVE('',#2509,(#2513,#2519),.PCURVE_S1.);
#2509 = LINE('',#2510,#2511);
#2510 = CARTESIAN_POINT('',(-12.93997995314,2.,4.208124300871));
#2511 = VECTOR('',#2512,1.);
#2512 = DIRECTION('',(-0.656626141632,0.,0.754216222396));
#2513 = PCURVE('',#1787,#2514);
#2514 = DEFINITIONAL_REPRESENTATION('',(#2515),#2518);
#2515 = B_SPLINE_CURVE_WITH_KNOTS('',1,(#2516,#2517),.UNSPECIFIED.,.F.,
  .F.,(2,2),(-1.071475628439,1.029856121776),.PIECEWISE_BEZIER_KNOTS.);
#2516 = CARTESIAN_POINT('',(0.,-1.));
#2517 = CARTESIAN_POINT('',(2.101331750215,-1.));
#2518 = ( GEOMETRIC_REPRESENTATION_CONTEXT(2) 
PARAMETRIC_REPRESENTATION_CONTEXT() REPRESENTATION_CONTEXT('2D SPACE',''
  ) );
#2519 = PCURVE('',#1760,#2520);
#2520 = DEFINITIONAL_REPRESENTATION('',(#2521),#2525);
#2521 = LINE('',#2522,#2523);
#2522 = CARTESIAN_POINT('',(-12.93997995314,4.208124300871));
#2523 = VECTOR('',#2524,1.);
#2524 = DIRECTION('',(-0.656626141632,0.754216222396));
#2525 = ( GEOMETRIC_REPRESENTATION_CONTEXT(2) 
PARAMETRIC_REPRESENTATION_CONTEXT() REPRESENTATION_CONTEXT('2D SPACE',''
  ) );
#2526 = ORIENTED_EDGE('',*,*,#2527,.F.);
#2527 = EDGE_CURVE('',#2255,#2506,#2528,.T.);
#2528 = SURFACE_CURVE('',#2529,(#2533,#2539),.PCURVE_S1.);
#2529 = LINE('',#2530,#2531);
#2530 = CARTESIAN_POINT('',(-12.9512805947,2.5,4.221104483427));
#2531 = VECTOR('',#2532,1.);
#2532 = DIRECTION('',(0.,1.,-0.));
#2533 = PCURVE('',#1787,#2534);
#2534 = DEFINITIONAL_REPRESENTATION('',(#2535),#2538);
#2535 = B_SPLINE_CURVE_WITH_KNOTS('',1,(#2536,#2537),.UNSPECIFIED.,.F.,
  .F.,(2,2),(-4.5,-0.5),.PIECEWISE_BEZIER_KNOTS.);
#2536 = CARTESIAN_POINT('',(1.088685789359,-5.));
#2537 = CARTESIAN_POINT('',(1.088685789359,-1.));
#2538 = ( GEOMETRIC_REPRESENTATION_CONTEXT(2) 
PARAMETRIC_REPRESENTATION_CONTEXT() REPRESENTATION_CONTEXT('2D SPACE',''
  ) );
#2539 = PCURVE('',#2292,#2540);
#2540 = DEFINITIONAL_REPRESENTATION('',(#2541),#2544);
#2541 = B_SPLINE_CURVE_WITH_KNOTS('',1,(#2542,#2543),.UNSPECIFIED.,.F.,
  .F.,(2,2),(-4.5,-0.5),.PIECEWISE_BEZIER_KNOTS.);
#2542 = CARTESIAN_POINT('',(0.920715546443,-4.));
#2543 = CARTESIAN_POINT('',(0.920715546443,0.));
#2544 = ( GEOMETRIC_REPRESENTATION_CONTEXT(2) 
PARAMETRIC_REPRESENTATION_CONTEXT() REPRESENTATION_CONTEXT('2D SPACE',''
  ) );
#2545 = ORIENTED_EDGE('',*,*,#2254,.F.);
#2546 = ORIENTED_EDGE('',*,*,#1772,.F.);
#2547 = ADVANCED_FACE('',(#2548,#2885),#1760,.F.);
#2548 = FACE_BOUND('',#2549,.F.);
#2549 = EDGE_LOOP('',(#2550,#2574,#2642,#2669,#2693,#2713,#2714,#2715,
    #2716,#2717,#2740,#2763,#2786,#2809,#2837,#2859));
#2550 = ORIENTED_EDGE('',*,*,#2551,.T.);
#2551 = EDGE_CURVE('',#2552,#2554,#2556,.T.);
#2552 = VERTEX_POINT('',#2553);
#2553 = CARTESIAN_POINT('',(-10.1,2.,1.056231508714));
#2554 = VERTEX_POINT('',#2555);
#2555 = CARTESIAN_POINT('',(-10.1,2.,2.393470694556));
#2556 = SURFACE_CURVE('',#2557,(#2561,#2568),.PCURVE_S1.);
#2557 = LINE('',#2558,#2559);
#2558 = CARTESIAN_POINT('',(-10.1,2.,-1.));
#2559 = VECTOR('',#2560,1.);
#2560 = DIRECTION('',(0.,2.22044604925E-16,1.));
#2561 = PCURVE('',#1760,#2562);
#2562 = DEFINITIONAL_REPRESENTATION('',(#2563),#2567);
#2563 = LINE('',#2564,#2565);
#2564 = CARTESIAN_POINT('',(-10.1,-1.));
#2565 = VECTOR('',#2566,1.);
#2566 = DIRECTION('',(0.,1.));
#2567 = ( GEOMETRIC_REPRESENTATION_CONTEXT(2) 
PARAMETRIC_REPRESENTATION_CONTEXT() REPRESENTATION_CONTEXT('2D SPACE',''
  ) );
#2568 = PCURVE('',#2096,#2569);
#2569 = DEFINITIONAL_REPRESENTATION('',(#2570),#2573);
#2570 = B_SPLINE_CURVE_WITH_KNOTS('',1,(#2571,#2572),.UNSPECIFIED.,.F.,
  .F.,(2,2),(-1.,7.42),.PIECEWISE_BEZIER_KNOTS.);
#2571 = CARTESIAN_POINT('',(0.,-6.));
#2572 = CARTESIAN_POINT('',(8.42,-6.));
#2573 = ( GEOMETRIC_REPRESENTATION_CONTEXT(2) 
PARAMETRIC_REPRESENTATION_CONTEXT() REPRESENTATION_CONTEXT('2D SPACE',''
  ) );
#2574 = ORIENTED_EDGE('',*,*,#2575,.T.);
#2575 = EDGE_CURVE('',#2554,#2576,#2578,.T.);
#2576 = VERTEX_POINT('',#2577);
#2577 = CARTESIAN_POINT('',(-10.1,2.,4.646529305444));
#2578 = SURFACE_CURVE('',#2579,(#2590,#2604),.PCURVE_S1.);
#2579 = ( BOUNDED_CURVE() B_SPLINE_CURVE(9,(#2580,#2581,#2582,#2583,
    #2584,#2585,#2586,#2587,#2588,#2589),.UNSPECIFIED.,.F.,.F.) 
B_SPLINE_CURVE_WITH_KNOTS((10,10),(1.801781494809,3.542613619007),
.PIECEWISE_BEZIER_KNOTS.) CURVE() GEOMETRIC_REPRESENTATION_ITEM() 
RATIONAL_B_SPLINE_CURVE((1.,1.,1.,1.,1.,1.,1.,1.,1.,1.)) 
REPRESENTATION_ITEM('') );
#2580 = CARTESIAN_POINT('',(-10.1,2.,2.393470694556));
#2581 = CARTESIAN_POINT('',(-10.1,2.,2.694138552514));
#2582 = CARTESIAN_POINT('',(-10.1,2.,2.951317833615));
#2583 = CARTESIAN_POINT('',(-10.1,2.,3.18702080281));
#2584 = CARTESIAN_POINT('',(-10.1,2.,3.410597535836));
#2585 = CARTESIAN_POINT('',(-10.1,2.,3.631005435491));
#2586 = CARTESIAN_POINT('',(-10.1,2.,3.854456126569));
#2587 = CARTESIAN_POINT('',(-10.1,2.,4.089888558778));
#2588 = CARTESIAN_POINT('',(-10.1,2.,4.346608706879));
#2589 = CARTESIAN_POINT('',(-10.1,2.,4.646529305444));
#2590 = PCURVE('',#1760,#2591);
#2591 = DEFINITIONAL_REPRESENTATION('',(#2592),#2603);
#2592 = B_SPLINE_CURVE_WITH_KNOTS('',9,(#2593,#2594,#2595,#2596,#2597,
    #2598,#2599,#2600,#2601,#2602),.UNSPECIFIED.,.F.,.F.,(10,10),(
    1.801781494809,3.542613619007),.PIECEWISE_BEZIER_KNOTS.);
#2593 = CARTESIAN_POINT('',(-10.1,2.393470694556));
#2594 = CARTESIAN_POINT('',(-10.1,2.694138552514));
#2595 = CARTESIAN_POINT('',(-10.09999999999,2.951317833615));
#2596 = CARTESIAN_POINT('',(-10.1,3.18702080281));
#2597 = CARTESIAN_POINT('',(-10.09999999999,3.410597535835));
#2598 = CARTESIAN_POINT('',(-10.1,3.631005435492));
#2599 = CARTESIAN_POINT('',(-10.09999999999,3.854456126569));
#2600 = CARTESIAN_POINT('',(-10.1,4.089888558778));
#2601 = CARTESIAN_POINT('',(-10.1,4.346608706879));
#2602 = CARTESIAN_POINT('',(-10.1,4.646529305444));
#2603 = ( GEOMETRIC_REPRESENTATION_CONTEXT(2) 
PARAMETRIC_REPRESENTATION_CONTEXT() REPRESENTATION_CONTEXT('2D SPACE',''
  ) );
#2604 = PCURVE('',#2605,#2636);
#2605 = ( BOUNDED_SURFACE() B_SPLINE_SURFACE(2,9,(
    (#2606,#2607,#2608,#2609,#2610,#2611,#2612,#2613,#2614,#2615)
    ,(#2616,#2617,#2618,#2619,#2620,#2621,#2622,#2623,#2624,#2625)
    ,(#2626,#2627,#2628,#2629,#2630,#2631,#2632,#2633,#2634,#2635
)),.UNSPECIFIED.,.F.,.F.,.F.) B_SPLINE_SURFACE_WITH_KNOTS((3,3),(10,10),
  (0.,1.740832124197),(1.801781494809,3.542613619007),
.PIECEWISE_BEZIER_KNOTS.) GEOMETRIC_REPRESENTATION_ITEM() 
RATIONAL_B_SPLINE_SURFACE((
    (1.,1.,1.,1.,1.,1.,1.,1.,1.,1.)
    ,(0.738548945876,0.821451898411,0.850790163071,0.873314355477
      ,0.878633554621,0.87863759539,0.873187876871,0.850663553126
      ,0.821245857065,0.738548945876)
,(1.,1.,1.,1.,1.,1.,1.,1.,1.,1.))) REPRESENTATION_ITEM('') SURFACE() );
#2606 = CARTESIAN_POINT('',(-10.64545454545,1.479390281762,
    2.686711746703));
#2607 = CARTESIAN_POINT('',(-10.64545454545,1.574489825384,
    2.855548088842));
#2608 = CARTESIAN_POINT('',(-10.62703438525,1.649385669289,
    3.035755474419));
#2609 = CARTESIAN_POINT('',(-10.61100463597,1.70086130569,3.225819672447
    ));
#2610 = CARTESIAN_POINT('',(-10.5994555652,1.724642646805,3.422826119222
    ));
#2611 = CARTESIAN_POINT('',(-10.59952280851,1.724555003996,
    3.618613832448));
#2612 = CARTESIAN_POINT('',(-10.61110885103,1.700559189072,
    3.815416033844));
#2613 = CARTESIAN_POINT('',(-10.62712562453,1.649036312061,
    4.005098534701));
#2614 = CARTESIAN_POINT('',(-10.64545454545,1.574253471462,
    4.184871525491));
#2615 = CARTESIAN_POINT('',(-10.64545454545,1.479390281762,
    4.353288253297));
#2616 = CARTESIAN_POINT('',(-10.1,1.522774424948,2.662274992357));
#2617 = CARTESIAN_POINT('',(-10.22110696102,1.601151132716,
    2.823949183736));
#2618 = CARTESIAN_POINT('',(-10.25795493495,1.665348575657,3.02644853978
    ));
#2619 = CARTESIAN_POINT('',(-10.27254594806,1.705595349996,
    3.214675315337));
#2620 = CARTESIAN_POINT('',(-10.27529601462,1.72591509434,3.427803198219
    ));
#2621 = CARTESIAN_POINT('',(-10.27529726971,1.725827960683,
    3.613678846842));
#2622 = CARTESIAN_POINT('',(-10.27248901763,1.70536388429,3.826561522173
    ));
#2623 = CARTESIAN_POINT('',(-10.25780207719,1.665055543006,
    4.014485590464));
#2624 = CARTESIAN_POINT('',(-10.22083627889,1.600975955554,4.21641216885
    ));
#2625 = CARTESIAN_POINT('',(-10.1,1.522774424948,4.377725007643));
#2626 = CARTESIAN_POINT('',(-10.1,2.,2.393470694556));
#2627 = CARTESIAN_POINT('',(-10.1,2.,2.694138552514));
#2628 = CARTESIAN_POINT('',(-10.1,2.,2.951317833615));
#2629 = CARTESIAN_POINT('',(-10.1,2.,3.18702080281));
#2630 = CARTESIAN_POINT('',(-10.1,2.,3.410597535836));
#2631 = CARTESIAN_POINT('',(-10.1,2.,3.631005435491));
#2632 = CARTESIAN_POINT('',(-10.1,2.,3.854456126569));
#2633 = CARTESIAN_POINT('',(-10.1,2.,4.089888558778));
#2634 = CARTESIAN_POINT('',(-10.1,2.,4.346608706879));
#2635 = CARTESIAN_POINT('',(-10.1,2.,4.646529305444));
#2636 = DEFINITIONAL_REPRESENTATION('',(#2637),#2641);
#2637 = LINE('',#2638,#2639);
#2638 = CARTESIAN_POINT('',(1.740832124197,0.));
#2639 = VECTOR('',#2640,1.);
#2640 = DIRECTION('',(0.,1.));
#2641 = ( GEOMETRIC_REPRESENTATION_CONTEXT(2) 
PARAMETRIC_REPRESENTATION_CONTEXT() REPRESENTATION_CONTEXT('2D SPACE',''
  ) );
#2642 = ORIENTED_EDGE('',*,*,#2643,.T.);
#2643 = EDGE_CURVE('',#2576,#2644,#2646,.T.);
#2644 = VERTEX_POINT('',#2645);
#2645 = CARTESIAN_POINT('',(-10.1,2.,5.62));
#2646 = SURFACE_CURVE('',#2647,(#2651,#2658),.PCURVE_S1.);
#2647 = LINE('',#2648,#2649);
#2648 = CARTESIAN_POINT('',(-10.1,2.,-1.));
#2649 = VECTOR('',#2650,1.);
#2650 = DIRECTION('',(0.,2.22044604925E-16,1.));
#2651 = PCURVE('',#1760,#2652);
#2652 = DEFINITIONAL_REPRESENTATION('',(#2653),#2657);
#2653 = LINE('',#2654,#2655);
#2654 = CARTESIAN_POINT('',(-10.1,-1.));
#2655 = VECTOR('',#2656,1.);
#2656 = DIRECTION('',(0.,1.));
#2657 = ( GEOMETRIC_REPRESENTATION_CONTEXT(2) 
PARAMETRIC_REPRESENTATION_CONTEXT() REPRESENTATION_CONTEXT('2D SPACE',''
  ) );
#2658 = PCURVE('',#2659,#2664);
#2659 = PLANE('',#2660);
#2660 = AXIS2_PLACEMENT_3D('',#2661,#2662,#2663);
#2661 = CARTESIAN_POINT('',(-10.1,-4.,-2.));
#2662 = DIRECTION('',(1.,0.,-0.));
#2663 = DIRECTION('',(0.,0.,1.));
#2664 = DEFINITIONAL_REPRESENTATION('',(#2665),#2668);
#2665 = B_SPLINE_CURVE_WITH_KNOTS('',1,(#2666,#2667),.UNSPECIFIED.,.F.,
  .F.,(2,2),(-1.,7.42),.PIECEWISE_BEZIER_KNOTS.);
#2666 = CARTESIAN_POINT('',(0.,-6.));
#2667 = CARTESIAN_POINT('',(8.42,-6.));
#2668 = ( GEOMETRIC_REPRESENTATION_CONTEXT(2) 
PARAMETRIC_REPRESENTATION_CONTEXT() REPRESENTATION_CONTEXT('2D SPACE',''
  ) );
#2669 = ORIENTED_EDGE('',*,*,#2670,.F.);
#2670 = EDGE_CURVE('',#2671,#2644,#2673,.T.);
#2671 = VERTEX_POINT('',#2672);
#2672 = CARTESIAN_POINT('',(-9.3,2.,6.42));
#2673 = SURFACE_CURVE('',#2674,(#2679,#2686),.PCURVE_S1.);
#2674 = CIRCLE('',#2675,0.8);
#2675 = AXIS2_PLACEMENT_3D('',#2676,#2677,#2678);
#2676 = CARTESIAN_POINT('',(-9.3,2.,5.62));
#2677 = DIRECTION('',(0.,-1.,0.));
#2678 = DIRECTION('',(0.,0.,1.));
#2679 = PCURVE('',#1760,#2680);
#2680 = DEFINITIONAL_REPRESENTATION('',(#2681),#2685);
#2681 = CIRCLE('',#2682,0.8);
#2682 = AXIS2_PLACEMENT_2D('',#2683,#2684);
#2683 = CARTESIAN_POINT('',(-9.3,5.62));
#2684 = DIRECTION('',(0.,1.));
#2685 = ( GEOMETRIC_REPRESENTATION_CONTEXT(2) 
PARAMETRIC_REPRESENTATION_CONTEXT() REPRESENTATION_CONTEXT('2D SPACE',''
  ) );
#2686 = PCURVE('',#2219,#2687);
#2687 = DEFINITIONAL_REPRESENTATION('',(#2688),#2692);
#2688 = LINE('',#2689,#2690);
#2689 = CARTESIAN_POINT('',(-0.,4.));
#2690 = VECTOR('',#2691,1.);
#2691 = DIRECTION('',(-1.,0.));
#2692 = ( GEOMETRIC_REPRESENTATION_CONTEXT(2) 
PARAMETRIC_REPRESENTATION_CONTEXT() REPRESENTATION_CONTEXT('2D SPACE',''
  ) );
#2693 = ORIENTED_EDGE('',*,*,#2694,.F.);
#2694 = EDGE_CURVE('',#1995,#2671,#2695,.T.);
#2695 = SURFACE_CURVE('',#2696,(#2700,#2707),.PCURVE_S1.);
#2696 = LINE('',#2697,#2698);
#2697 = CARTESIAN_POINT('',(-5.05,2.,6.42));
#2698 = VECTOR('',#2699,1.);
#2699 = DIRECTION('',(-1.,0.,0.));
#2700 = PCURVE('',#1760,#2701);
#2701 = DEFINITIONAL_REPRESENTATION('',(#2702),#2706);
#2702 = LINE('',#2703,#2704);
#2703 = CARTESIAN_POINT('',(-5.05,6.42));
#2704 = VECTOR('',#2705,1.);
#2705 = DIRECTION('',(-1.,0.));
#2706 = ( GEOMETRIC_REPRESENTATION_CONTEXT(2) 
PARAMETRIC_REPRESENTATION_CONTEXT() REPRESENTATION_CONTEXT('2D SPACE',''
  ) );
#2707 = PCURVE('',#2031,#2708);
#2708 = DEFINITIONAL_REPRESENTATION('',(#2709),#2712);
#2709 = B_SPLINE_CURVE_WITH_KNOTS('',1,(#2710,#2711),.UNSPECIFIED.,.F.,
  .F.,(2,2),(2.131893900637,5.05),.PIECEWISE_BEZIER_KNOTS.);
#2710 = CARTESIAN_POINT('',(2.918106099363,6.));
#2711 = CARTESIAN_POINT('',(0.,6.));
#2712 = ( GEOMETRIC_REPRESENTATION_CONTEXT(2) 
PARAMETRIC_REPRESENTATION_CONTEXT() REPRESENTATION_CONTEXT('2D SPACE',''
  ) );
#2713 = ORIENTED_EDGE('',*,*,#1994,.F.);
#2714 = ORIENTED_EDGE('',*,*,#1889,.F.);
#2715 = ORIENTED_EDGE('',*,*,#1743,.T.);
#2716 = ORIENTED_EDGE('',*,*,#2505,.F.);
#2717 = ORIENTED_EDGE('',*,*,#2718,.F.);
#2718 = EDGE_CURVE('',#2719,#2506,#2721,.T.);
#2719 = VERTEX_POINT('',#2720);
#2720 = CARTESIAN_POINT('',(-13.87199614114,2.,4.221104483427));
#2721 = SURFACE_CURVE('',#2722,(#2726,#2733),.PCURVE_S1.);
#2722 = LINE('',#2723,#2724);
#2723 = CARTESIAN_POINT('',(-13.87199614114,2.,4.221104483427));
#2724 = VECTOR('',#2725,1.);
#2725 = DIRECTION('',(1.,0.,0.));
#2726 = PCURVE('',#1760,#2727);
#2727 = DEFINITIONAL_REPRESENTATION('',(#2728),#2732);
#2728 = LINE('',#2729,#2730);
#2729 = CARTESIAN_POINT('',(-13.87199614114,4.221104483427));
#2730 = VECTOR('',#2731,1.);
#2731 = DIRECTION('',(1.,0.));
#2732 = ( GEOMETRIC_REPRESENTATION_CONTEXT(2) 
PARAMETRIC_REPRESENTATION_CONTEXT() REPRESENTATION_CONTEXT('2D SPACE',''
  ) );
#2733 = PCURVE('',#2292,#2734);
#2734 = DEFINITIONAL_REPRESENTATION('',(#2735),#2739);
#2735 = LINE('',#2736,#2737);
#2736 = CARTESIAN_POINT('',(0.,0.));
#2737 = VECTOR('',#2738,1.);
#2738 = DIRECTION('',(1.,0.));
#2739 = ( GEOMETRIC_REPRESENTATION_CONTEXT(2) 
PARAMETRIC_REPRESENTATION_CONTEXT() REPRESENTATION_CONTEXT('2D SPACE',''
  ) );
#2740 = ORIENTED_EDGE('',*,*,#2741,.F.);
#2741 = EDGE_CURVE('',#2742,#2719,#2744,.T.);
#2742 = VERTEX_POINT('',#2743);
#2743 = CARTESIAN_POINT('',(-14.7,2.,1.5));
#2744 = SURFACE_CURVE('',#2745,(#2749,#2756),.PCURVE_S1.);
#2745 = LINE('',#2746,#2747);
#2746 = CARTESIAN_POINT('',(-14.7,2.,1.5));
#2747 = VECTOR('',#2748,1.);
#2748 = DIRECTION('',(0.291110654029,0.,0.956689389045));
#2749 = PCURVE('',#1760,#2750);
#2750 = DEFINITIONAL_REPRESENTATION('',(#2751),#2755);
#2751 = LINE('',#2752,#2753);
#2752 = CARTESIAN_POINT('',(-14.7,1.5));
#2753 = VECTOR('',#2754,1.);
#2754 = DIRECTION('',(0.291110654029,0.956689389045));
#2755 = ( GEOMETRIC_REPRESENTATION_CONTEXT(2) 
PARAMETRIC_REPRESENTATION_CONTEXT() REPRESENTATION_CONTEXT('2D SPACE',''
  ) );
#2756 = PCURVE('',#2320,#2757);
#2757 = DEFINITIONAL_REPRESENTATION('',(#2758),#2762);
#2758 = LINE('',#2759,#2760);
#2759 = CARTESIAN_POINT('',(0.,0.));
#2760 = VECTOR('',#2761,1.);
#2761 = DIRECTION('',(1.,0.));
#2762 = ( GEOMETRIC_REPRESENTATION_CONTEXT(2) 
PARAMETRIC_REPRESENTATION_CONTEXT() REPRESENTATION_CONTEXT('2D SPACE',''
  ) );
#2763 = ORIENTED_EDGE('',*,*,#2764,.F.);
#2764 = EDGE_CURVE('',#2765,#2742,#2767,.T.);
#2765 = VERTEX_POINT('',#2766);
#2766 = CARTESIAN_POINT('',(-14.7,2.,-1.5));
#2767 = SURFACE_CURVE('',#2768,(#2772,#2779),.PCURVE_S1.);
#2768 = LINE('',#2769,#2770);
#2769 = CARTESIAN_POINT('',(-14.7,2.,-1.5));
#2770 = VECTOR('',#2771,1.);
#2771 = DIRECTION('',(5.921189464668E-16,0.,1.));
#2772 = PCURVE('',#1760,#2773);
#2773 = DEFINITIONAL_REPRESENTATION('',(#2774),#2778);
#2774 = LINE('',#2775,#2776);
#2775 = CARTESIAN_POINT('',(-14.7,-1.5));
#2776 = VECTOR('',#2777,1.);
#2777 = DIRECTION('',(5.921189464668E-16,1.));
#2778 = ( GEOMETRIC_REPRESENTATION_CONTEXT(2) 
PARAMETRIC_REPRESENTATION_CONTEXT() REPRESENTATION_CONTEXT('2D SPACE',''
  ) );
#2779 = PCURVE('',#2348,#2780);
#2780 = DEFINITIONAL_REPRESENTATION('',(#2781),#2785);
#2781 = LINE('',#2782,#2783);
#2782 = CARTESIAN_POINT('',(0.,-4.));
#2783 = VECTOR('',#2784,1.);
#2784 = DIRECTION('',(1.,0.));
#2785 = ( GEOMETRIC_REPRESENTATION_CONTEXT(2) 
PARAMETRIC_REPRESENTATION_CONTEXT() REPRESENTATION_CONTEXT('2D SPACE',''
  ) );
#2786 = ORIENTED_EDGE('',*,*,#2787,.T.);
#2787 = EDGE_CURVE('',#2765,#2788,#2790,.T.);
#2788 = VERTEX_POINT('',#2789);
#2789 = CARTESIAN_POINT('',(-12.52287565553,2.,-1.5));
#2790 = SURFACE_CURVE('',#2791,(#2795,#2802),.PCURVE_S1.);
#2791 = LINE('',#2792,#2793);
#2792 = CARTESIAN_POINT('',(-14.7,2.,-1.5));
#2793 = VECTOR('',#2794,1.);
#2794 = DIRECTION('',(1.,0.,-0.));
#2795 = PCURVE('',#1760,#2796);
#2796 = DEFINITIONAL_REPRESENTATION('',(#2797),#2801);
#2797 = LINE('',#2798,#2799);
#2798 = CARTESIAN_POINT('',(-14.7,-1.5));
#2799 = VECTOR('',#2800,1.);
#2800 = DIRECTION('',(1.,0.));
#2801 = ( GEOMETRIC_REPRESENTATION_CONTEXT(2) 
PARAMETRIC_REPRESENTATION_CONTEXT() REPRESENTATION_CONTEXT('2D SPACE',''
  ) );
#2802 = PCURVE('',#2376,#2803);
#2803 = DEFINITIONAL_REPRESENTATION('',(#2804),#2808);
#2804 = LINE('',#2805,#2806);
#2805 = CARTESIAN_POINT('',(0.,4.));
#2806 = VECTOR('',#2807,1.);
#2807 = DIRECTION('',(1.,0.));
#2808 = ( GEOMETRIC_REPRESENTATION_CONTEXT(2) 
PARAMETRIC_REPRESENTATION_CONTEXT() REPRESENTATION_CONTEXT('2D SPACE',''
  ) );
#2809 = ORIENTED_EDGE('',*,*,#2810,.F.);
#2810 = EDGE_CURVE('',#2811,#2788,#2813,.T.);
#2811 = VERTEX_POINT('',#2812);
#2812 = CARTESIAN_POINT('',(-10.1,2.,-1.670329308849));
#2813 = SURFACE_CURVE('',#2814,(#2819,#2830),.PCURVE_S1.);
#2814 = CIRCLE('',#2815,2.);
#2815 = AXIS2_PLACEMENT_3D('',#2816,#2817,#2818);
#2816 = CARTESIAN_POINT('',(-11.2,2.,-4.440892098501E-16));
#2817 = DIRECTION('',(6.625199008687E-32,1.,-7.229038996727E-16));
#2818 = DIRECTION('',(0.7890625,4.440892098501E-16,0.614312926035));
#2819 = PCURVE('',#1760,#2820);
#2820 = DEFINITIONAL_REPRESENTATION('',(#2821),#2829);
#2821 = ( BOUNDED_CURVE() B_SPLINE_CURVE(2,(#2822,#2823,#2824,#2825,
#2826,#2827,#2828),.UNSPECIFIED.,.T.,.F.) B_SPLINE_CURVE_WITH_KNOTS((1,2
    ,2,2,2,1),(-2.094395102393,0.,2.094395102393,4.188790204786,
6.28318530718,8.377580409573),.UNSPECIFIED.) CURVE() 
GEOMETRIC_REPRESENTATION_ITEM() RATIONAL_B_SPLINE_CURVE((1.,0.5,1.,0.5,
1.,0.5,1.)) REPRESENTATION_ITEM('') );
#2822 = CARTESIAN_POINT('',(-9.621875,1.22862585207));
#2823 = CARTESIAN_POINT('',(-7.493832600722,-1.504766828625));
#2824 = CARTESIAN_POINT('',(-10.92504130036,-1.981009266382));
#2825 = CARTESIAN_POINT('',(-14.35625,-2.45725170414));
#2826 = CARTESIAN_POINT('',(-13.05308369963,0.752383414312));
#2827 = CARTESIAN_POINT('',(-11.74991739927,3.962018532765));
#2828 = CARTESIAN_POINT('',(-9.621875,1.22862585207));
#2829 = ( GEOMETRIC_REPRESENTATION_CONTEXT(2) 
PARAMETRIC_REPRESENTATION_CONTEXT() REPRESENTATION_CONTEXT('2D SPACE',''
  ) );
#2830 = PCURVE('',#2405,#2831);
#2831 = DEFINITIONAL_REPRESENTATION('',(#2832),#2836);
#2832 = LINE('',#2833,#2834);
#2833 = CARTESIAN_POINT('',(6.944700231025,0.));
#2834 = VECTOR('',#2835,1.);
#2835 = DIRECTION('',(-1.,-0.));
#2836 = ( GEOMETRIC_REPRESENTATION_CONTEXT(2) 
PARAMETRIC_REPRESENTATION_CONTEXT() REPRESENTATION_CONTEXT('2D SPACE',''
  ) );
#2837 = ORIENTED_EDGE('',*,*,#2838,.T.);
#2838 = EDGE_CURVE('',#2811,#2839,#2841,.T.);
#2839 = VERTEX_POINT('',#2840);
#2840 = CARTESIAN_POINT('',(-10.1,2.,-1.056231508714));
#2841 = SURFACE_CURVE('',#2842,(#2846,#2853),.PCURVE_S1.);
#2842 = LINE('',#2843,#2844);
#2843 = CARTESIAN_POINT('',(-10.1,2.,-1.));
#2844 = VECTOR('',#2845,1.);
#2845 = DIRECTION('',(0.,2.22044604925E-16,1.));
#2846 = PCURVE('',#1760,#2847);
#2847 = DEFINITIONAL_REPRESENTATION('',(#2848),#2852);
#2848 = LINE('',#2849,#2850);
#2849 = CARTESIAN_POINT('',(-10.1,-1.));
#2850 = VECTOR('',#2851,1.);
#2851 = DIRECTION('',(0.,1.));
#2852 = ( GEOMETRIC_REPRESENTATION_CONTEXT(2) 
PARAMETRIC_REPRESENTATION_CONTEXT() REPRESENTATION_CONTEXT('2D SPACE',''
  ) );
#2853 = PCURVE('',#2433,#2854);
#2854 = DEFINITIONAL_REPRESENTATION('',(#2855),#2858);
#2855 = B_SPLINE_CURVE_WITH_KNOTS('',1,(#2856,#2857),.UNSPECIFIED.,.F.,
  .F.,(2,2),(-1.,7.42),.PIECEWISE_BEZIER_KNOTS.);
#2856 = CARTESIAN_POINT('',(0.,-6.));
#2857 = CARTESIAN_POINT('',(8.42,-6.));
#2858 = ( GEOMETRIC_REPRESENTATION_CONTEXT(2) 
PARAMETRIC_REPRESENTATION_CONTEXT() REPRESENTATION_CONTEXT('2D SPACE',''
  ) );
#2859 = ORIENTED_EDGE('',*,*,#2860,.F.);
#2860 = EDGE_CURVE('',#2552,#2839,#2861,.T.);
#2861 = SURFACE_CURVE('',#2862,(#2867,#2878),.PCURVE_S1.);
#2862 = CIRCLE('',#2863,1.525);
#2863 = AXIS2_PLACEMENT_3D('',#2864,#2865,#2866);
#2864 = CARTESIAN_POINT('',(-11.2,2.,-4.440892098501E-16));
#2865 = DIRECTION('',(-5.677689093822E-33,1.,-4.204468491863E-16));
#2866 = DIRECTION('',(0.72131147541,2.912060392459E-16,0.692610825386));
#2867 = PCURVE('',#1760,#2868);
#2868 = DEFINITIONAL_REPRESENTATION('',(#2869),#2877);
#2869 = ( BOUNDED_CURVE() B_SPLINE_CURVE(2,(#2870,#2871,#2872,#2873,
#2874,#2875,#2876),.UNSPECIFIED.,.T.,.F.) B_SPLINE_CURVE_WITH_KNOTS((1,2
    ,2,2,2,1),(-2.094395102393,0.,2.094395102393,4.188790204786,
6.28318530718,8.377580409573),.UNSPECIFIED.) CURVE() 
GEOMETRIC_REPRESENTATION_ITEM() RATIONAL_B_SPLINE_CURVE((1.,0.5,1.,0.5,
1.,0.5,1.)) REPRESENTATION_ITEM('') );
#2870 = CARTESIAN_POINT('',(-10.1,1.056231508714));
#2871 = CARTESIAN_POINT('',(-8.270553362352,-0.849024379612));
#2872 = CARTESIAN_POINT('',(-10.83527668117,-1.48074369852));
#2873 = CARTESIAN_POINT('',(-13.4,-2.112463017428));
#2874 = CARTESIAN_POINT('',(-12.66472331882,0.424512189806));
#2875 = CARTESIAN_POINT('',(-11.92944663764,2.96148739704));
#2876 = CARTESIAN_POINT('',(-10.1,1.056231508714));
#2877 = ( GEOMETRIC_REPRESENTATION_CONTEXT(2) 
PARAMETRIC_REPRESENTATION_CONTEXT() REPRESENTATION_CONTEXT('2D SPACE',''
  ) );
#2878 = PCURVE('',#2459,#2879);
#2879 = DEFINITIONAL_REPRESENTATION('',(#2880),#2884);
#2880 = LINE('',#2881,#2882);
#2881 = CARTESIAN_POINT('',(7.048287652973,0.));
#2882 = VECTOR('',#2883,1.);
#2883 = DIRECTION('',(-1.,-0.));
#2884 = ( GEOMETRIC_REPRESENTATION_CONTEXT(2) 
PARAMETRIC_REPRESENTATION_CONTEXT() REPRESENTATION_CONTEXT('2D SPACE',''
  ) );
#2885 = FACE_BOUND('',#2886,.F.);
#2886 = EDGE_LOOP('',(#2887));
#2887 = ORIENTED_EDGE('',*,*,#2888,.F.);
#2888 = EDGE_CURVE('',#2889,#2889,#2891,.T.);
#2889 = VERTEX_POINT('',#2890);
#2890 = CARTESIAN_POINT('',(-10.575,2.,-5.971700597435E-16));
#2891 = SURFACE_CURVE('',#2892,(#2897,#2904),.PCURVE_S1.);
#2892 = CIRCLE('',#2893,0.625);
#2893 = AXIS2_PLACEMENT_3D('',#2894,#2895,#2896);
#2894 = CARTESIAN_POINT('',(-11.2,2.,-4.440892098501E-16));
#2895 = DIRECTION('',(0.,-1.,2.22044604925E-16));
#2896 = DIRECTION('',(1.,0.,0.));
#2897 = PCURVE('',#1760,#2898);
#2898 = DEFINITIONAL_REPRESENTATION('',(#2899),#2903);
#2899 = CIRCLE('',#2900,0.625);
#2900 = AXIS2_PLACEMENT_2D('',#2901,#2902);
#2901 = CARTESIAN_POINT('',(-11.2,0.));
#2902 = DIRECTION('',(1.,0.));
#2903 = ( GEOMETRIC_REPRESENTATION_CONTEXT(2) 
PARAMETRIC_REPRESENTATION_CONTEXT() REPRESENTATION_CONTEXT('2D SPACE',''
  ) );
#2904 = PCURVE('',#2490,#2905);
#2905 = DEFINITIONAL_REPRESENTATION('',(#2906),#2910);
#2906 = LINE('',#2907,#2908);
#2907 = CARTESIAN_POINT('',(0.,1.));
#2908 = VECTOR('',#2909,1.);
#2909 = DIRECTION('',(1.,0.));
#2910 = ( GEOMETRIC_REPRESENTATION_CONTEXT(2) 
PARAMETRIC_REPRESENTATION_CONTEXT() REPRESENTATION_CONTEXT('2D SPACE',''
  ) );
#2911 = ADVANCED_FACE('',(#2912),#2031,.F.);
#2912 = FACE_BOUND('',#2913,.F.);
#2913 = EDGE_LOOP('',(#2914,#2915,#2936,#2937));
#2914 = ORIENTED_EDGE('',*,*,#2694,.T.);
#2915 = ORIENTED_EDGE('',*,*,#2916,.F.);
#2916 = EDGE_CURVE('',#2203,#2671,#2917,.T.);
#2917 = SURFACE_CURVE('',#2918,(#2922,#2929),.PCURVE_S1.);
#2918 = LINE('',#2919,#2920);
#2919 = CARTESIAN_POINT('',(-9.3,-2.,6.42));
#2920 = VECTOR('',#2921,1.);
#2921 = DIRECTION('',(-0.,1.,0.));
#2922 = PCURVE('',#2031,#2923);
#2923 = DEFINITIONAL_REPRESENTATION('',(#2924),#2928);
#2924 = LINE('',#2925,#2926);
#2925 = CARTESIAN_POINT('',(0.8,2.));
#2926 = VECTOR('',#2927,1.);
#2927 = DIRECTION('',(0.,1.));
#2928 = ( GEOMETRIC_REPRESENTATION_CONTEXT(2) 
PARAMETRIC_REPRESENTATION_CONTEXT() REPRESENTATION_CONTEXT('2D SPACE',''
  ) );
#2929 = PCURVE('',#2219,#2930);
#2930 = DEFINITIONAL_REPRESENTATION('',(#2931),#2935);
#2931 = LINE('',#2932,#2933);
#2932 = CARTESIAN_POINT('',(-0.,0.));
#2933 = VECTOR('',#2934,1.);
#2934 = DIRECTION('',(-0.,1.));
#2935 = ( GEOMETRIC_REPRESENTATION_CONTEXT(2) 
PARAMETRIC_REPRESENTATION_CONTEXT() REPRESENTATION_CONTEXT('2D SPACE',''
  ) );
#2936 = ORIENTED_EDGE('',*,*,#2231,.F.);
#2937 = ORIENTED_EDGE('',*,*,#2018,.F.);
#2938 = ADVANCED_FACE('',(#2939),#2096,.T.);
#2939 = FACE_BOUND('',#2940,.T.);
#2940 = EDGE_LOOP('',(#2941,#2942,#2961,#2962,#3015));
#2941 = ORIENTED_EDGE('',*,*,#2078,.F.);
#2942 = ORIENTED_EDGE('',*,*,#2943,.F.);
#2943 = EDGE_CURVE('',#2552,#2079,#2944,.T.);
#2944 = SURFACE_CURVE('',#2945,(#2949,#2955),.PCURVE_S1.);
#2945 = LINE('',#2946,#2947);
#2946 = CARTESIAN_POINT('',(-10.1,2.,1.056231508714));
#2947 = VECTOR('',#2948,1.);
#2948 = DIRECTION('',(0.,-1.,2.22044604925E-16));
#2949 = PCURVE('',#2096,#2950);
#2950 = DEFINITIONAL_REPRESENTATION('',(#2951),#2954);
#2951 = B_SPLINE_CURVE_WITH_KNOTS('',1,(#2952,#2953),.UNSPECIFIED.,.F.,
  .F.,(2,2),(-5.999999999062E-07,4.0000006),.PIECEWISE_BEZIER_KNOTS.);
#2952 = CARTESIAN_POINT('',(3.056231508714,-6.0000006));
#2953 = CARTESIAN_POINT('',(3.056231508714,-1.9999994));
#2954 = ( GEOMETRIC_REPRESENTATION_CONTEXT(2) 
PARAMETRIC_REPRESENTATION_CONTEXT() REPRESENTATION_CONTEXT('2D SPACE',''
  ) );
#2955 = PCURVE('',#2459,#2956);
#2956 = DEFINITIONAL_REPRESENTATION('',(#2957),#2960);
#2957 = B_SPLINE_CURVE_WITH_KNOTS('',1,(#2958,#2959),.UNSPECIFIED.,.F.,
  .F.,(2,2),(8.283039504821E-30,4.),.PIECEWISE_BEZIER_KNOTS.);
#2958 = CARTESIAN_POINT('',(7.048287652973,-2.095587017883E-16));
#2959 = CARTESIAN_POINT('',(7.048287652973,4.));
#2960 = ( GEOMETRIC_REPRESENTATION_CONTEXT(2) 
PARAMETRIC_REPRESENTATION_CONTEXT() REPRESENTATION_CONTEXT('2D SPACE',''
  ) );
#2961 = ORIENTED_EDGE('',*,*,#2551,.T.);
#2962 = ORIENTED_EDGE('',*,*,#2963,.F.);
#2963 = EDGE_CURVE('',#2964,#2554,#2966,.T.);
#2964 = VERTEX_POINT('',#2965);
#2965 = CARTESIAN_POINT('',(-10.1,0.,1.22455488499));
#2966 = SURFACE_CURVE('',#2967,(#2975,#2986),.PCURVE_S1.);
#2967 = ( BOUNDED_CURVE() B_SPLINE_CURVE(6,(#2968,#2969,#2970,#2971,
#2972,#2973,#2974),.UNSPECIFIED.,.F.,.F.) B_SPLINE_CURVE_WITH_KNOTS((7,7
    ),(2.110830576696E-16,1.801781494809),.PIECEWISE_BEZIER_KNOTS.) 
CURVE() GEOMETRIC_REPRESENTATION_ITEM() RATIONAL_B_SPLINE_CURVE((1.,1.,
1.,1.,1.,1.,1.)) REPRESENTATION_ITEM('') );
#2968 = CARTESIAN_POINT('',(-10.1,0.,1.22455488499));
#2969 = CARTESIAN_POINT('',(-10.1,0.399613918063,1.22455488499));
#2970 = CARTESIAN_POINT('',(-10.1,0.802904719916,1.308024154651));
#2971 = CARTESIAN_POINT('',(-10.1,1.186582176241,1.477938637947));
#2972 = CARTESIAN_POINT('',(-10.1,1.525453584353,1.72718858254));
#2973 = CARTESIAN_POINT('',(-10.1,1.800399255915,2.039106643624));
#2974 = CARTESIAN_POINT('',(-10.1,2.,2.393470694556));
#2975 = PCURVE('',#2096,#2976);
#2976 = DEFINITIONAL_REPRESENTATION('',(#2977),#2985);
#2977 = B_SPLINE_CURVE_WITH_KNOTS('',6,(#2978,#2979,#2980,#2981,#2982,
    #2983,#2984),.UNSPECIFIED.,.F.,.F.,(7,7),(2.110830576696E-16,
    1.801781494809),.PIECEWISE_BEZIER_KNOTS.);
#2978 = CARTESIAN_POINT('',(3.22455488499,-4.));
#2979 = CARTESIAN_POINT('',(3.22455488499,-4.399613918063));
#2980 = CARTESIAN_POINT('',(3.308024154651,-4.802904719916));
#2981 = CARTESIAN_POINT('',(3.477938637947,-5.186582176241));
#2982 = CARTESIAN_POINT('',(3.72718858254,-5.525453584353));
#2983 = CARTESIAN_POINT('',(4.039106643624,-5.800399255915));
#2984 = CARTESIAN_POINT('',(4.393470694556,-6.));
#2985 = ( GEOMETRIC_REPRESENTATION_CONTEXT(2) 
PARAMETRIC_REPRESENTATION_CONTEXT() REPRESENTATION_CONTEXT('2D SPACE',''
  ) );
#2986 = PCURVE('',#2987,#3009);
#2987 = ( BOUNDED_SURFACE() B_SPLINE_SURFACE(2,6,(
    (#2988,#2989,#2990,#2991,#2992,#2993,#2994)
    ,(#2995,#2996,#2997,#2998,#2999,#3000,#3001)
    ,(#3002,#3003,#3004,#3005,#3006,#3007,#3008
)),.UNSPECIFIED.,.F.,.F.,.F.) B_SPLINE_SURFACE_WITH_KNOTS((3,3),(7,7),(
    0.,1.801781494809),(2.110830576696E-16,1.801781494809),
.PIECEWISE_BEZIER_KNOTS.) GEOMETRIC_REPRESENTATION_ITEM() 
RATIONAL_B_SPLINE_SURFACE((
    (1.,1.,1.,1.,1.,1.,1.)
    ,(0.738548945876,0.738548945876,0.738548945876,0.738548945876
      ,0.738548945876,0.738548945876,0.738548945876)
,(1.,1.,1.,1.,1.,1.,1.))) REPRESENTATION_ITEM('') SURFACE() );
#2988 = CARTESIAN_POINT('',(-10.64545454545,0.,1.822070402268));
#2989 = CARTESIAN_POINT('',(-10.64545454545,0.29559247342,1.822070402268
    ));
#2990 = CARTESIAN_POINT('',(-10.64545454545,0.593904719912,1.88381221545
    ));
#2991 = CARTESIAN_POINT('',(-10.64545454545,0.877709070021,
    2.009497133108));
#2992 = CARTESIAN_POINT('',(-10.64545454545,1.128370603985,
    2.193866105989));
#2993 = CARTESIAN_POINT('',(-10.64545454545,1.331746581246,
    2.424590380126));
#2994 = CARTESIAN_POINT('',(-10.64545454545,1.479390281762,
    2.686711746703));
#2995 = CARTESIAN_POINT('',(-10.1,2.22044604925E-16,1.772277442495));
#2996 = CARTESIAN_POINT('',(-10.1,0.30426092714,1.772277442495));
#2997 = CARTESIAN_POINT('',(-10.1,0.611321386579,1.83582987705));
#2998 = CARTESIAN_POINT('',(-10.1,0.903448495539,1.965200591845));
#2999 = CARTESIAN_POINT('',(-10.1,1.161460852349,2.154976312369));
#3000 = CARTESIAN_POINT('',(-10.1,1.370800970802,2.392466735417));
#3001 = CARTESIAN_POINT('',(-10.1,1.522774424948,2.662274992357));
#3002 = CARTESIAN_POINT('',(-10.1,0.,1.22455488499));
#3003 = CARTESIAN_POINT('',(-10.1,0.399613918063,1.22455488499));
#3004 = CARTESIAN_POINT('',(-10.1,0.802904719916,1.308024154651));
#3005 = CARTESIAN_POINT('',(-10.1,1.186582176241,1.477938637947));
#3006 = CARTESIAN_POINT('',(-10.1,1.525453584353,1.72718858254));
#3007 = CARTESIAN_POINT('',(-10.1,1.800399255915,2.039106643624));
#3008 = CARTESIAN_POINT('',(-10.1,2.,2.393470694556));
#3009 = DEFINITIONAL_REPRESENTATION('',(#3010),#3014);
#3010 = LINE('',#3011,#3012);
#3011 = CARTESIAN_POINT('',(1.801781494809,0.));
#3012 = VECTOR('',#3013,1.);
#3013 = DIRECTION('',(0.,1.));
#3014 = ( GEOMETRIC_REPRESENTATION_CONTEXT(2) 
PARAMETRIC_REPRESENTATION_CONTEXT() REPRESENTATION_CONTEXT('2D SPACE',''
  ) );
#3015 = ORIENTED_EDGE('',*,*,#3016,.F.);
#3016 = EDGE_CURVE('',#2081,#2964,#3017,.T.);
#3017 = SURFACE_CURVE('',#3018,(#3026,#3037),.PCURVE_S1.);
#3018 = ( BOUNDED_CURVE() B_SPLINE_CURVE(6,(#3019,#3020,#3021,#3022,
#3023,#3024,#3025),.UNSPECIFIED.,.F.,.F.) B_SPLINE_CURVE_WITH_KNOTS((7,7
),(8.879633527396,10.681415022205),.PIECEWISE_BEZIER_KNOTS.) CURVE() 
GEOMETRIC_REPRESENTATION_ITEM() RATIONAL_B_SPLINE_CURVE((1.,1.,1.,1.,1.,
1.,1.)) REPRESENTATION_ITEM('') );
#3019 = CARTESIAN_POINT('',(-10.1,-2.,2.393470694556));
#3020 = CARTESIAN_POINT('',(-10.1,-1.800399255915,2.039106643624));
#3021 = CARTESIAN_POINT('',(-10.1,-1.525453584353,1.72718858254));
#3022 = CARTESIAN_POINT('',(-10.1,-1.186582176241,1.477938637947));
#3023 = CARTESIAN_POINT('',(-10.1,-0.802904719916,1.308024154651));
#3024 = CARTESIAN_POINT('',(-10.1,-0.399613918063,1.22455488499));
#3025 = CARTESIAN_POINT('',(-10.1,0.,1.22455488499));
#3026 = PCURVE('',#2096,#3027);
#3027 = DEFINITIONAL_REPRESENTATION('',(#3028),#3036);
#3028 = B_SPLINE_CURVE_WITH_KNOTS('',6,(#3029,#3030,#3031,#3032,#3033,
    #3034,#3035),.UNSPECIFIED.,.F.,.F.,(7,7),(8.879633527396,
    10.681415022205),.PIECEWISE_BEZIER_KNOTS.);
#3029 = CARTESIAN_POINT('',(4.393470694556,-2.));
#3030 = CARTESIAN_POINT('',(4.039106643624,-2.199600744085));
#3031 = CARTESIAN_POINT('',(3.72718858254,-2.474546415647));
#3032 = CARTESIAN_POINT('',(3.477938637947,-2.813417823759));
#3033 = CARTESIAN_POINT('',(3.308024154651,-3.197095280084));
#3034 = CARTESIAN_POINT('',(3.22455488499,-3.600386081937));
#3035 = CARTESIAN_POINT('',(3.22455488499,-4.));
#3036 = ( GEOMETRIC_REPRESENTATION_CONTEXT(2) 
PARAMETRIC_REPRESENTATION_CONTEXT() REPRESENTATION_CONTEXT('2D SPACE',''
  ) );
#3037 = PCURVE('',#3038,#3060);
#3038 = ( BOUNDED_SURFACE() B_SPLINE_SURFACE(2,6,(
    (#3039,#3040,#3041,#3042,#3043,#3044,#3045)
    ,(#3046,#3047,#3048,#3049,#3050,#3051,#3052)
    ,(#3053,#3054,#3055,#3056,#3057,#3058,#3059
)),.UNSPECIFIED.,.F.,.F.,.F.) B_SPLINE_SURFACE_WITH_KNOTS((3,3),(7,7),(
    0.,1.801781494809),(8.879633527396,10.681415022205),
.PIECEWISE_BEZIER_KNOTS.) GEOMETRIC_REPRESENTATION_ITEM() 
RATIONAL_B_SPLINE_SURFACE((
    (1.,1.,1.,1.,1.,1.,1.)
    ,(0.738548945876,0.738548945876,0.738548945876,0.738548945876
      ,0.738548945876,0.738548945876,0.738548945876)
,(1.,1.,1.,1.,1.,1.,1.))) REPRESENTATION_ITEM('') SURFACE() );
#3039 = CARTESIAN_POINT('',(-10.64545454545,-1.479390281762,
    2.686711746703));
#3040 = CARTESIAN_POINT('',(-10.64545454545,-1.331746581246,
    2.424590380126));
#3041 = CARTESIAN_POINT('',(-10.64545454545,-1.128370603985,
    2.193866105989));
#3042 = CARTESIAN_POINT('',(-10.64545454545,-0.877709070021,
    2.009497133108));
#3043 = CARTESIAN_POINT('',(-10.64545454545,-0.593904719912,
    1.88381221545));
#3044 = CARTESIAN_POINT('',(-10.64545454545,-0.29559247342,
    1.822070402268));
#3045 = CARTESIAN_POINT('',(-10.64545454545,0.,1.822070402268));
#3046 = CARTESIAN_POINT('',(-10.1,-1.522774424948,2.662274992357));
#3047 = CARTESIAN_POINT('',(-10.1,-1.370800970802,2.392466735417));
#3048 = CARTESIAN_POINT('',(-10.1,-1.161460852349,2.154976312369));
#3049 = CARTESIAN_POINT('',(-10.1,-0.903448495539,1.965200591845));
#3050 = CARTESIAN_POINT('',(-10.1,-0.611321386579,1.83582987705));
#3051 = CARTESIAN_POINT('',(-10.1,-0.30426092714,1.772277442495));
#3052 = CARTESIAN_POINT('',(-10.1,6.661338147751E-16,1.772277442495));
#3053 = CARTESIAN_POINT('',(-10.1,-2.,2.393470694556));
#3054 = CARTESIAN_POINT('',(-10.1,-1.800399255915,2.039106643624));
#3055 = CARTESIAN_POINT('',(-10.1,-1.525453584353,1.72718858254));
#3056 = CARTESIAN_POINT('',(-10.1,-1.186582176241,1.477938637947));
#3057 = CARTESIAN_POINT('',(-10.1,-0.802904719916,1.308024154651));
#3058 = CARTESIAN_POINT('',(-10.1,-0.399613918063,1.22455488499));
#3059 = CARTESIAN_POINT('',(-10.1,0.,1.22455488499));
#3060 = DEFINITIONAL_REPRESENTATION('',(#3061),#3065);
#3061 = LINE('',#3062,#3063);
#3062 = CARTESIAN_POINT('',(1.801781494809,0.));
#3063 = VECTOR('',#3064,1.);
#3064 = DIRECTION('',(0.,1.));
#3065 = ( GEOMETRIC_REPRESENTATION_CONTEXT(2) 
PARAMETRIC_REPRESENTATION_CONTEXT() REPRESENTATION_CONTEXT('2D SPACE',''
  ) );
#3066 = ADVANCED_FACE('',(#3067),#2137,.T.);
#3067 = FACE_BOUND('',#3068,.T.);
#3068 = EDGE_LOOP('',(#3069,#3109,#3110,#3131));
#3069 = ORIENTED_EDGE('',*,*,#3070,.T.);
#3070 = EDGE_CURVE('',#3071,#2108,#3073,.T.);
#3071 = VERTEX_POINT('',#3072);
#3072 = CARTESIAN_POINT('',(-10.64545454545,-1.479390281762,
    4.353288253297));
#3073 = SURFACE_CURVE('',#3074,(#3078,#3084),.PCURVE_S1.);
#3074 = ( BOUNDED_CURVE() B_SPLINE_CURVE(2,(#3075,#3076,#3077),
.UNSPECIFIED.,.F.,.F.) B_SPLINE_CURVE_WITH_KNOTS((3,3),(0.,
1.091496168423),.PIECEWISE_BEZIER_KNOTS.) CURVE() 
GEOMETRIC_REPRESENTATION_ITEM() RATIONAL_B_SPLINE_CURVE((1.,
0.738548945876,1.)) REPRESENTATION_ITEM('') );
#3075 = CARTESIAN_POINT('',(-10.64545454545,-1.479390281762,
    4.353288253297));
#3076 = CARTESIAN_POINT('',(-10.1,-1.522774424948,4.377725007643));
#3077 = CARTESIAN_POINT('',(-10.1,-2.,4.646529305444));
#3078 = PCURVE('',#2137,#3079);
#3079 = DEFINITIONAL_REPRESENTATION('',(#3080),#3083);
#3080 = B_SPLINE_CURVE_WITH_KNOTS('',1,(#3081,#3082),.UNSPECIFIED.,.F.,
  .F.,(2,2),(0.,1.091496168423),.PIECEWISE_BEZIER_KNOTS.);
#3081 = CARTESIAN_POINT('',(0.,7.138801403198));
#3082 = CARTESIAN_POINT('',(1.740832124197,7.138801403198));
#3083 = ( GEOMETRIC_REPRESENTATION_CONTEXT(2) 
PARAMETRIC_REPRESENTATION_CONTEXT() REPRESENTATION_CONTEXT('2D SPACE',''
  ) );
#3084 = PCURVE('',#3085,#3104);
#3085 = ( BOUNDED_SURFACE() B_SPLINE_SURFACE(2,5,(
    (#3086,#3087,#3088,#3089,#3090,#3091)
    ,(#3092,#3093,#3094,#3095,#3096,#3097)
    ,(#3098,#3099,#3100,#3101,#3102,#3103
)),.UNSPECIFIED.,.F.,.F.,.F.) B_SPLINE_SURFACE_WITH_KNOTS((3,3),(6,6),(
    0.,1.091496168423),(6.047305234776,7.138801403198),
.PIECEWISE_BEZIER_KNOTS.) GEOMETRIC_REPRESENTATION_ITEM() 
RATIONAL_B_SPLINE_SURFACE((
    (1.,1.,1.,1.,1.,1.)
    ,(0.738548945876,0.738548945876,0.738548945876,0.738548945876
      ,0.738548945876,0.738548945876)
,(1.,1.,1.,1.,1.,1.))) REPRESENTATION_ITEM('') SURFACE() );
#3086 = CARTESIAN_POINT('',(-10.64545454545,-0.685593365991,
    5.07335979585));
#3087 = CARTESIAN_POINT('',(-10.64545454545,-0.885065506479,
    4.985320452625));
#3088 = CARTESIAN_POINT('',(-10.64545454545,-1.070413197211,
    4.865262786388));
#3089 = CARTESIAN_POINT('',(-10.64545454545,-1.234773571546,
    4.716189276933));
#3090 = CARTESIAN_POINT('',(-10.64545454545,-1.372328232551,
    4.543362401734));
#3091 = CARTESIAN_POINT('',(-10.64545454545,-1.479390281762,
    4.353288253297));
#3092 = CARTESIAN_POINT('',(-10.1,-0.705698865618,5.118913146196));
#3093 = CARTESIAN_POINT('',(-10.1,-0.911020664584,5.028291988341));
#3094 = CARTESIAN_POINT('',(-10.1,-1.101803804537,4.904713548007));
#3095 = CARTESIAN_POINT('',(-10.1,-1.270984160524,4.751268354786));
#3096 = CARTESIAN_POINT('',(-10.1,-1.412572707098,4.573373211941));
#3097 = CARTESIAN_POINT('',(-10.1,-1.522774424948,4.377725007643));
#3098 = CARTESIAN_POINT('',(-10.1,-0.926859361513,5.62));
#3099 = CARTESIAN_POINT('',(-10.1,-1.196527403742,5.500978881219));
#3100 = CARTESIAN_POINT('',(-10.1,-1.447100485122,5.338671925823));
#3101 = CARTESIAN_POINT('',(-10.1,-1.669300639281,5.137138211167));
#3102 = CARTESIAN_POINT('',(-10.1,-1.855261927119,4.903492124222));
#3103 = CARTESIAN_POINT('',(-10.1,-2.,4.646529305444));
#3104 = DEFINITIONAL_REPRESENTATION('',(#3105),#3108);
#3105 = B_SPLINE_CURVE_WITH_KNOTS('',1,(#3106,#3107),.UNSPECIFIED.,.F.,
  .F.,(2,2),(0.,1.091496168423),.PIECEWISE_BEZIER_KNOTS.);
#3106 = CARTESIAN_POINT('',(0.,7.138801403198));
#3107 = CARTESIAN_POINT('',(1.091496168423,7.138801403198));
#3108 = ( GEOMETRIC_REPRESENTATION_CONTEXT(2) 
PARAMETRIC_REPRESENTATION_CONTEXT() REPRESENTATION_CONTEXT('2D SPACE',''
  ) );
#3109 = ORIENTED_EDGE('',*,*,#2107,.T.);
#3110 = ORIENTED_EDGE('',*,*,#3111,.F.);
#3111 = EDGE_CURVE('',#3112,#2081,#3114,.T.);
#3112 = VERTEX_POINT('',#3113);
#3113 = CARTESIAN_POINT('',(-10.64545454545,-1.479390281762,
    2.686711746703));
#3114 = SURFACE_CURVE('',#3115,(#3119,#3125),.PCURVE_S1.);
#3115 = ( BOUNDED_CURVE() B_SPLINE_CURVE(2,(#3116,#3117,#3118),
.UNSPECIFIED.,.F.,.F.) B_SPLINE_CURVE_WITH_KNOTS((3,3),(0.,
1.740832124197),.PIECEWISE_BEZIER_KNOTS.) CURVE() 
GEOMETRIC_REPRESENTATION_ITEM() RATIONAL_B_SPLINE_CURVE((1.,
0.738548945876,1.)) REPRESENTATION_ITEM('') );
#3116 = CARTESIAN_POINT('',(-10.64545454545,-1.479390281762,
    2.686711746703));
#3117 = CARTESIAN_POINT('',(-10.1,-1.522774424948,2.662274992357));
#3118 = CARTESIAN_POINT('',(-10.1,-2.,2.393470694556));
#3119 = PCURVE('',#2137,#3120);
#3120 = DEFINITIONAL_REPRESENTATION('',(#3121),#3124);
#3121 = B_SPLINE_CURVE_WITH_KNOTS('',1,(#3122,#3123),.UNSPECIFIED.,.F.,
  .F.,(2,2),(0.,1.740832124197),.PIECEWISE_BEZIER_KNOTS.);
#3122 = CARTESIAN_POINT('',(0.,8.879633527396));
#3123 = CARTESIAN_POINT('',(1.740832124197,8.879633527396));
#3124 = ( GEOMETRIC_REPRESENTATION_CONTEXT(2) 
PARAMETRIC_REPRESENTATION_CONTEXT() REPRESENTATION_CONTEXT('2D SPACE',''
  ) );
#3125 = PCURVE('',#3038,#3126);
#3126 = DEFINITIONAL_REPRESENTATION('',(#3127),#3130);
#3127 = B_SPLINE_CURVE_WITH_KNOTS('',1,(#3128,#3129),.UNSPECIFIED.,.F.,
  .F.,(2,2),(0.,1.740832124197),.PIECEWISE_BEZIER_KNOTS.);
#3128 = CARTESIAN_POINT('',(0.,8.879633527396));
#3129 = CARTESIAN_POINT('',(1.801781494809,8.879633527396));
#3130 = ( GEOMETRIC_REPRESENTATION_CONTEXT(2) 
PARAMETRIC_REPRESENTATION_CONTEXT() REPRESENTATION_CONTEXT('2D SPACE',''
  ) );
#3131 = ORIENTED_EDGE('',*,*,#3132,.F.);
#3132 = EDGE_CURVE('',#3071,#3112,#3133,.T.);
#3133 = SURFACE_CURVE('',#3134,(#3145,#3152),.PCURVE_S1.);
#3134 = ( BOUNDED_CURVE() B_SPLINE_CURVE(9,(#3135,#3136,#3137,#3138,
    #3139,#3140,#3141,#3142,#3143,#3144),.UNSPECIFIED.,.F.,.F.) 
B_SPLINE_CURVE_WITH_KNOTS((10,10),(7.138801403198,8.879633527396),
.PIECEWISE_BEZIER_KNOTS.) CURVE() GEOMETRIC_REPRESENTATION_ITEM() 
RATIONAL_B_SPLINE_CURVE((1.,1.,1.,1.,1.,1.,1.,1.,1.,1.)) 
REPRESENTATION_ITEM('') );
#3135 = CARTESIAN_POINT('',(-10.64545454545,-1.479390281762,
    4.353288253297));
#3136 = CARTESIAN_POINT('',(-10.64545454545,-1.574253471462,
    4.184871525491));
#3137 = CARTESIAN_POINT('',(-10.62712562453,-1.649036312061,
    4.005098534701));
#3138 = CARTESIAN_POINT('',(-10.61110885103,-1.700559189072,
    3.815416033844));
#3139 = CARTESIAN_POINT('',(-10.59952280851,-1.724555003996,
    3.618613832448));
#3140 = CARTESIAN_POINT('',(-10.5994555652,-1.724642646805,
    3.422826119222));
#3141 = CARTESIAN_POINT('',(-10.61100463597,-1.70086130569,
    3.225819672447));
#3142 = CARTESIAN_POINT('',(-10.62703438525,-1.649385669289,
    3.035755474419));
#3143 = CARTESIAN_POINT('',(-10.64545454545,-1.574489825384,
    2.855548088842));
#3144 = CARTESIAN_POINT('',(-10.64545454545,-1.479390281762,
    2.686711746703));
#3145 = PCURVE('',#2137,#3146);
#3146 = DEFINITIONAL_REPRESENTATION('',(#3147),#3151);
#3147 = LINE('',#3148,#3149);
#3148 = CARTESIAN_POINT('',(0.,0.));
#3149 = VECTOR('',#3150,1.);
#3150 = DIRECTION('',(0.,1.));
#3151 = ( GEOMETRIC_REPRESENTATION_CONTEXT(2) 
PARAMETRIC_REPRESENTATION_CONTEXT() REPRESENTATION_CONTEXT('2D SPACE',''
  ) );
#3152 = PCURVE('',#3153,#3158);
#3153 = TOROIDAL_SURFACE('',#3154,1.2,0.5);
#3154 = AXIS2_PLACEMENT_3D('',#3155,#3156,#3157);
#3155 = CARTESIAN_POINT('',(-10.6,0.,3.52));
#3156 = DIRECTION('',(-1.,0.,-2.22044604925E-16));
#3157 = DIRECTION('',(2.22044604925E-16,0.,-1.));
#3158 = DEFINITIONAL_REPRESENTATION('',(#3159),#3169);
#3159 = B_SPLINE_CURVE_WITH_KNOTS('',8,(#3160,#3161,#3162,#3163,#3164,
    #3165,#3166,#3167,#3168),.UNSPECIFIED.,.F.,.F.,(9,9),(7.138801403198
    ,8.879633527396),.PIECEWISE_BEZIER_KNOTS.);
#3160 = CARTESIAN_POINT('',(-4.199418846077,9.103477803742E-02));
#3161 = CARTESIAN_POINT('',(-4.327491080374,9.103477803742E-02));
#3162 = CARTESIAN_POINT('',(-4.45559714086,4.367208759118E-02));
#3163 = CARTESIAN_POINT('',(-4.583748833007,1.146497292822E-02));
#3164 = CARTESIAN_POINT('',(-4.711958420199,-1.087478015767E-02));
#3165 = CARTESIAN_POINT('',(-4.840234956557,1.123925635194E-02));
#3166 = CARTESIAN_POINT('',(-4.968577874415,4.344262634887E-02));
#3167 = CARTESIAN_POINT('',(-5.09696778534,9.103477803742E-02));
#3168 = CARTESIAN_POINT('',(-5.225359114692,9.103477803742E-02));
#3169 = ( GEOMETRIC_REPRESENTATION_CONTEXT(2) 
PARAMETRIC_REPRESENTATION_CONTEXT() REPRESENTATION_CONTEXT('2D SPACE',''
  ) );
#3170 = ADVANCED_FACE('',(#3171),#2459,.T.);
#3171 = FACE_BOUND('',#3172,.T.);
#3172 = EDGE_LOOP('',(#3173,#3174,#3193,#3194));
#3173 = ORIENTED_EDGE('',*,*,#2444,.F.);
#3174 = ORIENTED_EDGE('',*,*,#3175,.F.);
#3175 = EDGE_CURVE('',#2839,#2418,#3176,.T.);
#3176 = SURFACE_CURVE('',#3177,(#3181,#3187),.PCURVE_S1.);
#3177 = LINE('',#3178,#3179);
#3178 = CARTESIAN_POINT('',(-10.1,2.,-1.056231508714));
#3179 = VECTOR('',#3180,1.);
#3180 = DIRECTION('',(0.,-1.,2.22044604925E-16));
#3181 = PCURVE('',#2459,#3182);
#3182 = DEFINITIONAL_REPRESENTATION('',(#3183),#3186);
#3183 = B_SPLINE_CURVE_WITH_KNOTS('',1,(#3184,#3185),.UNSPECIFIED.,.F.,
  .F.,(2,2),(-2.22044604925E-16,4.),.PIECEWISE_BEZIER_KNOTS.);
#3184 = CARTESIAN_POINT('',(5.518082961386,-2.345305080618E-16));
#3185 = CARTESIAN_POINT('',(5.518082961386,4.));
#3186 = ( GEOMETRIC_REPRESENTATION_CONTEXT(2) 
PARAMETRIC_REPRESENTATION_CONTEXT() REPRESENTATION_CONTEXT('2D SPACE',''
  ) );
#3187 = PCURVE('',#2433,#3188);
#3188 = DEFINITIONAL_REPRESENTATION('',(#3189),#3192);
#3189 = B_SPLINE_CURVE_WITH_KNOTS('',1,(#3190,#3191),.UNSPECIFIED.,.F.,
  .F.,(2,2),(-6.000000001283E-07,4.0000006),.PIECEWISE_BEZIER_KNOTS.);
#3190 = CARTESIAN_POINT('',(0.943768491286,-6.0000006));
#3191 = CARTESIAN_POINT('',(0.943768491286,-1.9999994));
#3192 = ( GEOMETRIC_REPRESENTATION_CONTEXT(2) 
PARAMETRIC_REPRESENTATION_CONTEXT() REPRESENTATION_CONTEXT('2D SPACE',''
  ) );
#3193 = ORIENTED_EDGE('',*,*,#2860,.F.);
#3194 = ORIENTED_EDGE('',*,*,#2943,.T.);
#3195 = ADVANCED_FACE('',(#3196),#2191,.T.);
#3196 = FACE_BOUND('',#3197,.T.);
#3197 = EDGE_LOOP('',(#3198,#3199,#3228));
#3198 = ORIENTED_EDGE('',*,*,#2175,.F.);
#3199 = ORIENTED_EDGE('',*,*,#3200,.F.);
#3200 = EDGE_CURVE('',#3201,#2108,#3203,.T.);
#3201 = VERTEX_POINT('',#3202);
#3202 = CARTESIAN_POINT('',(-10.1,-0.926859361513,5.62));
#3203 = SURFACE_CURVE('',#3204,(#3211,#3221),.PCURVE_S1.);
#3204 = ( BOUNDED_CURVE() B_SPLINE_CURVE(5,(#3205,#3206,#3207,#3208,
#3209,#3210),.UNSPECIFIED.,.F.,.F.) B_SPLINE_CURVE_WITH_KNOTS((6,6),(
6.047305234776,7.138801403198),.PIECEWISE_BEZIER_KNOTS.) CURVE() 
GEOMETRIC_REPRESENTATION_ITEM() RATIONAL_B_SPLINE_CURVE((1.,1.,1.,1.,1.,
1.)) REPRESENTATION_ITEM('') );
#3205 = CARTESIAN_POINT('',(-10.1,-0.926859361513,5.62));
#3206 = CARTESIAN_POINT('',(-10.1,-1.196527403742,5.500978881219));
#3207 = CARTESIAN_POINT('',(-10.1,-1.447100485122,5.338671925823));
#3208 = CARTESIAN_POINT('',(-10.1,-1.669300639281,5.137138211167));
#3209 = CARTESIAN_POINT('',(-10.1,-1.855261927119,4.903492124222));
#3210 = CARTESIAN_POINT('',(-10.1,-2.,4.646529305444));
#3211 = PCURVE('',#2191,#3212);
#3212 = DEFINITIONAL_REPRESENTATION('',(#3213),#3220);
#3213 = B_SPLINE_CURVE_WITH_KNOTS('',5,(#3214,#3215,#3216,#3217,#3218,
    #3219),.UNSPECIFIED.,.F.,.F.,(6,6),(6.047305234776,7.138801403198),
  .PIECEWISE_BEZIER_KNOTS.);
#3214 = CARTESIAN_POINT('',(7.62,-3.073140638487));
#3215 = CARTESIAN_POINT('',(7.500978881219,-2.803472596258));
#3216 = CARTESIAN_POINT('',(7.338671925823,-2.552899514878));
#3217 = CARTESIAN_POINT('',(7.137138211167,-2.330699360719));
#3218 = CARTESIAN_POINT('',(6.903492124222,-2.144738072881));
#3219 = CARTESIAN_POINT('',(6.646529305444,-2.));
#3220 = ( GEOMETRIC_REPRESENTATION_CONTEXT(2) 
PARAMETRIC_REPRESENTATION_CONTEXT() REPRESENTATION_CONTEXT('2D SPACE',''
  ) );
#3221 = PCURVE('',#3085,#3222);
#3222 = DEFINITIONAL_REPRESENTATION('',(#3223),#3227);
#3223 = LINE('',#3224,#3225);
#3224 = CARTESIAN_POINT('',(1.091496168423,0.));
#3225 = VECTOR('',#3226,1.);
#3226 = DIRECTION('',(0.,1.));
#3227 = ( GEOMETRIC_REPRESENTATION_CONTEXT(2) 
PARAMETRIC_REPRESENTATION_CONTEXT() REPRESENTATION_CONTEXT('2D SPACE',''
  ) );
#3228 = ORIENTED_EDGE('',*,*,#3229,.F.);
#3229 = EDGE_CURVE('',#2176,#3201,#3230,.T.);
#3230 = SURFACE_CURVE('',#3231,(#3235,#3242),.PCURVE_S1.);
#3231 = LINE('',#3232,#3233);
#3232 = CARTESIAN_POINT('',(-10.1,-2.,5.62));
#3233 = VECTOR('',#3234,1.);
#3234 = DIRECTION('',(-0.,1.,0.));
#3235 = PCURVE('',#2191,#3236);
#3236 = DEFINITIONAL_REPRESENTATION('',(#3237),#3241);
#3237 = LINE('',#3238,#3239);
#3238 = CARTESIAN_POINT('',(7.62,-2.));
#3239 = VECTOR('',#3240,1.);
#3240 = DIRECTION('',(0.,-1.));
#3241 = ( GEOMETRIC_REPRESENTATION_CONTEXT(2) 
PARAMETRIC_REPRESENTATION_CONTEXT() REPRESENTATION_CONTEXT('2D SPACE',''
  ) );
#3242 = PCURVE('',#2219,#3243);
#3243 = DEFINITIONAL_REPRESENTATION('',(#3244),#3248);
#3244 = LINE('',#3245,#3246);
#3245 = CARTESIAN_POINT('',(-1.570796326795,0.));
#3246 = VECTOR('',#3247,1.);
#3247 = DIRECTION('',(-0.,1.));
#3248 = ( GEOMETRIC_REPRESENTATION_CONTEXT(2) 
PARAMETRIC_REPRESENTATION_CONTEXT() REPRESENTATION_CONTEXT('2D SPACE',''
  ) );
#3249 = ADVANCED_FACE('',(#3250),#2433,.T.);
#3250 = FACE_BOUND('',#3251,.T.);
#3251 = EDGE_LOOP('',(#3252,#3271,#3272,#3273));
#3252 = ORIENTED_EDGE('',*,*,#3253,.F.);
#3253 = EDGE_CURVE('',#2811,#2389,#3254,.T.);
#3254 = SURFACE_CURVE('',#3255,(#3259,#3265),.PCURVE_S1.);
#3255 = LINE('',#3256,#3257);
#3256 = CARTESIAN_POINT('',(-10.1,2.,-1.670329308849));
#3257 = VECTOR('',#3258,1.);
#3258 = DIRECTION('',(0.,-1.,2.22044604925E-16));
#3259 = PCURVE('',#2433,#3260);
#3260 = DEFINITIONAL_REPRESENTATION('',(#3261),#3264);
#3261 = B_SPLINE_CURVE_WITH_KNOTS('',1,(#3262,#3263),.UNSPECIFIED.,.F.,
  .F.,(2,2),(-6.000000007944E-07,4.0000006),.PIECEWISE_BEZIER_KNOTS.);
#3262 = CARTESIAN_POINT('',(0.329670691151,-6.0000006));
#3263 = CARTESIAN_POINT('',(0.329670691151,-1.9999994));
#3264 = ( GEOMETRIC_REPRESENTATION_CONTEXT(2) 
PARAMETRIC_REPRESENTATION_CONTEXT() REPRESENTATION_CONTEXT('2D SPACE',''
  ) );
#3265 = PCURVE('',#2405,#3266);
#3266 = DEFINITIONAL_REPRESENTATION('',(#3267),#3270);
#3267 = B_SPLINE_CURVE_WITH_KNOTS('',1,(#3268,#3269),.UNSPECIFIED.,.F.,
  .F.,(2,2),(-6.000000007944E-07,4.0000006),.PIECEWISE_BEZIER_KNOTS.);
#3268 = CARTESIAN_POINT('',(5.294753218253,-6.000000007212E-07));
#3269 = CARTESIAN_POINT('',(5.294753218253,4.0000006));
#3270 = ( GEOMETRIC_REPRESENTATION_CONTEXT(2) 
PARAMETRIC_REPRESENTATION_CONTEXT() REPRESENTATION_CONTEXT('2D SPACE',''
  ) );
#3271 = ORIENTED_EDGE('',*,*,#2838,.T.);
#3272 = ORIENTED_EDGE('',*,*,#3175,.T.);
#3273 = ORIENTED_EDGE('',*,*,#2417,.F.);
#3274 = ADVANCED_FACE('',(#3275),#2219,.F.);
#3275 = FACE_BOUND('',#3276,.T.);
#3276 = EDGE_LOOP('',(#3277,#3278,#3331,#3352,#3353,#3354));
#3277 = ORIENTED_EDGE('',*,*,#3229,.T.);
#3278 = ORIENTED_EDGE('',*,*,#3279,.F.);
#3279 = EDGE_CURVE('',#3280,#3201,#3282,.T.);
#3280 = VERTEX_POINT('',#3281);
#3281 = CARTESIAN_POINT('',(-10.1,0.926859361513,5.62));
#3282 = SURFACE_CURVE('',#3283,(#3291,#3302),.PCURVE_S1.);
#3283 = ( BOUNDED_CURVE() B_SPLINE_CURVE(6,(#3284,#3285,#3286,#3287,
#3288,#3289,#3290),.UNSPECIFIED.,.F.,.F.) B_SPLINE_CURVE_WITH_KNOTS((7,7
),(4.63410978743,6.047305234776),.PIECEWISE_BEZIER_KNOTS.) CURVE() 
GEOMETRIC_REPRESENTATION_ITEM() RATIONAL_B_SPLINE_CURVE((1.,1.,1.,1.,1.,
1.,1.)) REPRESENTATION_ITEM('') );
#3284 = CARTESIAN_POINT('',(-10.1,0.926859361513,5.62));
#3285 = CARTESIAN_POINT('',(-10.1,0.614045077577,5.698893836049));
#3286 = CARTESIAN_POINT('',(-10.09069761975,0.304237317535,
    5.739883815913));
#3287 = CARTESIAN_POINT('',(-10.08858255172,-2.659332332646E-15,
    5.752375322517));
#3288 = CARTESIAN_POINT('',(-10.09069761975,-0.304237317535,
    5.739883815913));
#3289 = CARTESIAN_POINT('',(-10.1,-0.614045077577,5.698893836049));
#3290 = CARTESIAN_POINT('',(-10.1,-0.926859361513,5.62));
#3291 = PCURVE('',#2219,#3292);
#3292 = DEFINITIONAL_REPRESENTATION('',(#3293),#3301);
#3293 = B_SPLINE_CURVE_WITH_KNOTS('',6,(#3294,#3295,#3296,#3297,#3298,
    #3299,#3300),.UNSPECIFIED.,.F.,.F.,(7,7),(4.63410978743,
    6.047305234776),.PIECEWISE_BEZIER_KNOTS.);
#3294 = CARTESIAN_POINT('',(-1.570796326795,2.926859361513));
#3295 = CARTESIAN_POINT('',(-1.472179031733,2.614045077577));
#3296 = CARTESIAN_POINT('',(-1.420896340395,2.304237311083));
#3297 = CARTESIAN_POINT('',(-1.403901072438,2.));
#3298 = CARTESIAN_POINT('',(-1.420896340395,1.695762688917));
#3299 = CARTESIAN_POINT('',(-1.472179031733,1.385954922423));
#3300 = CARTESIAN_POINT('',(-1.570796326795,1.073140638487));
#3301 = ( GEOMETRIC_REPRESENTATION_CONTEXT(2) 
PARAMETRIC_REPRESENTATION_CONTEXT() REPRESENTATION_CONTEXT('2D SPACE',''
  ) );
#3302 = PCURVE('',#3303,#3325);
#3303 = ( BOUNDED_SURFACE() B_SPLINE_SURFACE(2,6,(
    (#3304,#3305,#3306,#3307,#3308,#3309,#3310)
    ,(#3311,#3312,#3313,#3314,#3315,#3316,#3317)
    ,(#3318,#3319,#3320,#3321,#3322,#3323,#3324
)),.UNSPECIFIED.,.F.,.F.,.F.) B_SPLINE_SURFACE_WITH_KNOTS((3,3),(7,7),(
    0.,1.413195447346),(4.63410978743,6.047305234776),
.PIECEWISE_BEZIER_KNOTS.) GEOMETRIC_REPRESENTATION_ITEM() 
RATIONAL_B_SPLINE_SURFACE((
    (1.,1.,1.,1.,1.,1.,1.)
    ,(0.738548945876,0.768962286909,0.782799756912,0.78732186788
      ,0.782799756912,0.768962286909,0.738548945876)
,(1.,1.,1.,1.,1.,1.,1.))) REPRESENTATION_ITEM('') SURFACE() );
#3304 = CARTESIAN_POINT('',(-10.64545454545,0.685593365991,5.07335979585
    ));
#3305 = CARTESIAN_POINT('',(-10.64545454545,0.470374164309,5.16834928721
    ));
#3306 = CARTESIAN_POINT('',(-10.63855794135,0.239612094413,
    5.228157124597));
#3307 = CARTESIAN_POINT('',(-10.63561653434,-5.527126707848E-15,
    5.248509261201));
#3308 = CARTESIAN_POINT('',(-10.63855794135,-0.239612094413,
    5.228157124597));
#3309 = CARTESIAN_POINT('',(-10.64545454545,-0.470374164309,
    5.16834928721));
#3310 = CARTESIAN_POINT('',(-10.64545454545,-0.685593365991,
    5.07335979585));
#3311 = CARTESIAN_POINT('',(-10.1,0.705698865618,5.118913146196));
#3312 = CARTESIAN_POINT('',(-10.14746137731,0.491180573321,
    5.208857439675));
#3313 = CARTESIAN_POINT('',(-10.16338600952,0.24797515001,5.265325713633
    ));
#3314 = CARTESIAN_POINT('',(-10.16673703399,-1.51657845402E-15,
    5.282972528573));
#3315 = CARTESIAN_POINT('',(-10.16338600952,-0.24797515001,
    5.265325713633));
#3316 = CARTESIAN_POINT('',(-10.14746137731,-0.491180573321,
    5.208857439675));
#3317 = CARTESIAN_POINT('',(-10.1,-0.705698865618,5.118913146196));
#3318 = CARTESIAN_POINT('',(-10.1,0.926859361513,5.62));
#3319 = CARTESIAN_POINT('',(-10.1,0.614045077577,5.698893836049));
#3320 = CARTESIAN_POINT('',(-10.09069761975,0.304237317535,
    5.739883815913));
#3321 = CARTESIAN_POINT('',(-10.08858255172,-2.659332332646E-15,
    5.752375322517));
#3322 = CARTESIAN_POINT('',(-10.09069761975,-0.304237317535,
    5.739883815913));
#3323 = CARTESIAN_POINT('',(-10.1,-0.614045077577,5.698893836049));
#3324 = CARTESIAN_POINT('',(-10.1,-0.926859361513,5.62));
#3325 = DEFINITIONAL_REPRESENTATION('',(#3326),#3330);
#3326 = LINE('',#3327,#3328);
#3327 = CARTESIAN_POINT('',(1.413195447346,0.));
#3328 = VECTOR('',#3329,1.);
#3329 = DIRECTION('',(0.,1.));
#3330 = ( GEOMETRIC_REPRESENTATION_CONTEXT(2) 
PARAMETRIC_REPRESENTATION_CONTEXT() REPRESENTATION_CONTEXT('2D SPACE',''
  ) );
#3331 = ORIENTED_EDGE('',*,*,#3332,.T.);
#3332 = EDGE_CURVE('',#3280,#2644,#3333,.T.);
#3333 = SURFACE_CURVE('',#3334,(#3338,#3345),.PCURVE_S1.);
#3334 = LINE('',#3335,#3336);
#3335 = CARTESIAN_POINT('',(-10.1,-2.,5.62));
#3336 = VECTOR('',#3337,1.);
#3337 = DIRECTION('',(-0.,1.,0.));
#3338 = PCURVE('',#2219,#3339);
#3339 = DEFINITIONAL_REPRESENTATION('',(#3340),#3344);
#3340 = LINE('',#3341,#3342);
#3341 = CARTESIAN_POINT('',(-1.570796326795,0.));
#3342 = VECTOR('',#3343,1.);
#3343 = DIRECTION('',(-0.,1.));
#3344 = ( GEOMETRIC_REPRESENTATION_CONTEXT(2) 
PARAMETRIC_REPRESENTATION_CONTEXT() REPRESENTATION_CONTEXT('2D SPACE',''
  ) );
#3345 = PCURVE('',#2659,#3346);
#3346 = DEFINITIONAL_REPRESENTATION('',(#3347),#3351);
#3347 = LINE('',#3348,#3349);
#3348 = CARTESIAN_POINT('',(7.62,-2.));
#3349 = VECTOR('',#3350,1.);
#3350 = DIRECTION('',(0.,-1.));
#3351 = ( GEOMETRIC_REPRESENTATION_CONTEXT(2) 
PARAMETRIC_REPRESENTATION_CONTEXT() REPRESENTATION_CONTEXT('2D SPACE',''
  ) );
#3352 = ORIENTED_EDGE('',*,*,#2670,.F.);
#3353 = ORIENTED_EDGE('',*,*,#2916,.F.);
#3354 = ORIENTED_EDGE('',*,*,#2202,.T.);
#3355 = ADVANCED_FACE('',(#3356),#2405,.T.);
#3356 = FACE_BOUND('',#3357,.T.);
#3357 = EDGE_LOOP('',(#3358,#3359,#3378,#3379));
#3358 = ORIENTED_EDGE('',*,*,#2388,.F.);
#3359 = ORIENTED_EDGE('',*,*,#3360,.F.);
#3360 = EDGE_CURVE('',#2788,#2361,#3361,.T.);
#3361 = SURFACE_CURVE('',#3362,(#3366,#3372),.PCURVE_S1.);
#3362 = LINE('',#3363,#3364);
#3363 = CARTESIAN_POINT('',(-12.52287565553,2.,-1.5));
#3364 = VECTOR('',#3365,1.);
#3365 = DIRECTION('',(0.,-1.,2.22044604925E-16));
#3366 = PCURVE('',#2405,#3367);
#3367 = DEFINITIONAL_REPRESENTATION('',(#3368),#3371);
#3368 = B_SPLINE_CURVE_WITH_KNOTS('',1,(#3369,#3370),.UNSPECIFIED.,.F.,
  .F.,(2,2),(-6.000000003503E-07,4.0000006),.PIECEWISE_BEZIER_KNOTS.);
#3369 = CARTESIAN_POINT('',(3.989654732571,-6.000000006834E-07));
#3370 = CARTESIAN_POINT('',(3.989654732571,4.0000006));
#3371 = ( GEOMETRIC_REPRESENTATION_CONTEXT(2) 
PARAMETRIC_REPRESENTATION_CONTEXT() REPRESENTATION_CONTEXT('2D SPACE',''
  ) );
#3372 = PCURVE('',#2376,#3373);
#3373 = DEFINITIONAL_REPRESENTATION('',(#3374),#3377);
#3374 = B_SPLINE_CURVE_WITH_KNOTS('',1,(#3375,#3376),.UNSPECIFIED.,.F.,
  .F.,(2,2),(-6.000000003503E-07,4.0000006),.PIECEWISE_BEZIER_KNOTS.);
#3375 = CARTESIAN_POINT('',(2.177124344468,4.0000006));
#3376 = CARTESIAN_POINT('',(2.177124344468,-5.999999999062E-07));
#3377 = ( GEOMETRIC_REPRESENTATION_CONTEXT(2) 
PARAMETRIC_REPRESENTATION_CONTEXT() REPRESENTATION_CONTEXT('2D SPACE',''
  ) );
#3378 = ORIENTED_EDGE('',*,*,#2810,.F.);
#3379 = ORIENTED_EDGE('',*,*,#3253,.T.);
#3380 = ADVANCED_FACE('',(#3381),#2376,.F.);
#3381 = FACE_BOUND('',#3382,.F.);
#3382 = EDGE_LOOP('',(#3383,#3384,#3405,#3406));
#3383 = ORIENTED_EDGE('',*,*,#2787,.F.);
#3384 = ORIENTED_EDGE('',*,*,#3385,.F.);
#3385 = EDGE_CURVE('',#2333,#2765,#3386,.T.);
#3386 = SURFACE_CURVE('',#3387,(#3391,#3398),.PCURVE_S1.);
#3387 = LINE('',#3388,#3389);
#3388 = CARTESIAN_POINT('',(-14.7,-2.,-1.5));
#3389 = VECTOR('',#3390,1.);
#3390 = DIRECTION('',(-0.,1.,0.));
#3391 = PCURVE('',#2376,#3392);
#3392 = DEFINITIONAL_REPRESENTATION('',(#3393),#3397);
#3393 = LINE('',#3394,#3395);
#3394 = CARTESIAN_POINT('',(0.,0.));
#3395 = VECTOR('',#3396,1.);
#3396 = DIRECTION('',(0.,1.));
#3397 = ( GEOMETRIC_REPRESENTATION_CONTEXT(2) 
PARAMETRIC_REPRESENTATION_CONTEXT() REPRESENTATION_CONTEXT('2D SPACE',''
  ) );
#3398 = PCURVE('',#2348,#3399);
#3399 = DEFINITIONAL_REPRESENTATION('',(#3400),#3404);
#3400 = LINE('',#3401,#3402);
#3401 = CARTESIAN_POINT('',(0.,0.));
#3402 = VECTOR('',#3403,1.);
#3403 = DIRECTION('',(0.,-1.));
#3404 = ( GEOMETRIC_REPRESENTATION_CONTEXT(2) 
PARAMETRIC_REPRESENTATION_CONTEXT() REPRESENTATION_CONTEXT('2D SPACE',''
  ) );
#3405 = ORIENTED_EDGE('',*,*,#2360,.T.);
#3406 = ORIENTED_EDGE('',*,*,#3360,.F.);
#3407 = ADVANCED_FACE('',(#3408),#2348,.F.);
#3408 = FACE_BOUND('',#3409,.F.);
#3409 = EDGE_LOOP('',(#3410,#3411,#3412,#3413));
#3410 = ORIENTED_EDGE('',*,*,#2332,.F.);
#3411 = ORIENTED_EDGE('',*,*,#3385,.T.);
#3412 = ORIENTED_EDGE('',*,*,#2764,.T.);
#3413 = ORIENTED_EDGE('',*,*,#3414,.F.);
#3414 = EDGE_CURVE('',#2305,#2742,#3415,.T.);
#3415 = SURFACE_CURVE('',#3416,(#3420,#3427),.PCURVE_S1.);
#3416 = LINE('',#3417,#3418);
#3417 = CARTESIAN_POINT('',(-14.7,-2.,1.5));
#3418 = VECTOR('',#3419,1.);
#3419 = DIRECTION('',(-0.,1.,0.));
#3420 = PCURVE('',#2348,#3421);
#3421 = DEFINITIONAL_REPRESENTATION('',(#3422),#3426);
#3422 = LINE('',#3423,#3424);
#3423 = CARTESIAN_POINT('',(3.,0.));
#3424 = VECTOR('',#3425,1.);
#3425 = DIRECTION('',(0.,-1.));
#3426 = ( GEOMETRIC_REPRESENTATION_CONTEXT(2) 
PARAMETRIC_REPRESENTATION_CONTEXT() REPRESENTATION_CONTEXT('2D SPACE',''
  ) );
#3427 = PCURVE('',#2320,#3428);
#3428 = DEFINITIONAL_REPRESENTATION('',(#3429),#3433);
#3429 = LINE('',#3430,#3431);
#3430 = CARTESIAN_POINT('',(0.,-4.));
#3431 = VECTOR('',#3432,1.);
#3432 = DIRECTION('',(0.,1.));
#3433 = ( GEOMETRIC_REPRESENTATION_CONTEXT(2) 
PARAMETRIC_REPRESENTATION_CONTEXT() REPRESENTATION_CONTEXT('2D SPACE',''
  ) );
#3434 = ADVANCED_FACE('',(#3435),#2320,.T.);
#3435 = FACE_BOUND('',#3436,.T.);
#3436 = EDGE_LOOP('',(#3437,#3438,#3439,#3460));
#3437 = ORIENTED_EDGE('',*,*,#3414,.F.);
#3438 = ORIENTED_EDGE('',*,*,#2304,.T.);
#3439 = ORIENTED_EDGE('',*,*,#3440,.F.);
#3440 = EDGE_CURVE('',#2719,#2277,#3441,.T.);
#3441 = SURFACE_CURVE('',#3442,(#3446,#3453),.PCURVE_S1.);
#3442 = LINE('',#3443,#3444);
#3443 = CARTESIAN_POINT('',(-13.87199614114,2.,4.221104483427));
#3444 = VECTOR('',#3445,1.);
#3445 = DIRECTION('',(0.,-1.,0.));
#3446 = PCURVE('',#2320,#3447);
#3447 = DEFINITIONAL_REPRESENTATION('',(#3448),#3452);
#3448 = LINE('',#3449,#3450);
#3449 = CARTESIAN_POINT('',(2.844292530666,0.));
#3450 = VECTOR('',#3451,1.);
#3451 = DIRECTION('',(0.,-1.));
#3452 = ( GEOMETRIC_REPRESENTATION_CONTEXT(2) 
PARAMETRIC_REPRESENTATION_CONTEXT() REPRESENTATION_CONTEXT('2D SPACE',''
  ) );
#3453 = PCURVE('',#2292,#3454);
#3454 = DEFINITIONAL_REPRESENTATION('',(#3455),#3459);
#3455 = LINE('',#3456,#3457);
#3456 = CARTESIAN_POINT('',(0.,0.));
#3457 = VECTOR('',#3458,1.);
#3458 = DIRECTION('',(0.,-1.));
#3459 = ( GEOMETRIC_REPRESENTATION_CONTEXT(2) 
PARAMETRIC_REPRESENTATION_CONTEXT() REPRESENTATION_CONTEXT('2D SPACE',''
  ) );
#3460 = ORIENTED_EDGE('',*,*,#2741,.F.);
#3461 = ADVANCED_FACE('',(#3462),#2292,.T.);
#3462 = FACE_BOUND('',#3463,.T.);
#3463 = EDGE_LOOP('',(#3464,#3465,#3466,#3467));
#3464 = ORIENTED_EDGE('',*,*,#2718,.F.);
#3465 = ORIENTED_EDGE('',*,*,#3440,.T.);
#3466 = ORIENTED_EDGE('',*,*,#2276,.T.);
#3467 = ORIENTED_EDGE('',*,*,#2527,.T.);
#3468 = ADVANCED_FACE('',(#3469),#2490,.F.);
#3469 = FACE_BOUND('',#3470,.F.);
#3470 = EDGE_LOOP('',(#3471,#3472,#3493,#3494));
#3471 = ORIENTED_EDGE('',*,*,#2473,.F.);
#3472 = ORIENTED_EDGE('',*,*,#3473,.F.);
#3473 = EDGE_CURVE('',#2889,#2474,#3474,.T.);
#3474 = SEAM_CURVE('',#3475,(#3479,#3486),.PCURVE_S1.);
#3475 = LINE('',#3476,#3477);
#3476 = CARTESIAN_POINT('',(-10.575,3.,-8.192146646685E-16));
#3477 = VECTOR('',#3478,1.);
#3478 = DIRECTION('',(0.,-1.,2.22044604925E-16));
#3479 = PCURVE('',#2490,#3480);
#3480 = DEFINITIONAL_REPRESENTATION('',(#3481),#3485);
#3481 = LINE('',#3482,#3483);
#3482 = CARTESIAN_POINT('',(6.28318530718,-0.));
#3483 = VECTOR('',#3484,1.);
#3484 = DIRECTION('',(0.,1.));
#3485 = ( GEOMETRIC_REPRESENTATION_CONTEXT(2) 
PARAMETRIC_REPRESENTATION_CONTEXT() REPRESENTATION_CONTEXT('2D SPACE',''
  ) );
#3486 = PCURVE('',#2490,#3487);
#3487 = DEFINITIONAL_REPRESENTATION('',(#3488),#3492);
#3488 = LINE('',#3489,#3490);
#3489 = CARTESIAN_POINT('',(0.,-0.));
#3490 = VECTOR('',#3491,1.);
#3491 = DIRECTION('',(0.,1.));
#3492 = ( GEOMETRIC_REPRESENTATION_CONTEXT(2) 
PARAMETRIC_REPRESENTATION_CONTEXT() REPRESENTATION_CONTEXT('2D SPACE',''
  ) );
#3493 = ORIENTED_EDGE('',*,*,#2888,.T.);
#3494 = ORIENTED_EDGE('',*,*,#3473,.T.);
#3495 = ADVANCED_FACE('',(#3496),#2605,.T.);
#3496 = FACE_BOUND('',#3497,.T.);
#3497 = EDGE_LOOP('',(#3498,#3519,#3520,#3560));
#3498 = ORIENTED_EDGE('',*,*,#3499,.T.);
#3499 = EDGE_CURVE('',#3500,#2554,#3502,.T.);
#3500 = VERTEX_POINT('',#3501);
#3501 = CARTESIAN_POINT('',(-10.64545454545,1.479390281762,
    2.686711746703));
#3502 = SURFACE_CURVE('',#3503,(#3507,#3513),.PCURVE_S1.);
#3503 = ( BOUNDED_CURVE() B_SPLINE_CURVE(2,(#3504,#3505,#3506),
.UNSPECIFIED.,.F.,.F.) B_SPLINE_CURVE_WITH_KNOTS((3,3),(0.,
1.801781494809),.PIECEWISE_BEZIER_KNOTS.) CURVE() 
GEOMETRIC_REPRESENTATION_ITEM() RATIONAL_B_SPLINE_CURVE((1.,
0.738548945876,1.)) REPRESENTATION_ITEM('') );
#3504 = CARTESIAN_POINT('',(-10.64545454545,1.479390281762,
    2.686711746703));
#3505 = CARTESIAN_POINT('',(-10.1,1.522774424948,2.662274992357));
#3506 = CARTESIAN_POINT('',(-10.1,2.,2.393470694556));
#3507 = PCURVE('',#2605,#3508);
#3508 = DEFINITIONAL_REPRESENTATION('',(#3509),#3512);
#3509 = B_SPLINE_CURVE_WITH_KNOTS('',1,(#3510,#3511),.UNSPECIFIED.,.F.,
  .F.,(2,2),(0.,1.801781494809),.PIECEWISE_BEZIER_KNOTS.);
#3510 = CARTESIAN_POINT('',(0.,1.801781494809));
#3511 = CARTESIAN_POINT('',(1.740832124197,1.801781494809));
#3512 = ( GEOMETRIC_REPRESENTATION_CONTEXT(2) 
PARAMETRIC_REPRESENTATION_CONTEXT() REPRESENTATION_CONTEXT('2D SPACE',''
  ) );
#3513 = PCURVE('',#2987,#3514);
#3514 = DEFINITIONAL_REPRESENTATION('',(#3515),#3518);
#3515 = B_SPLINE_CURVE_WITH_KNOTS('',1,(#3516,#3517),.UNSPECIFIED.,.F.,
  .F.,(2,2),(0.,1.801781494809),.PIECEWISE_BEZIER_KNOTS.);
#3516 = CARTESIAN_POINT('',(0.,1.801781494809));
#3517 = CARTESIAN_POINT('',(1.801781494809,1.801781494809));
#3518 = ( GEOMETRIC_REPRESENTATION_CONTEXT(2) 
PARAMETRIC_REPRESENTATION_CONTEXT() REPRESENTATION_CONTEXT('2D SPACE',''
  ) );
#3519 = ORIENTED_EDGE('',*,*,#2575,.T.);
#3520 = ORIENTED_EDGE('',*,*,#3521,.F.);
#3521 = EDGE_CURVE('',#3522,#2576,#3524,.T.);
#3522 = VERTEX_POINT('',#3523);
#3523 = CARTESIAN_POINT('',(-10.64545454545,1.479390281762,
    4.353288253297));
#3524 = SURFACE_CURVE('',#3525,(#3529,#3535),.PCURVE_S1.);
#3525 = ( BOUNDED_CURVE() B_SPLINE_CURVE(2,(#3526,#3527,#3528),
.UNSPECIFIED.,.F.,.F.) B_SPLINE_CURVE_WITH_KNOTS((3,3),(0.,
1.740832124197),.PIECEWISE_BEZIER_KNOTS.) CURVE() 
GEOMETRIC_REPRESENTATION_ITEM() RATIONAL_B_SPLINE_CURVE((1.,
0.738548945876,1.)) REPRESENTATION_ITEM('') );
#3526 = CARTESIAN_POINT('',(-10.64545454545,1.479390281762,
    4.353288253297));
#3527 = CARTESIAN_POINT('',(-10.1,1.522774424948,4.377725007643));
#3528 = CARTESIAN_POINT('',(-10.1,2.,4.646529305444));
#3529 = PCURVE('',#2605,#3530);
#3530 = DEFINITIONAL_REPRESENTATION('',(#3531),#3534);
#3531 = B_SPLINE_CURVE_WITH_KNOTS('',1,(#3532,#3533),.UNSPECIFIED.,.F.,
  .F.,(2,2),(0.,1.740832124197),.PIECEWISE_BEZIER_KNOTS.);
#3532 = CARTESIAN_POINT('',(0.,3.542613619007));
#3533 = CARTESIAN_POINT('',(1.740832124197,3.542613619007));
#3534 = ( GEOMETRIC_REPRESENTATION_CONTEXT(2) 
PARAMETRIC_REPRESENTATION_CONTEXT() REPRESENTATION_CONTEXT('2D SPACE',''
  ) );
#3535 = PCURVE('',#3536,#3555);
#3536 = ( BOUNDED_SURFACE() B_SPLINE_SURFACE(2,5,(
    (#3537,#3538,#3539,#3540,#3541,#3542)
    ,(#3543,#3544,#3545,#3546,#3547,#3548)
    ,(#3549,#3550,#3551,#3552,#3553,#3554
)),.UNSPECIFIED.,.F.,.F.,.F.) B_SPLINE_SURFACE_WITH_KNOTS((3,3),(6,6),(
    0.,1.091496168423),(3.542613619007,4.63410978743),
.PIECEWISE_BEZIER_KNOTS.) GEOMETRIC_REPRESENTATION_ITEM() 
RATIONAL_B_SPLINE_SURFACE((
    (1.,1.,1.,1.,1.,1.)
    ,(0.738548945876,0.738548945876,0.738548945876,0.738548945876
      ,0.738548945876,0.738548945876)
,(1.,1.,1.,1.,1.,1.))) REPRESENTATION_ITEM('') SURFACE() );
#3537 = CARTESIAN_POINT('',(-10.64545454545,1.479390281762,
    4.353288253297));
#3538 = CARTESIAN_POINT('',(-10.64545454545,1.372328232551,
    4.543362401734));
#3539 = CARTESIAN_POINT('',(-10.64545454545,1.234773571546,
    4.716189276933));
#3540 = CARTESIAN_POINT('',(-10.64545454545,1.070413197211,
    4.865262786388));
#3541 = CARTESIAN_POINT('',(-10.64545454545,0.885065506479,
    4.985320452625));
#3542 = CARTESIAN_POINT('',(-10.64545454545,0.685593365991,5.07335979585
    ));
#3543 = CARTESIAN_POINT('',(-10.1,1.522774424948,4.377725007643));
#3544 = CARTESIAN_POINT('',(-10.1,1.412572707098,4.573373211941));
#3545 = CARTESIAN_POINT('',(-10.1,1.270984160524,4.751268354786));
#3546 = CARTESIAN_POINT('',(-10.1,1.101803804537,4.904713548007));
#3547 = CARTESIAN_POINT('',(-10.1,0.911020664584,5.028291988341));
#3548 = CARTESIAN_POINT('',(-10.1,0.705698865618,5.118913146196));
#3549 = CARTESIAN_POINT('',(-10.1,2.,4.646529305444));
#3550 = CARTESIAN_POINT('',(-10.1,1.855261927119,4.903492124222));
#3551 = CARTESIAN_POINT('',(-10.1,1.669300639281,5.137138211167));
#3552 = CARTESIAN_POINT('',(-10.1,1.447100485122,5.338671925823));
#3553 = CARTESIAN_POINT('',(-10.1,1.196527403742,5.500978881219));
#3554 = CARTESIAN_POINT('',(-10.1,0.926859361513,5.62));
#3555 = DEFINITIONAL_REPRESENTATION('',(#3556),#3559);
#3556 = B_SPLINE_CURVE_WITH_KNOTS('',1,(#3557,#3558),.UNSPECIFIED.,.F.,
  .F.,(2,2),(0.,1.740832124197),.PIECEWISE_BEZIER_KNOTS.);
#3557 = CARTESIAN_POINT('',(0.,3.542613619007));
#3558 = CARTESIAN_POINT('',(1.091496168423,3.542613619007));
#3559 = ( GEOMETRIC_REPRESENTATION_CONTEXT(2) 
PARAMETRIC_REPRESENTATION_CONTEXT() REPRESENTATION_CONTEXT('2D SPACE',''
  ) );
#3560 = ORIENTED_EDGE('',*,*,#3561,.F.);
#3561 = EDGE_CURVE('',#3500,#3522,#3562,.T.);
#3562 = SURFACE_CURVE('',#3563,(#3574,#3581),.PCURVE_S1.);
#3563 = ( BOUNDED_CURVE() B_SPLINE_CURVE(9,(#3564,#3565,#3566,#3567,
    #3568,#3569,#3570,#3571,#3572,#3573),.UNSPECIFIED.,.F.,.F.) 
B_SPLINE_CURVE_WITH_KNOTS((10,10),(1.801781494809,3.542613619007),
.PIECEWISE_BEZIER_KNOTS.) CURVE() GEOMETRIC_REPRESENTATION_ITEM() 
RATIONAL_B_SPLINE_CURVE((1.,1.,1.,1.,1.,1.,1.,1.,1.,1.)) 
REPRESENTATION_ITEM('') );
#3564 = CARTESIAN_POINT('',(-10.64545454545,1.479390281762,
    2.686711746703));
#3565 = CARTESIAN_POINT('',(-10.64545454545,1.574489825384,
    2.855548088842));
#3566 = CARTESIAN_POINT('',(-10.62703438525,1.649385669289,
    3.035755474419));
#3567 = CARTESIAN_POINT('',(-10.61100463597,1.70086130569,3.225819672447
    ));
#3568 = CARTESIAN_POINT('',(-10.5994555652,1.724642646805,3.422826119222
    ));
#3569 = CARTESIAN_POINT('',(-10.59952280851,1.724555003996,
    3.618613832448));
#3570 = CARTESIAN_POINT('',(-10.61110885103,1.700559189072,
    3.815416033844));
#3571 = CARTESIAN_POINT('',(-10.62712562453,1.649036312061,
    4.005098534701));
#3572 = CARTESIAN_POINT('',(-10.64545454545,1.574253471462,
    4.184871525491));
#3573 = CARTESIAN_POINT('',(-10.64545454545,1.479390281762,
    4.353288253297));
#3574 = PCURVE('',#2605,#3575);
#3575 = DEFINITIONAL_REPRESENTATION('',(#3576),#3580);
#3576 = LINE('',#3577,#3578);
#3577 = CARTESIAN_POINT('',(0.,0.));
#3578 = VECTOR('',#3579,1.);
#3579 = DIRECTION('',(0.,1.));
#3580 = ( GEOMETRIC_REPRESENTATION_CONTEXT(2) 
PARAMETRIC_REPRESENTATION_CONTEXT() REPRESENTATION_CONTEXT('2D SPACE',''
  ) );
#3581 = PCURVE('',#3153,#3582);
#3582 = DEFINITIONAL_REPRESENTATION('',(#3583),#3593);
#3583 = B_SPLINE_CURVE_WITH_KNOTS('',8,(#3584,#3585,#3586,#3587,#3588,
    #3589,#3590,#3591,#3592),.UNSPECIFIED.,.F.,.F.,(9,9),(1.801781494809
    ,3.542613619007),.PIECEWISE_BEZIER_KNOTS.);
#3584 = CARTESIAN_POINT('',(-1.057826192488,9.103477803742E-02));
#3585 = CARTESIAN_POINT('',(-1.18621752184,9.103477803742E-02));
#3586 = CARTESIAN_POINT('',(-1.314607432764,4.34426263489E-02));
#3587 = CARTESIAN_POINT('',(-1.442950350623,1.12392563519E-02));
#3588 = CARTESIAN_POINT('',(-1.57122688698,-1.087478015765E-02));
#3589 = CARTESIAN_POINT('',(-1.699436474173,1.146497292825E-02));
#3590 = CARTESIAN_POINT('',(-1.827588166319,4.367208759116E-02));
#3591 = CARTESIAN_POINT('',(-1.955694226806,9.103477803742E-02));
#3592 = CARTESIAN_POINT('',(-2.083766461102,9.103477803742E-02));
#3593 = ( GEOMETRIC_REPRESENTATION_CONTEXT(2) 
PARAMETRIC_REPRESENTATION_CONTEXT() REPRESENTATION_CONTEXT('2D SPACE',''
  ) );
#3594 = ADVANCED_FACE('',(#3595),#2659,.T.);
#3595 = FACE_BOUND('',#3596,.T.);
#3596 = EDGE_LOOP('',(#3597,#3598,#3625));
#3597 = ORIENTED_EDGE('',*,*,#3332,.F.);
#3598 = ORIENTED_EDGE('',*,*,#3599,.F.);
#3599 = EDGE_CURVE('',#2576,#3280,#3600,.T.);
#3600 = SURFACE_CURVE('',#3601,(#3608,#3618),.PCURVE_S1.);
#3601 = ( BOUNDED_CURVE() B_SPLINE_CURVE(5,(#3602,#3603,#3604,#3605,
#3606,#3607),.UNSPECIFIED.,.F.,.F.) B_SPLINE_CURVE_WITH_KNOTS((6,6),(
3.542613619007,4.63410978743),.PIECEWISE_BEZIER_KNOTS.) CURVE() 
GEOMETRIC_REPRESENTATION_ITEM() RATIONAL_B_SPLINE_CURVE((1.,1.,1.,1.,1.,
1.)) REPRESENTATION_ITEM('') );
#3602 = CARTESIAN_POINT('',(-10.1,2.,4.646529305444));
#3603 = CARTESIAN_POINT('',(-10.1,1.855261927119,4.903492124222));
#3604 = CARTESIAN_POINT('',(-10.1,1.669300639281,5.137138211167));
#3605 = CARTESIAN_POINT('',(-10.1,1.447100485122,5.338671925823));
#3606 = CARTESIAN_POINT('',(-10.1,1.196527403742,5.500978881219));
#3607 = CARTESIAN_POINT('',(-10.1,0.926859361513,5.62));
#3608 = PCURVE('',#2659,#3609);
#3609 = DEFINITIONAL_REPRESENTATION('',(#3610),#3617);
#3610 = B_SPLINE_CURVE_WITH_KNOTS('',5,(#3611,#3612,#3613,#3614,#3615,
    #3616),.UNSPECIFIED.,.F.,.F.,(6,6),(3.542613619007,4.63410978743),
  .PIECEWISE_BEZIER_KNOTS.);
#3611 = CARTESIAN_POINT('',(6.646529305444,-6.));
#3612 = CARTESIAN_POINT('',(6.903492124222,-5.855261927119));
#3613 = CARTESIAN_POINT('',(7.137138211167,-5.669300639281));
#3614 = CARTESIAN_POINT('',(7.338671925823,-5.447100485122));
#3615 = CARTESIAN_POINT('',(7.500978881219,-5.196527403742));
#3616 = CARTESIAN_POINT('',(7.62,-4.926859361513));
#3617 = ( GEOMETRIC_REPRESENTATION_CONTEXT(2) 
PARAMETRIC_REPRESENTATION_CONTEXT() REPRESENTATION_CONTEXT('2D SPACE',''
  ) );
#3618 = PCURVE('',#3536,#3619);
#3619 = DEFINITIONAL_REPRESENTATION('',(#3620),#3624);
#3620 = LINE('',#3621,#3622);
#3621 = CARTESIAN_POINT('',(1.091496168423,0.));
#3622 = VECTOR('',#3623,1.);
#3623 = DIRECTION('',(0.,1.));
#3624 = ( GEOMETRIC_REPRESENTATION_CONTEXT(2) 
PARAMETRIC_REPRESENTATION_CONTEXT() REPRESENTATION_CONTEXT('2D SPACE',''
  ) );
#3625 = ORIENTED_EDGE('',*,*,#2643,.T.);
#3626 = ADVANCED_FACE('',(#3627),#3038,.T.);
#3627 = FACE_BOUND('',#3628,.T.);
#3628 = EDGE_LOOP('',(#3629,#3630,#3631,#3652));
#3629 = ORIENTED_EDGE('',*,*,#3111,.T.);
#3630 = ORIENTED_EDGE('',*,*,#3016,.T.);
#3631 = ORIENTED_EDGE('',*,*,#3632,.F.);
#3632 = EDGE_CURVE('',#3633,#2964,#3635,.T.);
#3633 = VERTEX_POINT('',#3634);
#3634 = CARTESIAN_POINT('',(-10.64545454545,0.,1.822070402268));
#3635 = SURFACE_CURVE('',#3636,(#3640,#3646),.PCURVE_S1.);
#3636 = ( BOUNDED_CURVE() B_SPLINE_CURVE(2,(#3637,#3638,#3639),
.UNSPECIFIED.,.F.,.F.) B_SPLINE_CURVE_WITH_KNOTS((3,3),(0.,
1.801781494809),.PIECEWISE_BEZIER_KNOTS.) CURVE() 
GEOMETRIC_REPRESENTATION_ITEM() RATIONAL_B_SPLINE_CURVE((1.,
0.738548945876,1.)) REPRESENTATION_ITEM('') );
#3637 = CARTESIAN_POINT('',(-10.64545454545,0.,1.822070402268));
#3638 = CARTESIAN_POINT('',(-10.1,2.22044604925E-16,1.772277442495));
#3639 = CARTESIAN_POINT('',(-10.1,0.,1.22455488499));
#3640 = PCURVE('',#3038,#3641);
#3641 = DEFINITIONAL_REPRESENTATION('',(#3642),#3645);
#3642 = B_SPLINE_CURVE_WITH_KNOTS('',1,(#3643,#3644),.UNSPECIFIED.,.F.,
  .F.,(2,2),(0.,1.801781494809),.PIECEWISE_BEZIER_KNOTS.);
#3643 = CARTESIAN_POINT('',(0.,10.681415022205));
#3644 = CARTESIAN_POINT('',(1.801781494809,10.681415022205));
#3645 = ( GEOMETRIC_REPRESENTATION_CONTEXT(2) 
PARAMETRIC_REPRESENTATION_CONTEXT() REPRESENTATION_CONTEXT('2D SPACE',''
  ) );
#3646 = PCURVE('',#2987,#3647);
#3647 = DEFINITIONAL_REPRESENTATION('',(#3648),#3651);
#3648 = B_SPLINE_CURVE_WITH_KNOTS('',1,(#3649,#3650),.UNSPECIFIED.,.F.,
  .F.,(2,2),(0.,1.801781494809),.PIECEWISE_BEZIER_KNOTS.);
#3649 = CARTESIAN_POINT('',(0.,2.110830576696E-16));
#3650 = CARTESIAN_POINT('',(1.801781494809,2.110830576696E-16));
#3651 = ( GEOMETRIC_REPRESENTATION_CONTEXT(2) 
PARAMETRIC_REPRESENTATION_CONTEXT() REPRESENTATION_CONTEXT('2D SPACE',''
  ) );
#3652 = ORIENTED_EDGE('',*,*,#3653,.F.);
#3653 = EDGE_CURVE('',#3112,#3633,#3654,.T.);
#3654 = SURFACE_CURVE('',#3655,(#3663,#3670),.PCURVE_S1.);
#3655 = ( BOUNDED_CURVE() B_SPLINE_CURVE(6,(#3656,#3657,#3658,#3659,
#3660,#3661,#3662),.UNSPECIFIED.,.F.,.F.) B_SPLINE_CURVE_WITH_KNOTS((7,7
),(8.879633527396,10.681415022205),.PIECEWISE_BEZIER_KNOTS.) CURVE() 
GEOMETRIC_REPRESENTATION_ITEM() RATIONAL_B_SPLINE_CURVE((1.,1.,1.,1.,1.,
1.,1.)) REPRESENTATION_ITEM('') );
#3656 = CARTESIAN_POINT('',(-10.64545454545,-1.479390281762,
    2.686711746703));
#3657 = CARTESIAN_POINT('',(-10.64545454545,-1.331746581246,
    2.424590380126));
#3658 = CARTESIAN_POINT('',(-10.64545454545,-1.128370603985,
    2.193866105989));
#3659 = CARTESIAN_POINT('',(-10.64545454545,-0.877709070021,
    2.009497133108));
#3660 = CARTESIAN_POINT('',(-10.64545454545,-0.593904719912,
    1.88381221545));
#3661 = CARTESIAN_POINT('',(-10.64545454545,-0.29559247342,
    1.822070402268));
#3662 = CARTESIAN_POINT('',(-10.64545454545,0.,1.822070402268));
#3663 = PCURVE('',#3038,#3664);
#3664 = DEFINITIONAL_REPRESENTATION('',(#3665),#3669);
#3665 = LINE('',#3666,#3667);
#3666 = CARTESIAN_POINT('',(0.,0.));
#3667 = VECTOR('',#3668,1.);
#3668 = DIRECTION('',(0.,1.));
#3669 = ( GEOMETRIC_REPRESENTATION_CONTEXT(2) 
PARAMETRIC_REPRESENTATION_CONTEXT() REPRESENTATION_CONTEXT('2D SPACE',''
  ) );
#3670 = PCURVE('',#3153,#3671);
#3671 = DEFINITIONAL_REPRESENTATION('',(#3672),#3681);
#3672 = B_SPLINE_CURVE_WITH_KNOTS('',7,(#3673,#3674,#3675,#3676,#3677,
    #3678,#3679,#3680),.UNSPECIFIED.,.F.,.F.,(8,8),(8.879633527396,
    10.681415022205),.PIECEWISE_BEZIER_KNOTS.);
#3673 = CARTESIAN_POINT('',(-5.225359114692,9.103477803742E-02));
#3674 = CARTESIAN_POINT('',(-5.377229422234,9.103477803742E-02));
#3675 = CARTESIAN_POINT('',(-5.529098420721,9.103477803742E-02));
#3676 = CARTESIAN_POINT('',(-5.680903221904,9.103477803741E-02));
#3677 = CARTESIAN_POINT('',(-5.83246203752,9.103477803742E-02));
#3678 = CARTESIAN_POINT('',(-5.9836021636,9.103477803742E-02));
#3679 = CARTESIAN_POINT('',(-6.133965352739,9.103477803742E-02));
#3680 = CARTESIAN_POINT('',(-6.28318530718,9.103477803742E-02));
#3681 = ( GEOMETRIC_REPRESENTATION_CONTEXT(2) 
PARAMETRIC_REPRESENTATION_CONTEXT() REPRESENTATION_CONTEXT('2D SPACE',''
  ) );
#3682 = ADVANCED_FACE('',(#3683),#2987,.T.);
#3683 = FACE_BOUND('',#3684,.T.);
#3684 = EDGE_LOOP('',(#3685,#3686,#3687,#3688));
#3685 = ORIENTED_EDGE('',*,*,#3632,.T.);
#3686 = ORIENTED_EDGE('',*,*,#2963,.T.);
#3687 = ORIENTED_EDGE('',*,*,#3499,.F.);
#3688 = ORIENTED_EDGE('',*,*,#3689,.F.);
#3689 = EDGE_CURVE('',#3633,#3500,#3690,.T.);
#3690 = SURFACE_CURVE('',#3691,(#3699,#3706),.PCURVE_S1.);
#3691 = ( BOUNDED_CURVE() B_SPLINE_CURVE(6,(#3692,#3693,#3694,#3695,
#3696,#3697,#3698),.UNSPECIFIED.,.F.,.F.) B_SPLINE_CURVE_WITH_KNOTS((7,7
    ),(2.110830576696E-16,1.801781494809),.PIECEWISE_BEZIER_KNOTS.) 
CURVE() GEOMETRIC_REPRESENTATION_ITEM() RATIONAL_B_SPLINE_CURVE((1.,1.,
1.,1.,1.,1.,1.)) REPRESENTATION_ITEM('') );
#3692 = CARTESIAN_POINT('',(-10.64545454545,0.,1.822070402268));
#3693 = CARTESIAN_POINT('',(-10.64545454545,0.29559247342,1.822070402268
    ));
#3694 = CARTESIAN_POINT('',(-10.64545454545,0.593904719912,1.88381221545
    ));
#3695 = CARTESIAN_POINT('',(-10.64545454545,0.877709070021,
    2.009497133108));
#3696 = CARTESIAN_POINT('',(-10.64545454545,1.128370603985,
    2.193866105989));
#3697 = CARTESIAN_POINT('',(-10.64545454545,1.331746581246,
    2.424590380126));
#3698 = CARTESIAN_POINT('',(-10.64545454545,1.479390281762,
    2.686711746703));
#3699 = PCURVE('',#2987,#3700);
#3700 = DEFINITIONAL_REPRESENTATION('',(#3701),#3705);
#3701 = LINE('',#3702,#3703);
#3702 = CARTESIAN_POINT('',(0.,0.));
#3703 = VECTOR('',#3704,1.);
#3704 = DIRECTION('',(0.,1.));
#3705 = ( GEOMETRIC_REPRESENTATION_CONTEXT(2) 
PARAMETRIC_REPRESENTATION_CONTEXT() REPRESENTATION_CONTEXT('2D SPACE',''
  ) );
#3706 = PCURVE('',#3153,#3707);
#3707 = DEFINITIONAL_REPRESENTATION('',(#3708),#3717);
#3708 = B_SPLINE_CURVE_WITH_KNOTS('',7,(#3709,#3710,#3711,#3712,#3713,
    #3714,#3715,#3716),.UNSPECIFIED.,.F.,.F.,(8,8),(2.110830576696E-16,
    1.801781494809),.PIECEWISE_BEZIER_KNOTS.);
#3709 = CARTESIAN_POINT('',(-1.110223024625E-16,9.103477803742E-02));
#3710 = CARTESIAN_POINT('',(-0.149219954441,9.103477803742E-02));
#3711 = CARTESIAN_POINT('',(-0.29958314358,9.103477803742E-02));
#3712 = CARTESIAN_POINT('',(-0.45072326966,9.103477803742E-02));
#3713 = CARTESIAN_POINT('',(-0.602282085275,9.103477803741E-02));
#3714 = CARTESIAN_POINT('',(-0.754086886459,9.103477803742E-02));
#3715 = CARTESIAN_POINT('',(-0.905955884945,9.103477803742E-02));
#3716 = CARTESIAN_POINT('',(-1.057826192488,9.103477803742E-02));
#3717 = ( GEOMETRIC_REPRESENTATION_CONTEXT(2) 
PARAMETRIC_REPRESENTATION_CONTEXT() REPRESENTATION_CONTEXT('2D SPACE',''
  ) );
#3718 = ADVANCED_FACE('',(#3719),#3085,.T.);
#3719 = FACE_BOUND('',#3720,.T.);
#3720 = EDGE_LOOP('',(#3721,#3742,#3743,#3744));
#3721 = ORIENTED_EDGE('',*,*,#3722,.T.);
#3722 = EDGE_CURVE('',#3723,#3201,#3725,.T.);
#3723 = VERTEX_POINT('',#3724);
#3724 = CARTESIAN_POINT('',(-10.64545454545,-0.685593365991,
    5.07335979585));
#3725 = SURFACE_CURVE('',#3726,(#3730,#3736),.PCURVE_S1.);
#3726 = ( BOUNDED_CURVE() B_SPLINE_CURVE(2,(#3727,#3728,#3729),
.UNSPECIFIED.,.F.,.F.) B_SPLINE_CURVE_WITH_KNOTS((3,3),(0.,
1.413195447346),.PIECEWISE_BEZIER_KNOTS.) CURVE() 
GEOMETRIC_REPRESENTATION_ITEM() RATIONAL_B_SPLINE_CURVE((1.,
0.738548945876,1.)) REPRESENTATION_ITEM('') );
#3727 = CARTESIAN_POINT('',(-10.64545454545,-0.685593365991,
    5.07335979585));
#3728 = CARTESIAN_POINT('',(-10.1,-0.705698865618,5.118913146196));
#3729 = CARTESIAN_POINT('',(-10.1,-0.926859361513,5.62));
#3730 = PCURVE('',#3085,#3731);
#3731 = DEFINITIONAL_REPRESENTATION('',(#3732),#3735);
#3732 = B_SPLINE_CURVE_WITH_KNOTS('',1,(#3733,#3734),.UNSPECIFIED.,.F.,
  .F.,(2,2),(0.,1.413195447346),.PIECEWISE_BEZIER_KNOTS.);
#3733 = CARTESIAN_POINT('',(0.,6.047305234776));
#3734 = CARTESIAN_POINT('',(1.091496168423,6.047305234776));
#3735 = ( GEOMETRIC_REPRESENTATION_CONTEXT(2) 
PARAMETRIC_REPRESENTATION_CONTEXT() REPRESENTATION_CONTEXT('2D SPACE',''
  ) );
#3736 = PCURVE('',#3303,#3737);
#3737 = DEFINITIONAL_REPRESENTATION('',(#3738),#3741);
#3738 = B_SPLINE_CURVE_WITH_KNOTS('',1,(#3739,#3740),.UNSPECIFIED.,.F.,
  .F.,(2,2),(0.,1.413195447346),.PIECEWISE_BEZIER_KNOTS.);
#3739 = CARTESIAN_POINT('',(0.,6.047305234776));
#3740 = CARTESIAN_POINT('',(1.413195447346,6.047305234776));
#3741 = ( GEOMETRIC_REPRESENTATION_CONTEXT(2) 
PARAMETRIC_REPRESENTATION_CONTEXT() REPRESENTATION_CONTEXT('2D SPACE',''
  ) );
#3742 = ORIENTED_EDGE('',*,*,#3200,.T.);
#3743 = ORIENTED_EDGE('',*,*,#3070,.F.);
#3744 = ORIENTED_EDGE('',*,*,#3745,.F.);
#3745 = EDGE_CURVE('',#3723,#3071,#3746,.T.);
#3746 = SURFACE_CURVE('',#3747,(#3754,#3761),.PCURVE_S1.);
#3747 = ( BOUNDED_CURVE() B_SPLINE_CURVE(5,(#3748,#3749,#3750,#3751,
#3752,#3753),.UNSPECIFIED.,.F.,.F.) B_SPLINE_CURVE_WITH_KNOTS((6,6),(
6.047305234776,7.138801403198),.PIECEWISE_BEZIER_KNOTS.) CURVE() 
GEOMETRIC_REPRESENTATION_ITEM() RATIONAL_B_SPLINE_CURVE((1.,1.,1.,1.,1.,
1.)) REPRESENTATION_ITEM('') );
#3748 = CARTESIAN_POINT('',(-10.64545454545,-0.685593365991,
    5.07335979585));
#3749 = CARTESIAN_POINT('',(-10.64545454545,-0.885065506479,
    4.985320452625));
#3750 = CARTESIAN_POINT('',(-10.64545454545,-1.070413197211,
    4.865262786388));
#3751 = CARTESIAN_POINT('',(-10.64545454545,-1.234773571546,
    4.716189276933));
#3752 = CARTESIAN_POINT('',(-10.64545454545,-1.372328232551,
    4.543362401734));
#3753 = CARTESIAN_POINT('',(-10.64545454545,-1.479390281762,
    4.353288253297));
#3754 = PCURVE('',#3085,#3755);
#3755 = DEFINITIONAL_REPRESENTATION('',(#3756),#3760);
#3756 = LINE('',#3757,#3758);
#3757 = CARTESIAN_POINT('',(0.,0.));
#3758 = VECTOR('',#3759,1.);
#3759 = DIRECTION('',(0.,1.));
#3760 = ( GEOMETRIC_REPRESENTATION_CONTEXT(2) 
PARAMETRIC_REPRESENTATION_CONTEXT() REPRESENTATION_CONTEXT('2D SPACE',''
  ) );
#3761 = PCURVE('',#3153,#3762);
#3762 = DEFINITIONAL_REPRESENTATION('',(#3763),#3769);
#3763 = B_SPLINE_CURVE_WITH_KNOTS('',4,(#3764,#3765,#3766,#3767,#3768),
  .UNSPECIFIED.,.F.,.F.,(5,5),(6.047305234776,7.138801403198),
  .PIECEWISE_BEZIER_KNOTS.);
#3764 = CARTESIAN_POINT('',(-3.557239706664,9.103477803742E-02));
#3765 = CARTESIAN_POINT('',(-3.717756398467,9.103477803742E-02));
#3766 = CARTESIAN_POINT('',(-3.878277972733,9.103477803742E-02));
#3767 = CARTESIAN_POINT('',(-4.038817084341,9.103477803742E-02));
#3768 = CARTESIAN_POINT('',(-4.199418846077,9.103477803742E-02));
#3769 = ( GEOMETRIC_REPRESENTATION_CONTEXT(2) 
PARAMETRIC_REPRESENTATION_CONTEXT() REPRESENTATION_CONTEXT('2D SPACE',''
  ) );
#3770 = ADVANCED_FACE('',(#3771),#3153,.F.);
#3771 = FACE_BOUND('',#3772,.T.);
#3772 = EDGE_LOOP('',(#3773,#3795,#3796,#3797,#3798,#3830,#3856,#3857,
    #3858,#3859));
#3773 = ORIENTED_EDGE('',*,*,#3774,.F.);
#3774 = EDGE_CURVE('',#3633,#3775,#3777,.T.);
#3775 = VERTEX_POINT('',#3776);
#3776 = CARTESIAN_POINT('',(-11.00001735421,0.,2.020023140354));
#3777 = SEAM_CURVE('',#3778,(#3783,#3789),.PCURVE_S1.);
#3778 = CIRCLE('',#3779,0.5);
#3779 = AXIS2_PLACEMENT_3D('',#3780,#3781,#3782);
#3780 = CARTESIAN_POINT('',(-10.6,0.,2.32));
#3781 = DIRECTION('',(0.,1.,0.));
#3782 = DIRECTION('',(2.22044604925E-16,0.,-1.));
#3783 = PCURVE('',#3153,#3784);
#3784 = DEFINITIONAL_REPRESENTATION('',(#3785),#3788);
#3785 = B_SPLINE_CURVE_WITH_KNOTS('',1,(#3786,#3787),.UNSPECIFIED.,.F.,
  .F.,(2,2),(0.,1.570796326795),.PIECEWISE_BEZIER_KNOTS.);
#3786 = CARTESIAN_POINT('',(0.,0.));
#3787 = CARTESIAN_POINT('',(0.,1.570796326795));
#3788 = ( GEOMETRIC_REPRESENTATION_CONTEXT(2) 
PARAMETRIC_REPRESENTATION_CONTEXT() REPRESENTATION_CONTEXT('2D SPACE',''
  ) );
#3789 = PCURVE('',#3153,#3790);
#3790 = DEFINITIONAL_REPRESENTATION('',(#3791),#3794);
#3791 = B_SPLINE_CURVE_WITH_KNOTS('',1,(#3792,#3793),.UNSPECIFIED.,.F.,
  .F.,(2,2),(0.,1.570796326795),.PIECEWISE_BEZIER_KNOTS.);
#3792 = CARTESIAN_POINT('',(-6.28318530718,0.));
#3793 = CARTESIAN_POINT('',(-6.28318530718,1.570796326795));
#3794 = ( GEOMETRIC_REPRESENTATION_CONTEXT(2) 
PARAMETRIC_REPRESENTATION_CONTEXT() REPRESENTATION_CONTEXT('2D SPACE',''
  ) );
#3795 = ORIENTED_EDGE('',*,*,#3653,.F.);
#3796 = ORIENTED_EDGE('',*,*,#3132,.F.);
#3797 = ORIENTED_EDGE('',*,*,#3745,.F.);
#3798 = ORIENTED_EDGE('',*,*,#3799,.F.);
#3799 = EDGE_CURVE('',#3800,#3723,#3802,.T.);
#3800 = VERTEX_POINT('',#3801);
#3801 = CARTESIAN_POINT('',(-10.64545454545,0.685593365991,5.07335979585
    ));
#3802 = SURFACE_CURVE('',#3803,(#3811,#3823),.PCURVE_S1.);
#3803 = ( BOUNDED_CURVE() B_SPLINE_CURVE(6,(#3804,#3805,#3806,#3807,
#3808,#3809,#3810),.UNSPECIFIED.,.F.,.F.) B_SPLINE_CURVE_WITH_KNOTS((7,7
),(4.63410978743,6.047305234776),.PIECEWISE_BEZIER_KNOTS.) CURVE() 
GEOMETRIC_REPRESENTATION_ITEM() RATIONAL_B_SPLINE_CURVE((1.,1.,1.,1.,1.,
1.,1.)) REPRESENTATION_ITEM('') );
#3804 = CARTESIAN_POINT('',(-10.64545454545,0.685593365991,5.07335979585
    ));
#3805 = CARTESIAN_POINT('',(-10.64545454545,0.470374164309,5.16834928721
    ));
#3806 = CARTESIAN_POINT('',(-10.63855794135,0.239612094413,
    5.228157124597));
#3807 = CARTESIAN_POINT('',(-10.63561653434,-5.527126707848E-15,
    5.248509261201));
#3808 = CARTESIAN_POINT('',(-10.63855794135,-0.239612094413,
    5.228157124597));
#3809 = CARTESIAN_POINT('',(-10.64545454545,-0.470374164309,
    5.16834928721));
#3810 = CARTESIAN_POINT('',(-10.64545454545,-0.685593365991,
    5.07335979585));
#3811 = PCURVE('',#3153,#3812);
#3812 = DEFINITIONAL_REPRESENTATION('',(#3813),#3822);
#3813 = B_SPLINE_CURVE_WITH_KNOTS('',7,(#3814,#3815,#3816,#3817,#3818,
    #3819,#3820,#3821),.UNSPECIFIED.,.F.,.F.,(8,8),(4.63410978743,
    6.047305234776),.PIECEWISE_BEZIER_KNOTS.);
#3814 = CARTESIAN_POINT('',(-2.725945600516,9.103477803742E-02));
#3815 = CARTESIAN_POINT('',(-2.844703406618,9.103477803742E-02));
#3816 = CARTESIAN_POINT('',(-2.963467106076,8.11384327399E-02));
#3817 = CARTESIAN_POINT('',(-3.082193321088,7.382312023686E-02));
#3818 = CARTESIAN_POINT('',(-3.200991986091,7.382312023686E-02));
#3819 = CARTESIAN_POINT('',(-3.319718201103,8.113843273991E-02));
#3820 = CARTESIAN_POINT('',(-3.438481900562,9.103477803742E-02));
#3821 = CARTESIAN_POINT('',(-3.557239706664,9.103477803742E-02));
#3822 = ( GEOMETRIC_REPRESENTATION_CONTEXT(2) 
PARAMETRIC_REPRESENTATION_CONTEXT() REPRESENTATION_CONTEXT('2D SPACE',''
  ) );
#3823 = PCURVE('',#3303,#3824);
#3824 = DEFINITIONAL_REPRESENTATION('',(#3825),#3829);
#3825 = LINE('',#3826,#3827);
#3826 = CARTESIAN_POINT('',(0.,0.));
#3827 = VECTOR('',#3828,1.);
#3828 = DIRECTION('',(0.,1.));
#3829 = ( GEOMETRIC_REPRESENTATION_CONTEXT(2) 
PARAMETRIC_REPRESENTATION_CONTEXT() REPRESENTATION_CONTEXT('2D SPACE',''
  ) );
#3830 = ORIENTED_EDGE('',*,*,#3831,.F.);
#3831 = EDGE_CURVE('',#3522,#3800,#3832,.T.);
#3832 = SURFACE_CURVE('',#3833,(#3840,#3849),.PCURVE_S1.);
#3833 = ( BOUNDED_CURVE() B_SPLINE_CURVE(5,(#3834,#3835,#3836,#3837,
#3838,#3839),.UNSPECIFIED.,.F.,.F.) B_SPLINE_CURVE_WITH_KNOTS((6,6),(
3.542613619007,4.63410978743),.PIECEWISE_BEZIER_KNOTS.) CURVE() 
GEOMETRIC_REPRESENTATION_ITEM() RATIONAL_B_SPLINE_CURVE((1.,1.,1.,1.,1.,
1.)) REPRESENTATION_ITEM('') );
#3834 = CARTESIAN_POINT('',(-10.64545454545,1.479390281762,
    4.353288253297));
#3835 = CARTESIAN_POINT('',(-10.64545454545,1.372328232551,
    4.543362401734));
#3836 = CARTESIAN_POINT('',(-10.64545454545,1.234773571546,
    4.716189276933));
#3837 = CARTESIAN_POINT('',(-10.64545454545,1.070413197211,
    4.865262786388));
#3838 = CARTESIAN_POINT('',(-10.64545454545,0.885065506479,
    4.985320452625));
#3839 = CARTESIAN_POINT('',(-10.64545454545,0.685593365991,5.07335979585
    ));
#3840 = PCURVE('',#3153,#3841);
#3841 = DEFINITIONAL_REPRESENTATION('',(#3842),#3848);
#3842 = B_SPLINE_CURVE_WITH_KNOTS('',4,(#3843,#3844,#3845,#3846,#3847),
  .UNSPECIFIED.,.F.,.F.,(5,5),(3.542613619007,4.63410978743),
  .PIECEWISE_BEZIER_KNOTS.);
#3843 = CARTESIAN_POINT('',(-2.083766461102,9.103477803742E-02));
#3844 = CARTESIAN_POINT('',(-2.244368222838,9.103477803742E-02));
#3845 = CARTESIAN_POINT('',(-2.404907334446,9.103477803742E-02));
#3846 = CARTESIAN_POINT('',(-2.565428908713,9.103477803742E-02));
#3847 = CARTESIAN_POINT('',(-2.725945600516,9.103477803742E-02));
#3848 = ( GEOMETRIC_REPRESENTATION_CONTEXT(2) 
PARAMETRIC_REPRESENTATION_CONTEXT() REPRESENTATION_CONTEXT('2D SPACE',''
  ) );
#3849 = PCURVE('',#3536,#3850);
#3850 = DEFINITIONAL_REPRESENTATION('',(#3851),#3855);
#3851 = LINE('',#3852,#3853);
#3852 = CARTESIAN_POINT('',(0.,0.));
#3853 = VECTOR('',#3854,1.);
#3854 = DIRECTION('',(0.,1.));
#3855 = ( GEOMETRIC_REPRESENTATION_CONTEXT(2) 
PARAMETRIC_REPRESENTATION_CONTEXT() REPRESENTATION_CONTEXT('2D SPACE',''
  ) );
#3856 = ORIENTED_EDGE('',*,*,#3561,.F.);
#3857 = ORIENTED_EDGE('',*,*,#3689,.F.);
#3858 = ORIENTED_EDGE('',*,*,#3774,.T.);
#3859 = ORIENTED_EDGE('',*,*,#3860,.T.);
#3860 = EDGE_CURVE('',#3775,#3775,#3861,.T.);
#3861 = SURFACE_CURVE('',#3862,(#3876,#3898),.PCURVE_S1.);
#3862 = ( BOUNDED_CURVE() B_SPLINE_CURVE(12,(#3863,#3864,#3865,#3866,
    #3867,#3868,#3869,#3870,#3871,#3872,#3873,#3874,#3875),
.UNSPECIFIED.,.T.,.F.) B_SPLINE_CURVE_WITH_KNOTS((13,13),(
4.204870226114E-16,5.654866776462),.PIECEWISE_BEZIER_KNOTS.) CURVE() 
GEOMETRIC_REPRESENTATION_ITEM() RATIONAL_B_SPLINE_CURVE((1.057722102904,
    1.057722102904,1.057722102903,1.057722102904,1.057722102903,
    1.057722102904,1.057722102903,1.057722102904,1.057722102904,
    1.057722102903,1.057722102904,1.057722102904,1.057722102904)) 
REPRESENTATION_ITEM('') );
#3863 = CARTESIAN_POINT('',(-11.00001735421,0.,2.020023140354));
#3864 = CARTESIAN_POINT('',(-11.00001735422,0.774024885406,
    2.020023140354));
#3865 = CARTESIAN_POINT('',(-11.00001735422,1.565792187775,
    2.456432156906));
#3866 = CARTESIAN_POINT('',(-11.00001735421,2.100954016178,
    3.357025866562));
#3867 = CARTESIAN_POINT('',(-11.00001735422,1.981844447932,
    4.567319182495));
#3868 = CARTESIAN_POINT('',(-11.00001735422,1.283664968752,5.43016772819
    ));
#3869 = CARTESIAN_POINT('',(-11.00001735421,-6.845258518004E-12,
    6.044270511253));
#3870 = CARTESIAN_POINT('',(-11.00001735422,-1.283664968741,
    5.430167728185));
#3871 = CARTESIAN_POINT('',(-11.00001735421,-1.981844447939,
    4.567319182501));
#3872 = CARTESIAN_POINT('',(-11.00001735422,-2.100954016176,
    3.357025866559));
#3873 = CARTESIAN_POINT('',(-11.00001735421,-1.565792187776,
    2.456432156906));
#3874 = CARTESIAN_POINT('',(-11.00001735422,-0.774024885406,
    2.020023140354));
#3875 = CARTESIAN_POINT('',(-11.00001735422,0.,2.020023140354));
#3876 = PCURVE('',#3153,#3877);
#3877 = DEFINITIONAL_REPRESENTATION('',(#3878),#3897);
#3878 = B_SPLINE_CURVE_WITH_KNOTS('',9,(#3879,#3880,#3881,#3882,#3883,
    #3884,#3885,#3886,#3887,#3888,#3889,#3890,#3891,#3892,#3893,#3894,
    #3895,#3896),.UNSPECIFIED.,.F.,.F.,(10,8,10),(4.204870226114E-16,
    2.827433388231,5.654866776462),.UNSPECIFIED.);
#3879 = CARTESIAN_POINT('',(-6.661338147751E-16,0.927353067631));
#3880 = CARTESIAN_POINT('',(-0.344016367288,0.927353067631));
#3881 = CARTESIAN_POINT('',(-0.693694325694,0.927353067631));
#3882 = CARTESIAN_POINT('',(-1.046173514713,0.927353067631));
#3883 = CARTESIAN_POINT('',(-1.395147435245,0.927353067631));
#3884 = CARTESIAN_POINT('',(-1.746066489936,0.927353067631));
#3885 = CARTESIAN_POINT('',(-2.093951169017,0.927353067631));
#3886 = CARTESIAN_POINT('',(-2.443597112891,0.927353067631));
#3887 = CARTESIAN_POINT('',(-2.7925457462,0.927353067631));
#3888 = CARTESIAN_POINT('',(-3.490639560979,0.927353067631));
#3889 = CARTESIAN_POINT('',(-3.839588194289,0.927353067632));
#3890 = CARTESIAN_POINT('',(-4.18923413816,0.927353067631));
#3891 = CARTESIAN_POINT('',(-4.537118817248,0.927353067632));
#3892 = CARTESIAN_POINT('',(-4.88803787193,0.92735306763));
#3893 = CARTESIAN_POINT('',(-5.237011792471,0.927353067633));
#3894 = CARTESIAN_POINT('',(-5.589490981484,0.927353067631));
#3895 = CARTESIAN_POINT('',(-5.939168939892,0.927353067631));
#3896 = CARTESIAN_POINT('',(-6.28318530718,0.927353067631));
#3897 = ( GEOMETRIC_REPRESENTATION_CONTEXT(2) 
PARAMETRIC_REPRESENTATION_CONTEXT() REPRESENTATION_CONTEXT('2D SPACE',''
  ) );
#3898 = PCURVE('',#3899,#3991);
#3899 = ( BOUNDED_SURFACE() B_SPLINE_SURFACE(6,12,(
    (#3900,#3901,#3902,#3903,#3904,#3905,#3906,#3907,#3908,#3909,#3910
      ,#3911,#3912)
    ,(#3913,#3914,#3915,#3916,#3917,#3918,#3919,#3920,#3921,#3922,#3923
      ,#3924,#3925)
    ,(#3926,#3927,#3928,#3929,#3930,#3931,#3932,#3933,#3934,#3935,#3936
      ,#3937,#3938)
    ,(#3939,#3940,#3941,#3942,#3943,#3944,#3945,#3946,#3947,#3948,#3949
      ,#3950,#3951)
    ,(#3952,#3953,#3954,#3955,#3956,#3957,#3958,#3959,#3960,#3961,#3962
      ,#3963,#3964)
    ,(#3965,#3966,#3967,#3968,#3969,#3970,#3971,#3972,#3973,#3974,#3975
      ,#3976,#3977)
    ,(#3978,#3979,#3980,#3981,#3982,#3983,#3984,#3985,#3986,#3987,#3988
      ,#3989,#3990
)),.UNSPECIFIED.,.F.,.F.,.F.) B_SPLINE_SURFACE_WITH_KNOTS((7,7),(13,13),
  (0.,5.654866776462),(4.204870226114E-16,5.654866776462),
.PIECEWISE_BEZIER_KNOTS.) GEOMETRIC_REPRESENTATION_ITEM() 
RATIONAL_B_SPLINE_SURFACE((
    (1.057722102904,1.057722102904,1.057722102903,1.057722102904
      ,1.057722102903,1.057722102904,1.057722102903,1.057722102904
      ,1.057722102904,1.057722102903,1.057722102904,1.057722102904
      ,1.057722102904)
    ,(1.017754486012,1.017754486012,1.017754486012,1.017754486012
      ,1.017754486013,1.017754486011,1.017754486014,1.017754486011
      ,1.017754486013,1.017754486012,1.017754486012,1.017754486012
      ,1.017754486012)
    ,(0.996257011016,0.996257011016,0.996257011016,0.996257011015
      ,0.996257011016,0.996257011015,0.996257011017,0.996257011014
      ,0.996257011017,0.996257011015,0.996257011016,0.996257011016
      ,0.996257011016)
    ,(0.989189581579,0.989189581579,0.989189581579,0.989189581578
      ,0.98918958158,0.989189581578,0.98918958158,0.989189581577
      ,0.98918958158,0.989189581578,0.989189581579,0.989189581579
      ,0.989189581579)
    ,(0.996257011016,0.996257011016,0.996257011016,0.996257011016
      ,0.996257011016,0.996257011015,0.996257011017,0.996257011015
      ,0.996257011016,0.996257011015,0.996257011016,0.996257011016
      ,0.996257011016)
    ,(1.017754486012,1.017754486012,1.017754486012,1.017754486012
      ,1.017754486013,1.017754486011,1.017754486014,1.017754486011
      ,1.017754486013,1.017754486012,1.017754486012,1.017754486012
      ,1.017754486012)
    ,(1.057722102904,1.057722102904,1.057722102903,1.057722102904
      ,1.057722102903,1.057722102904,1.057722102903,1.057722102904
      ,1.057722102904,1.057722102903,1.057722102904,1.057722102904
,1.057722102904))) REPRESENTATION_ITEM('') SURFACE() );
#3900 = CARTESIAN_POINT('',(-11.00001735421,0.,2.020023140354));
#3901 = CARTESIAN_POINT('',(-11.00001735422,0.774024885406,
    2.020023140354));
#3902 = CARTESIAN_POINT('',(-11.00001735422,1.565792187775,
    2.456432156906));
#3903 = CARTESIAN_POINT('',(-11.00001735421,2.100954016178,
    3.357025866562));
#3904 = CARTESIAN_POINT('',(-11.00001735422,1.981844447932,
    4.567319182495));
#3905 = CARTESIAN_POINT('',(-11.00001735422,1.283664968752,5.43016772819
    ));
#3906 = CARTESIAN_POINT('',(-11.00001735421,-6.845258518004E-12,
    6.044270511253));
#3907 = CARTESIAN_POINT('',(-11.00001735422,-1.283664968741,
    5.430167728185));
#3908 = CARTESIAN_POINT('',(-11.00001735421,-1.981844447939,
    4.567319182501));
#3909 = CARTESIAN_POINT('',(-11.00001735422,-2.100954016176,
    3.357025866559));
#3910 = CARTESIAN_POINT('',(-11.00001735421,-1.565792187776,
    2.456432156906));
#3911 = CARTESIAN_POINT('',(-11.00001735422,-0.774024885406,
    2.020023140354));
#3912 = CARTESIAN_POINT('',(-11.00001735422,0.,2.020023140354));
#3913 = CARTESIAN_POINT('',(-11.08791265063,-6.934557095217E-16,
    2.137230994196));
#3914 = CARTESIAN_POINT('',(-11.08791265063,0.713542755262,
    2.137230994196));
#3915 = CARTESIAN_POINT('',(-11.08791265063,1.443441539022,
    2.539539108525));
#3916 = CARTESIAN_POINT('',(-11.08791265063,1.936785942735,
    3.369760628628));
#3917 = CARTESIAN_POINT('',(-11.08791265063,1.826983569314,
    4.485481897552));
#3918 = CARTESIAN_POINT('',(-11.08791265063,1.183359677325,
    5.280907652307));
#3919 = CARTESIAN_POINT('',(-11.08791265063,-2.873504168985E-12,
    5.84702458226));
#3920 = CARTESIAN_POINT('',(-11.08791265064,-1.18335967732,
    5.280907652301));
#3921 = CARTESIAN_POINT('',(-11.08791265063,-1.826983569317,
    4.485481897558));
#3922 = CARTESIAN_POINT('',(-11.08791265063,-1.936785942734,
    3.369760628625));
#3923 = CARTESIAN_POINT('',(-11.08791265063,-1.443441539023,
    2.539539108526));
#3924 = CARTESIAN_POINT('',(-11.08791265063,-0.713542755261,
    2.137230994196));
#3925 = CARTESIAN_POINT('',(-11.08791265063,1.079648523361E-15,
    2.137230994196));
#3926 = CARTESIAN_POINT('',(-11.12083151803,-5.833007687972E-17,
    2.286625653043));
#3927 = CARTESIAN_POINT('',(-11.12083151803,0.636451443518,
    2.286625653043));
#3928 = CARTESIAN_POINT('',(-11.12083151803,1.287491806722,
    2.645468312738));
#3929 = CARTESIAN_POINT('',(-11.12083151803,1.727535175644,
    3.385992522412));
#3930 = CARTESIAN_POINT('',(-11.12083151803,1.629595874108,
    4.381171027045));
#3931 = CARTESIAN_POINT('',(-11.12083151803,1.055509244936,
    5.090658813292));
#3932 = CARTESIAN_POINT('',(-11.12083151803,-3.322713415174E-12,
    5.595612349172));
#3933 = CARTESIAN_POINT('',(-11.12083151803,-1.05550924493,
    5.090658813288));
#3934 = CARTESIAN_POINT('',(-11.12083151803,-1.629595874111,
    4.381171027049));
#3935 = CARTESIAN_POINT('',(-11.12083151803,-1.727535175643,
    3.38599252241));
#3936 = CARTESIAN_POINT('',(-11.12083151803,-1.287491806722,
    2.645468312739));
#3937 = CARTESIAN_POINT('',(-11.12083151803,-0.636451443518,
    2.286625653043));
#3938 = CARTESIAN_POINT('',(-11.12083151803,4.123220861962E-16,
    2.286625653043));
#3939 = CARTESIAN_POINT('',(-11.0892509479,6.954072734322E-16,
    2.439748937779));
#3940 = CARTESIAN_POINT('',(-11.0892509479,0.557436069275,2.439748937779
    ));
#3941 = CARTESIAN_POINT('',(-11.0892509479,1.127649845518,2.754041322133
    ));
#3942 = CARTESIAN_POINT('',(-11.0892509479,1.513061880294,3.402629535496
    ));
#3943 = CARTESIAN_POINT('',(-11.0892509479,1.427281731891,4.274256742094
    ));
#3944 = CARTESIAN_POINT('',(-11.0892509479,0.924467892363,4.895661700466
    ));
#3945 = CARTESIAN_POINT('',(-11.0892509479,-3.058126560145E-12,
    5.337925312361));
#3946 = CARTESIAN_POINT('',(-11.0892509479,-0.924467892358,
    4.895661700463));
#3947 = CARTESIAN_POINT('',(-11.0892509479,-1.427281731895,
    4.274256742098));
#3948 = CARTESIAN_POINT('',(-11.0892509479,-1.513061880293,
    3.402629535494));
#3949 = CARTESIAN_POINT('',(-11.0892509479,-1.127649845519,
    2.754041322133));
#3950 = CARTESIAN_POINT('',(-11.0892509479,-0.557436069275,
    2.439748937779));
#3951 = CARTESIAN_POINT('',(-11.0892509479,-6.295962015623E-16,
    2.439748937779));
#3952 = CARTESIAN_POINT('',(-10.99786293299,3.082386776376E-16,
    2.566604380976));
#3953 = CARTESIAN_POINT('',(-10.99786293299,0.491975546167,
    2.566604380976));
#3954 = CARTESIAN_POINT('',(-10.99786293299,0.995228294708,
    2.843988956483));
#3955 = CARTESIAN_POINT('',(-10.99786293299,1.33538083732,3.416412518743
    ));
#3956 = CARTESIAN_POINT('',(-10.99786293299,1.259673975698,
    4.185683282971));
#3957 = CARTESIAN_POINT('',(-10.99786293299,0.815906291908,
    4.734115759152));
#3958 = CARTESIAN_POINT('',(-10.99786293299,-1.340657836482E-12,
    5.124443716033));
#3959 = CARTESIAN_POINT('',(-10.99786293299,-0.815906291905,
    4.73411575915));
#3960 = CARTESIAN_POINT('',(-10.99786293299,-1.259673975699,
    4.185683282973));
#3961 = CARTESIAN_POINT('',(-10.99786293299,-1.33538083732,
    3.416412518742));
#3962 = CARTESIAN_POINT('',(-10.99786293299,-0.995228294708,
    2.843988956484));
#3963 = CARTESIAN_POINT('',(-10.99786293299,-0.491975546167,
    2.566604380976));
#3964 = CARTESIAN_POINT('',(-10.99786293299,-1.181780368009E-16,
    2.566604380976));
#3965 = CARTESIAN_POINT('',(-10.86558135081,2.456802122852E-15,
    2.643441864919));
#3966 = CARTESIAN_POINT('',(-10.86558135081,0.45232551802,2.643441864919
    ));
#3967 = CARTESIAN_POINT('',(-10.86558135081,0.915019369275,2.89847104835
    ));
#3968 = CARTESIAN_POINT('',(-10.86558135081,1.227757830043,
    3.424760995775));
#3969 = CARTESIAN_POINT('',(-10.86558135081,1.158152448904,
    4.132033541409));
#3970 = CARTESIAN_POINT('',(-10.86558135081,0.750149553203,
    4.636265928205));
#3971 = CARTESIAN_POINT('',(-10.86558135081,-1.44815453032E-12,
    4.995135991296));
#3972 = CARTESIAN_POINT('',(-10.86558135081,-0.7501495532,4.636265928204
    ));
#3973 = CARTESIAN_POINT('',(-10.86558135081,-1.158152448906,
    4.132033541411));
#3974 = CARTESIAN_POINT('',(-10.86558135081,-1.227757830042,
    3.424760995774));
#3975 = CARTESIAN_POINT('',(-10.86558135081,-0.915019369275,
    2.89847104835));
#3976 = CARTESIAN_POINT('',(-10.86558135081,-0.45232551802,
    2.643441864919));
#3977 = CARTESIAN_POINT('',(-10.86558135081,-5.800481622797E-16,
    2.643441864919));
#3978 = CARTESIAN_POINT('',(-10.71980495845,0.,2.658019504155));
#3979 = CARTESIAN_POINT('',(-10.71980495845,0.44480309828,2.658019504155
    ));
#3980 = CARTESIAN_POINT('',(-10.71980495845,0.899802098766,
    2.908807413355));
#3981 = CARTESIAN_POINT('',(-10.71980495845,1.207339548585,
    3.426344872291));
#3982 = CARTESIAN_POINT('',(-10.71980495845,1.138891742851,
    4.121855090251));
#3983 = CARTESIAN_POINT('',(-10.71980495845,0.737674157535,
    4.617701817801));
#3984 = CARTESIAN_POINT('',(-10.71980495845,-9.560197685582E-13,
    4.970603676278));
#3985 = CARTESIAN_POINT('',(-10.71980495845,-0.737674157534,4.6177018178
    ));
#3986 = CARTESIAN_POINT('',(-10.71980495845,-1.138891742851,
    4.121855090252));
#3987 = CARTESIAN_POINT('',(-10.71980495845,-1.207339548585,
    3.42634487229));
#3988 = CARTESIAN_POINT('',(-10.71980495845,-0.899802098766,
    2.908807413355));
#3989 = CARTESIAN_POINT('',(-10.71980495845,-0.44480309828,
    2.658019504155));
#3990 = CARTESIAN_POINT('',(-10.71980495845,-2.111243310329E-16,
    2.658019504155));
#3991 = DEFINITIONAL_REPRESENTATION('',(#3992),#3996);
#3992 = LINE('',#3993,#3994);
#3993 = CARTESIAN_POINT('',(0.,0.));
#3994 = VECTOR('',#3995,1.);
#3995 = DIRECTION('',(0.,1.));
#3996 = ( GEOMETRIC_REPRESENTATION_CONTEXT(2) 
PARAMETRIC_REPRESENTATION_CONTEXT() REPRESENTATION_CONTEXT('2D SPACE',''
  ) );
#3997 = ADVANCED_FACE('',(#3998),#3303,.T.);
#3998 = FACE_BOUND('',#3999,.T.);
#3999 = EDGE_LOOP('',(#4000,#4019,#4020,#4021));
#4000 = ORIENTED_EDGE('',*,*,#4001,.T.);
#4001 = EDGE_CURVE('',#3800,#3280,#4002,.T.);
#4002 = SURFACE_CURVE('',#4003,(#4007,#4013),.PCURVE_S1.);
#4003 = ( BOUNDED_CURVE() B_SPLINE_CURVE(2,(#4004,#4005,#4006),
.UNSPECIFIED.,.F.,.F.) B_SPLINE_CURVE_WITH_KNOTS((3,3),(0.,
1.091496168423),.PIECEWISE_BEZIER_KNOTS.) CURVE() 
GEOMETRIC_REPRESENTATION_ITEM() RATIONAL_B_SPLINE_CURVE((1.,
0.738548945876,1.)) REPRESENTATION_ITEM('') );
#4004 = CARTESIAN_POINT('',(-10.64545454545,0.685593365991,5.07335979585
    ));
#4005 = CARTESIAN_POINT('',(-10.1,0.705698865618,5.118913146196));
#4006 = CARTESIAN_POINT('',(-10.1,0.926859361513,5.62));
#4007 = PCURVE('',#3303,#4008);
#4008 = DEFINITIONAL_REPRESENTATION('',(#4009),#4012);
#4009 = B_SPLINE_CURVE_WITH_KNOTS('',1,(#4010,#4011),.UNSPECIFIED.,.F.,
  .F.,(2,2),(0.,1.091496168423),.PIECEWISE_BEZIER_KNOTS.);
#4010 = CARTESIAN_POINT('',(0.,4.63410978743));
#4011 = CARTESIAN_POINT('',(1.413195447346,4.63410978743));
#4012 = ( GEOMETRIC_REPRESENTATION_CONTEXT(2) 
PARAMETRIC_REPRESENTATION_CONTEXT() REPRESENTATION_CONTEXT('2D SPACE',''
  ) );
#4013 = PCURVE('',#3536,#4014);
#4014 = DEFINITIONAL_REPRESENTATION('',(#4015),#4018);
#4015 = B_SPLINE_CURVE_WITH_KNOTS('',1,(#4016,#4017),.UNSPECIFIED.,.F.,
  .F.,(2,2),(0.,1.091496168423),.PIECEWISE_BEZIER_KNOTS.);
#4016 = CARTESIAN_POINT('',(0.,4.63410978743));
#4017 = CARTESIAN_POINT('',(1.091496168423,4.63410978743));
#4018 = ( GEOMETRIC_REPRESENTATION_CONTEXT(2) 
PARAMETRIC_REPRESENTATION_CONTEXT() REPRESENTATION_CONTEXT('2D SPACE',''
  ) );
#4019 = ORIENTED_EDGE('',*,*,#3279,.T.);
#4020 = ORIENTED_EDGE('',*,*,#3722,.F.);
#4021 = ORIENTED_EDGE('',*,*,#3799,.F.);
#4022 = ADVANCED_FACE('',(#4023),#3536,.T.);
#4023 = FACE_BOUND('',#4024,.T.);
#4024 = EDGE_LOOP('',(#4025,#4026,#4027,#4028));
#4025 = ORIENTED_EDGE('',*,*,#3521,.T.);
#4026 = ORIENTED_EDGE('',*,*,#3599,.T.);
#4027 = ORIENTED_EDGE('',*,*,#4001,.F.);
#4028 = ORIENTED_EDGE('',*,*,#3831,.F.);
#4029 = ADVANCED_FACE('',(#4030),#3899,.F.);
#4030 = FACE_BOUND('',#4031,.F.);
#4031 = EDGE_LOOP('',(#4032,#4057,#4148,#4149));
#4032 = ORIENTED_EDGE('',*,*,#4033,.T.);
#4033 = EDGE_CURVE('',#3775,#4034,#4036,.T.);
#4034 = VERTEX_POINT('',#4035);
#4035 = CARTESIAN_POINT('',(-10.71980495845,0.,2.658019504155));
#4036 = SEAM_CURVE('',#4037,(#4045,#4051),.PCURVE_S1.);
#4037 = ( BOUNDED_CURVE() B_SPLINE_CURVE(6,(#4038,#4039,#4040,#4041,
#4042,#4043,#4044),.UNSPECIFIED.,.F.,.F.) B_SPLINE_CURVE_WITH_KNOTS((7,7
),(0.,5.654866776462),.PIECEWISE_BEZIER_KNOTS.) CURVE() 
GEOMETRIC_REPRESENTATION_ITEM() RATIONAL_B_SPLINE_CURVE((1.057722102904,
    1.017754486012,0.996257011016,0.989189581579,0.996257011016,
1.017754486012,1.057722102904)) REPRESENTATION_ITEM('') );
#4038 = CARTESIAN_POINT('',(-11.00001735421,0.,2.020023140354));
#4039 = CARTESIAN_POINT('',(-11.08791265063,-6.934557095217E-16,
    2.137230994196));
#4040 = CARTESIAN_POINT('',(-11.12083151803,-5.833007687972E-17,
    2.286625653043));
#4041 = CARTESIAN_POINT('',(-11.0892509479,6.954072734322E-16,
    2.439748937779));
#4042 = CARTESIAN_POINT('',(-10.99786293299,3.082386776376E-16,
    2.566604380976));
#4043 = CARTESIAN_POINT('',(-10.86558135081,2.456802122852E-15,
    2.643441864919));
#4044 = CARTESIAN_POINT('',(-10.71980495845,0.,2.658019504155));
#4045 = PCURVE('',#3899,#4046);
#4046 = DEFINITIONAL_REPRESENTATION('',(#4047),#4050);
#4047 = B_SPLINE_CURVE_WITH_KNOTS('',1,(#4048,#4049),.UNSPECIFIED.,.F.,
  .F.,(2,2),(0.,5.654866776462),.PIECEWISE_BEZIER_KNOTS.);
#4048 = CARTESIAN_POINT('',(0.,4.204870226114E-16));
#4049 = CARTESIAN_POINT('',(5.654866776462,4.204870226114E-16));
#4050 = ( GEOMETRIC_REPRESENTATION_CONTEXT(2) 
PARAMETRIC_REPRESENTATION_CONTEXT() REPRESENTATION_CONTEXT('2D SPACE',''
  ) );
#4051 = PCURVE('',#3899,#4052);
#4052 = DEFINITIONAL_REPRESENTATION('',(#4053),#4056);
#4053 = B_SPLINE_CURVE_WITH_KNOTS('',1,(#4054,#4055),.UNSPECIFIED.,.F.,
  .F.,(2,2),(0.,5.654866776462),.PIECEWISE_BEZIER_KNOTS.);
#4054 = CARTESIAN_POINT('',(0.,5.654866776462));
#4055 = CARTESIAN_POINT('',(5.654866776462,5.654866776462));
#4056 = ( GEOMETRIC_REPRESENTATION_CONTEXT(2) 
PARAMETRIC_REPRESENTATION_CONTEXT() REPRESENTATION_CONTEXT('2D SPACE',''
  ) );
#4057 = ORIENTED_EDGE('',*,*,#4058,.T.);
#4058 = EDGE_CURVE('',#4034,#4034,#4059,.T.);
#4059 = SURFACE_CURVE('',#4060,(#4074,#4081),.PCURVE_S1.);
#4060 = ( BOUNDED_CURVE() B_SPLINE_CURVE(12,(#4061,#4062,#4063,#4064,
    #4065,#4066,#4067,#4068,#4069,#4070,#4071,#4072,#4073),
.UNSPECIFIED.,.T.,.F.) B_SPLINE_CURVE_WITH_KNOTS((13,13),(
4.204870226114E-16,5.654866776462),.PIECEWISE_BEZIER_KNOTS.) CURVE() 
GEOMETRIC_REPRESENTATION_ITEM() RATIONAL_B_SPLINE_CURVE((1.057722102904,
    1.057722102904,1.057722102903,1.057722102904,1.057722102903,
    1.057722102904,1.057722102903,1.057722102904,1.057722102904,
    1.057722102903,1.057722102904,1.057722102904,1.057722102904)) 
REPRESENTATION_ITEM('') );
#4061 = CARTESIAN_POINT('',(-10.71980495845,0.,2.658019504155));
#4062 = CARTESIAN_POINT('',(-10.71980495845,0.44480309828,2.658019504155
    ));
#4063 = CARTESIAN_POINT('',(-10.71980495845,0.899802098766,
    2.908807413355));
#4064 = CARTESIAN_POINT('',(-10.71980495845,1.207339548585,
    3.426344872291));
#4065 = CARTESIAN_POINT('',(-10.71980495845,1.138891742851,
    4.121855090251));
#4066 = CARTESIAN_POINT('',(-10.71980495845,0.737674157535,
    4.617701817801));
#4067 = CARTESIAN_POINT('',(-10.71980495845,-9.560197685582E-13,
    4.970603676278));
#4068 = CARTESIAN_POINT('',(-10.71980495845,-0.737674157534,4.6177018178
    ));
#4069 = CARTESIAN_POINT('',(-10.71980495845,-1.138891742851,
    4.121855090252));
#4070 = CARTESIAN_POINT('',(-10.71980495845,-1.207339548585,
    3.42634487229));
#4071 = CARTESIAN_POINT('',(-10.71980495845,-0.899802098766,
    2.908807413355));
#4072 = CARTESIAN_POINT('',(-10.71980495845,-0.44480309828,
    2.658019504155));
#4073 = CARTESIAN_POINT('',(-10.71980495845,-2.111243310329E-16,
    2.658019504155));
#4074 = PCURVE('',#3899,#4075);
#4075 = DEFINITIONAL_REPRESENTATION('',(#4076),#4080);
#4076 = LINE('',#4077,#4078);
#4077 = CARTESIAN_POINT('',(5.654866776462,0.));
#4078 = VECTOR('',#4079,1.);
#4079 = DIRECTION('',(0.,1.));
#4080 = ( GEOMETRIC_REPRESENTATION_CONTEXT(2) 
PARAMETRIC_REPRESENTATION_CONTEXT() REPRESENTATION_CONTEXT('2D SPACE',''
  ) );
#4081 = PCURVE('',#4082,#4087);
#4082 = CONICAL_SURFACE('',#4083,0.9,9.966865249116E-02);
#4083 = AXIS2_PLACEMENT_3D('',#4084,#4085,#4086);
#4084 = CARTESIAN_POINT('',(-11.1,0.,3.52));
#4085 = DIRECTION('',(-1.,-0.,-2.22044604925E-16));
#4086 = DIRECTION('',(2.22044604925E-16,0.,-1.));
#4087 = DEFINITIONAL_REPRESENTATION('',(#4088),#4147);
#4088 = B_SPLINE_CURVE_WITH_KNOTS('',8,(#4089,#4090,#4091,#4092,#4093,
    #4094,#4095,#4096,#4097,#4098,#4099,#4100,#4101,#4102,#4103,#4104,
    #4105,#4106,#4107,#4108,#4109,#4110,#4111,#4112,#4113,#4114,#4115,
    #4116,#4117,#4118,#4119,#4120,#4121,#4122,#4123,#4124,#4125,#4126,
    #4127,#4128,#4129,#4130,#4131,#4132,#4133,#4134,#4135,#4136,#4137,
    #4138,#4139,#4140,#4141,#4142,#4143,#4144,#4145,#4146),
  .UNSPECIFIED.,.F.,.F.,(9,7,7,7,7,7,7,7,9),(4.204870226114E-16,
    0.353429173529,0.706858347058,1.413716694115,2.827433388231,
    4.241150082346,4.948008429404,5.301437602933,5.654866776462),
  .UNSPECIFIED.);
#4089 = CARTESIAN_POINT('',(-1.498801083244E-15,-0.380195041548));
#4090 = CARTESIAN_POINT('',(-4.837730164981E-02,-0.380195041548));
#4091 = CARTESIAN_POINT('',(-9.686639187878E-02,-0.380195041548));
#4092 = CARTESIAN_POINT('',(-0.145453237814,-0.380195041548));
#4093 = CARTESIAN_POINT('',(-0.194148981202,-0.380195041548));
#4094 = CARTESIAN_POINT('',(-0.242926192078,-0.380195041548));
#4095 = CARTESIAN_POINT('',(-0.291779965926,-0.380195041548));
#4096 = CARTESIAN_POINT('',(-0.340699838721,-0.380195041548));
#4097 = CARTESIAN_POINT('',(-0.438650895583,-0.380195041548));
#4098 = CARTESIAN_POINT('',(-0.487682190903,-0.380195041548));
#4099 = CARTESIAN_POINT('',(-0.536759799526,-0.380195041548));
#4100 = CARTESIAN_POINT('',(-0.585875301601,-0.380195041548));
#4101 = CARTESIAN_POINT('',(-0.635021311016,-0.380195041548));
#4102 = CARTESIAN_POINT('',(-0.684191475395,-0.380195041548));
#4103 = CARTESIAN_POINT('',(-0.733380476099,-0.380195041548));
#4104 = CARTESIAN_POINT('',(-0.88099113248,-0.380195041548));
#4105 = CARTESIAN_POINT('',(-0.9794557317,-0.380195041548));
#4106 = CARTESIAN_POINT('',(-1.07794259602,-0.380195041548));
#4107 = CARTESIAN_POINT('',(-1.176425978103,-0.380195041548));
#4108 = CARTESIAN_POINT('',(-1.274888419386,-0.380195041548));
#4109 = CARTESIAN_POINT('',(-1.373319556327,-0.380195041548));
#4110 = CARTESIAN_POINT('',(-1.47171492664,-0.380195041548));
#4111 = CARTESIAN_POINT('',(-1.766794473369,-0.380195041548));
#4112 = CARTESIAN_POINT('',(-1.963373542652,-0.380195041548));
#4113 = CARTESIAN_POINT('',(-2.159806414876,-0.380195041548));
#4114 = CARTESIAN_POINT('',(-2.356192129282,-0.380195041548));
#4115 = CARTESIAN_POINT('',(-2.552565288289,-0.380195041548));
#4116 = CARTESIAN_POINT('',(-2.748915201303,-0.380195041548));
#4117 = CARTESIAN_POINT('',(-2.945253768183,-0.380195041548));
#4118 = CARTESIAN_POINT('',(-3.337931538997,-0.380195041548));
#4119 = CARTESIAN_POINT('',(-3.534270105876,-0.380195041548));
#4120 = CARTESIAN_POINT('',(-3.730620018891,-0.380195041548));
#4121 = CARTESIAN_POINT('',(-3.926993177897,-0.380195041548));
#4122 = CARTESIAN_POINT('',(-4.123378892304,-0.380195041548));
#4123 = CARTESIAN_POINT('',(-4.319811764527,-0.380195041548));
#4124 = CARTESIAN_POINT('',(-4.516390833811,-0.380195041548));
#4125 = CARTESIAN_POINT('',(-4.811470380539,-0.380195041548));
#4126 = CARTESIAN_POINT('',(-4.909865750853,-0.380195041548));
#4127 = CARTESIAN_POINT('',(-5.008296887793,-0.380195041548));
#4128 = CARTESIAN_POINT('',(-5.106759329077,-0.380195041548));
#4129 = CARTESIAN_POINT('',(-5.20524271116,-0.380195041548));
#4130 = CARTESIAN_POINT('',(-5.303729575479,-0.380195041548));
#4131 = CARTESIAN_POINT('',(-5.402194174699,-0.380195041548));
#4132 = CARTESIAN_POINT('',(-5.549804831081,-0.380195041548));
#4133 = CARTESIAN_POINT('',(-5.598993831785,-0.380195041548));
#4134 = CARTESIAN_POINT('',(-5.648163996164,-0.380195041548));
#4135 = CARTESIAN_POINT('',(-5.697310005579,-0.380195041548));
#4136 = CARTESIAN_POINT('',(-5.746425507654,-0.380195041548));
#4137 = CARTESIAN_POINT('',(-5.795503116277,-0.380195041548));
#4138 = CARTESIAN_POINT('',(-5.844534411597,-0.380195041548));
#4139 = CARTESIAN_POINT('',(-5.942485468459,-0.380195041548));
#4140 = CARTESIAN_POINT('',(-5.991405341254,-0.380195041548));
#4141 = CARTESIAN_POINT('',(-6.040259115102,-0.380195041548));
#4142 = CARTESIAN_POINT('',(-6.089036325978,-0.380195041548));
#4143 = CARTESIAN_POINT('',(-6.137732069366,-0.380195041548));
#4144 = CARTESIAN_POINT('',(-6.186318915301,-0.380195041548));
#4145 = CARTESIAN_POINT('',(-6.23480800553,-0.380195041548));
#4146 = CARTESIAN_POINT('',(-6.28318530718,-0.380195041548));
#4147 = ( GEOMETRIC_REPRESENTATION_CONTEXT(2) 
PARAMETRIC_REPRESENTATION_CONTEXT() REPRESENTATION_CONTEXT('2D SPACE',''
  ) );
#4148 = ORIENTED_EDGE('',*,*,#4033,.F.);
#4149 = ORIENTED_EDGE('',*,*,#3860,.F.);
#4150 = ADVANCED_FACE('',(#4151),#4082,.T.);
#4151 = FACE_BOUND('',#4152,.T.);
#4152 = EDGE_LOOP('',(#4153,#4176,#4203,#4204));
#4153 = ORIENTED_EDGE('',*,*,#4154,.T.);
#4154 = EDGE_CURVE('',#4034,#4155,#4157,.T.);
#4155 = VERTEX_POINT('',#4156);
#4156 = CARTESIAN_POINT('',(-9.6,-1.836970198721E-16,2.77));
#4157 = SEAM_CURVE('',#4158,(#4162,#4169),.PCURVE_S1.);
#4158 = LINE('',#4159,#4160);
#4159 = CARTESIAN_POINT('',(-11.1,-2.204364238465E-16,2.62));
#4160 = VECTOR('',#4161,1.);
#4161 = DIRECTION('',(0.99503719021,2.437138220046E-17,9.9503719021E-02)
  );
#4162 = PCURVE('',#4082,#4163);
#4163 = DEFINITIONAL_REPRESENTATION('',(#4164),#4168);
#4164 = LINE('',#4165,#4166);
#4165 = CARTESIAN_POINT('',(-6.28318530718,0.));
#4166 = VECTOR('',#4167,1.);
#4167 = DIRECTION('',(-0.,-1.));
#4168 = ( GEOMETRIC_REPRESENTATION_CONTEXT(2) 
PARAMETRIC_REPRESENTATION_CONTEXT() REPRESENTATION_CONTEXT('2D SPACE',''
  ) );
#4169 = PCURVE('',#4082,#4170);
#4170 = DEFINITIONAL_REPRESENTATION('',(#4171),#4175);
#4171 = LINE('',#4172,#4173);
#4172 = CARTESIAN_POINT('',(0.,-0.));
#4173 = VECTOR('',#4174,1.);
#4174 = DIRECTION('',(-0.,-1.));
#4175 = ( GEOMETRIC_REPRESENTATION_CONTEXT(2) 
PARAMETRIC_REPRESENTATION_CONTEXT() REPRESENTATION_CONTEXT('2D SPACE',''
  ) );
#4176 = ORIENTED_EDGE('',*,*,#4177,.F.);
#4177 = EDGE_CURVE('',#4155,#4155,#4178,.T.);
#4178 = SURFACE_CURVE('',#4179,(#4184,#4191),.PCURVE_S1.);
#4179 = CIRCLE('',#4180,0.75);
#4180 = AXIS2_PLACEMENT_3D('',#4181,#4182,#4183);
#4181 = CARTESIAN_POINT('',(-9.6,0.,3.52));
#4182 = DIRECTION('',(1.,-0.,2.22044604925E-16));
#4183 = DIRECTION('',(2.22044604925E-16,0.,-1.));
#4184 = PCURVE('',#4082,#4185);
#4185 = DEFINITIONAL_REPRESENTATION('',(#4186),#4190);
#4186 = LINE('',#4187,#4188);
#4187 = CARTESIAN_POINT('',(-0.,-1.5));
#4188 = VECTOR('',#4189,1.);
#4189 = DIRECTION('',(-1.,-0.));
#4190 = ( GEOMETRIC_REPRESENTATION_CONTEXT(2) 
PARAMETRIC_REPRESENTATION_CONTEXT() REPRESENTATION_CONTEXT('2D SPACE',''
  ) );
#4191 = PCURVE('',#4192,#4197);
#4192 = PLANE('',#4193);
#4193 = AXIS2_PLACEMENT_3D('',#4194,#4195,#4196);
#4194 = CARTESIAN_POINT('',(-9.6,0.,3.52));
#4195 = DIRECTION('',(1.,0.,2.22044604925E-16));
#4196 = DIRECTION('',(2.22044604925E-16,0.,-1.));
#4197 = DEFINITIONAL_REPRESENTATION('',(#4198),#4202);
#4198 = CIRCLE('',#4199,0.75);
#4199 = AXIS2_PLACEMENT_2D('',#4200,#4201);
#4200 = CARTESIAN_POINT('',(0.,0.));
#4201 = DIRECTION('',(1.,0.));
#4202 = ( GEOMETRIC_REPRESENTATION_CONTEXT(2) 
PARAMETRIC_REPRESENTATION_CONTEXT() REPRESENTATION_CONTEXT('2D SPACE',''
  ) );
#4203 = ORIENTED_EDGE('',*,*,#4154,.F.);
#4204 = ORIENTED_EDGE('',*,*,#4058,.T.);
#4205 = ADVANCED_FACE('',(#4206),#4192,.T.);
#4206 = FACE_BOUND('',#4207,.T.);
#4207 = EDGE_LOOP('',(#4208));
#4208 = ORIENTED_EDGE('',*,*,#4177,.T.);
#4209 = ( GEOMETRIC_REPRESENTATION_CONTEXT(3) 
GLOBAL_UNCERTAINTY_ASSIGNED_CONTEXT((#4213)) 
GLOBAL_UNIT_ASSIGNED_CONTEXT((#4210,#4211,#4212)) REPRESENTATION_CONTEXT
('Context #1','3D Context with UNIT and UNCERTAINTY') );
#4210 = ( LENGTH_UNIT() NAMED_UNIT(*) SI_UNIT(.MILLI.,.METRE.) );
#4211 = ( NAMED_UNIT(*) PLANE_ANGLE_UNIT() SI_UNIT($,.RADIAN.) );
#4212 = ( NAMED_UNIT(*) SI_UNIT($,.STERADIAN.) SOLID_ANGLE_UNIT() );
#4213 = UNCERTAINTY_MEASURE_WITH_UNIT(LENGTH_MEASURE(1.E-05),#4210,
  'distance_accuracy_value','confusion accuracy');
#4214 = CONTEXT_DEPENDENT_SHAPE_REPRESENTATION(#4215,#4217);
#4215 = ( REPRESENTATION_RELATIONSHIP('','',#32,#10) 
REPRESENTATION_RELATIONSHIP_WITH_TRANSFORMATION(#4216) 
SHAPE_REPRESENTATION_RELATIONSHIP() );
#4216 = ITEM_DEFINED_TRANSFORMATION('','',#11,#15);
#4217 = PRODUCT_DEFINITION_SHAPE('Placement','Placement of an item',
  #4218);
#4218 = NEXT_ASSEMBLY_USAGE_OCCURRENCE('4','lever_print','',#5,#27,$);
#4219 = PRODUCT_RELATED_PRODUCT_CATEGORY('part',$,(#29));
ENDSEC;
END-ISO-10303-21;
