ISO-10303-21;
HEADER;
FILE_DESCRIPTION(('Open CASCADE Model'),'2;1');
FILE_NAME('assembly_open','2026-09-06T19:50:03',('Author'),(
    'Open CASCADE'),'Open CASCADE STEP processor 7.9','build123d',
  'Unknown');
FILE_SCHEMA(('AUTOMOTIVE_DESIGN { 1 0 10303 214 1 1 1 1 }'));
ENDSEC;
DATA;
#1 = APPLICATION_PROTOCOL_DEFINITION('international standard',
  'automotive_design',2000,#2);
#2 = APPLICATION_CONTEXT(
  'core data for automotive mechanical design processes');
#3 = SHAPE_DEFINITION_REPRESENTATION(#4,#10);
#4 = PRODUCT_DEFINITION_SHAPE('','',#5);
#5 = PRODUCT_DEFINITION('design','',#6,#9);
#6 = PRODUCT_DEFINITION_FORMATION('','',#7);
#7 = PRODUCT('assembly_open','assembly_open','',(#8));
#8 = PRODUCT_CONTEXT('',#2,'mechanical');
#9 = PRODUCT_DEFINITION_CONTEXT('part definition',#2,'design');
#10 = SHAPE_REPRESENTATION('',(#11,#15,#19,#23,#27,#31,#35,#39,#43,#47,
    #51,#55,#59,#63,#67,#71,#75),#79);
#11 = AXIS2_PLACEMENT_3D('',#12,#13,#14);
#12 = CARTESIAN_POINT('',(0.,0.,0.));
#13 = DIRECTION('',(0.,0.,1.));
#14 = DIRECTION('',(1.,0.,-0.));
#15 = AXIS2_PLACEMENT_3D('',#16,#17,#18);
#16 = CARTESIAN_POINT('',(0.,0.,0.));
#17 = DIRECTION('',(0.,0.,1.));
#18 = DIRECTION('',(1.,0.,-0.));
#19 = AXIS2_PLACEMENT_3D('',#20,#21,#22);
#20 = CARTESIAN_POINT('',(0.,0.,0.));
#21 = DIRECTION('',(0.,0.,1.));
#22 = DIRECTION('',(1.,0.,-0.));
#23 = AXIS2_PLACEMENT_3D('',#24,#25,#26);
#24 = CARTESIAN_POINT('',(0.,0.,0.));
#25 = DIRECTION('',(0.,0.,1.));
#26 = DIRECTION('',(1.,0.,-0.));
#27 = AXIS2_PLACEMENT_3D('',#28,#29,#30);
#28 = CARTESIAN_POINT('',(0.,0.,0.));
#29 = DIRECTION('',(0.,0.,1.));
#30 = DIRECTION('',(1.,0.,-0.));
#31 = AXIS2_PLACEMENT_3D('',#32,#33,#34);
#32 = CARTESIAN_POINT('',(3.189196300426,85.,4.787985813476));
#33 = DIRECTION('',(-0.380952380952,0.,0.924594658998));
#34 = DIRECTION('',(0.924594658998,0.,0.380952380952));
#35 = AXIS2_PLACEMENT_3D('',#36,#37,#38);
#36 = CARTESIAN_POINT('',(3.189196300426,68.,4.787985813476));
#37 = DIRECTION('',(-0.380952380952,0.,0.924594658998));
#38 = DIRECTION('',(0.924594658998,0.,0.380952380952));
#39 = AXIS2_PLACEMENT_3D('',#40,#41,#42);
#40 = CARTESIAN_POINT('',(3.189196300426,43.,4.787985813476));
#41 = DIRECTION('',(-0.380952380952,0.,0.924594658998));
#42 = DIRECTION('',(0.924594658998,0.,0.380952380952));
#43 = AXIS2_PLACEMENT_3D('',#44,#45,#46);
#44 = CARTESIAN_POINT('',(0.503482014712,85.,11.306378159408));
#45 = DIRECTION('',(-0.380952380952,0.,0.924594658998));
#46 = DIRECTION('',(0.924594658998,0.,0.380952380952));
#47 = AXIS2_PLACEMENT_3D('',#48,#49,#50);
#48 = CARTESIAN_POINT('',(0.503482014712,68.,11.306378159408));
#49 = DIRECTION('',(-0.380952380952,0.,0.924594658998));
#50 = DIRECTION('',(0.924594658998,0.,0.380952380952));
#51 = AXIS2_PLACEMENT_3D('',#52,#53,#54);
#52 = CARTESIAN_POINT('',(0.503482014712,43.,11.306378159408));
#53 = DIRECTION('',(-0.380952380952,0.,0.924594658998));
#54 = DIRECTION('',(0.924594658998,0.,0.380952380952));
#55 = AXIS2_PLACEMENT_3D('',#56,#57,#58);
#56 = CARTESIAN_POINT('',(-7.,85.,5.78023436887));
#57 = DIRECTION('',(2.303879574686E-02,-0.,0.999734571719));
#58 = DIRECTION('',(0.999734571719,0.,-2.303879574686E-02));
#59 = AXIS2_PLACEMENT_3D('',#60,#61,#62);
#60 = CARTESIAN_POINT('',(-7.,68.,5.78023436887));
#61 = DIRECTION('',(2.303879574686E-02,-0.,0.999734571719));
#62 = DIRECTION('',(0.999734571719,0.,-2.303879574686E-02));
#63 = AXIS2_PLACEMENT_3D('',#64,#65,#66);
#64 = CARTESIAN_POINT('',(-7.,43.,5.78023436887));
#65 = DIRECTION('',(2.303879574686E-02,-0.,0.999734571719));
#66 = DIRECTION('',(0.999734571719,0.,-2.303879574686E-02));
#67 = AXIS2_PLACEMENT_3D('',#68,#69,#70);
#68 = CARTESIAN_POINT('',(-10.5,85.,10.45));
#69 = DIRECTION('',(0.,-1.,2.22044604925E-16));
#70 = DIRECTION('',(1.,0.,0.));
#71 = AXIS2_PLACEMENT_3D('',#72,#73,#74);
#72 = CARTESIAN_POINT('',(-10.5,68.,10.45));
#73 = DIRECTION('',(0.,-1.,2.22044604925E-16));
#74 = DIRECTION('',(1.,0.,0.));
#75 = AXIS2_PLACEMENT_3D('',#76,#77,#78);
#76 = CARTESIAN_POINT('',(-10.5,43.,10.45));
#77 = DIRECTION('',(0.,-1.,2.22044604925E-16));
#78 = DIRECTION('',(1.,0.,0.));
#79 = ( GEOMETRIC_REPRESENTATION_CONTEXT(3) 
GLOBAL_UNCERTAINTY_ASSIGNED_CONTEXT((#83)) GLOBAL_UNIT_ASSIGNED_CONTEXT(
(#80,#81,#82)) REPRESENTATION_CONTEXT('Context #1',
  '3D Context with UNIT and UNCERTAINTY') );
#80 = ( LENGTH_UNIT() NAMED_UNIT(*) SI_UNIT(.MILLI.,.METRE.) );
#81 = ( NAMED_UNIT(*) PLANE_ANGLE_UNIT() SI_UNIT($,.RADIAN.) );
#82 = ( NAMED_UNIT(*) SI_UNIT($,.STERADIAN.) SOLID_ANGLE_UNIT() );
#83 = UNCERTAINTY_MEASURE_WITH_UNIT(LENGTH_MEASURE(1.E-07),#80,
  'distance_accuracy_value','confusion accuracy');
#84 = PRODUCT_RELATED_PRODUCT_CATEGORY('part',$,(#7));
#85 = SHAPE_DEFINITION_REPRESENTATION(#86,#92);
#86 = PRODUCT_DEFINITION_SHAPE('','',#87);
#87 = PRODUCT_DEFINITION('design','',#88,#91);
#88 = PRODUCT_DEFINITION_FORMATION('','',#89);
#89 = PRODUCT('SOLID','SOLID','',(#90));
#90 = PRODUCT_CONTEXT('',#2,'mechanical');
#91 = PRODUCT_DEFINITION_CONTEXT('part definition',#2,'design');
#92 = ADVANCED_BREP_SHAPE_REPRESENTATION('',(#11,#93),#8989);
#93 = MANIFOLD_SOLID_BREP('',#94);
#94 = CLOSED_SHELL('',(#95,#413,#489,#569,#616,#664,#2279,#2650,#2699,
    #2748,#3017,#3066,#3119,#3149,#3176,#3392,#3440,#3579,#3943,#4048,
    #4125,#4179,#4228,#4306,#4411,#4488,#4542,#4591,#4669,#4774,#4851,
    #4905,#4954,#5032,#5081,#5130,#5157,#5206,#5255,#5282,#5331,#5380,
    #5407,#5434,#5550,#5598,#5647,#5709,#5825,#5873,#5922,#5984,#6100,
    #6148,#6197,#6259,#6286,#6402,#6450,#6499,#6561,#6677,#6725,#6774,
    #6836,#6952,#7000,#7049,#7111,#7118,#7167,#7194,#7201,#7208,#7215,
    #7241,#7248,#7275,#7333,#7360,#7393,#7470,#7519,#7546,#7623,#7672,
    #7699,#7776,#7825,#7852,#7925,#7952,#7979,#8061,#8088,#8161,#8188,
    #8215,#8297,#8324,#8397,#8424,#8451,#8533,#8560,#8567,#8594,#8601,
    #8628,#8635,#8662,#8669,#8696,#8703,#8730,#8737,#8764,#8791,#8798,
    #8805,#8812,#8867,#8922,#8977,#8981,#8985));
#95 = ADVANCED_FACE('',(#96),#110,.T.);
#96 = FACE_BOUND('',#97,.T.);
#97 = EDGE_LOOP('',(#98,#133,#161,#189,#218,#246,#274,#302,#330,#358,
    #387));
#98 = ORIENTED_EDGE('',*,*,#99,.T.);
#99 = EDGE_CURVE('',#100,#102,#104,.T.);
#100 = VERTEX_POINT('',#101);
#101 = CARTESIAN_POINT('',(14.35,27.,0.4));
#102 = VERTEX_POINT('',#103);
#103 = CARTESIAN_POINT('',(14.35,27.,3.9));
#104 = SURFACE_CURVE('',#105,(#109,#121),.PCURVE_S1.);
#105 = LINE('',#106,#107);
#106 = CARTESIAN_POINT('',(14.35,27.,0.4));
#107 = VECTOR('',#108,1.);
#108 = DIRECTION('',(0.,0.,1.));
#109 = PCURVE('',#110,#115);
#110 = PLANE('',#111);
#111 = AXIS2_PLACEMENT_3D('',#112,#113,#114);
#112 = CARTESIAN_POINT('',(0.,27.,6.661338147751E-16));
#113 = DIRECTION('',(0.,-1.,2.22044604925E-16));
#114 = DIRECTION('',(1.,0.,0.));
#115 = DEFINITIONAL_REPRESENTATION('',(#116),#120);
#116 = LINE('',#117,#118);
#117 = CARTESIAN_POINT('',(14.35,0.4));
#118 = VECTOR('',#119,1.);
#119 = DIRECTION('',(0.,1.));
#120 = ( GEOMETRIC_REPRESENTATION_CONTEXT(2) 
PARAMETRIC_REPRESENTATION_CONTEXT() REPRESENTATION_CONTEXT('2D SPACE',''
  ) );
#121 = PCURVE('',#122,#127);
#122 = PLANE('',#123);
#123 = AXIS2_PLACEMENT_3D('',#124,#125,#126);
#124 = CARTESIAN_POINT('',(14.35,27.,0.4));
#125 = DIRECTION('',(1.,0.,-0.));
#126 = DIRECTION('',(0.,0.,1.));
#127 = DEFINITIONAL_REPRESENTATION('',(#128),#132);
#128 = LINE('',#129,#130);
#129 = CARTESIAN_POINT('',(0.,0.));
#130 = VECTOR('',#131,1.);
#131 = DIRECTION('',(1.,0.));
#132 = ( GEOMETRIC_REPRESENTATION_CONTEXT(2) 
PARAMETRIC_REPRESENTATION_CONTEXT() REPRESENTATION_CONTEXT('2D SPACE',''
  ) );
#133 = ORIENTED_EDGE('',*,*,#134,.F.);
#134 = EDGE_CURVE('',#135,#102,#137,.T.);
#135 = VERTEX_POINT('',#136);
#136 = CARTESIAN_POINT('',(9.35,27.,3.9));
#137 = SURFACE_CURVE('',#138,(#142,#149),.PCURVE_S1.);
#138 = LINE('',#139,#140);
#139 = CARTESIAN_POINT('',(9.35,27.,3.9));
#140 = VECTOR('',#141,1.);
#141 = DIRECTION('',(1.,0.,-0.));
#142 = PCURVE('',#110,#143);
#143 = DEFINITIONAL_REPRESENTATION('',(#144),#148);
#144 = LINE('',#145,#146);
#145 = CARTESIAN_POINT('',(9.35,3.9));
#146 = VECTOR('',#147,1.);
#147 = DIRECTION('',(1.,0.));
#148 = ( GEOMETRIC_REPRESENTATION_CONTEXT(2) 
PARAMETRIC_REPRESENTATION_CONTEXT() REPRESENTATION_CONTEXT('2D SPACE',''
  ) );
#149 = PCURVE('',#150,#155);
#150 = PLANE('',#151);
#151 = AXIS2_PLACEMENT_3D('',#152,#153,#154);
#152 = CARTESIAN_POINT('',(9.35,27.,3.9));
#153 = DIRECTION('',(0.,0.,1.));
#154 = DIRECTION('',(1.,0.,-0.));
#155 = DEFINITIONAL_REPRESENTATION('',(#156),#160);
#156 = LINE('',#157,#158);
#157 = CARTESIAN_POINT('',(0.,0.));
#158 = VECTOR('',#159,1.);
#159 = DIRECTION('',(1.,0.));
#160 = ( GEOMETRIC_REPRESENTATION_CONTEXT(2) 
PARAMETRIC_REPRESENTATION_CONTEXT() REPRESENTATION_CONTEXT('2D SPACE',''
  ) );
#161 = ORIENTED_EDGE('',*,*,#162,.F.);
#162 = EDGE_CURVE('',#163,#135,#165,.T.);
#163 = VERTEX_POINT('',#164);
#164 = CARTESIAN_POINT('',(9.35,27.,3.098386676966));
#165 = SURFACE_CURVE('',#166,(#170,#177),.PCURVE_S1.);
#166 = LINE('',#167,#168);
#167 = CARTESIAN_POINT('',(9.35,27.,0.4));
#168 = VECTOR('',#169,1.);
#169 = DIRECTION('',(0.,0.,1.));
#170 = PCURVE('',#110,#171);
#171 = DEFINITIONAL_REPRESENTATION('',(#172),#176);
#172 = LINE('',#173,#174);
#173 = CARTESIAN_POINT('',(9.35,0.4));
#174 = VECTOR('',#175,1.);
#175 = DIRECTION('',(0.,1.));
#176 = ( GEOMETRIC_REPRESENTATION_CONTEXT(2) 
PARAMETRIC_REPRESENTATION_CONTEXT() REPRESENTATION_CONTEXT('2D SPACE',''
  ) );
#177 = PCURVE('',#178,#183);
#178 = PLANE('',#179);
#179 = AXIS2_PLACEMENT_3D('',#180,#181,#182);
#180 = CARTESIAN_POINT('',(9.35,27.,0.4));
#181 = DIRECTION('',(1.,0.,-0.));
#182 = DIRECTION('',(0.,0.,1.));
#183 = DEFINITIONAL_REPRESENTATION('',(#184),#188);
#184 = LINE('',#185,#186);
#185 = CARTESIAN_POINT('',(0.,0.));
#186 = VECTOR('',#187,1.);
#187 = DIRECTION('',(1.,0.));
#188 = ( GEOMETRIC_REPRESENTATION_CONTEXT(2) 
PARAMETRIC_REPRESENTATION_CONTEXT() REPRESENTATION_CONTEXT('2D SPACE',''
  ) );
#189 = ORIENTED_EDGE('',*,*,#190,.T.);
#190 = EDGE_CURVE('',#163,#191,#193,.T.);
#191 = VERTEX_POINT('',#192);
#192 = CARTESIAN_POINT('',(-8.486607095889,27.,5.));
#193 = SURFACE_CURVE('',#194,(#199,#206),.PCURVE_S1.);
#194 = CIRCLE('',#195,9.85);
#195 = AXIS2_PLACEMENT_3D('',#196,#197,#198);
#196 = CARTESIAN_POINT('',(0.,27.,6.661338147751E-16));
#197 = DIRECTION('',(0.,-1.,2.22044604925E-16));
#198 = DIRECTION('',(1.,0.,0.));
#199 = PCURVE('',#110,#200);
#200 = DEFINITIONAL_REPRESENTATION('',(#201),#205);
#201 = CIRCLE('',#202,9.85);
#202 = AXIS2_PLACEMENT_2D('',#203,#204);
#203 = CARTESIAN_POINT('',(0.,0.));
#204 = DIRECTION('',(1.,0.));
#205 = ( GEOMETRIC_REPRESENTATION_CONTEXT(2) 
PARAMETRIC_REPRESENTATION_CONTEXT() REPRESENTATION_CONTEXT('2D SPACE',''
  ) );
#206 = PCURVE('',#207,#212);
#207 = CYLINDRICAL_SURFACE('',#208,9.85);
#208 = AXIS2_PLACEMENT_3D('',#209,#210,#211);
#209 = CARTESIAN_POINT('',(0.,33.,-6.661338147751E-16));
#210 = DIRECTION('',(0.,-1.,2.22044604925E-16));
#211 = DIRECTION('',(1.,0.,0.));
#212 = DEFINITIONAL_REPRESENTATION('',(#213),#217);
#213 = LINE('',#214,#215);
#214 = CARTESIAN_POINT('',(0.,6.));
#215 = VECTOR('',#216,1.);
#216 = DIRECTION('',(1.,0.));
#217 = ( GEOMETRIC_REPRESENTATION_CONTEXT(2) 
PARAMETRIC_REPRESENTATION_CONTEXT() REPRESENTATION_CONTEXT('2D SPACE',''
  ) );
#218 = ORIENTED_EDGE('',*,*,#219,.F.);
#219 = EDGE_CURVE('',#220,#191,#222,.T.);
#220 = VERTEX_POINT('',#221);
#221 = CARTESIAN_POINT('',(-14.,27.,5.));
#222 = SURFACE_CURVE('',#223,(#227,#234),.PCURVE_S1.);
#223 = LINE('',#224,#225);
#224 = CARTESIAN_POINT('',(-14.,27.,5.));
#225 = VECTOR('',#226,1.);
#226 = DIRECTION('',(1.,0.,-0.));
#227 = PCURVE('',#110,#228);
#228 = DEFINITIONAL_REPRESENTATION('',(#229),#233);
#229 = LINE('',#230,#231);
#230 = CARTESIAN_POINT('',(-14.,5.));
#231 = VECTOR('',#232,1.);
#232 = DIRECTION('',(1.,0.));
#233 = ( GEOMETRIC_REPRESENTATION_CONTEXT(2) 
PARAMETRIC_REPRESENTATION_CONTEXT() REPRESENTATION_CONTEXT('2D SPACE',''
  ) );
#234 = PCURVE('',#235,#240);
#235 = PLANE('',#236);
#236 = AXIS2_PLACEMENT_3D('',#237,#238,#239);
#237 = CARTESIAN_POINT('',(-14.,27.,5.));
#238 = DIRECTION('',(0.,0.,1.));
#239 = DIRECTION('',(1.,0.,-0.));
#240 = DEFINITIONAL_REPRESENTATION('',(#241),#245);
#241 = LINE('',#242,#243);
#242 = CARTESIAN_POINT('',(0.,0.));
#243 = VECTOR('',#244,1.);
#244 = DIRECTION('',(1.,0.));
#245 = ( GEOMETRIC_REPRESENTATION_CONTEXT(2) 
PARAMETRIC_REPRESENTATION_CONTEXT() REPRESENTATION_CONTEXT('2D SPACE',''
  ) );
#246 = ORIENTED_EDGE('',*,*,#247,.F.);
#247 = EDGE_CURVE('',#248,#220,#250,.T.);
#248 = VERTEX_POINT('',#249);
#249 = CARTESIAN_POINT('',(-14.,27.,3.9));
#250 = SURFACE_CURVE('',#251,(#255,#262),.PCURVE_S1.);
#251 = LINE('',#252,#253);
#252 = CARTESIAN_POINT('',(-14.,27.,0.4));
#253 = VECTOR('',#254,1.);
#254 = DIRECTION('',(0.,0.,1.));
#255 = PCURVE('',#110,#256);
#256 = DEFINITIONAL_REPRESENTATION('',(#257),#261);
#257 = LINE('',#258,#259);
#258 = CARTESIAN_POINT('',(-14.,0.4));
#259 = VECTOR('',#260,1.);
#260 = DIRECTION('',(0.,1.));
#261 = ( GEOMETRIC_REPRESENTATION_CONTEXT(2) 
PARAMETRIC_REPRESENTATION_CONTEXT() REPRESENTATION_CONTEXT('2D SPACE',''
  ) );
#262 = PCURVE('',#263,#268);
#263 = PLANE('',#264);
#264 = AXIS2_PLACEMENT_3D('',#265,#266,#267);
#265 = CARTESIAN_POINT('',(-14.,27.,0.4));
#266 = DIRECTION('',(1.,0.,-0.));
#267 = DIRECTION('',(0.,0.,1.));
#268 = DEFINITIONAL_REPRESENTATION('',(#269),#273);
#269 = LINE('',#270,#271);
#270 = CARTESIAN_POINT('',(0.,0.));
#271 = VECTOR('',#272,1.);
#272 = DIRECTION('',(1.,0.));
#273 = ( GEOMETRIC_REPRESENTATION_CONTEXT(2) 
PARAMETRIC_REPRESENTATION_CONTEXT() REPRESENTATION_CONTEXT('2D SPACE',''
  ) );
#274 = ORIENTED_EDGE('',*,*,#275,.F.);
#275 = EDGE_CURVE('',#276,#248,#278,.T.);
#276 = VERTEX_POINT('',#277);
#277 = CARTESIAN_POINT('',(-14.35,27.,3.9));
#278 = SURFACE_CURVE('',#279,(#283,#290),.PCURVE_S1.);
#279 = LINE('',#280,#281);
#280 = CARTESIAN_POINT('',(-14.35,27.,3.9));
#281 = VECTOR('',#282,1.);
#282 = DIRECTION('',(1.,0.,-0.));
#283 = PCURVE('',#110,#284);
#284 = DEFINITIONAL_REPRESENTATION('',(#285),#289);
#285 = LINE('',#286,#287);
#286 = CARTESIAN_POINT('',(-14.35,3.9));
#287 = VECTOR('',#288,1.);
#288 = DIRECTION('',(1.,0.));
#289 = ( GEOMETRIC_REPRESENTATION_CONTEXT(2) 
PARAMETRIC_REPRESENTATION_CONTEXT() REPRESENTATION_CONTEXT('2D SPACE',''
  ) );
#290 = PCURVE('',#291,#296);
#291 = PLANE('',#292);
#292 = AXIS2_PLACEMENT_3D('',#293,#294,#295);
#293 = CARTESIAN_POINT('',(-14.35,27.,3.9));
#294 = DIRECTION('',(0.,0.,1.));
#295 = DIRECTION('',(1.,0.,-0.));
#296 = DEFINITIONAL_REPRESENTATION('',(#297),#301);
#297 = LINE('',#298,#299);
#298 = CARTESIAN_POINT('',(0.,0.));
#299 = VECTOR('',#300,1.);
#300 = DIRECTION('',(1.,0.));
#301 = ( GEOMETRIC_REPRESENTATION_CONTEXT(2) 
PARAMETRIC_REPRESENTATION_CONTEXT() REPRESENTATION_CONTEXT('2D SPACE',''
  ) );
#302 = ORIENTED_EDGE('',*,*,#303,.F.);
#303 = EDGE_CURVE('',#304,#276,#306,.T.);
#304 = VERTEX_POINT('',#305);
#305 = CARTESIAN_POINT('',(-14.35,27.,0.4));
#306 = SURFACE_CURVE('',#307,(#311,#318),.PCURVE_S1.);
#307 = LINE('',#308,#309);
#308 = CARTESIAN_POINT('',(-14.35,27.,0.4));
#309 = VECTOR('',#310,1.);
#310 = DIRECTION('',(0.,0.,1.));
#311 = PCURVE('',#110,#312);
#312 = DEFINITIONAL_REPRESENTATION('',(#313),#317);
#313 = LINE('',#314,#315);
#314 = CARTESIAN_POINT('',(-14.35,0.4));
#315 = VECTOR('',#316,1.);
#316 = DIRECTION('',(0.,1.));
#317 = ( GEOMETRIC_REPRESENTATION_CONTEXT(2) 
PARAMETRIC_REPRESENTATION_CONTEXT() REPRESENTATION_CONTEXT('2D SPACE',''
  ) );
#318 = PCURVE('',#319,#324);
#319 = PLANE('',#320);
#320 = AXIS2_PLACEMENT_3D('',#321,#322,#323);
#321 = CARTESIAN_POINT('',(-14.35,27.,0.4));
#322 = DIRECTION('',(1.,0.,-0.));
#323 = DIRECTION('',(0.,0.,1.));
#324 = DEFINITIONAL_REPRESENTATION('',(#325),#329);
#325 = LINE('',#326,#327);
#326 = CARTESIAN_POINT('',(0.,0.));
#327 = VECTOR('',#328,1.);
#328 = DIRECTION('',(1.,0.));
#329 = ( GEOMETRIC_REPRESENTATION_CONTEXT(2) 
PARAMETRIC_REPRESENTATION_CONTEXT() REPRESENTATION_CONTEXT('2D SPACE',''
  ) );
#330 = ORIENTED_EDGE('',*,*,#331,.T.);
#331 = EDGE_CURVE('',#304,#332,#334,.T.);
#332 = VERTEX_POINT('',#333);
#333 = CARTESIAN_POINT('',(-6.838311195025,27.,0.4));
#334 = SURFACE_CURVE('',#335,(#339,#346),.PCURVE_S1.);
#335 = LINE('',#336,#337);
#336 = CARTESIAN_POINT('',(-14.35,27.,0.4));
#337 = VECTOR('',#338,1.);
#338 = DIRECTION('',(1.,0.,-3.694984754593E-17));
#339 = PCURVE('',#110,#340);
#340 = DEFINITIONAL_REPRESENTATION('',(#341),#345);
#341 = LINE('',#342,#343);
#342 = CARTESIAN_POINT('',(-14.35,0.4));
#343 = VECTOR('',#344,1.);
#344 = DIRECTION('',(1.,-3.694984754593E-17));
#345 = ( GEOMETRIC_REPRESENTATION_CONTEXT(2) 
PARAMETRIC_REPRESENTATION_CONTEXT() REPRESENTATION_CONTEXT('2D SPACE',''
  ) );
#346 = PCURVE('',#347,#352);
#347 = PLANE('',#348);
#348 = AXIS2_PLACEMENT_3D('',#349,#350,#351);
#349 = CARTESIAN_POINT('',(-20.,24.,0.4));
#350 = DIRECTION('',(0.,0.,1.));
#351 = DIRECTION('',(1.,0.,-0.));
#352 = DEFINITIONAL_REPRESENTATION('',(#353),#357);
#353 = LINE('',#354,#355);
#354 = CARTESIAN_POINT('',(5.65,3.));
#355 = VECTOR('',#356,1.);
#356 = DIRECTION('',(1.,0.));
#357 = ( GEOMETRIC_REPRESENTATION_CONTEXT(2) 
PARAMETRIC_REPRESENTATION_CONTEXT() REPRESENTATION_CONTEXT('2D SPACE',''
  ) );
#358 = ORIENTED_EDGE('',*,*,#359,.F.);
#359 = EDGE_CURVE('',#360,#332,#362,.T.);
#360 = VERTEX_POINT('',#361);
#361 = CARTESIAN_POINT('',(6.838311195025,27.,0.4));
#362 = SURFACE_CURVE('',#363,(#368,#375),.PCURVE_S1.);
#363 = CIRCLE('',#364,6.85);
#364 = AXIS2_PLACEMENT_3D('',#365,#366,#367);
#365 = CARTESIAN_POINT('',(0.,27.,6.661338147751E-16));
#366 = DIRECTION('',(0.,-1.,2.22044604925E-16));
#367 = DIRECTION('',(1.,0.,0.));
#368 = PCURVE('',#110,#369);
#369 = DEFINITIONAL_REPRESENTATION('',(#370),#374);
#370 = CIRCLE('',#371,6.85);
#371 = AXIS2_PLACEMENT_2D('',#372,#373);
#372 = CARTESIAN_POINT('',(0.,0.));
#373 = DIRECTION('',(1.,0.));
#374 = ( GEOMETRIC_REPRESENTATION_CONTEXT(2) 
PARAMETRIC_REPRESENTATION_CONTEXT() REPRESENTATION_CONTEXT('2D SPACE',''
  ) );
#375 = PCURVE('',#376,#381);
#376 = CYLINDRICAL_SURFACE('',#377,6.85);
#377 = AXIS2_PLACEMENT_3D('',#378,#379,#380);
#378 = CARTESIAN_POINT('',(0.,34.,-8.881784197001E-16));
#379 = DIRECTION('',(0.,-1.,2.22044604925E-16));
#380 = DIRECTION('',(1.,0.,0.));
#381 = DEFINITIONAL_REPRESENTATION('',(#382),#386);
#382 = LINE('',#383,#384);
#383 = CARTESIAN_POINT('',(0.,7.));
#384 = VECTOR('',#385,1.);
#385 = DIRECTION('',(1.,0.));
#386 = ( GEOMETRIC_REPRESENTATION_CONTEXT(2) 
PARAMETRIC_REPRESENTATION_CONTEXT() REPRESENTATION_CONTEXT('2D SPACE',''
  ) );
#387 = ORIENTED_EDGE('',*,*,#388,.T.);
#388 = EDGE_CURVE('',#360,#100,#389,.T.);
#389 = SURFACE_CURVE('',#390,(#394,#401),.PCURVE_S1.);
#390 = LINE('',#391,#392);
#391 = CARTESIAN_POINT('',(6.838311195025,27.,0.4));
#392 = VECTOR('',#393,1.);
#393 = DIRECTION('',(1.,0.,1.773592682205E-16));
#394 = PCURVE('',#110,#395);
#395 = DEFINITIONAL_REPRESENTATION('',(#396),#400);
#396 = LINE('',#397,#398);
#397 = CARTESIAN_POINT('',(6.838311195025,0.4));
#398 = VECTOR('',#399,1.);
#399 = DIRECTION('',(1.,1.773592682205E-16));
#400 = ( GEOMETRIC_REPRESENTATION_CONTEXT(2) 
PARAMETRIC_REPRESENTATION_CONTEXT() REPRESENTATION_CONTEXT('2D SPACE',''
  ) );
#401 = PCURVE('',#402,#407);
#402 = PLANE('',#403);
#403 = AXIS2_PLACEMENT_3D('',#404,#405,#406);
#404 = CARTESIAN_POINT('',(-20.,24.,0.4));
#405 = DIRECTION('',(0.,0.,1.));
#406 = DIRECTION('',(1.,0.,-0.));
#407 = DEFINITIONAL_REPRESENTATION('',(#408),#412);
#408 = LINE('',#409,#410);
#409 = CARTESIAN_POINT('',(26.838311195025,3.));
#410 = VECTOR('',#411,1.);
#411 = DIRECTION('',(1.,0.));
#412 = ( GEOMETRIC_REPRESENTATION_CONTEXT(2) 
PARAMETRIC_REPRESENTATION_CONTEXT() REPRESENTATION_CONTEXT('2D SPACE',''
  ) );
#413 = ADVANCED_FACE('',(#414),#122,.T.);
#414 = FACE_BOUND('',#415,.T.);
#415 = EDGE_LOOP('',(#416,#417,#440,#468));
#416 = ORIENTED_EDGE('',*,*,#99,.F.);
#417 = ORIENTED_EDGE('',*,*,#418,.T.);
#418 = EDGE_CURVE('',#100,#419,#421,.T.);
#419 = VERTEX_POINT('',#420);
#420 = CARTESIAN_POINT('',(14.35,33.,0.4));
#421 = SURFACE_CURVE('',#422,(#426,#433),.PCURVE_S1.);
#422 = LINE('',#423,#424);
#423 = CARTESIAN_POINT('',(14.35,27.,0.4));
#424 = VECTOR('',#425,1.);
#425 = DIRECTION('',(-0.,1.,0.));
#426 = PCURVE('',#122,#427);
#427 = DEFINITIONAL_REPRESENTATION('',(#428),#432);
#428 = LINE('',#429,#430);
#429 = CARTESIAN_POINT('',(0.,0.));
#430 = VECTOR('',#431,1.);
#431 = DIRECTION('',(0.,-1.));
#432 = ( GEOMETRIC_REPRESENTATION_CONTEXT(2) 
PARAMETRIC_REPRESENTATION_CONTEXT() REPRESENTATION_CONTEXT('2D SPACE',''
  ) );
#433 = PCURVE('',#402,#434);
#434 = DEFINITIONAL_REPRESENTATION('',(#435),#439);
#435 = LINE('',#436,#437);
#436 = CARTESIAN_POINT('',(34.35,3.));
#437 = VECTOR('',#438,1.);
#438 = DIRECTION('',(0.,1.));
#439 = ( GEOMETRIC_REPRESENTATION_CONTEXT(2) 
PARAMETRIC_REPRESENTATION_CONTEXT() REPRESENTATION_CONTEXT('2D SPACE',''
  ) );
#440 = ORIENTED_EDGE('',*,*,#441,.T.);
#441 = EDGE_CURVE('',#419,#442,#444,.T.);
#442 = VERTEX_POINT('',#443);
#443 = CARTESIAN_POINT('',(14.35,33.,3.9));
#444 = SURFACE_CURVE('',#445,(#449,#456),.PCURVE_S1.);
#445 = LINE('',#446,#447);
#446 = CARTESIAN_POINT('',(14.35,33.,0.4));
#447 = VECTOR('',#448,1.);
#448 = DIRECTION('',(0.,0.,1.));
#449 = PCURVE('',#122,#450);
#450 = DEFINITIONAL_REPRESENTATION('',(#451),#455);
#451 = LINE('',#452,#453);
#452 = CARTESIAN_POINT('',(0.,-6.));
#453 = VECTOR('',#454,1.);
#454 = DIRECTION('',(1.,0.));
#455 = ( GEOMETRIC_REPRESENTATION_CONTEXT(2) 
PARAMETRIC_REPRESENTATION_CONTEXT() REPRESENTATION_CONTEXT('2D SPACE',''
  ) );
#456 = PCURVE('',#457,#462);
#457 = PLANE('',#458);
#458 = AXIS2_PLACEMENT_3D('',#459,#460,#461);
#459 = CARTESIAN_POINT('',(0.,33.,-6.661338147751E-16));
#460 = DIRECTION('',(0.,-1.,2.22044604925E-16));
#461 = DIRECTION('',(1.,0.,0.));
#462 = DEFINITIONAL_REPRESENTATION('',(#463),#467);
#463 = LINE('',#464,#465);
#464 = CARTESIAN_POINT('',(14.35,0.4));
#465 = VECTOR('',#466,1.);
#466 = DIRECTION('',(0.,1.));
#467 = ( GEOMETRIC_REPRESENTATION_CONTEXT(2) 
PARAMETRIC_REPRESENTATION_CONTEXT() REPRESENTATION_CONTEXT('2D SPACE',''
  ) );
#468 = ORIENTED_EDGE('',*,*,#469,.F.);
#469 = EDGE_CURVE('',#102,#442,#470,.T.);
#470 = SURFACE_CURVE('',#471,(#475,#482),.PCURVE_S1.);
#471 = LINE('',#472,#473);
#472 = CARTESIAN_POINT('',(14.35,27.,3.9));
#473 = VECTOR('',#474,1.);
#474 = DIRECTION('',(-0.,1.,0.));
#475 = PCURVE('',#122,#476);
#476 = DEFINITIONAL_REPRESENTATION('',(#477),#481);
#477 = LINE('',#478,#479);
#478 = CARTESIAN_POINT('',(3.5,0.));
#479 = VECTOR('',#480,1.);
#480 = DIRECTION('',(0.,-1.));
#481 = ( GEOMETRIC_REPRESENTATION_CONTEXT(2) 
PARAMETRIC_REPRESENTATION_CONTEXT() REPRESENTATION_CONTEXT('2D SPACE',''
  ) );
#482 = PCURVE('',#150,#483);
#483 = DEFINITIONAL_REPRESENTATION('',(#484),#488);
#484 = LINE('',#485,#486);
#485 = CARTESIAN_POINT('',(5.,0.));
#486 = VECTOR('',#487,1.);
#487 = DIRECTION('',(0.,1.));
#488 = ( GEOMETRIC_REPRESENTATION_CONTEXT(2) 
PARAMETRIC_REPRESENTATION_CONTEXT() REPRESENTATION_CONTEXT('2D SPACE',''
  ) );
#489 = ADVANCED_FACE('',(#490,#538),#150,.T.);
#490 = FACE_BOUND('',#491,.T.);
#491 = EDGE_LOOP('',(#492,#515,#516,#517));
#492 = ORIENTED_EDGE('',*,*,#493,.F.);
#493 = EDGE_CURVE('',#135,#494,#496,.T.);
#494 = VERTEX_POINT('',#495);
#495 = CARTESIAN_POINT('',(9.35,33.,3.9));
#496 = SURFACE_CURVE('',#497,(#501,#508),.PCURVE_S1.);
#497 = LINE('',#498,#499);
#498 = CARTESIAN_POINT('',(9.35,27.,3.9));
#499 = VECTOR('',#500,1.);
#500 = DIRECTION('',(-0.,1.,0.));
#501 = PCURVE('',#150,#502);
#502 = DEFINITIONAL_REPRESENTATION('',(#503),#507);
#503 = LINE('',#504,#505);
#504 = CARTESIAN_POINT('',(0.,0.));
#505 = VECTOR('',#506,1.);
#506 = DIRECTION('',(0.,1.));
#507 = ( GEOMETRIC_REPRESENTATION_CONTEXT(2) 
PARAMETRIC_REPRESENTATION_CONTEXT() REPRESENTATION_CONTEXT('2D SPACE',''
  ) );
#508 = PCURVE('',#178,#509);
#509 = DEFINITIONAL_REPRESENTATION('',(#510),#514);
#510 = LINE('',#511,#512);
#511 = CARTESIAN_POINT('',(3.5,0.));
#512 = VECTOR('',#513,1.);
#513 = DIRECTION('',(0.,-1.));
#514 = ( GEOMETRIC_REPRESENTATION_CONTEXT(2) 
PARAMETRIC_REPRESENTATION_CONTEXT() REPRESENTATION_CONTEXT('2D SPACE',''
  ) );
#515 = ORIENTED_EDGE('',*,*,#134,.T.);
#516 = ORIENTED_EDGE('',*,*,#469,.T.);
#517 = ORIENTED_EDGE('',*,*,#518,.F.);
#518 = EDGE_CURVE('',#494,#442,#519,.T.);
#519 = SURFACE_CURVE('',#520,(#524,#531),.PCURVE_S1.);
#520 = LINE('',#521,#522);
#521 = CARTESIAN_POINT('',(9.35,33.,3.9));
#522 = VECTOR('',#523,1.);
#523 = DIRECTION('',(1.,0.,-0.));
#524 = PCURVE('',#150,#525);
#525 = DEFINITIONAL_REPRESENTATION('',(#526),#530);
#526 = LINE('',#527,#528);
#527 = CARTESIAN_POINT('',(0.,6.));
#528 = VECTOR('',#529,1.);
#529 = DIRECTION('',(1.,0.));
#530 = ( GEOMETRIC_REPRESENTATION_CONTEXT(2) 
PARAMETRIC_REPRESENTATION_CONTEXT() REPRESENTATION_CONTEXT('2D SPACE',''
  ) );
#531 = PCURVE('',#457,#532);
#532 = DEFINITIONAL_REPRESENTATION('',(#533),#537);
#533 = LINE('',#534,#535);
#534 = CARTESIAN_POINT('',(9.35,3.9));
#535 = VECTOR('',#536,1.);
#536 = DIRECTION('',(1.,0.));
#537 = ( GEOMETRIC_REPRESENTATION_CONTEXT(2) 
PARAMETRIC_REPRESENTATION_CONTEXT() REPRESENTATION_CONTEXT('2D SPACE',''
  ) );
#538 = FACE_BOUND('',#539,.T.);
#539 = EDGE_LOOP('',(#540));
#540 = ORIENTED_EDGE('',*,*,#541,.F.);
#541 = EDGE_CURVE('',#542,#542,#544,.T.);
#542 = VERTEX_POINT('',#543);
#543 = CARTESIAN_POINT('',(13.05,30.,3.9));
#544 = SURFACE_CURVE('',#545,(#550,#557),.PCURVE_S1.);
#545 = CIRCLE('',#546,1.2);
#546 = AXIS2_PLACEMENT_3D('',#547,#548,#549);
#547 = CARTESIAN_POINT('',(11.85,30.,3.9));
#548 = DIRECTION('',(0.,0.,1.));
#549 = DIRECTION('',(1.,0.,-0.));
#550 = PCURVE('',#150,#551);
#551 = DEFINITIONAL_REPRESENTATION('',(#552),#556);
#552 = CIRCLE('',#553,1.2);
#553 = AXIS2_PLACEMENT_2D('',#554,#555);
#554 = CARTESIAN_POINT('',(2.5,3.));
#555 = DIRECTION('',(1.,0.));
#556 = ( GEOMETRIC_REPRESENTATION_CONTEXT(2) 
PARAMETRIC_REPRESENTATION_CONTEXT() REPRESENTATION_CONTEXT('2D SPACE',''
  ) );
#557 = PCURVE('',#558,#563);
#558 = CYLINDRICAL_SURFACE('',#559,1.2);
#559 = AXIS2_PLACEMENT_3D('',#560,#561,#562);
#560 = CARTESIAN_POINT('',(11.85,30.,-15.));
#561 = DIRECTION('',(0.,0.,1.));
#562 = DIRECTION('',(1.,0.,-0.));
#563 = DEFINITIONAL_REPRESENTATION('',(#564),#568);
#564 = LINE('',#565,#566);
#565 = CARTESIAN_POINT('',(0.,18.9));
#566 = VECTOR('',#567,1.);
#567 = DIRECTION('',(1.,0.));
#568 = ( GEOMETRIC_REPRESENTATION_CONTEXT(2) 
PARAMETRIC_REPRESENTATION_CONTEXT() REPRESENTATION_CONTEXT('2D SPACE',''
  ) );
#569 = ADVANCED_FACE('',(#570),#178,.F.);
#570 = FACE_BOUND('',#571,.F.);
#571 = EDGE_LOOP('',(#572,#573,#594,#615));
#572 = ORIENTED_EDGE('',*,*,#162,.F.);
#573 = ORIENTED_EDGE('',*,*,#574,.F.);
#574 = EDGE_CURVE('',#575,#163,#577,.T.);
#575 = VERTEX_POINT('',#576);
#576 = CARTESIAN_POINT('',(9.35,33.,3.098386676966));
#577 = SURFACE_CURVE('',#578,(#582,#588),.PCURVE_S1.);
#578 = LINE('',#579,#580);
#579 = CARTESIAN_POINT('',(9.35,33.,3.098386676966));
#580 = VECTOR('',#581,1.);
#581 = DIRECTION('',(0.,-1.,2.22044604925E-16));
#582 = PCURVE('',#178,#583);
#583 = DEFINITIONAL_REPRESENTATION('',(#584),#587);
#584 = B_SPLINE_CURVE_WITH_KNOTS('',1,(#585,#586),.UNSPECIFIED.,.F.,.F.,
  (2,2),(-5.999999999062E-07,6.0000006),.PIECEWISE_BEZIER_KNOTS.);
#585 = CARTESIAN_POINT('',(2.698386676966,-6.0000006));
#586 = CARTESIAN_POINT('',(2.698386676966,5.999999999062E-07));
#587 = ( GEOMETRIC_REPRESENTATION_CONTEXT(2) 
PARAMETRIC_REPRESENTATION_CONTEXT() REPRESENTATION_CONTEXT('2D SPACE',''
  ) );
#588 = PCURVE('',#207,#589);
#589 = DEFINITIONAL_REPRESENTATION('',(#590),#593);
#590 = B_SPLINE_CURVE_WITH_KNOTS('',1,(#591,#592),.UNSPECIFIED.,.F.,.F.,
  (2,2),(-5.999999999062E-07,6.0000006),.PIECEWISE_BEZIER_KNOTS.);
#591 = CARTESIAN_POINT('',(0.319989952379,-5.999999992183E-07));
#592 = CARTESIAN_POINT('',(0.319989952379,6.0000006));
#593 = ( GEOMETRIC_REPRESENTATION_CONTEXT(2) 
PARAMETRIC_REPRESENTATION_CONTEXT() REPRESENTATION_CONTEXT('2D SPACE',''
  ) );
#594 = ORIENTED_EDGE('',*,*,#595,.T.);
#595 = EDGE_CURVE('',#575,#494,#596,.T.);
#596 = SURFACE_CURVE('',#597,(#601,#608),.PCURVE_S1.);
#597 = LINE('',#598,#599);
#598 = CARTESIAN_POINT('',(9.35,33.,0.4));
#599 = VECTOR('',#600,1.);
#600 = DIRECTION('',(0.,0.,1.));
#601 = PCURVE('',#178,#602);
#602 = DEFINITIONAL_REPRESENTATION('',(#603),#607);
#603 = LINE('',#604,#605);
#604 = CARTESIAN_POINT('',(0.,-6.));
#605 = VECTOR('',#606,1.);
#606 = DIRECTION('',(1.,0.));
#607 = ( GEOMETRIC_REPRESENTATION_CONTEXT(2) 
PARAMETRIC_REPRESENTATION_CONTEXT() REPRESENTATION_CONTEXT('2D SPACE',''
  ) );
#608 = PCURVE('',#457,#609);
#609 = DEFINITIONAL_REPRESENTATION('',(#610),#614);
#610 = LINE('',#611,#612);
#611 = CARTESIAN_POINT('',(9.35,0.4));
#612 = VECTOR('',#613,1.);
#613 = DIRECTION('',(0.,1.));
#614 = ( GEOMETRIC_REPRESENTATION_CONTEXT(2) 
PARAMETRIC_REPRESENTATION_CONTEXT() REPRESENTATION_CONTEXT('2D SPACE',''
  ) );
#615 = ORIENTED_EDGE('',*,*,#493,.F.);
#616 = ADVANCED_FACE('',(#617),#207,.T.);
#617 = FACE_BOUND('',#618,.T.);
#618 = EDGE_LOOP('',(#619,#620,#621,#645));
#619 = ORIENTED_EDGE('',*,*,#190,.F.);
#620 = ORIENTED_EDGE('',*,*,#574,.F.);
#621 = ORIENTED_EDGE('',*,*,#622,.T.);
#622 = EDGE_CURVE('',#575,#623,#625,.T.);
#623 = VERTEX_POINT('',#624);
#624 = CARTESIAN_POINT('',(-8.486607095889,33.,5.));
#625 = SURFACE_CURVE('',#626,(#631,#638),.PCURVE_S1.);
#626 = CIRCLE('',#627,9.85);
#627 = AXIS2_PLACEMENT_3D('',#628,#629,#630);
#628 = CARTESIAN_POINT('',(0.,33.,-6.661338147751E-16));
#629 = DIRECTION('',(0.,-1.,2.22044604925E-16));
#630 = DIRECTION('',(1.,0.,0.));
#631 = PCURVE('',#207,#632);
#632 = DEFINITIONAL_REPRESENTATION('',(#633),#637);
#633 = LINE('',#634,#635);
#634 = CARTESIAN_POINT('',(0.,0.));
#635 = VECTOR('',#636,1.);
#636 = DIRECTION('',(1.,0.));
#637 = ( GEOMETRIC_REPRESENTATION_CONTEXT(2) 
PARAMETRIC_REPRESENTATION_CONTEXT() REPRESENTATION_CONTEXT('2D SPACE',''
  ) );
#638 = PCURVE('',#457,#639);
#639 = DEFINITIONAL_REPRESENTATION('',(#640),#644);
#640 = CIRCLE('',#641,9.85);
#641 = AXIS2_PLACEMENT_2D('',#642,#643);
#642 = CARTESIAN_POINT('',(0.,0.));
#643 = DIRECTION('',(1.,0.));
#644 = ( GEOMETRIC_REPRESENTATION_CONTEXT(2) 
PARAMETRIC_REPRESENTATION_CONTEXT() REPRESENTATION_CONTEXT('2D SPACE',''
  ) );
#645 = ORIENTED_EDGE('',*,*,#646,.T.);
#646 = EDGE_CURVE('',#623,#191,#647,.T.);
#647 = SURFACE_CURVE('',#648,(#652,#658),.PCURVE_S1.);
#648 = LINE('',#649,#650);
#649 = CARTESIAN_POINT('',(-8.486607095889,33.,5.));
#650 = VECTOR('',#651,1.);
#651 = DIRECTION('',(0.,-1.,2.22044604925E-16));
#652 = PCURVE('',#207,#653);
#653 = DEFINITIONAL_REPRESENTATION('',(#654),#657);
#654 = B_SPLINE_CURVE_WITH_KNOTS('',1,(#655,#656),.UNSPECIFIED.,.F.,.F.,
  (2,2),(-5.999999999062E-07,6.0000006),.PIECEWISE_BEZIER_KNOTS.);
#655 = CARTESIAN_POINT('',(2.609179198262,-5.99999998796E-07));
#656 = CARTESIAN_POINT('',(2.609179198262,6.0000006));
#657 = ( GEOMETRIC_REPRESENTATION_CONTEXT(2) 
PARAMETRIC_REPRESENTATION_CONTEXT() REPRESENTATION_CONTEXT('2D SPACE',''
  ) );
#658 = PCURVE('',#235,#659);
#659 = DEFINITIONAL_REPRESENTATION('',(#660),#663);
#660 = B_SPLINE_CURVE_WITH_KNOTS('',1,(#661,#662),.UNSPECIFIED.,.F.,.F.,
  (2,2),(-5.999999999062E-07,6.0000006),.PIECEWISE_BEZIER_KNOTS.);
#661 = CARTESIAN_POINT('',(5.513392904111,6.0000006));
#662 = CARTESIAN_POINT('',(5.513392904111,-5.999999999062E-07));
#663 = ( GEOMETRIC_REPRESENTATION_CONTEXT(2) 
PARAMETRIC_REPRESENTATION_CONTEXT() REPRESENTATION_CONTEXT('2D SPACE',''
  ) );
#664 = ADVANCED_FACE('',(#665,#1581,#1612,#1718,#1824,#1930,#1961,#2067,
    #2173),#235,.T.);
#665 = FACE_BOUND('',#666,.T.);
#666 = EDGE_LOOP('',(#667,#697,#720,#746,#772,#798,#821,#847,#873,#899,
    #922,#948,#974,#1000,#1021,#1022,#1023,#1044,#1072,#1098,#1124,#1150
    ,#1176,#1202,#1225,#1251,#1277,#1303,#1329,#1355,#1378,#1404,#1430,
    #1456,#1482,#1508,#1531,#1557));
#667 = ORIENTED_EDGE('',*,*,#668,.F.);
#668 = EDGE_CURVE('',#669,#671,#673,.T.);
#669 = VERTEX_POINT('',#670);
#670 = CARTESIAN_POINT('',(-14.,101.,5.));
#671 = VERTEX_POINT('',#672);
#672 = CARTESIAN_POINT('',(-8.486607095889,101.,5.));
#673 = SURFACE_CURVE('',#674,(#678,#685),.PCURVE_S1.);
#674 = LINE('',#675,#676);
#675 = CARTESIAN_POINT('',(-14.,101.,5.));
#676 = VECTOR('',#677,1.);
#677 = DIRECTION('',(1.,0.,-0.));
#678 = PCURVE('',#235,#679);
#679 = DEFINITIONAL_REPRESENTATION('',(#680),#684);
#680 = LINE('',#681,#682);
#681 = CARTESIAN_POINT('',(0.,74.));
#682 = VECTOR('',#683,1.);
#683 = DIRECTION('',(1.,0.));
#684 = ( GEOMETRIC_REPRESENTATION_CONTEXT(2) 
PARAMETRIC_REPRESENTATION_CONTEXT() REPRESENTATION_CONTEXT('2D SPACE',''
  ) );
#685 = PCURVE('',#686,#691);
#686 = PLANE('',#687);
#687 = AXIS2_PLACEMENT_3D('',#688,#689,#690);
#688 = CARTESIAN_POINT('',(-14.,101.,0.4));
#689 = DIRECTION('',(-0.,1.,0.));
#690 = DIRECTION('',(0.,0.,1.));
#691 = DEFINITIONAL_REPRESENTATION('',(#692),#696);
#692 = LINE('',#693,#694);
#693 = CARTESIAN_POINT('',(4.6,0.));
#694 = VECTOR('',#695,1.);
#695 = DIRECTION('',(0.,1.));
#696 = ( GEOMETRIC_REPRESENTATION_CONTEXT(2) 
PARAMETRIC_REPRESENTATION_CONTEXT() REPRESENTATION_CONTEXT('2D SPACE',''
  ) );
#697 = ORIENTED_EDGE('',*,*,#698,.F.);
#698 = EDGE_CURVE('',#699,#669,#701,.T.);
#699 = VERTEX_POINT('',#700);
#700 = CARTESIAN_POINT('',(-14.,87.,5.));
#701 = SURFACE_CURVE('',#702,(#706,#713),.PCURVE_S1.);
#702 = LINE('',#703,#704);
#703 = CARTESIAN_POINT('',(-14.,27.,5.));
#704 = VECTOR('',#705,1.);
#705 = DIRECTION('',(-0.,1.,0.));
#706 = PCURVE('',#235,#707);
#707 = DEFINITIONAL_REPRESENTATION('',(#708),#712);
#708 = LINE('',#709,#710);
#709 = CARTESIAN_POINT('',(0.,0.));
#710 = VECTOR('',#711,1.);
#711 = DIRECTION('',(0.,1.));
#712 = ( GEOMETRIC_REPRESENTATION_CONTEXT(2) 
PARAMETRIC_REPRESENTATION_CONTEXT() REPRESENTATION_CONTEXT('2D SPACE',''
  ) );
#713 = PCURVE('',#263,#714);
#714 = DEFINITIONAL_REPRESENTATION('',(#715),#719);
#715 = LINE('',#716,#717);
#716 = CARTESIAN_POINT('',(4.6,0.));
#717 = VECTOR('',#718,1.);
#718 = DIRECTION('',(0.,-1.));
#719 = ( GEOMETRIC_REPRESENTATION_CONTEXT(2) 
PARAMETRIC_REPRESENTATION_CONTEXT() REPRESENTATION_CONTEXT('2D SPACE',''
  ) );
#720 = ORIENTED_EDGE('',*,*,#721,.F.);
#721 = EDGE_CURVE('',#722,#699,#724,.T.);
#722 = VERTEX_POINT('',#723);
#723 = CARTESIAN_POINT('',(-13.,87.,5.));
#724 = SURFACE_CURVE('',#725,(#729,#735),.PCURVE_S1.);
#725 = LINE('',#726,#727);
#726 = CARTESIAN_POINT('',(-14.,87.,5.));
#727 = VECTOR('',#728,1.);
#728 = DIRECTION('',(-1.,-0.,0.));
#729 = PCURVE('',#235,#730);
#730 = DEFINITIONAL_REPRESENTATION('',(#731),#734);
#731 = B_SPLINE_CURVE_WITH_KNOTS('',1,(#732,#733),.UNSPECIFIED.,.F.,.F.,
  (2,2),(-1.,0.),.PIECEWISE_BEZIER_KNOTS.);
#732 = CARTESIAN_POINT('',(1.,60.));
#733 = CARTESIAN_POINT('',(0.,60.));
#734 = ( GEOMETRIC_REPRESENTATION_CONTEXT(2) 
PARAMETRIC_REPRESENTATION_CONTEXT() REPRESENTATION_CONTEXT('2D SPACE',''
  ) );
#735 = PCURVE('',#736,#741);
#736 = PLANE('',#737);
#737 = AXIS2_PLACEMENT_3D('',#738,#739,#740);
#738 = CARTESIAN_POINT('',(-14.,87.,4.5));
#739 = DIRECTION('',(-0.,1.,0.));
#740 = DIRECTION('',(0.,0.,1.));
#741 = DEFINITIONAL_REPRESENTATION('',(#742),#745);
#742 = B_SPLINE_CURVE_WITH_KNOTS('',1,(#743,#744),.UNSPECIFIED.,.F.,.F.,
  (2,2),(-1.,0.),.PIECEWISE_BEZIER_KNOTS.);
#743 = CARTESIAN_POINT('',(0.5,1.));
#744 = CARTESIAN_POINT('',(0.5,0.));
#745 = ( GEOMETRIC_REPRESENTATION_CONTEXT(2) 
PARAMETRIC_REPRESENTATION_CONTEXT() REPRESENTATION_CONTEXT('2D SPACE',''
  ) );
#746 = ORIENTED_EDGE('',*,*,#747,.F.);
#747 = EDGE_CURVE('',#748,#722,#750,.T.);
#748 = VERTEX_POINT('',#749);
#749 = CARTESIAN_POINT('',(-13.,83.,5.));
#750 = SURFACE_CURVE('',#751,(#755,#761),.PCURVE_S1.);
#751 = LINE('',#752,#753);
#752 = CARTESIAN_POINT('',(-13.,55.,5.));
#753 = VECTOR('',#754,1.);
#754 = DIRECTION('',(-0.,1.,0.));
#755 = PCURVE('',#235,#756);
#756 = DEFINITIONAL_REPRESENTATION('',(#757),#760);
#757 = B_SPLINE_CURVE_WITH_KNOTS('',1,(#758,#759),.UNSPECIFIED.,.F.,.F.,
  (2,2),(28.,32.),.PIECEWISE_BEZIER_KNOTS.);
#758 = CARTESIAN_POINT('',(1.,56.));
#759 = CARTESIAN_POINT('',(1.,60.));
#760 = ( GEOMETRIC_REPRESENTATION_CONTEXT(2) 
PARAMETRIC_REPRESENTATION_CONTEXT() REPRESENTATION_CONTEXT('2D SPACE',''
  ) );
#761 = PCURVE('',#762,#767);
#762 = PLANE('',#763);
#763 = AXIS2_PLACEMENT_3D('',#764,#765,#766);
#764 = CARTESIAN_POINT('',(-13.,83.,4.5));
#765 = DIRECTION('',(1.,0.,-0.));
#766 = DIRECTION('',(0.,0.,1.));
#767 = DEFINITIONAL_REPRESENTATION('',(#768),#771);
#768 = B_SPLINE_CURVE_WITH_KNOTS('',1,(#769,#770),.UNSPECIFIED.,.F.,.F.,
  (2,2),(28.,32.),.PIECEWISE_BEZIER_KNOTS.);
#769 = CARTESIAN_POINT('',(0.5,0.));
#770 = CARTESIAN_POINT('',(0.5,-4.));
#771 = ( GEOMETRIC_REPRESENTATION_CONTEXT(2) 
PARAMETRIC_REPRESENTATION_CONTEXT() REPRESENTATION_CONTEXT('2D SPACE',''
  ) );
#772 = ORIENTED_EDGE('',*,*,#773,.T.);
#773 = EDGE_CURVE('',#748,#774,#776,.T.);
#774 = VERTEX_POINT('',#775);
#775 = CARTESIAN_POINT('',(-14.,83.,5.));
#776 = SURFACE_CURVE('',#777,(#781,#787),.PCURVE_S1.);
#777 = LINE('',#778,#779);
#778 = CARTESIAN_POINT('',(-14.,83.,5.));
#779 = VECTOR('',#780,1.);
#780 = DIRECTION('',(-1.,-0.,0.));
#781 = PCURVE('',#235,#782);
#782 = DEFINITIONAL_REPRESENTATION('',(#783),#786);
#783 = B_SPLINE_CURVE_WITH_KNOTS('',1,(#784,#785),.UNSPECIFIED.,.F.,.F.,
  (2,2),(-1.,0.),.PIECEWISE_BEZIER_KNOTS.);
#784 = CARTESIAN_POINT('',(1.,56.));
#785 = CARTESIAN_POINT('',(0.,56.));
#786 = ( GEOMETRIC_REPRESENTATION_CONTEXT(2) 
PARAMETRIC_REPRESENTATION_CONTEXT() REPRESENTATION_CONTEXT('2D SPACE',''
  ) );
#787 = PCURVE('',#788,#793);
#788 = PLANE('',#789);
#789 = AXIS2_PLACEMENT_3D('',#790,#791,#792);
#790 = CARTESIAN_POINT('',(-14.,83.,4.5));
#791 = DIRECTION('',(-0.,1.,0.));
#792 = DIRECTION('',(0.,0.,1.));
#793 = DEFINITIONAL_REPRESENTATION('',(#794),#797);
#794 = B_SPLINE_CURVE_WITH_KNOTS('',1,(#795,#796),.UNSPECIFIED.,.F.,.F.,
  (2,2),(-1.,0.),.PIECEWISE_BEZIER_KNOTS.);
#795 = CARTESIAN_POINT('',(0.5,1.));
#796 = CARTESIAN_POINT('',(0.5,0.));
#797 = ( GEOMETRIC_REPRESENTATION_CONTEXT(2) 
PARAMETRIC_REPRESENTATION_CONTEXT() REPRESENTATION_CONTEXT('2D SPACE',''
  ) );
#798 = ORIENTED_EDGE('',*,*,#799,.F.);
#799 = EDGE_CURVE('',#800,#774,#802,.T.);
#800 = VERTEX_POINT('',#801);
#801 = CARTESIAN_POINT('',(-14.,70.,5.));
#802 = SURFACE_CURVE('',#803,(#807,#814),.PCURVE_S1.);
#803 = LINE('',#804,#805);
#804 = CARTESIAN_POINT('',(-14.,27.,5.));
#805 = VECTOR('',#806,1.);
#806 = DIRECTION('',(-0.,1.,0.));
#807 = PCURVE('',#235,#808);
#808 = DEFINITIONAL_REPRESENTATION('',(#809),#813);
#809 = LINE('',#810,#811);
#810 = CARTESIAN_POINT('',(0.,0.));
#811 = VECTOR('',#812,1.);
#812 = DIRECTION('',(0.,1.));
#813 = ( GEOMETRIC_REPRESENTATION_CONTEXT(2) 
PARAMETRIC_REPRESENTATION_CONTEXT() REPRESENTATION_CONTEXT('2D SPACE',''
  ) );
#814 = PCURVE('',#263,#815);
#815 = DEFINITIONAL_REPRESENTATION('',(#816),#820);
#816 = LINE('',#817,#818);
#817 = CARTESIAN_POINT('',(4.6,0.));
#818 = VECTOR('',#819,1.);
#819 = DIRECTION('',(0.,-1.));
#820 = ( GEOMETRIC_REPRESENTATION_CONTEXT(2) 
PARAMETRIC_REPRESENTATION_CONTEXT() REPRESENTATION_CONTEXT('2D SPACE',''
  ) );
#821 = ORIENTED_EDGE('',*,*,#822,.F.);
#822 = EDGE_CURVE('',#823,#800,#825,.T.);
#823 = VERTEX_POINT('',#824);
#824 = CARTESIAN_POINT('',(-13.,70.,5.));
#825 = SURFACE_CURVE('',#826,(#830,#836),.PCURVE_S1.);
#826 = LINE('',#827,#828);
#827 = CARTESIAN_POINT('',(-14.,70.,5.));
#828 = VECTOR('',#829,1.);
#829 = DIRECTION('',(-1.,-0.,0.));
#830 = PCURVE('',#235,#831);
#831 = DEFINITIONAL_REPRESENTATION('',(#832),#835);
#832 = B_SPLINE_CURVE_WITH_KNOTS('',1,(#833,#834),.UNSPECIFIED.,.F.,.F.,
  (2,2),(-1.,0.),.PIECEWISE_BEZIER_KNOTS.);
#833 = CARTESIAN_POINT('',(1.,43.));
#834 = CARTESIAN_POINT('',(0.,43.));
#835 = ( GEOMETRIC_REPRESENTATION_CONTEXT(2) 
PARAMETRIC_REPRESENTATION_CONTEXT() REPRESENTATION_CONTEXT('2D SPACE',''
  ) );
#836 = PCURVE('',#837,#842);
#837 = PLANE('',#838);
#838 = AXIS2_PLACEMENT_3D('',#839,#840,#841);
#839 = CARTESIAN_POINT('',(-14.,70.,4.5));
#840 = DIRECTION('',(-0.,1.,0.));
#841 = DIRECTION('',(0.,0.,1.));
#842 = DEFINITIONAL_REPRESENTATION('',(#843),#846);
#843 = B_SPLINE_CURVE_WITH_KNOTS('',1,(#844,#845),.UNSPECIFIED.,.F.,.F.,
  (2,2),(-1.,0.),.PIECEWISE_BEZIER_KNOTS.);
#844 = CARTESIAN_POINT('',(0.5,1.));
#845 = CARTESIAN_POINT('',(0.5,0.));
#846 = ( GEOMETRIC_REPRESENTATION_CONTEXT(2) 
PARAMETRIC_REPRESENTATION_CONTEXT() REPRESENTATION_CONTEXT('2D SPACE',''
  ) );
#847 = ORIENTED_EDGE('',*,*,#848,.F.);
#848 = EDGE_CURVE('',#849,#823,#851,.T.);
#849 = VERTEX_POINT('',#850);
#850 = CARTESIAN_POINT('',(-13.,66.,5.));
#851 = SURFACE_CURVE('',#852,(#856,#862),.PCURVE_S1.);
#852 = LINE('',#853,#854);
#853 = CARTESIAN_POINT('',(-13.,46.5,5.));
#854 = VECTOR('',#855,1.);
#855 = DIRECTION('',(-0.,1.,0.));
#856 = PCURVE('',#235,#857);
#857 = DEFINITIONAL_REPRESENTATION('',(#858),#861);
#858 = B_SPLINE_CURVE_WITH_KNOTS('',1,(#859,#860),.UNSPECIFIED.,.F.,.F.,
  (2,2),(19.5,23.5),.PIECEWISE_BEZIER_KNOTS.);
#859 = CARTESIAN_POINT('',(1.,39.));
#860 = CARTESIAN_POINT('',(1.,43.));
#861 = ( GEOMETRIC_REPRESENTATION_CONTEXT(2) 
PARAMETRIC_REPRESENTATION_CONTEXT() REPRESENTATION_CONTEXT('2D SPACE',''
  ) );
#862 = PCURVE('',#863,#868);
#863 = PLANE('',#864);
#864 = AXIS2_PLACEMENT_3D('',#865,#866,#867);
#865 = CARTESIAN_POINT('',(-13.,66.,4.5));
#866 = DIRECTION('',(1.,0.,-0.));
#867 = DIRECTION('',(0.,0.,1.));
#868 = DEFINITIONAL_REPRESENTATION('',(#869),#872);
#869 = B_SPLINE_CURVE_WITH_KNOTS('',1,(#870,#871),.UNSPECIFIED.,.F.,.F.,
  (2,2),(19.5,23.5),.PIECEWISE_BEZIER_KNOTS.);
#870 = CARTESIAN_POINT('',(0.5,0.));
#871 = CARTESIAN_POINT('',(0.5,-4.));
#872 = ( GEOMETRIC_REPRESENTATION_CONTEXT(2) 
PARAMETRIC_REPRESENTATION_CONTEXT() REPRESENTATION_CONTEXT('2D SPACE',''
  ) );
#873 = ORIENTED_EDGE('',*,*,#874,.T.);
#874 = EDGE_CURVE('',#849,#875,#877,.T.);
#875 = VERTEX_POINT('',#876);
#876 = CARTESIAN_POINT('',(-14.,66.,5.));
#877 = SURFACE_CURVE('',#878,(#882,#888),.PCURVE_S1.);
#878 = LINE('',#879,#880);
#879 = CARTESIAN_POINT('',(-14.,66.,5.));
#880 = VECTOR('',#881,1.);
#881 = DIRECTION('',(-1.,-0.,0.));
#882 = PCURVE('',#235,#883);
#883 = DEFINITIONAL_REPRESENTATION('',(#884),#887);
#884 = B_SPLINE_CURVE_WITH_KNOTS('',1,(#885,#886),.UNSPECIFIED.,.F.,.F.,
  (2,2),(-1.,0.),.PIECEWISE_BEZIER_KNOTS.);
#885 = CARTESIAN_POINT('',(1.,39.));
#886 = CARTESIAN_POINT('',(0.,39.));
#887 = ( GEOMETRIC_REPRESENTATION_CONTEXT(2) 
PARAMETRIC_REPRESENTATION_CONTEXT() REPRESENTATION_CONTEXT('2D SPACE',''
  ) );
#888 = PCURVE('',#889,#894);
#889 = PLANE('',#890);
#890 = AXIS2_PLACEMENT_3D('',#891,#892,#893);
#891 = CARTESIAN_POINT('',(-14.,66.,4.5));
#892 = DIRECTION('',(-0.,1.,0.));
#893 = DIRECTION('',(0.,0.,1.));
#894 = DEFINITIONAL_REPRESENTATION('',(#895),#898);
#895 = B_SPLINE_CURVE_WITH_KNOTS('',1,(#896,#897),.UNSPECIFIED.,.F.,.F.,
  (2,2),(-1.,0.),.PIECEWISE_BEZIER_KNOTS.);
#896 = CARTESIAN_POINT('',(0.5,1.));
#897 = CARTESIAN_POINT('',(0.5,0.));
#898 = ( GEOMETRIC_REPRESENTATION_CONTEXT(2) 
PARAMETRIC_REPRESENTATION_CONTEXT() REPRESENTATION_CONTEXT('2D SPACE',''
  ) );
#899 = ORIENTED_EDGE('',*,*,#900,.F.);
#900 = EDGE_CURVE('',#901,#875,#903,.T.);
#901 = VERTEX_POINT('',#902);
#902 = CARTESIAN_POINT('',(-14.,45.,5.));
#903 = SURFACE_CURVE('',#904,(#908,#915),.PCURVE_S1.);
#904 = LINE('',#905,#906);
#905 = CARTESIAN_POINT('',(-14.,27.,5.));
#906 = VECTOR('',#907,1.);
#907 = DIRECTION('',(-0.,1.,0.));
#908 = PCURVE('',#235,#909);
#909 = DEFINITIONAL_REPRESENTATION('',(#910),#914);
#910 = LINE('',#911,#912);
#911 = CARTESIAN_POINT('',(0.,0.));
#912 = VECTOR('',#913,1.);
#913 = DIRECTION('',(0.,1.));
#914 = ( GEOMETRIC_REPRESENTATION_CONTEXT(2) 
PARAMETRIC_REPRESENTATION_CONTEXT() REPRESENTATION_CONTEXT('2D SPACE',''
  ) );
#915 = PCURVE('',#263,#916);
#916 = DEFINITIONAL_REPRESENTATION('',(#917),#921);
#917 = LINE('',#918,#919);
#918 = CARTESIAN_POINT('',(4.6,0.));
#919 = VECTOR('',#920,1.);
#920 = DIRECTION('',(0.,-1.));
#921 = ( GEOMETRIC_REPRESENTATION_CONTEXT(2) 
PARAMETRIC_REPRESENTATION_CONTEXT() REPRESENTATION_CONTEXT('2D SPACE',''
  ) );
#922 = ORIENTED_EDGE('',*,*,#923,.F.);
#923 = EDGE_CURVE('',#924,#901,#926,.T.);
#924 = VERTEX_POINT('',#925);
#925 = CARTESIAN_POINT('',(-13.,45.,5.));
#926 = SURFACE_CURVE('',#927,(#931,#937),.PCURVE_S1.);
#927 = LINE('',#928,#929);
#928 = CARTESIAN_POINT('',(-14.,45.,5.));
#929 = VECTOR('',#930,1.);
#930 = DIRECTION('',(-1.,-0.,0.));
#931 = PCURVE('',#235,#932);
#932 = DEFINITIONAL_REPRESENTATION('',(#933),#936);
#933 = B_SPLINE_CURVE_WITH_KNOTS('',1,(#934,#935),.UNSPECIFIED.,.F.,.F.,
  (2,2),(-1.,0.),.PIECEWISE_BEZIER_KNOTS.);
#934 = CARTESIAN_POINT('',(1.,18.));
#935 = CARTESIAN_POINT('',(0.,18.));
#936 = ( GEOMETRIC_REPRESENTATION_CONTEXT(2) 
PARAMETRIC_REPRESENTATION_CONTEXT() REPRESENTATION_CONTEXT('2D SPACE',''
  ) );
#937 = PCURVE('',#938,#943);
#938 = PLANE('',#939);
#939 = AXIS2_PLACEMENT_3D('',#940,#941,#942);
#940 = CARTESIAN_POINT('',(-14.,45.,4.5));
#941 = DIRECTION('',(-0.,1.,0.));
#942 = DIRECTION('',(0.,0.,1.));
#943 = DEFINITIONAL_REPRESENTATION('',(#944),#947);
#944 = B_SPLINE_CURVE_WITH_KNOTS('',1,(#945,#946),.UNSPECIFIED.,.F.,.F.,
  (2,2),(-1.,0.),.PIECEWISE_BEZIER_KNOTS.);
#945 = CARTESIAN_POINT('',(0.5,1.));
#946 = CARTESIAN_POINT('',(0.5,0.));
#947 = ( GEOMETRIC_REPRESENTATION_CONTEXT(2) 
PARAMETRIC_REPRESENTATION_CONTEXT() REPRESENTATION_CONTEXT('2D SPACE',''
  ) );
#948 = ORIENTED_EDGE('',*,*,#949,.F.);
#949 = EDGE_CURVE('',#950,#924,#952,.T.);
#950 = VERTEX_POINT('',#951);
#951 = CARTESIAN_POINT('',(-13.,41.,5.));
#952 = SURFACE_CURVE('',#953,(#957,#963),.PCURVE_S1.);
#953 = LINE('',#954,#955);
#954 = CARTESIAN_POINT('',(-13.,34.,5.));
#955 = VECTOR('',#956,1.);
#956 = DIRECTION('',(-0.,1.,0.));
#957 = PCURVE('',#235,#958);
#958 = DEFINITIONAL_REPRESENTATION('',(#959),#962);
#959 = B_SPLINE_CURVE_WITH_KNOTS('',1,(#960,#961),.UNSPECIFIED.,.F.,.F.,
  (2,2),(7.,11.),.PIECEWISE_BEZIER_KNOTS.);
#960 = CARTESIAN_POINT('',(1.,14.));
#961 = CARTESIAN_POINT('',(1.,18.));
#962 = ( GEOMETRIC_REPRESENTATION_CONTEXT(2) 
PARAMETRIC_REPRESENTATION_CONTEXT() REPRESENTATION_CONTEXT('2D SPACE',''
  ) );
#963 = PCURVE('',#964,#969);
#964 = PLANE('',#965);
#965 = AXIS2_PLACEMENT_3D('',#966,#967,#968);
#966 = CARTESIAN_POINT('',(-13.,41.,4.5));
#967 = DIRECTION('',(1.,0.,-0.));
#968 = DIRECTION('',(0.,0.,1.));
#969 = DEFINITIONAL_REPRESENTATION('',(#970),#973);
#970 = B_SPLINE_CURVE_WITH_KNOTS('',1,(#971,#972),.UNSPECIFIED.,.F.,.F.,
  (2,2),(7.,11.),.PIECEWISE_BEZIER_KNOTS.);
#971 = CARTESIAN_POINT('',(0.5,0.));
#972 = CARTESIAN_POINT('',(0.5,-4.));
#973 = ( GEOMETRIC_REPRESENTATION_CONTEXT(2) 
PARAMETRIC_REPRESENTATION_CONTEXT() REPRESENTATION_CONTEXT('2D SPACE',''
  ) );
#974 = ORIENTED_EDGE('',*,*,#975,.T.);
#975 = EDGE_CURVE('',#950,#976,#978,.T.);
#976 = VERTEX_POINT('',#977);
#977 = CARTESIAN_POINT('',(-14.,41.,5.));
#978 = SURFACE_CURVE('',#979,(#983,#989),.PCURVE_S1.);
#979 = LINE('',#980,#981);
#980 = CARTESIAN_POINT('',(-14.,41.,5.));
#981 = VECTOR('',#982,1.);
#982 = DIRECTION('',(-1.,-0.,0.));
#983 = PCURVE('',#235,#984);
#984 = DEFINITIONAL_REPRESENTATION('',(#985),#988);
#985 = B_SPLINE_CURVE_WITH_KNOTS('',1,(#986,#987),.UNSPECIFIED.,.F.,.F.,
  (2,2),(-1.,0.),.PIECEWISE_BEZIER_KNOTS.);
#986 = CARTESIAN_POINT('',(1.,14.));
#987 = CARTESIAN_POINT('',(0.,14.));
#988 = ( GEOMETRIC_REPRESENTATION_CONTEXT(2) 
PARAMETRIC_REPRESENTATION_CONTEXT() REPRESENTATION_CONTEXT('2D SPACE',''
  ) );
#989 = PCURVE('',#990,#995);
#990 = PLANE('',#991);
#991 = AXIS2_PLACEMENT_3D('',#992,#993,#994);
#992 = CARTESIAN_POINT('',(-14.,41.,4.5));
#993 = DIRECTION('',(-0.,1.,0.));
#994 = DIRECTION('',(0.,0.,1.));
#995 = DEFINITIONAL_REPRESENTATION('',(#996),#999);
#996 = B_SPLINE_CURVE_WITH_KNOTS('',1,(#997,#998),.UNSPECIFIED.,.F.,.F.,
  (2,2),(-1.,0.),.PIECEWISE_BEZIER_KNOTS.);
#997 = CARTESIAN_POINT('',(0.5,1.));
#998 = CARTESIAN_POINT('',(0.5,0.));
#999 = ( GEOMETRIC_REPRESENTATION_CONTEXT(2) 
PARAMETRIC_REPRESENTATION_CONTEXT() REPRESENTATION_CONTEXT('2D SPACE',''
  ) );
#1000 = ORIENTED_EDGE('',*,*,#1001,.F.);
#1001 = EDGE_CURVE('',#220,#976,#1002,.T.);
#1002 = SURFACE_CURVE('',#1003,(#1007,#1014),.PCURVE_S1.);
#1003 = LINE('',#1004,#1005);
#1004 = CARTESIAN_POINT('',(-14.,27.,5.));
#1005 = VECTOR('',#1006,1.);
#1006 = DIRECTION('',(-0.,1.,0.));
#1007 = PCURVE('',#235,#1008);
#1008 = DEFINITIONAL_REPRESENTATION('',(#1009),#1013);
#1009 = LINE('',#1010,#1011);
#1010 = CARTESIAN_POINT('',(0.,0.));
#1011 = VECTOR('',#1012,1.);
#1012 = DIRECTION('',(0.,1.));
#1013 = ( GEOMETRIC_REPRESENTATION_CONTEXT(2) 
PARAMETRIC_REPRESENTATION_CONTEXT() REPRESENTATION_CONTEXT('2D SPACE',''
  ) );
#1014 = PCURVE('',#263,#1015);
#1015 = DEFINITIONAL_REPRESENTATION('',(#1016),#1020);
#1016 = LINE('',#1017,#1018);
#1017 = CARTESIAN_POINT('',(4.6,0.));
#1018 = VECTOR('',#1019,1.);
#1019 = DIRECTION('',(0.,-1.));
#1020 = ( GEOMETRIC_REPRESENTATION_CONTEXT(2) 
PARAMETRIC_REPRESENTATION_CONTEXT() REPRESENTATION_CONTEXT('2D SPACE',''
  ) );
#1021 = ORIENTED_EDGE('',*,*,#219,.T.);
#1022 = ORIENTED_EDGE('',*,*,#646,.F.);
#1023 = ORIENTED_EDGE('',*,*,#1024,.T.);
#1024 = EDGE_CURVE('',#623,#1025,#1027,.T.);
#1025 = VERTEX_POINT('',#1026);
#1026 = CARTESIAN_POINT('',(-7.,33.,5.));
#1027 = SURFACE_CURVE('',#1028,(#1032,#1038),.PCURVE_S1.);
#1028 = LINE('',#1029,#1030);
#1029 = CARTESIAN_POINT('',(-7.,33.,5.));
#1030 = VECTOR('',#1031,1.);
#1031 = DIRECTION('',(1.,0.,-0.));
#1032 = PCURVE('',#235,#1033);
#1033 = DEFINITIONAL_REPRESENTATION('',(#1034),#1037);
#1034 = B_SPLINE_CURVE_WITH_KNOTS('',1,(#1035,#1036),.UNSPECIFIED.,.F.,
  .F.,(2,2),(-7.,0.),.PIECEWISE_BEZIER_KNOTS.);
#1035 = CARTESIAN_POINT('',(0.,6.));
#1036 = CARTESIAN_POINT('',(7.,6.));
#1037 = ( GEOMETRIC_REPRESENTATION_CONTEXT(2) 
PARAMETRIC_REPRESENTATION_CONTEXT() REPRESENTATION_CONTEXT('2D SPACE',''
  ) );
#1038 = PCURVE('',#457,#1039);
#1039 = DEFINITIONAL_REPRESENTATION('',(#1040),#1043);
#1040 = B_SPLINE_CURVE_WITH_KNOTS('',1,(#1041,#1042),.UNSPECIFIED.,.F.,
  .F.,(2,2),(-7.,0.),.PIECEWISE_BEZIER_KNOTS.);
#1041 = CARTESIAN_POINT('',(-14.,5.));
#1042 = CARTESIAN_POINT('',(-7.,5.));
#1043 = ( GEOMETRIC_REPRESENTATION_CONTEXT(2) 
PARAMETRIC_REPRESENTATION_CONTEXT() REPRESENTATION_CONTEXT('2D SPACE',''
  ) );
#1044 = ORIENTED_EDGE('',*,*,#1045,.T.);
#1045 = EDGE_CURVE('',#1025,#1046,#1048,.T.);
#1046 = VERTEX_POINT('',#1047);
#1047 = CARTESIAN_POINT('',(-7.,40.5,5.));
#1048 = SURFACE_CURVE('',#1049,(#1053,#1060),.PCURVE_S1.);
#1049 = LINE('',#1050,#1051);
#1050 = CARTESIAN_POINT('',(-7.,27.,5.));
#1051 = VECTOR('',#1052,1.);
#1052 = DIRECTION('',(-0.,1.,0.));
#1053 = PCURVE('',#235,#1054);
#1054 = DEFINITIONAL_REPRESENTATION('',(#1055),#1059);
#1055 = LINE('',#1056,#1057);
#1056 = CARTESIAN_POINT('',(7.,0.));
#1057 = VECTOR('',#1058,1.);
#1058 = DIRECTION('',(0.,1.));
#1059 = ( GEOMETRIC_REPRESENTATION_CONTEXT(2) 
PARAMETRIC_REPRESENTATION_CONTEXT() REPRESENTATION_CONTEXT('2D SPACE',''
  ) );
#1060 = PCURVE('',#1061,#1066);
#1061 = PLANE('',#1062);
#1062 = AXIS2_PLACEMENT_3D('',#1063,#1064,#1065);
#1063 = CARTESIAN_POINT('',(-7.,27.,0.4));
#1064 = DIRECTION('',(1.,0.,-0.));
#1065 = DIRECTION('',(0.,0.,1.));
#1066 = DEFINITIONAL_REPRESENTATION('',(#1067),#1071);
#1067 = LINE('',#1068,#1069);
#1068 = CARTESIAN_POINT('',(4.6,0.));
#1069 = VECTOR('',#1070,1.);
#1070 = DIRECTION('',(0.,-1.));
#1071 = ( GEOMETRIC_REPRESENTATION_CONTEXT(2) 
PARAMETRIC_REPRESENTATION_CONTEXT() REPRESENTATION_CONTEXT('2D SPACE',''
  ) );
#1072 = ORIENTED_EDGE('',*,*,#1073,.T.);
#1073 = EDGE_CURVE('',#1046,#1074,#1076,.T.);
#1074 = VERTEX_POINT('',#1075);
#1075 = CARTESIAN_POINT('',(-9.5,40.5,5.));
#1076 = SURFACE_CURVE('',#1077,(#1081,#1087),.PCURVE_S1.);
#1077 = LINE('',#1078,#1079);
#1078 = CARTESIAN_POINT('',(-11.75,40.5,5.));
#1079 = VECTOR('',#1080,1.);
#1080 = DIRECTION('',(-1.,-0.,0.));
#1081 = PCURVE('',#235,#1082);
#1082 = DEFINITIONAL_REPRESENTATION('',(#1083),#1086);
#1083 = B_SPLINE_CURVE_WITH_KNOTS('',1,(#1084,#1085),.UNSPECIFIED.,.F.,
  .F.,(2,2),(-4.75,-2.25),.PIECEWISE_BEZIER_KNOTS.);
#1084 = CARTESIAN_POINT('',(7.,13.5));
#1085 = CARTESIAN_POINT('',(4.5,13.5));
#1086 = ( GEOMETRIC_REPRESENTATION_CONTEXT(2) 
PARAMETRIC_REPRESENTATION_CONTEXT() REPRESENTATION_CONTEXT('2D SPACE',''
  ) );
#1087 = PCURVE('',#1088,#1093);
#1088 = PLANE('',#1089);
#1089 = AXIS2_PLACEMENT_3D('',#1090,#1091,#1092);
#1090 = CARTESIAN_POINT('',(-9.5,40.5,4.78023436887));
#1091 = DIRECTION('',(-0.,1.,0.));
#1092 = DIRECTION('',(0.,0.,1.));
#1093 = DEFINITIONAL_REPRESENTATION('',(#1094),#1097);
#1094 = B_SPLINE_CURVE_WITH_KNOTS('',1,(#1095,#1096),.UNSPECIFIED.,.F.,
  .F.,(2,2),(-4.75,-2.25),.PIECEWISE_BEZIER_KNOTS.);
#1095 = CARTESIAN_POINT('',(0.21976563113,2.5));
#1096 = CARTESIAN_POINT('',(0.21976563113,0.));
#1097 = ( GEOMETRIC_REPRESENTATION_CONTEXT(2) 
PARAMETRIC_REPRESENTATION_CONTEXT() REPRESENTATION_CONTEXT('2D SPACE',''
  ) );
#1098 = ORIENTED_EDGE('',*,*,#1099,.T.);
#1099 = EDGE_CURVE('',#1074,#1100,#1102,.T.);
#1100 = VERTEX_POINT('',#1101);
#1101 = CARTESIAN_POINT('',(-9.5,45.5,5.));
#1102 = SURFACE_CURVE('',#1103,(#1107,#1113),.PCURVE_S1.);
#1103 = LINE('',#1104,#1105);
#1104 = CARTESIAN_POINT('',(-9.5,33.75,5.));
#1105 = VECTOR('',#1106,1.);
#1106 = DIRECTION('',(-0.,1.,0.));
#1107 = PCURVE('',#235,#1108);
#1108 = DEFINITIONAL_REPRESENTATION('',(#1109),#1112);
#1109 = B_SPLINE_CURVE_WITH_KNOTS('',1,(#1110,#1111),.UNSPECIFIED.,.F.,
  .F.,(2,2),(6.75,11.75),.PIECEWISE_BEZIER_KNOTS.);
#1110 = CARTESIAN_POINT('',(4.5,13.5));
#1111 = CARTESIAN_POINT('',(4.5,18.5));
#1112 = ( GEOMETRIC_REPRESENTATION_CONTEXT(2) 
PARAMETRIC_REPRESENTATION_CONTEXT() REPRESENTATION_CONTEXT('2D SPACE',''
  ) );
#1113 = PCURVE('',#1114,#1119);
#1114 = PLANE('',#1115);
#1115 = AXIS2_PLACEMENT_3D('',#1116,#1117,#1118);
#1116 = CARTESIAN_POINT('',(-9.5,40.5,4.78023436887));
#1117 = DIRECTION('',(1.,0.,-0.));
#1118 = DIRECTION('',(0.,0.,1.));
#1119 = DEFINITIONAL_REPRESENTATION('',(#1120),#1123);
#1120 = B_SPLINE_CURVE_WITH_KNOTS('',1,(#1121,#1122),.UNSPECIFIED.,.F.,
  .F.,(2,2),(6.75,11.75),.PIECEWISE_BEZIER_KNOTS.);
#1121 = CARTESIAN_POINT('',(0.21976563113,0.));
#1122 = CARTESIAN_POINT('',(0.21976563113,-5.));
#1123 = ( GEOMETRIC_REPRESENTATION_CONTEXT(2) 
PARAMETRIC_REPRESENTATION_CONTEXT() REPRESENTATION_CONTEXT('2D SPACE',''
  ) );
#1124 = ORIENTED_EDGE('',*,*,#1125,.F.);
#1125 = EDGE_CURVE('',#1126,#1100,#1128,.T.);
#1126 = VERTEX_POINT('',#1127);
#1127 = CARTESIAN_POINT('',(-7.3,45.5,5.));
#1128 = SURFACE_CURVE('',#1129,(#1133,#1139),.PCURVE_S1.);
#1129 = LINE('',#1130,#1131);
#1130 = CARTESIAN_POINT('',(-11.75,45.5,5.));
#1131 = VECTOR('',#1132,1.);
#1132 = DIRECTION('',(-1.,-0.,0.));
#1133 = PCURVE('',#235,#1134);
#1134 = DEFINITIONAL_REPRESENTATION('',(#1135),#1138);
#1135 = B_SPLINE_CURVE_WITH_KNOTS('',1,(#1136,#1137),.UNSPECIFIED.,.F.,
  .F.,(2,2),(-4.75,-2.25),.PIECEWISE_BEZIER_KNOTS.);
#1136 = CARTESIAN_POINT('',(7.,18.5));
#1137 = CARTESIAN_POINT('',(4.5,18.5));
#1138 = ( GEOMETRIC_REPRESENTATION_CONTEXT(2) 
PARAMETRIC_REPRESENTATION_CONTEXT() REPRESENTATION_CONTEXT('2D SPACE',''
  ) );
#1139 = PCURVE('',#1140,#1145);
#1140 = PLANE('',#1141);
#1141 = AXIS2_PLACEMENT_3D('',#1142,#1143,#1144);
#1142 = CARTESIAN_POINT('',(-9.5,45.5,4.78023436887));
#1143 = DIRECTION('',(-0.,1.,0.));
#1144 = DIRECTION('',(0.,0.,1.));
#1145 = DEFINITIONAL_REPRESENTATION('',(#1146),#1149);
#1146 = B_SPLINE_CURVE_WITH_KNOTS('',1,(#1147,#1148),.UNSPECIFIED.,.F.,
  .F.,(2,2),(-4.75,-2.25),.PIECEWISE_BEZIER_KNOTS.);
#1147 = CARTESIAN_POINT('',(0.21976563113,2.5));
#1148 = CARTESIAN_POINT('',(0.21976563113,0.));
#1149 = ( GEOMETRIC_REPRESENTATION_CONTEXT(2) 
PARAMETRIC_REPRESENTATION_CONTEXT() REPRESENTATION_CONTEXT('2D SPACE',''
  ) );
#1150 = ORIENTED_EDGE('',*,*,#1151,.T.);
#1151 = EDGE_CURVE('',#1126,#1152,#1154,.T.);
#1152 = VERTEX_POINT('',#1153);
#1153 = CARTESIAN_POINT('',(-7.3,46.,5.));
#1154 = SURFACE_CURVE('',#1155,(#1159,#1165),.PCURVE_S1.);
#1155 = LINE('',#1156,#1157);
#1156 = CARTESIAN_POINT('',(-7.3,36.25,5.));
#1157 = VECTOR('',#1158,1.);
#1158 = DIRECTION('',(-0.,1.,0.));
#1159 = PCURVE('',#235,#1160);
#1160 = DEFINITIONAL_REPRESENTATION('',(#1161),#1164);
#1161 = B_SPLINE_CURVE_WITH_KNOTS('',1,(#1162,#1163),.UNSPECIFIED.,.F.,
  .F.,(2,2),(9.25,9.75),.PIECEWISE_BEZIER_KNOTS.);
#1162 = CARTESIAN_POINT('',(6.7,18.5));
#1163 = CARTESIAN_POINT('',(6.7,19.));
#1164 = ( GEOMETRIC_REPRESENTATION_CONTEXT(2) 
PARAMETRIC_REPRESENTATION_CONTEXT() REPRESENTATION_CONTEXT('2D SPACE',''
  ) );
#1165 = PCURVE('',#1166,#1171);
#1166 = PLANE('',#1167);
#1167 = AXIS2_PLACEMENT_3D('',#1168,#1169,#1170);
#1168 = CARTESIAN_POINT('',(-7.3,45.5,4.5));
#1169 = DIRECTION('',(1.,0.,-0.));
#1170 = DIRECTION('',(0.,0.,1.));
#1171 = DEFINITIONAL_REPRESENTATION('',(#1172),#1175);
#1172 = B_SPLINE_CURVE_WITH_KNOTS('',1,(#1173,#1174),.UNSPECIFIED.,.F.,
  .F.,(2,2),(9.25,9.75),.PIECEWISE_BEZIER_KNOTS.);
#1173 = CARTESIAN_POINT('',(0.5,0.));
#1174 = CARTESIAN_POINT('',(0.5,-0.5));
#1175 = ( GEOMETRIC_REPRESENTATION_CONTEXT(2) 
PARAMETRIC_REPRESENTATION_CONTEXT() REPRESENTATION_CONTEXT('2D SPACE',''
  ) );
#1176 = ORIENTED_EDGE('',*,*,#1177,.F.);
#1177 = EDGE_CURVE('',#1178,#1152,#1180,.T.);
#1178 = VERTEX_POINT('',#1179);
#1179 = CARTESIAN_POINT('',(-7.,46.,5.));
#1180 = SURFACE_CURVE('',#1181,(#1185,#1191),.PCURVE_S1.);
#1181 = LINE('',#1182,#1183);
#1182 = CARTESIAN_POINT('',(-10.65,46.,5.));
#1183 = VECTOR('',#1184,1.);
#1184 = DIRECTION('',(-1.,-0.,0.));
#1185 = PCURVE('',#235,#1186);
#1186 = DEFINITIONAL_REPRESENTATION('',(#1187),#1190);
#1187 = B_SPLINE_CURVE_WITH_KNOTS('',1,(#1188,#1189),.UNSPECIFIED.,.F.,
  .F.,(2,2),(-3.65,-3.35),.PIECEWISE_BEZIER_KNOTS.);
#1188 = CARTESIAN_POINT('',(7.,19.));
#1189 = CARTESIAN_POINT('',(6.7,19.));
#1190 = ( GEOMETRIC_REPRESENTATION_CONTEXT(2) 
PARAMETRIC_REPRESENTATION_CONTEXT() REPRESENTATION_CONTEXT('2D SPACE',''
  ) );
#1191 = PCURVE('',#1192,#1197);
#1192 = PLANE('',#1193);
#1193 = AXIS2_PLACEMENT_3D('',#1194,#1195,#1196);
#1194 = CARTESIAN_POINT('',(-7.3,46.,4.5));
#1195 = DIRECTION('',(-0.,1.,0.));
#1196 = DIRECTION('',(0.,0.,1.));
#1197 = DEFINITIONAL_REPRESENTATION('',(#1198),#1201);
#1198 = B_SPLINE_CURVE_WITH_KNOTS('',1,(#1199,#1200),.UNSPECIFIED.,.F.,
  .F.,(2,2),(-3.65,-3.35),.PIECEWISE_BEZIER_KNOTS.);
#1199 = CARTESIAN_POINT('',(0.5,0.3));
#1200 = CARTESIAN_POINT('',(0.5,0.));
#1201 = ( GEOMETRIC_REPRESENTATION_CONTEXT(2) 
PARAMETRIC_REPRESENTATION_CONTEXT() REPRESENTATION_CONTEXT('2D SPACE',''
  ) );
#1202 = ORIENTED_EDGE('',*,*,#1203,.T.);
#1203 = EDGE_CURVE('',#1178,#1204,#1206,.T.);
#1204 = VERTEX_POINT('',#1205);
#1205 = CARTESIAN_POINT('',(-7.,65.5,5.));
#1206 = SURFACE_CURVE('',#1207,(#1211,#1218),.PCURVE_S1.);
#1207 = LINE('',#1208,#1209);
#1208 = CARTESIAN_POINT('',(-7.,27.,5.));
#1209 = VECTOR('',#1210,1.);
#1210 = DIRECTION('',(-0.,1.,0.));
#1211 = PCURVE('',#235,#1212);
#1212 = DEFINITIONAL_REPRESENTATION('',(#1213),#1217);
#1213 = LINE('',#1214,#1215);
#1214 = CARTESIAN_POINT('',(7.,0.));
#1215 = VECTOR('',#1216,1.);
#1216 = DIRECTION('',(0.,1.));
#1217 = ( GEOMETRIC_REPRESENTATION_CONTEXT(2) 
PARAMETRIC_REPRESENTATION_CONTEXT() REPRESENTATION_CONTEXT('2D SPACE',''
  ) );
#1218 = PCURVE('',#1061,#1219);
#1219 = DEFINITIONAL_REPRESENTATION('',(#1220),#1224);
#1220 = LINE('',#1221,#1222);
#1221 = CARTESIAN_POINT('',(4.6,0.));
#1222 = VECTOR('',#1223,1.);
#1223 = DIRECTION('',(0.,-1.));
#1224 = ( GEOMETRIC_REPRESENTATION_CONTEXT(2) 
PARAMETRIC_REPRESENTATION_CONTEXT() REPRESENTATION_CONTEXT('2D SPACE',''
  ) );
#1225 = ORIENTED_EDGE('',*,*,#1226,.T.);
#1226 = EDGE_CURVE('',#1204,#1227,#1229,.T.);
#1227 = VERTEX_POINT('',#1228);
#1228 = CARTESIAN_POINT('',(-9.5,65.5,5.));
#1229 = SURFACE_CURVE('',#1230,(#1234,#1240),.PCURVE_S1.);
#1230 = LINE('',#1231,#1232);
#1231 = CARTESIAN_POINT('',(-11.75,65.5,5.));
#1232 = VECTOR('',#1233,1.);
#1233 = DIRECTION('',(-1.,-0.,0.));
#1234 = PCURVE('',#235,#1235);
#1235 = DEFINITIONAL_REPRESENTATION('',(#1236),#1239);
#1236 = B_SPLINE_CURVE_WITH_KNOTS('',1,(#1237,#1238),.UNSPECIFIED.,.F.,
  .F.,(2,2),(-4.75,-2.25),.PIECEWISE_BEZIER_KNOTS.);
#1237 = CARTESIAN_POINT('',(7.,38.5));
#1238 = CARTESIAN_POINT('',(4.5,38.5));
#1239 = ( GEOMETRIC_REPRESENTATION_CONTEXT(2) 
PARAMETRIC_REPRESENTATION_CONTEXT() REPRESENTATION_CONTEXT('2D SPACE',''
  ) );
#1240 = PCURVE('',#1241,#1246);
#1241 = PLANE('',#1242);
#1242 = AXIS2_PLACEMENT_3D('',#1243,#1244,#1245);
#1243 = CARTESIAN_POINT('',(-9.5,65.5,4.78023436887));
#1244 = DIRECTION('',(-0.,1.,0.));
#1245 = DIRECTION('',(0.,0.,1.));
#1246 = DEFINITIONAL_REPRESENTATION('',(#1247),#1250);
#1247 = B_SPLINE_CURVE_WITH_KNOTS('',1,(#1248,#1249),.UNSPECIFIED.,.F.,
  .F.,(2,2),(-4.75,-2.25),.PIECEWISE_BEZIER_KNOTS.);
#1248 = CARTESIAN_POINT('',(0.21976563113,2.5));
#1249 = CARTESIAN_POINT('',(0.21976563113,0.));
#1250 = ( GEOMETRIC_REPRESENTATION_CONTEXT(2) 
PARAMETRIC_REPRESENTATION_CONTEXT() REPRESENTATION_CONTEXT('2D SPACE',''
  ) );
#1251 = ORIENTED_EDGE('',*,*,#1252,.T.);
#1252 = EDGE_CURVE('',#1227,#1253,#1255,.T.);
#1253 = VERTEX_POINT('',#1254);
#1254 = CARTESIAN_POINT('',(-9.5,70.5,5.));
#1255 = SURFACE_CURVE('',#1256,(#1260,#1266),.PCURVE_S1.);
#1256 = LINE('',#1257,#1258);
#1257 = CARTESIAN_POINT('',(-9.5,46.25,5.));
#1258 = VECTOR('',#1259,1.);
#1259 = DIRECTION('',(-0.,1.,0.));
#1260 = PCURVE('',#235,#1261);
#1261 = DEFINITIONAL_REPRESENTATION('',(#1262),#1265);
#1262 = B_SPLINE_CURVE_WITH_KNOTS('',1,(#1263,#1264),.UNSPECIFIED.,.F.,
  .F.,(2,2),(19.25,24.25),.PIECEWISE_BEZIER_KNOTS.);
#1263 = CARTESIAN_POINT('',(4.5,38.5));
#1264 = CARTESIAN_POINT('',(4.5,43.5));
#1265 = ( GEOMETRIC_REPRESENTATION_CONTEXT(2) 
PARAMETRIC_REPRESENTATION_CONTEXT() REPRESENTATION_CONTEXT('2D SPACE',''
  ) );
#1266 = PCURVE('',#1267,#1272);
#1267 = PLANE('',#1268);
#1268 = AXIS2_PLACEMENT_3D('',#1269,#1270,#1271);
#1269 = CARTESIAN_POINT('',(-9.5,65.5,4.78023436887));
#1270 = DIRECTION('',(1.,0.,-0.));
#1271 = DIRECTION('',(0.,0.,1.));
#1272 = DEFINITIONAL_REPRESENTATION('',(#1273),#1276);
#1273 = B_SPLINE_CURVE_WITH_KNOTS('',1,(#1274,#1275),.UNSPECIFIED.,.F.,
  .F.,(2,2),(19.25,24.25),.PIECEWISE_BEZIER_KNOTS.);
#1274 = CARTESIAN_POINT('',(0.21976563113,0.));
#1275 = CARTESIAN_POINT('',(0.21976563113,-5.));
#1276 = ( GEOMETRIC_REPRESENTATION_CONTEXT(2) 
PARAMETRIC_REPRESENTATION_CONTEXT() REPRESENTATION_CONTEXT('2D SPACE',''
  ) );
#1277 = ORIENTED_EDGE('',*,*,#1278,.F.);
#1278 = EDGE_CURVE('',#1279,#1253,#1281,.T.);
#1279 = VERTEX_POINT('',#1280);
#1280 = CARTESIAN_POINT('',(-7.3,70.5,5.));
#1281 = SURFACE_CURVE('',#1282,(#1286,#1292),.PCURVE_S1.);
#1282 = LINE('',#1283,#1284);
#1283 = CARTESIAN_POINT('',(-11.75,70.5,5.));
#1284 = VECTOR('',#1285,1.);
#1285 = DIRECTION('',(-1.,-0.,0.));
#1286 = PCURVE('',#235,#1287);
#1287 = DEFINITIONAL_REPRESENTATION('',(#1288),#1291);
#1288 = B_SPLINE_CURVE_WITH_KNOTS('',1,(#1289,#1290),.UNSPECIFIED.,.F.,
  .F.,(2,2),(-4.75,-2.25),.PIECEWISE_BEZIER_KNOTS.);
#1289 = CARTESIAN_POINT('',(7.,43.5));
#1290 = CARTESIAN_POINT('',(4.5,43.5));
#1291 = ( GEOMETRIC_REPRESENTATION_CONTEXT(2) 
PARAMETRIC_REPRESENTATION_CONTEXT() REPRESENTATION_CONTEXT('2D SPACE',''
  ) );
#1292 = PCURVE('',#1293,#1298);
#1293 = PLANE('',#1294);
#1294 = AXIS2_PLACEMENT_3D('',#1295,#1296,#1297);
#1295 = CARTESIAN_POINT('',(-9.5,70.5,4.78023436887));
#1296 = DIRECTION('',(-0.,1.,0.));
#1297 = DIRECTION('',(0.,0.,1.));
#1298 = DEFINITIONAL_REPRESENTATION('',(#1299),#1302);
#1299 = B_SPLINE_CURVE_WITH_KNOTS('',1,(#1300,#1301),.UNSPECIFIED.,.F.,
  .F.,(2,2),(-4.75,-2.25),.PIECEWISE_BEZIER_KNOTS.);
#1300 = CARTESIAN_POINT('',(0.21976563113,2.5));
#1301 = CARTESIAN_POINT('',(0.21976563113,0.));
#1302 = ( GEOMETRIC_REPRESENTATION_CONTEXT(2) 
PARAMETRIC_REPRESENTATION_CONTEXT() REPRESENTATION_CONTEXT('2D SPACE',''
  ) );
#1303 = ORIENTED_EDGE('',*,*,#1304,.T.);
#1304 = EDGE_CURVE('',#1279,#1305,#1307,.T.);
#1305 = VERTEX_POINT('',#1306);
#1306 = CARTESIAN_POINT('',(-7.3,71.,5.));
#1307 = SURFACE_CURVE('',#1308,(#1312,#1318),.PCURVE_S1.);
#1308 = LINE('',#1309,#1310);
#1309 = CARTESIAN_POINT('',(-7.3,48.75,5.));
#1310 = VECTOR('',#1311,1.);
#1311 = DIRECTION('',(-0.,1.,0.));
#1312 = PCURVE('',#235,#1313);
#1313 = DEFINITIONAL_REPRESENTATION('',(#1314),#1317);
#1314 = B_SPLINE_CURVE_WITH_KNOTS('',1,(#1315,#1316),.UNSPECIFIED.,.F.,
  .F.,(2,2),(21.75,22.25),.PIECEWISE_BEZIER_KNOTS.);
#1315 = CARTESIAN_POINT('',(6.7,43.5));
#1316 = CARTESIAN_POINT('',(6.7,44.));
#1317 = ( GEOMETRIC_REPRESENTATION_CONTEXT(2) 
PARAMETRIC_REPRESENTATION_CONTEXT() REPRESENTATION_CONTEXT('2D SPACE',''
  ) );
#1318 = PCURVE('',#1319,#1324);
#1319 = PLANE('',#1320);
#1320 = AXIS2_PLACEMENT_3D('',#1321,#1322,#1323);
#1321 = CARTESIAN_POINT('',(-7.3,70.5,4.5));
#1322 = DIRECTION('',(1.,0.,-0.));
#1323 = DIRECTION('',(0.,0.,1.));
#1324 = DEFINITIONAL_REPRESENTATION('',(#1325),#1328);
#1325 = B_SPLINE_CURVE_WITH_KNOTS('',1,(#1326,#1327),.UNSPECIFIED.,.F.,
  .F.,(2,2),(21.75,22.25),.PIECEWISE_BEZIER_KNOTS.);
#1326 = CARTESIAN_POINT('',(0.5,0.));
#1327 = CARTESIAN_POINT('',(0.5,-0.5));
#1328 = ( GEOMETRIC_REPRESENTATION_CONTEXT(2) 
PARAMETRIC_REPRESENTATION_CONTEXT() REPRESENTATION_CONTEXT('2D SPACE',''
  ) );
#1329 = ORIENTED_EDGE('',*,*,#1330,.F.);
#1330 = EDGE_CURVE('',#1331,#1305,#1333,.T.);
#1331 = VERTEX_POINT('',#1332);
#1332 = CARTESIAN_POINT('',(-7.,71.,5.));
#1333 = SURFACE_CURVE('',#1334,(#1338,#1344),.PCURVE_S1.);
#1334 = LINE('',#1335,#1336);
#1335 = CARTESIAN_POINT('',(-10.65,71.,5.));
#1336 = VECTOR('',#1337,1.);
#1337 = DIRECTION('',(-1.,-0.,0.));
#1338 = PCURVE('',#235,#1339);
#1339 = DEFINITIONAL_REPRESENTATION('',(#1340),#1343);
#1340 = B_SPLINE_CURVE_WITH_KNOTS('',1,(#1341,#1342),.UNSPECIFIED.,.F.,
  .F.,(2,2),(-3.65,-3.35),.PIECEWISE_BEZIER_KNOTS.);
#1341 = CARTESIAN_POINT('',(7.,44.));
#1342 = CARTESIAN_POINT('',(6.7,44.));
#1343 = ( GEOMETRIC_REPRESENTATION_CONTEXT(2) 
PARAMETRIC_REPRESENTATION_CONTEXT() REPRESENTATION_CONTEXT('2D SPACE',''
  ) );
#1344 = PCURVE('',#1345,#1350);
#1345 = PLANE('',#1346);
#1346 = AXIS2_PLACEMENT_3D('',#1347,#1348,#1349);
#1347 = CARTESIAN_POINT('',(-7.3,71.,4.5));
#1348 = DIRECTION('',(-0.,1.,0.));
#1349 = DIRECTION('',(0.,0.,1.));
#1350 = DEFINITIONAL_REPRESENTATION('',(#1351),#1354);
#1351 = B_SPLINE_CURVE_WITH_KNOTS('',1,(#1352,#1353),.UNSPECIFIED.,.F.,
  .F.,(2,2),(-3.65,-3.35),.PIECEWISE_BEZIER_KNOTS.);
#1352 = CARTESIAN_POINT('',(0.5,0.3));
#1353 = CARTESIAN_POINT('',(0.5,0.));
#1354 = ( GEOMETRIC_REPRESENTATION_CONTEXT(2) 
PARAMETRIC_REPRESENTATION_CONTEXT() REPRESENTATION_CONTEXT('2D SPACE',''
  ) );
#1355 = ORIENTED_EDGE('',*,*,#1356,.T.);
#1356 = EDGE_CURVE('',#1331,#1357,#1359,.T.);
#1357 = VERTEX_POINT('',#1358);
#1358 = CARTESIAN_POINT('',(-7.,82.5,5.));
#1359 = SURFACE_CURVE('',#1360,(#1364,#1371),.PCURVE_S1.);
#1360 = LINE('',#1361,#1362);
#1361 = CARTESIAN_POINT('',(-7.,27.,5.));
#1362 = VECTOR('',#1363,1.);
#1363 = DIRECTION('',(-0.,1.,0.));
#1364 = PCURVE('',#235,#1365);
#1365 = DEFINITIONAL_REPRESENTATION('',(#1366),#1370);
#1366 = LINE('',#1367,#1368);
#1367 = CARTESIAN_POINT('',(7.,0.));
#1368 = VECTOR('',#1369,1.);
#1369 = DIRECTION('',(0.,1.));
#1370 = ( GEOMETRIC_REPRESENTATION_CONTEXT(2) 
PARAMETRIC_REPRESENTATION_CONTEXT() REPRESENTATION_CONTEXT('2D SPACE',''
  ) );
#1371 = PCURVE('',#1061,#1372);
#1372 = DEFINITIONAL_REPRESENTATION('',(#1373),#1377);
#1373 = LINE('',#1374,#1375);
#1374 = CARTESIAN_POINT('',(4.6,0.));
#1375 = VECTOR('',#1376,1.);
#1376 = DIRECTION('',(0.,-1.));
#1377 = ( GEOMETRIC_REPRESENTATION_CONTEXT(2) 
PARAMETRIC_REPRESENTATION_CONTEXT() REPRESENTATION_CONTEXT('2D SPACE',''
  ) );
#1378 = ORIENTED_EDGE('',*,*,#1379,.T.);
#1379 = EDGE_CURVE('',#1357,#1380,#1382,.T.);
#1380 = VERTEX_POINT('',#1381);
#1381 = CARTESIAN_POINT('',(-9.5,82.5,5.));
#1382 = SURFACE_CURVE('',#1383,(#1387,#1393),.PCURVE_S1.);
#1383 = LINE('',#1384,#1385);
#1384 = CARTESIAN_POINT('',(-11.75,82.5,5.));
#1385 = VECTOR('',#1386,1.);
#1386 = DIRECTION('',(-1.,-0.,0.));
#1387 = PCURVE('',#235,#1388);
#1388 = DEFINITIONAL_REPRESENTATION('',(#1389),#1392);
#1389 = B_SPLINE_CURVE_WITH_KNOTS('',1,(#1390,#1391),.UNSPECIFIED.,.F.,
  .F.,(2,2),(-4.75,-2.25),.PIECEWISE_BEZIER_KNOTS.);
#1390 = CARTESIAN_POINT('',(7.,55.5));
#1391 = CARTESIAN_POINT('',(4.5,55.5));
#1392 = ( GEOMETRIC_REPRESENTATION_CONTEXT(2) 
PARAMETRIC_REPRESENTATION_CONTEXT() REPRESENTATION_CONTEXT('2D SPACE',''
  ) );
#1393 = PCURVE('',#1394,#1399);
#1394 = PLANE('',#1395);
#1395 = AXIS2_PLACEMENT_3D('',#1396,#1397,#1398);
#1396 = CARTESIAN_POINT('',(-9.5,82.5,4.78023436887));
#1397 = DIRECTION('',(-0.,1.,0.));
#1398 = DIRECTION('',(0.,0.,1.));
#1399 = DEFINITIONAL_REPRESENTATION('',(#1400),#1403);
#1400 = B_SPLINE_CURVE_WITH_KNOTS('',1,(#1401,#1402),.UNSPECIFIED.,.F.,
  .F.,(2,2),(-4.75,-2.25),.PIECEWISE_BEZIER_KNOTS.);
#1401 = CARTESIAN_POINT('',(0.21976563113,2.5));
#1402 = CARTESIAN_POINT('',(0.21976563113,0.));
#1403 = ( GEOMETRIC_REPRESENTATION_CONTEXT(2) 
PARAMETRIC_REPRESENTATION_CONTEXT() REPRESENTATION_CONTEXT('2D SPACE',''
  ) );
#1404 = ORIENTED_EDGE('',*,*,#1405,.T.);
#1405 = EDGE_CURVE('',#1380,#1406,#1408,.T.);
#1406 = VERTEX_POINT('',#1407);
#1407 = CARTESIAN_POINT('',(-9.5,87.5,5.));
#1408 = SURFACE_CURVE('',#1409,(#1413,#1419),.PCURVE_S1.);
#1409 = LINE('',#1410,#1411);
#1410 = CARTESIAN_POINT('',(-9.5,54.75,5.));
#1411 = VECTOR('',#1412,1.);
#1412 = DIRECTION('',(-0.,1.,0.));
#1413 = PCURVE('',#235,#1414);
#1414 = DEFINITIONAL_REPRESENTATION('',(#1415),#1418);
#1415 = B_SPLINE_CURVE_WITH_KNOTS('',1,(#1416,#1417),.UNSPECIFIED.,.F.,
  .F.,(2,2),(27.75,32.75),.PIECEWISE_BEZIER_KNOTS.);
#1416 = CARTESIAN_POINT('',(4.5,55.5));
#1417 = CARTESIAN_POINT('',(4.5,60.5));
#1418 = ( GEOMETRIC_REPRESENTATION_CONTEXT(2) 
PARAMETRIC_REPRESENTATION_CONTEXT() REPRESENTATION_CONTEXT('2D SPACE',''
  ) );
#1419 = PCURVE('',#1420,#1425);
#1420 = PLANE('',#1421);
#1421 = AXIS2_PLACEMENT_3D('',#1422,#1423,#1424);
#1422 = CARTESIAN_POINT('',(-9.5,82.5,4.78023436887));
#1423 = DIRECTION('',(1.,0.,-0.));
#1424 = DIRECTION('',(0.,0.,1.));
#1425 = DEFINITIONAL_REPRESENTATION('',(#1426),#1429);
#1426 = B_SPLINE_CURVE_WITH_KNOTS('',1,(#1427,#1428),.UNSPECIFIED.,.F.,
  .F.,(2,2),(27.75,32.75),.PIECEWISE_BEZIER_KNOTS.);
#1427 = CARTESIAN_POINT('',(0.21976563113,0.));
#1428 = CARTESIAN_POINT('',(0.21976563113,-5.));
#1429 = ( GEOMETRIC_REPRESENTATION_CONTEXT(2) 
PARAMETRIC_REPRESENTATION_CONTEXT() REPRESENTATION_CONTEXT('2D SPACE',''
  ) );
#1430 = ORIENTED_EDGE('',*,*,#1431,.F.);
#1431 = EDGE_CURVE('',#1432,#1406,#1434,.T.);
#1432 = VERTEX_POINT('',#1433);
#1433 = CARTESIAN_POINT('',(-7.3,87.5,5.));
#1434 = SURFACE_CURVE('',#1435,(#1439,#1445),.PCURVE_S1.);
#1435 = LINE('',#1436,#1437);
#1436 = CARTESIAN_POINT('',(-11.75,87.5,5.));
#1437 = VECTOR('',#1438,1.);
#1438 = DIRECTION('',(-1.,-0.,0.));
#1439 = PCURVE('',#235,#1440);
#1440 = DEFINITIONAL_REPRESENTATION('',(#1441),#1444);
#1441 = B_SPLINE_CURVE_WITH_KNOTS('',1,(#1442,#1443),.UNSPECIFIED.,.F.,
  .F.,(2,2),(-4.75,-2.25),.PIECEWISE_BEZIER_KNOTS.);
#1442 = CARTESIAN_POINT('',(7.,60.5));
#1443 = CARTESIAN_POINT('',(4.5,60.5));
#1444 = ( GEOMETRIC_REPRESENTATION_CONTEXT(2) 
PARAMETRIC_REPRESENTATION_CONTEXT() REPRESENTATION_CONTEXT('2D SPACE',''
  ) );
#1445 = PCURVE('',#1446,#1451);
#1446 = PLANE('',#1447);
#1447 = AXIS2_PLACEMENT_3D('',#1448,#1449,#1450);
#1448 = CARTESIAN_POINT('',(-9.5,87.5,4.78023436887));
#1449 = DIRECTION('',(-0.,1.,0.));
#1450 = DIRECTION('',(0.,0.,1.));
#1451 = DEFINITIONAL_REPRESENTATION('',(#1452),#1455);
#1452 = B_SPLINE_CURVE_WITH_KNOTS('',1,(#1453,#1454),.UNSPECIFIED.,.F.,
  .F.,(2,2),(-4.75,-2.25),.PIECEWISE_BEZIER_KNOTS.);
#1453 = CARTESIAN_POINT('',(0.21976563113,2.5));
#1454 = CARTESIAN_POINT('',(0.21976563113,0.));
#1455 = ( GEOMETRIC_REPRESENTATION_CONTEXT(2) 
PARAMETRIC_REPRESENTATION_CONTEXT() REPRESENTATION_CONTEXT('2D SPACE',''
  ) );
#1456 = ORIENTED_EDGE('',*,*,#1457,.T.);
#1457 = EDGE_CURVE('',#1432,#1458,#1460,.T.);
#1458 = VERTEX_POINT('',#1459);
#1459 = CARTESIAN_POINT('',(-7.3,88.,5.));
#1460 = SURFACE_CURVE('',#1461,(#1465,#1471),.PCURVE_S1.);
#1461 = LINE('',#1462,#1463);
#1462 = CARTESIAN_POINT('',(-7.3,57.25,5.));
#1463 = VECTOR('',#1464,1.);
#1464 = DIRECTION('',(-0.,1.,0.));
#1465 = PCURVE('',#235,#1466);
#1466 = DEFINITIONAL_REPRESENTATION('',(#1467),#1470);
#1467 = B_SPLINE_CURVE_WITH_KNOTS('',1,(#1468,#1469),.UNSPECIFIED.,.F.,
  .F.,(2,2),(30.25,30.75),.PIECEWISE_BEZIER_KNOTS.);
#1468 = CARTESIAN_POINT('',(6.7,60.5));
#1469 = CARTESIAN_POINT('',(6.7,61.));
#1470 = ( GEOMETRIC_REPRESENTATION_CONTEXT(2) 
PARAMETRIC_REPRESENTATION_CONTEXT() REPRESENTATION_CONTEXT('2D SPACE',''
  ) );
#1471 = PCURVE('',#1472,#1477);
#1472 = PLANE('',#1473);
#1473 = AXIS2_PLACEMENT_3D('',#1474,#1475,#1476);
#1474 = CARTESIAN_POINT('',(-7.3,87.5,4.5));
#1475 = DIRECTION('',(1.,0.,-0.));
#1476 = DIRECTION('',(0.,0.,1.));
#1477 = DEFINITIONAL_REPRESENTATION('',(#1478),#1481);
#1478 = B_SPLINE_CURVE_WITH_KNOTS('',1,(#1479,#1480),.UNSPECIFIED.,.F.,
  .F.,(2,2),(30.25,30.75),.PIECEWISE_BEZIER_KNOTS.);
#1479 = CARTESIAN_POINT('',(0.5,0.));
#1480 = CARTESIAN_POINT('',(0.5,-0.5));
#1481 = ( GEOMETRIC_REPRESENTATION_CONTEXT(2) 
PARAMETRIC_REPRESENTATION_CONTEXT() REPRESENTATION_CONTEXT('2D SPACE',''
  ) );
#1482 = ORIENTED_EDGE('',*,*,#1483,.F.);
#1483 = EDGE_CURVE('',#1484,#1458,#1486,.T.);
#1484 = VERTEX_POINT('',#1485);
#1485 = CARTESIAN_POINT('',(-7.,88.,5.));
#1486 = SURFACE_CURVE('',#1487,(#1491,#1497),.PCURVE_S1.);
#1487 = LINE('',#1488,#1489);
#1488 = CARTESIAN_POINT('',(-10.65,88.,5.));
#1489 = VECTOR('',#1490,1.);
#1490 = DIRECTION('',(-1.,-0.,0.));
#1491 = PCURVE('',#235,#1492);
#1492 = DEFINITIONAL_REPRESENTATION('',(#1493),#1496);
#1493 = B_SPLINE_CURVE_WITH_KNOTS('',1,(#1494,#1495),.UNSPECIFIED.,.F.,
  .F.,(2,2),(-3.65,-3.35),.PIECEWISE_BEZIER_KNOTS.);
#1494 = CARTESIAN_POINT('',(7.,61.));
#1495 = CARTESIAN_POINT('',(6.7,61.));
#1496 = ( GEOMETRIC_REPRESENTATION_CONTEXT(2) 
PARAMETRIC_REPRESENTATION_CONTEXT() REPRESENTATION_CONTEXT('2D SPACE',''
  ) );
#1497 = PCURVE('',#1498,#1503);
#1498 = PLANE('',#1499);
#1499 = AXIS2_PLACEMENT_3D('',#1500,#1501,#1502);
#1500 = CARTESIAN_POINT('',(-7.3,88.,4.5));
#1501 = DIRECTION('',(-0.,1.,0.));
#1502 = DIRECTION('',(0.,0.,1.));
#1503 = DEFINITIONAL_REPRESENTATION('',(#1504),#1507);
#1504 = B_SPLINE_CURVE_WITH_KNOTS('',1,(#1505,#1506),.UNSPECIFIED.,.F.,
  .F.,(2,2),(-3.65,-3.35),.PIECEWISE_BEZIER_KNOTS.);
#1505 = CARTESIAN_POINT('',(0.5,0.3));
#1506 = CARTESIAN_POINT('',(0.5,0.));
#1507 = ( GEOMETRIC_REPRESENTATION_CONTEXT(2) 
PARAMETRIC_REPRESENTATION_CONTEXT() REPRESENTATION_CONTEXT('2D SPACE',''
  ) );
#1508 = ORIENTED_EDGE('',*,*,#1509,.T.);
#1509 = EDGE_CURVE('',#1484,#1510,#1512,.T.);
#1510 = VERTEX_POINT('',#1511);
#1511 = CARTESIAN_POINT('',(-7.,95.,5.));
#1512 = SURFACE_CURVE('',#1513,(#1517,#1524),.PCURVE_S1.);
#1513 = LINE('',#1514,#1515);
#1514 = CARTESIAN_POINT('',(-7.,27.,5.));
#1515 = VECTOR('',#1516,1.);
#1516 = DIRECTION('',(-0.,1.,0.));
#1517 = PCURVE('',#235,#1518);
#1518 = DEFINITIONAL_REPRESENTATION('',(#1519),#1523);
#1519 = LINE('',#1520,#1521);
#1520 = CARTESIAN_POINT('',(7.,0.));
#1521 = VECTOR('',#1522,1.);
#1522 = DIRECTION('',(0.,1.));
#1523 = ( GEOMETRIC_REPRESENTATION_CONTEXT(2) 
PARAMETRIC_REPRESENTATION_CONTEXT() REPRESENTATION_CONTEXT('2D SPACE',''
  ) );
#1524 = PCURVE('',#1061,#1525);
#1525 = DEFINITIONAL_REPRESENTATION('',(#1526),#1530);
#1526 = LINE('',#1527,#1528);
#1527 = CARTESIAN_POINT('',(4.6,0.));
#1528 = VECTOR('',#1529,1.);
#1529 = DIRECTION('',(0.,-1.));
#1530 = ( GEOMETRIC_REPRESENTATION_CONTEXT(2) 
PARAMETRIC_REPRESENTATION_CONTEXT() REPRESENTATION_CONTEXT('2D SPACE',''
  ) );
#1531 = ORIENTED_EDGE('',*,*,#1532,.F.);
#1532 = EDGE_CURVE('',#1533,#1510,#1535,.T.);
#1533 = VERTEX_POINT('',#1534);
#1534 = CARTESIAN_POINT('',(-8.486607095889,95.,5.));
#1535 = SURFACE_CURVE('',#1536,(#1540,#1546),.PCURVE_S1.);
#1536 = LINE('',#1537,#1538);
#1537 = CARTESIAN_POINT('',(-7.,95.,5.));
#1538 = VECTOR('',#1539,1.);
#1539 = DIRECTION('',(1.,0.,-0.));
#1540 = PCURVE('',#235,#1541);
#1541 = DEFINITIONAL_REPRESENTATION('',(#1542),#1545);
#1542 = B_SPLINE_CURVE_WITH_KNOTS('',1,(#1543,#1544),.UNSPECIFIED.,.F.,
  .F.,(2,2),(-7.,0.),.PIECEWISE_BEZIER_KNOTS.);
#1543 = CARTESIAN_POINT('',(0.,68.));
#1544 = CARTESIAN_POINT('',(7.,68.));
#1545 = ( GEOMETRIC_REPRESENTATION_CONTEXT(2) 
PARAMETRIC_REPRESENTATION_CONTEXT() REPRESENTATION_CONTEXT('2D SPACE',''
  ) );
#1546 = PCURVE('',#1547,#1552);
#1547 = PLANE('',#1548);
#1548 = AXIS2_PLACEMENT_3D('',#1549,#1550,#1551);
#1549 = CARTESIAN_POINT('',(0.,95.,6.661338147751E-16));
#1550 = DIRECTION('',(0.,-1.,2.22044604925E-16));
#1551 = DIRECTION('',(1.,0.,0.));
#1552 = DEFINITIONAL_REPRESENTATION('',(#1553),#1556);
#1553 = B_SPLINE_CURVE_WITH_KNOTS('',1,(#1554,#1555),.UNSPECIFIED.,.F.,
  .F.,(2,2),(-7.,0.),.PIECEWISE_BEZIER_KNOTS.);
#1554 = CARTESIAN_POINT('',(-14.,5.));
#1555 = CARTESIAN_POINT('',(-7.,5.));
#1556 = ( GEOMETRIC_REPRESENTATION_CONTEXT(2) 
PARAMETRIC_REPRESENTATION_CONTEXT() REPRESENTATION_CONTEXT('2D SPACE',''
  ) );
#1557 = ORIENTED_EDGE('',*,*,#1558,.F.);
#1558 = EDGE_CURVE('',#671,#1533,#1559,.T.);
#1559 = SURFACE_CURVE('',#1560,(#1564,#1570),.PCURVE_S1.);
#1560 = LINE('',#1561,#1562);
#1561 = CARTESIAN_POINT('',(-8.486607095889,101.,5.));
#1562 = VECTOR('',#1563,1.);
#1563 = DIRECTION('',(0.,-1.,2.22044604925E-16));
#1564 = PCURVE('',#235,#1565);
#1565 = DEFINITIONAL_REPRESENTATION('',(#1566),#1569);
#1566 = B_SPLINE_CURVE_WITH_KNOTS('',1,(#1567,#1568),.UNSPECIFIED.,.F.,
  .F.,(2,2),(-6.000000070117E-07,6.0000006),.PIECEWISE_BEZIER_KNOTS.);
#1567 = CARTESIAN_POINT('',(5.513392904111,74.0000006));
#1568 = CARTESIAN_POINT('',(5.513392904111,67.9999994));
#1569 = ( GEOMETRIC_REPRESENTATION_CONTEXT(2) 
PARAMETRIC_REPRESENTATION_CONTEXT() REPRESENTATION_CONTEXT('2D SPACE',''
  ) );
#1570 = PCURVE('',#1571,#1576);
#1571 = CYLINDRICAL_SURFACE('',#1572,9.85);
#1572 = AXIS2_PLACEMENT_3D('',#1573,#1574,#1575);
#1573 = CARTESIAN_POINT('',(0.,101.,-6.661338147751E-16));
#1574 = DIRECTION('',(0.,-1.,2.22044604925E-16));
#1575 = DIRECTION('',(1.,0.,0.));
#1576 = DEFINITIONAL_REPRESENTATION('',(#1577),#1580);
#1577 = B_SPLINE_CURVE_WITH_KNOTS('',1,(#1578,#1579),.UNSPECIFIED.,.F.,
  .F.,(2,2),(-6.000000070117E-07,6.0000006),.PIECEWISE_BEZIER_KNOTS.);
#1578 = CARTESIAN_POINT('',(2.609179198262,-6.000000059014E-07));
#1579 = CARTESIAN_POINT('',(2.609179198262,6.0000006));
#1580 = ( GEOMETRIC_REPRESENTATION_CONTEXT(2) 
PARAMETRIC_REPRESENTATION_CONTEXT() REPRESENTATION_CONTEXT('2D SPACE',''
  ) );
#1581 = FACE_BOUND('',#1582,.T.);
#1582 = EDGE_LOOP('',(#1583));
#1583 = ORIENTED_EDGE('',*,*,#1584,.F.);
#1584 = EDGE_CURVE('',#1585,#1585,#1587,.T.);
#1585 = VERTEX_POINT('',#1586);
#1586 = CARTESIAN_POINT('',(-10.65,30.,5.));
#1587 = SURFACE_CURVE('',#1588,(#1593,#1600),.PCURVE_S1.);
#1588 = CIRCLE('',#1589,1.2);
#1589 = AXIS2_PLACEMENT_3D('',#1590,#1591,#1592);
#1590 = CARTESIAN_POINT('',(-11.85,30.,5.));
#1591 = DIRECTION('',(0.,0.,1.));
#1592 = DIRECTION('',(1.,0.,-0.));
#1593 = PCURVE('',#235,#1594);
#1594 = DEFINITIONAL_REPRESENTATION('',(#1595),#1599);
#1595 = CIRCLE('',#1596,1.2);
#1596 = AXIS2_PLACEMENT_2D('',#1597,#1598);
#1597 = CARTESIAN_POINT('',(2.15,3.));
#1598 = DIRECTION('',(1.,0.));
#1599 = ( GEOMETRIC_REPRESENTATION_CONTEXT(2) 
PARAMETRIC_REPRESENTATION_CONTEXT() REPRESENTATION_CONTEXT('2D SPACE',''
  ) );
#1600 = PCURVE('',#1601,#1606);
#1601 = CYLINDRICAL_SURFACE('',#1602,1.2);
#1602 = AXIS2_PLACEMENT_3D('',#1603,#1604,#1605);
#1603 = CARTESIAN_POINT('',(-11.85,30.,-15.));
#1604 = DIRECTION('',(0.,0.,1.));
#1605 = DIRECTION('',(1.,0.,-0.));
#1606 = DEFINITIONAL_REPRESENTATION('',(#1607),#1611);
#1607 = LINE('',#1608,#1609);
#1608 = CARTESIAN_POINT('',(0.,20.));
#1609 = VECTOR('',#1610,1.);
#1610 = DIRECTION('',(1.,0.));
#1611 = ( GEOMETRIC_REPRESENTATION_CONTEXT(2) 
PARAMETRIC_REPRESENTATION_CONTEXT() REPRESENTATION_CONTEXT('2D SPACE',''
  ) );
#1612 = FACE_BOUND('',#1613,.T.);
#1613 = EDGE_LOOP('',(#1614,#1642,#1668,#1694));
#1614 = ORIENTED_EDGE('',*,*,#1615,.T.);
#1615 = EDGE_CURVE('',#1616,#1618,#1620,.T.);
#1616 = VERTEX_POINT('',#1617);
#1617 = CARTESIAN_POINT('',(-8.5,37.7,5.));
#1618 = VERTEX_POINT('',#1619);
#1619 = CARTESIAN_POINT('',(-12.5,37.7,5.));
#1620 = SURFACE_CURVE('',#1621,(#1625,#1631),.PCURVE_S1.);
#1621 = LINE('',#1622,#1623);
#1622 = CARTESIAN_POINT('',(-13.25,37.7,5.));
#1623 = VECTOR('',#1624,1.);
#1624 = DIRECTION('',(-1.,-0.,0.));
#1625 = PCURVE('',#235,#1626);
#1626 = DEFINITIONAL_REPRESENTATION('',(#1627),#1630);
#1627 = B_SPLINE_CURVE_WITH_KNOTS('',1,(#1628,#1629),.UNSPECIFIED.,.F.,
  .F.,(2,2),(-4.75,-0.75),.PIECEWISE_BEZIER_KNOTS.);
#1628 = CARTESIAN_POINT('',(5.5,10.7));
#1629 = CARTESIAN_POINT('',(1.5,10.7));
#1630 = ( GEOMETRIC_REPRESENTATION_CONTEXT(2) 
PARAMETRIC_REPRESENTATION_CONTEXT() REPRESENTATION_CONTEXT('2D SPACE',''
  ) );
#1631 = PCURVE('',#1632,#1637);
#1632 = PLANE('',#1633);
#1633 = AXIS2_PLACEMENT_3D('',#1634,#1635,#1636);
#1634 = CARTESIAN_POINT('',(-12.5,37.7,4.5));
#1635 = DIRECTION('',(-0.,1.,0.));
#1636 = DIRECTION('',(0.,0.,1.));
#1637 = DEFINITIONAL_REPRESENTATION('',(#1638),#1641);
#1638 = B_SPLINE_CURVE_WITH_KNOTS('',1,(#1639,#1640),.UNSPECIFIED.,.F.,
  .F.,(2,2),(-4.75,-0.75),.PIECEWISE_BEZIER_KNOTS.);
#1639 = CARTESIAN_POINT('',(0.5,4.));
#1640 = CARTESIAN_POINT('',(0.5,0.));
#1641 = ( GEOMETRIC_REPRESENTATION_CONTEXT(2) 
PARAMETRIC_REPRESENTATION_CONTEXT() REPRESENTATION_CONTEXT('2D SPACE',''
  ) );
#1642 = ORIENTED_EDGE('',*,*,#1643,.T.);
#1643 = EDGE_CURVE('',#1618,#1644,#1646,.T.);
#1644 = VERTEX_POINT('',#1645);
#1645 = CARTESIAN_POINT('',(-12.5,39.7,5.));
#1646 = SURFACE_CURVE('',#1647,(#1651,#1657),.PCURVE_S1.);
#1647 = LINE('',#1648,#1649);
#1648 = CARTESIAN_POINT('',(-12.5,32.35,5.));
#1649 = VECTOR('',#1650,1.);
#1650 = DIRECTION('',(-0.,1.,0.));
#1651 = PCURVE('',#235,#1652);
#1652 = DEFINITIONAL_REPRESENTATION('',(#1653),#1656);
#1653 = B_SPLINE_CURVE_WITH_KNOTS('',1,(#1654,#1655),.UNSPECIFIED.,.F.,
  .F.,(2,2),(5.35,7.35),.PIECEWISE_BEZIER_KNOTS.);
#1654 = CARTESIAN_POINT('',(1.5,10.7));
#1655 = CARTESIAN_POINT('',(1.5,12.7));
#1656 = ( GEOMETRIC_REPRESENTATION_CONTEXT(2) 
PARAMETRIC_REPRESENTATION_CONTEXT() REPRESENTATION_CONTEXT('2D SPACE',''
  ) );
#1657 = PCURVE('',#1658,#1663);
#1658 = PLANE('',#1659);
#1659 = AXIS2_PLACEMENT_3D('',#1660,#1661,#1662);
#1660 = CARTESIAN_POINT('',(-12.5,37.7,4.5));
#1661 = DIRECTION('',(1.,0.,-0.));
#1662 = DIRECTION('',(0.,0.,1.));
#1663 = DEFINITIONAL_REPRESENTATION('',(#1664),#1667);
#1664 = B_SPLINE_CURVE_WITH_KNOTS('',1,(#1665,#1666),.UNSPECIFIED.,.F.,
  .F.,(2,2),(5.35,7.35),.PIECEWISE_BEZIER_KNOTS.);
#1665 = CARTESIAN_POINT('',(0.5,0.));
#1666 = CARTESIAN_POINT('',(0.5,-2.));
#1667 = ( GEOMETRIC_REPRESENTATION_CONTEXT(2) 
PARAMETRIC_REPRESENTATION_CONTEXT() REPRESENTATION_CONTEXT('2D SPACE',''
  ) );
#1668 = ORIENTED_EDGE('',*,*,#1669,.F.);
#1669 = EDGE_CURVE('',#1670,#1644,#1672,.T.);
#1670 = VERTEX_POINT('',#1671);
#1671 = CARTESIAN_POINT('',(-8.5,39.7,5.));
#1672 = SURFACE_CURVE('',#1673,(#1677,#1683),.PCURVE_S1.);
#1673 = LINE('',#1674,#1675);
#1674 = CARTESIAN_POINT('',(-13.25,39.7,5.));
#1675 = VECTOR('',#1676,1.);
#1676 = DIRECTION('',(-1.,-0.,0.));
#1677 = PCURVE('',#235,#1678);
#1678 = DEFINITIONAL_REPRESENTATION('',(#1679),#1682);
#1679 = B_SPLINE_CURVE_WITH_KNOTS('',1,(#1680,#1681),.UNSPECIFIED.,.F.,
  .F.,(2,2),(-4.75,-0.75),.PIECEWISE_BEZIER_KNOTS.);
#1680 = CARTESIAN_POINT('',(5.5,12.7));
#1681 = CARTESIAN_POINT('',(1.5,12.7));
#1682 = ( GEOMETRIC_REPRESENTATION_CONTEXT(2) 
PARAMETRIC_REPRESENTATION_CONTEXT() REPRESENTATION_CONTEXT('2D SPACE',''
  ) );
#1683 = PCURVE('',#1684,#1689);
#1684 = PLANE('',#1685);
#1685 = AXIS2_PLACEMENT_3D('',#1686,#1687,#1688);
#1686 = CARTESIAN_POINT('',(-12.5,39.7,4.5));
#1687 = DIRECTION('',(-0.,1.,0.));
#1688 = DIRECTION('',(0.,0.,1.));
#1689 = DEFINITIONAL_REPRESENTATION('',(#1690),#1693);
#1690 = B_SPLINE_CURVE_WITH_KNOTS('',1,(#1691,#1692),.UNSPECIFIED.,.F.,
  .F.,(2,2),(-4.75,-0.75),.PIECEWISE_BEZIER_KNOTS.);
#1691 = CARTESIAN_POINT('',(0.5,4.));
#1692 = CARTESIAN_POINT('',(0.5,0.));
#1693 = ( GEOMETRIC_REPRESENTATION_CONTEXT(2) 
PARAMETRIC_REPRESENTATION_CONTEXT() REPRESENTATION_CONTEXT('2D SPACE',''
  ) );
#1694 = ORIENTED_EDGE('',*,*,#1695,.F.);
#1695 = EDGE_CURVE('',#1616,#1670,#1696,.T.);
#1696 = SURFACE_CURVE('',#1697,(#1701,#1707),.PCURVE_S1.);
#1697 = LINE('',#1698,#1699);
#1698 = CARTESIAN_POINT('',(-8.5,32.35,5.));
#1699 = VECTOR('',#1700,1.);
#1700 = DIRECTION('',(-0.,1.,0.));
#1701 = PCURVE('',#235,#1702);
#1702 = DEFINITIONAL_REPRESENTATION('',(#1703),#1706);
#1703 = B_SPLINE_CURVE_WITH_KNOTS('',1,(#1704,#1705),.UNSPECIFIED.,.F.,
  .F.,(2,2),(5.35,7.35),.PIECEWISE_BEZIER_KNOTS.);
#1704 = CARTESIAN_POINT('',(5.5,10.7));
#1705 = CARTESIAN_POINT('',(5.5,12.7));
#1706 = ( GEOMETRIC_REPRESENTATION_CONTEXT(2) 
PARAMETRIC_REPRESENTATION_CONTEXT() REPRESENTATION_CONTEXT('2D SPACE',''
  ) );
#1707 = PCURVE('',#1708,#1713);
#1708 = PLANE('',#1709);
#1709 = AXIS2_PLACEMENT_3D('',#1710,#1711,#1712);
#1710 = CARTESIAN_POINT('',(-8.5,37.7,4.5));
#1711 = DIRECTION('',(1.,0.,-0.));
#1712 = DIRECTION('',(0.,0.,1.));
#1713 = DEFINITIONAL_REPRESENTATION('',(#1714),#1717);
#1714 = B_SPLINE_CURVE_WITH_KNOTS('',1,(#1715,#1716),.UNSPECIFIED.,.F.,
  .F.,(2,2),(5.35,7.35),.PIECEWISE_BEZIER_KNOTS.);
#1715 = CARTESIAN_POINT('',(0.5,0.));
#1716 = CARTESIAN_POINT('',(0.5,-2.));
#1717 = ( GEOMETRIC_REPRESENTATION_CONTEXT(2) 
PARAMETRIC_REPRESENTATION_CONTEXT() REPRESENTATION_CONTEXT('2D SPACE',''
  ) );
#1718 = FACE_BOUND('',#1719,.T.);
#1719 = EDGE_LOOP('',(#1720,#1748,#1774,#1800));
#1720 = ORIENTED_EDGE('',*,*,#1721,.T.);
#1721 = EDGE_CURVE('',#1722,#1724,#1726,.T.);
#1722 = VERTEX_POINT('',#1723);
#1723 = CARTESIAN_POINT('',(-8.5,46.3,5.));
#1724 = VERTEX_POINT('',#1725);
#1725 = CARTESIAN_POINT('',(-12.5,46.3,5.));
#1726 = SURFACE_CURVE('',#1727,(#1731,#1737),.PCURVE_S1.);
#1727 = LINE('',#1728,#1729);
#1728 = CARTESIAN_POINT('',(-13.25,46.3,5.));
#1729 = VECTOR('',#1730,1.);
#1730 = DIRECTION('',(-1.,-0.,0.));
#1731 = PCURVE('',#235,#1732);
#1732 = DEFINITIONAL_REPRESENTATION('',(#1733),#1736);
#1733 = B_SPLINE_CURVE_WITH_KNOTS('',1,(#1734,#1735),.UNSPECIFIED.,.F.,
  .F.,(2,2),(-4.75,-0.75),.PIECEWISE_BEZIER_KNOTS.);
#1734 = CARTESIAN_POINT('',(5.5,19.3));
#1735 = CARTESIAN_POINT('',(1.5,19.3));
#1736 = ( GEOMETRIC_REPRESENTATION_CONTEXT(2) 
PARAMETRIC_REPRESENTATION_CONTEXT() REPRESENTATION_CONTEXT('2D SPACE',''
  ) );
#1737 = PCURVE('',#1738,#1743);
#1738 = PLANE('',#1739);
#1739 = AXIS2_PLACEMENT_3D('',#1740,#1741,#1742);
#1740 = CARTESIAN_POINT('',(-12.5,46.3,4.5));
#1741 = DIRECTION('',(-0.,1.,0.));
#1742 = DIRECTION('',(0.,0.,1.));
#1743 = DEFINITIONAL_REPRESENTATION('',(#1744),#1747);
#1744 = B_SPLINE_CURVE_WITH_KNOTS('',1,(#1745,#1746),.UNSPECIFIED.,.F.,
  .F.,(2,2),(-4.75,-0.75),.PIECEWISE_BEZIER_KNOTS.);
#1745 = CARTESIAN_POINT('',(0.5,4.));
#1746 = CARTESIAN_POINT('',(0.5,0.));
#1747 = ( GEOMETRIC_REPRESENTATION_CONTEXT(2) 
PARAMETRIC_REPRESENTATION_CONTEXT() REPRESENTATION_CONTEXT('2D SPACE',''
  ) );
#1748 = ORIENTED_EDGE('',*,*,#1749,.T.);
#1749 = EDGE_CURVE('',#1724,#1750,#1752,.T.);
#1750 = VERTEX_POINT('',#1751);
#1751 = CARTESIAN_POINT('',(-12.5,48.3,5.));
#1752 = SURFACE_CURVE('',#1753,(#1757,#1763),.PCURVE_S1.);
#1753 = LINE('',#1754,#1755);
#1754 = CARTESIAN_POINT('',(-12.5,36.65,5.));
#1755 = VECTOR('',#1756,1.);
#1756 = DIRECTION('',(-0.,1.,0.));
#1757 = PCURVE('',#235,#1758);
#1758 = DEFINITIONAL_REPRESENTATION('',(#1759),#1762);
#1759 = B_SPLINE_CURVE_WITH_KNOTS('',1,(#1760,#1761),.UNSPECIFIED.,.F.,
  .F.,(2,2),(9.65,11.65),.PIECEWISE_BEZIER_KNOTS.);
#1760 = CARTESIAN_POINT('',(1.5,19.3));
#1761 = CARTESIAN_POINT('',(1.5,21.3));
#1762 = ( GEOMETRIC_REPRESENTATION_CONTEXT(2) 
PARAMETRIC_REPRESENTATION_CONTEXT() REPRESENTATION_CONTEXT('2D SPACE',''
  ) );
#1763 = PCURVE('',#1764,#1769);
#1764 = PLANE('',#1765);
#1765 = AXIS2_PLACEMENT_3D('',#1766,#1767,#1768);
#1766 = CARTESIAN_POINT('',(-12.5,46.3,4.5));
#1767 = DIRECTION('',(1.,0.,-0.));
#1768 = DIRECTION('',(0.,0.,1.));
#1769 = DEFINITIONAL_REPRESENTATION('',(#1770),#1773);
#1770 = B_SPLINE_CURVE_WITH_KNOTS('',1,(#1771,#1772),.UNSPECIFIED.,.F.,
  .F.,(2,2),(9.65,11.65),.PIECEWISE_BEZIER_KNOTS.);
#1771 = CARTESIAN_POINT('',(0.5,0.));
#1772 = CARTESIAN_POINT('',(0.5,-2.));
#1773 = ( GEOMETRIC_REPRESENTATION_CONTEXT(2) 
PARAMETRIC_REPRESENTATION_CONTEXT() REPRESENTATION_CONTEXT('2D SPACE',''
  ) );
#1774 = ORIENTED_EDGE('',*,*,#1775,.F.);
#1775 = EDGE_CURVE('',#1776,#1750,#1778,.T.);
#1776 = VERTEX_POINT('',#1777);
#1777 = CARTESIAN_POINT('',(-8.5,48.3,5.));
#1778 = SURFACE_CURVE('',#1779,(#1783,#1789),.PCURVE_S1.);
#1779 = LINE('',#1780,#1781);
#1780 = CARTESIAN_POINT('',(-13.25,48.3,5.));
#1781 = VECTOR('',#1782,1.);
#1782 = DIRECTION('',(-1.,-0.,0.));
#1783 = PCURVE('',#235,#1784);
#1784 = DEFINITIONAL_REPRESENTATION('',(#1785),#1788);
#1785 = B_SPLINE_CURVE_WITH_KNOTS('',1,(#1786,#1787),.UNSPECIFIED.,.F.,
  .F.,(2,2),(-4.75,-0.75),.PIECEWISE_BEZIER_KNOTS.);
#1786 = CARTESIAN_POINT('',(5.5,21.3));
#1787 = CARTESIAN_POINT('',(1.5,21.3));
#1788 = ( GEOMETRIC_REPRESENTATION_CONTEXT(2) 
PARAMETRIC_REPRESENTATION_CONTEXT() REPRESENTATION_CONTEXT('2D SPACE',''
  ) );
#1789 = PCURVE('',#1790,#1795);
#1790 = PLANE('',#1791);
#1791 = AXIS2_PLACEMENT_3D('',#1792,#1793,#1794);
#1792 = CARTESIAN_POINT('',(-12.5,48.3,4.5));
#1793 = DIRECTION('',(-0.,1.,0.));
#1794 = DIRECTION('',(0.,0.,1.));
#1795 = DEFINITIONAL_REPRESENTATION('',(#1796),#1799);
#1796 = B_SPLINE_CURVE_WITH_KNOTS('',1,(#1797,#1798),.UNSPECIFIED.,.F.,
  .F.,(2,2),(-4.75,-0.75),.PIECEWISE_BEZIER_KNOTS.);
#1797 = CARTESIAN_POINT('',(0.5,4.));
#1798 = CARTESIAN_POINT('',(0.5,0.));
#1799 = ( GEOMETRIC_REPRESENTATION_CONTEXT(2) 
PARAMETRIC_REPRESENTATION_CONTEXT() REPRESENTATION_CONTEXT('2D SPACE',''
  ) );
#1800 = ORIENTED_EDGE('',*,*,#1801,.F.);
#1801 = EDGE_CURVE('',#1722,#1776,#1802,.T.);
#1802 = SURFACE_CURVE('',#1803,(#1807,#1813),.PCURVE_S1.);
#1803 = LINE('',#1804,#1805);
#1804 = CARTESIAN_POINT('',(-8.5,36.65,5.));
#1805 = VECTOR('',#1806,1.);
#1806 = DIRECTION('',(-0.,1.,0.));
#1807 = PCURVE('',#235,#1808);
#1808 = DEFINITIONAL_REPRESENTATION('',(#1809),#1812);
#1809 = B_SPLINE_CURVE_WITH_KNOTS('',1,(#1810,#1811),.UNSPECIFIED.,.F.,
  .F.,(2,2),(9.65,11.65),.PIECEWISE_BEZIER_KNOTS.);
#1810 = CARTESIAN_POINT('',(5.5,19.3));
#1811 = CARTESIAN_POINT('',(5.5,21.3));
#1812 = ( GEOMETRIC_REPRESENTATION_CONTEXT(2) 
PARAMETRIC_REPRESENTATION_CONTEXT() REPRESENTATION_CONTEXT('2D SPACE',''
  ) );
#1813 = PCURVE('',#1814,#1819);
#1814 = PLANE('',#1815);
#1815 = AXIS2_PLACEMENT_3D('',#1816,#1817,#1818);
#1816 = CARTESIAN_POINT('',(-8.5,46.3,4.5));
#1817 = DIRECTION('',(1.,0.,-0.));
#1818 = DIRECTION('',(0.,0.,1.));
#1819 = DEFINITIONAL_REPRESENTATION('',(#1820),#1823);
#1820 = B_SPLINE_CURVE_WITH_KNOTS('',1,(#1821,#1822),.UNSPECIFIED.,.F.,
  .F.,(2,2),(9.65,11.65),.PIECEWISE_BEZIER_KNOTS.);
#1821 = CARTESIAN_POINT('',(0.5,0.));
#1822 = CARTESIAN_POINT('',(0.5,-2.));
#1823 = ( GEOMETRIC_REPRESENTATION_CONTEXT(2) 
PARAMETRIC_REPRESENTATION_CONTEXT() REPRESENTATION_CONTEXT('2D SPACE',''
  ) );
#1824 = FACE_BOUND('',#1825,.T.);
#1825 = EDGE_LOOP('',(#1826,#1854,#1880,#1906));
#1826 = ORIENTED_EDGE('',*,*,#1827,.T.);
#1827 = EDGE_CURVE('',#1828,#1830,#1832,.T.);
#1828 = VERTEX_POINT('',#1829);
#1829 = CARTESIAN_POINT('',(-8.5,62.7,5.));
#1830 = VERTEX_POINT('',#1831);
#1831 = CARTESIAN_POINT('',(-12.5,62.7,5.));
#1832 = SURFACE_CURVE('',#1833,(#1837,#1843),.PCURVE_S1.);
#1833 = LINE('',#1834,#1835);
#1834 = CARTESIAN_POINT('',(-13.25,62.7,5.));
#1835 = VECTOR('',#1836,1.);
#1836 = DIRECTION('',(-1.,-0.,0.));
#1837 = PCURVE('',#235,#1838);
#1838 = DEFINITIONAL_REPRESENTATION('',(#1839),#1842);
#1839 = B_SPLINE_CURVE_WITH_KNOTS('',1,(#1840,#1841),.UNSPECIFIED.,.F.,
  .F.,(2,2),(-4.75,-0.75),.PIECEWISE_BEZIER_KNOTS.);
#1840 = CARTESIAN_POINT('',(5.5,35.7));
#1841 = CARTESIAN_POINT('',(1.5,35.7));
#1842 = ( GEOMETRIC_REPRESENTATION_CONTEXT(2) 
PARAMETRIC_REPRESENTATION_CONTEXT() REPRESENTATION_CONTEXT('2D SPACE',''
  ) );
#1843 = PCURVE('',#1844,#1849);
#1844 = PLANE('',#1845);
#1845 = AXIS2_PLACEMENT_3D('',#1846,#1847,#1848);
#1846 = CARTESIAN_POINT('',(-12.5,62.7,4.5));
#1847 = DIRECTION('',(-0.,1.,0.));
#1848 = DIRECTION('',(0.,0.,1.));
#1849 = DEFINITIONAL_REPRESENTATION('',(#1850),#1853);
#1850 = B_SPLINE_CURVE_WITH_KNOTS('',1,(#1851,#1852),.UNSPECIFIED.,.F.,
  .F.,(2,2),(-4.75,-0.75),.PIECEWISE_BEZIER_KNOTS.);
#1851 = CARTESIAN_POINT('',(0.5,4.));
#1852 = CARTESIAN_POINT('',(0.5,0.));
#1853 = ( GEOMETRIC_REPRESENTATION_CONTEXT(2) 
PARAMETRIC_REPRESENTATION_CONTEXT() REPRESENTATION_CONTEXT('2D SPACE',''
  ) );
#1854 = ORIENTED_EDGE('',*,*,#1855,.T.);
#1855 = EDGE_CURVE('',#1830,#1856,#1858,.T.);
#1856 = VERTEX_POINT('',#1857);
#1857 = CARTESIAN_POINT('',(-12.5,64.7,5.));
#1858 = SURFACE_CURVE('',#1859,(#1863,#1869),.PCURVE_S1.);
#1859 = LINE('',#1860,#1861);
#1860 = CARTESIAN_POINT('',(-12.5,44.85,5.));
#1861 = VECTOR('',#1862,1.);
#1862 = DIRECTION('',(-0.,1.,0.));
#1863 = PCURVE('',#235,#1864);
#1864 = DEFINITIONAL_REPRESENTATION('',(#1865),#1868);
#1865 = B_SPLINE_CURVE_WITH_KNOTS('',1,(#1866,#1867),.UNSPECIFIED.,.F.,
  .F.,(2,2),(17.85,19.85),.PIECEWISE_BEZIER_KNOTS.);
#1866 = CARTESIAN_POINT('',(1.5,35.7));
#1867 = CARTESIAN_POINT('',(1.5,37.7));
#1868 = ( GEOMETRIC_REPRESENTATION_CONTEXT(2) 
PARAMETRIC_REPRESENTATION_CONTEXT() REPRESENTATION_CONTEXT('2D SPACE',''
  ) );
#1869 = PCURVE('',#1870,#1875);
#1870 = PLANE('',#1871);
#1871 = AXIS2_PLACEMENT_3D('',#1872,#1873,#1874);
#1872 = CARTESIAN_POINT('',(-12.5,62.7,4.5));
#1873 = DIRECTION('',(1.,0.,-0.));
#1874 = DIRECTION('',(0.,0.,1.));
#1875 = DEFINITIONAL_REPRESENTATION('',(#1876),#1879);
#1876 = B_SPLINE_CURVE_WITH_KNOTS('',1,(#1877,#1878),.UNSPECIFIED.,.F.,
  .F.,(2,2),(17.85,19.85),.PIECEWISE_BEZIER_KNOTS.);
#1877 = CARTESIAN_POINT('',(0.5,0.));
#1878 = CARTESIAN_POINT('',(0.5,-2.));
#1879 = ( GEOMETRIC_REPRESENTATION_CONTEXT(2) 
PARAMETRIC_REPRESENTATION_CONTEXT() REPRESENTATION_CONTEXT('2D SPACE',''
  ) );
#1880 = ORIENTED_EDGE('',*,*,#1881,.F.);
#1881 = EDGE_CURVE('',#1882,#1856,#1884,.T.);
#1882 = VERTEX_POINT('',#1883);
#1883 = CARTESIAN_POINT('',(-8.5,64.7,5.));
#1884 = SURFACE_CURVE('',#1885,(#1889,#1895),.PCURVE_S1.);
#1885 = LINE('',#1886,#1887);
#1886 = CARTESIAN_POINT('',(-13.25,64.7,5.));
#1887 = VECTOR('',#1888,1.);
#1888 = DIRECTION('',(-1.,-0.,0.));
#1889 = PCURVE('',#235,#1890);
#1890 = DEFINITIONAL_REPRESENTATION('',(#1891),#1894);
#1891 = B_SPLINE_CURVE_WITH_KNOTS('',1,(#1892,#1893),.UNSPECIFIED.,.F.,
  .F.,(2,2),(-4.75,-0.75),.PIECEWISE_BEZIER_KNOTS.);
#1892 = CARTESIAN_POINT('',(5.5,37.7));
#1893 = CARTESIAN_POINT('',(1.5,37.7));
#1894 = ( GEOMETRIC_REPRESENTATION_CONTEXT(2) 
PARAMETRIC_REPRESENTATION_CONTEXT() REPRESENTATION_CONTEXT('2D SPACE',''
  ) );
#1895 = PCURVE('',#1896,#1901);
#1896 = PLANE('',#1897);
#1897 = AXIS2_PLACEMENT_3D('',#1898,#1899,#1900);
#1898 = CARTESIAN_POINT('',(-12.5,64.7,4.5));
#1899 = DIRECTION('',(-0.,1.,0.));
#1900 = DIRECTION('',(0.,0.,1.));
#1901 = DEFINITIONAL_REPRESENTATION('',(#1902),#1905);
#1902 = B_SPLINE_CURVE_WITH_KNOTS('',1,(#1903,#1904),.UNSPECIFIED.,.F.,
  .F.,(2,2),(-4.75,-0.75),.PIECEWISE_BEZIER_KNOTS.);
#1903 = CARTESIAN_POINT('',(0.5,4.));
#1904 = CARTESIAN_POINT('',(0.5,0.));
#1905 = ( GEOMETRIC_REPRESENTATION_CONTEXT(2) 
PARAMETRIC_REPRESENTATION_CONTEXT() REPRESENTATION_CONTEXT('2D SPACE',''
  ) );
#1906 = ORIENTED_EDGE('',*,*,#1907,.F.);
#1907 = EDGE_CURVE('',#1828,#1882,#1908,.T.);
#1908 = SURFACE_CURVE('',#1909,(#1913,#1919),.PCURVE_S1.);
#1909 = LINE('',#1910,#1911);
#1910 = CARTESIAN_POINT('',(-8.5,44.85,5.));
#1911 = VECTOR('',#1912,1.);
#1912 = DIRECTION('',(-0.,1.,0.));
#1913 = PCURVE('',#235,#1914);
#1914 = DEFINITIONAL_REPRESENTATION('',(#1915),#1918);
#1915 = B_SPLINE_CURVE_WITH_KNOTS('',1,(#1916,#1917),.UNSPECIFIED.,.F.,
  .F.,(2,2),(17.85,19.85),.PIECEWISE_BEZIER_KNOTS.);
#1916 = CARTESIAN_POINT('',(5.5,35.7));
#1917 = CARTESIAN_POINT('',(5.5,37.7));
#1918 = ( GEOMETRIC_REPRESENTATION_CONTEXT(2) 
PARAMETRIC_REPRESENTATION_CONTEXT() REPRESENTATION_CONTEXT('2D SPACE',''
  ) );
#1919 = PCURVE('',#1920,#1925);
#1920 = PLANE('',#1921);
#1921 = AXIS2_PLACEMENT_3D('',#1922,#1923,#1924);
#1922 = CARTESIAN_POINT('',(-8.5,62.7,4.5));
#1923 = DIRECTION('',(1.,0.,-0.));
#1924 = DIRECTION('',(0.,0.,1.));
#1925 = DEFINITIONAL_REPRESENTATION('',(#1926),#1929);
#1926 = B_SPLINE_CURVE_WITH_KNOTS('',1,(#1927,#1928),.UNSPECIFIED.,.F.,
  .F.,(2,2),(17.85,19.85),.PIECEWISE_BEZIER_KNOTS.);
#1927 = CARTESIAN_POINT('',(0.5,0.));
#1928 = CARTESIAN_POINT('',(0.5,-2.));
#1929 = ( GEOMETRIC_REPRESENTATION_CONTEXT(2) 
PARAMETRIC_REPRESENTATION_CONTEXT() REPRESENTATION_CONTEXT('2D SPACE',''
  ) );
#1930 = FACE_BOUND('',#1931,.T.);
#1931 = EDGE_LOOP('',(#1932));
#1932 = ORIENTED_EDGE('',*,*,#1933,.F.);
#1933 = EDGE_CURVE('',#1934,#1934,#1936,.T.);
#1934 = VERTEX_POINT('',#1935);
#1935 = CARTESIAN_POINT('',(-10.65,98.,5.));
#1936 = SURFACE_CURVE('',#1937,(#1942,#1949),.PCURVE_S1.);
#1937 = CIRCLE('',#1938,1.2);
#1938 = AXIS2_PLACEMENT_3D('',#1939,#1940,#1941);
#1939 = CARTESIAN_POINT('',(-11.85,98.,5.));
#1940 = DIRECTION('',(0.,0.,1.));
#1941 = DIRECTION('',(1.,0.,-0.));
#1942 = PCURVE('',#235,#1943);
#1943 = DEFINITIONAL_REPRESENTATION('',(#1944),#1948);
#1944 = CIRCLE('',#1945,1.2);
#1945 = AXIS2_PLACEMENT_2D('',#1946,#1947);
#1946 = CARTESIAN_POINT('',(2.15,71.));
#1947 = DIRECTION('',(1.,0.));
#1948 = ( GEOMETRIC_REPRESENTATION_CONTEXT(2) 
PARAMETRIC_REPRESENTATION_CONTEXT() REPRESENTATION_CONTEXT('2D SPACE',''
  ) );
#1949 = PCURVE('',#1950,#1955);
#1950 = CYLINDRICAL_SURFACE('',#1951,1.2);
#1951 = AXIS2_PLACEMENT_3D('',#1952,#1953,#1954);
#1952 = CARTESIAN_POINT('',(-11.85,98.,-15.));
#1953 = DIRECTION('',(0.,0.,1.));
#1954 = DIRECTION('',(1.,0.,-0.));
#1955 = DEFINITIONAL_REPRESENTATION('',(#1956),#1960);
#1956 = LINE('',#1957,#1958);
#1957 = CARTESIAN_POINT('',(0.,20.));
#1958 = VECTOR('',#1959,1.);
#1959 = DIRECTION('',(1.,0.));
#1960 = ( GEOMETRIC_REPRESENTATION_CONTEXT(2) 
PARAMETRIC_REPRESENTATION_CONTEXT() REPRESENTATION_CONTEXT('2D SPACE',''
  ) );
#1961 = FACE_BOUND('',#1962,.T.);
#1962 = EDGE_LOOP('',(#1963,#1991,#2017,#2043));
#1963 = ORIENTED_EDGE('',*,*,#1964,.T.);
#1964 = EDGE_CURVE('',#1965,#1967,#1969,.T.);
#1965 = VERTEX_POINT('',#1966);
#1966 = CARTESIAN_POINT('',(-8.5,71.3,5.));
#1967 = VERTEX_POINT('',#1968);
#1968 = CARTESIAN_POINT('',(-12.5,71.3,5.));
#1969 = SURFACE_CURVE('',#1970,(#1974,#1980),.PCURVE_S1.);
#1970 = LINE('',#1971,#1972);
#1971 = CARTESIAN_POINT('',(-13.25,71.3,5.));
#1972 = VECTOR('',#1973,1.);
#1973 = DIRECTION('',(-1.,-0.,0.));
#1974 = PCURVE('',#235,#1975);
#1975 = DEFINITIONAL_REPRESENTATION('',(#1976),#1979);
#1976 = B_SPLINE_CURVE_WITH_KNOTS('',1,(#1977,#1978),.UNSPECIFIED.,.F.,
  .F.,(2,2),(-4.75,-0.75),.PIECEWISE_BEZIER_KNOTS.);
#1977 = CARTESIAN_POINT('',(5.5,44.3));
#1978 = CARTESIAN_POINT('',(1.5,44.3));
#1979 = ( GEOMETRIC_REPRESENTATION_CONTEXT(2) 
PARAMETRIC_REPRESENTATION_CONTEXT() REPRESENTATION_CONTEXT('2D SPACE',''
  ) );
#1980 = PCURVE('',#1981,#1986);
#1981 = PLANE('',#1982);
#1982 = AXIS2_PLACEMENT_3D('',#1983,#1984,#1985);
#1983 = CARTESIAN_POINT('',(-12.5,71.3,4.5));
#1984 = DIRECTION('',(-0.,1.,0.));
#1985 = DIRECTION('',(0.,0.,1.));
#1986 = DEFINITIONAL_REPRESENTATION('',(#1987),#1990);
#1987 = B_SPLINE_CURVE_WITH_KNOTS('',1,(#1988,#1989),.UNSPECIFIED.,.F.,
  .F.,(2,2),(-4.75,-0.75),.PIECEWISE_BEZIER_KNOTS.);
#1988 = CARTESIAN_POINT('',(0.5,4.));
#1989 = CARTESIAN_POINT('',(0.5,0.));
#1990 = ( GEOMETRIC_REPRESENTATION_CONTEXT(2) 
PARAMETRIC_REPRESENTATION_CONTEXT() REPRESENTATION_CONTEXT('2D SPACE',''
  ) );
#1991 = ORIENTED_EDGE('',*,*,#1992,.T.);
#1992 = EDGE_CURVE('',#1967,#1993,#1995,.T.);
#1993 = VERTEX_POINT('',#1994);
#1994 = CARTESIAN_POINT('',(-12.5,73.3,5.));
#1995 = SURFACE_CURVE('',#1996,(#2000,#2006),.PCURVE_S1.);
#1996 = LINE('',#1997,#1998);
#1997 = CARTESIAN_POINT('',(-12.5,49.15,5.));
#1998 = VECTOR('',#1999,1.);
#1999 = DIRECTION('',(-0.,1.,0.));
#2000 = PCURVE('',#235,#2001);
#2001 = DEFINITIONAL_REPRESENTATION('',(#2002),#2005);
#2002 = B_SPLINE_CURVE_WITH_KNOTS('',1,(#2003,#2004),.UNSPECIFIED.,.F.,
  .F.,(2,2),(22.15,24.15),.PIECEWISE_BEZIER_KNOTS.);
#2003 = CARTESIAN_POINT('',(1.5,44.3));
#2004 = CARTESIAN_POINT('',(1.5,46.3));
#2005 = ( GEOMETRIC_REPRESENTATION_CONTEXT(2) 
PARAMETRIC_REPRESENTATION_CONTEXT() REPRESENTATION_CONTEXT('2D SPACE',''
  ) );
#2006 = PCURVE('',#2007,#2012);
#2007 = PLANE('',#2008);
#2008 = AXIS2_PLACEMENT_3D('',#2009,#2010,#2011);
#2009 = CARTESIAN_POINT('',(-12.5,71.3,4.5));
#2010 = DIRECTION('',(1.,0.,-0.));
#2011 = DIRECTION('',(0.,0.,1.));
#2012 = DEFINITIONAL_REPRESENTATION('',(#2013),#2016);
#2013 = B_SPLINE_CURVE_WITH_KNOTS('',1,(#2014,#2015),.UNSPECIFIED.,.F.,
  .F.,(2,2),(22.15,24.15),.PIECEWISE_BEZIER_KNOTS.);
#2014 = CARTESIAN_POINT('',(0.5,0.));
#2015 = CARTESIAN_POINT('',(0.5,-2.));
#2016 = ( GEOMETRIC_REPRESENTATION_CONTEXT(2) 
PARAMETRIC_REPRESENTATION_CONTEXT() REPRESENTATION_CONTEXT('2D SPACE',''
  ) );
#2017 = ORIENTED_EDGE('',*,*,#2018,.F.);
#2018 = EDGE_CURVE('',#2019,#1993,#2021,.T.);
#2019 = VERTEX_POINT('',#2020);
#2020 = CARTESIAN_POINT('',(-8.5,73.3,5.));
#2021 = SURFACE_CURVE('',#2022,(#2026,#2032),.PCURVE_S1.);
#2022 = LINE('',#2023,#2024);
#2023 = CARTESIAN_POINT('',(-13.25,73.3,5.));
#2024 = VECTOR('',#2025,1.);
#2025 = DIRECTION('',(-1.,-0.,0.));
#2026 = PCURVE('',#235,#2027);
#2027 = DEFINITIONAL_REPRESENTATION('',(#2028),#2031);
#2028 = B_SPLINE_CURVE_WITH_KNOTS('',1,(#2029,#2030),.UNSPECIFIED.,.F.,
  .F.,(2,2),(-4.75,-0.75),.PIECEWISE_BEZIER_KNOTS.);
#2029 = CARTESIAN_POINT('',(5.5,46.3));
#2030 = CARTESIAN_POINT('',(1.5,46.3));
#2031 = ( GEOMETRIC_REPRESENTATION_CONTEXT(2) 
PARAMETRIC_REPRESENTATION_CONTEXT() REPRESENTATION_CONTEXT('2D SPACE',''
  ) );
#2032 = PCURVE('',#2033,#2038);
#2033 = PLANE('',#2034);
#2034 = AXIS2_PLACEMENT_3D('',#2035,#2036,#2037);
#2035 = CARTESIAN_POINT('',(-12.5,73.3,4.5));
#2036 = DIRECTION('',(-0.,1.,0.));
#2037 = DIRECTION('',(0.,0.,1.));
#2038 = DEFINITIONAL_REPRESENTATION('',(#2039),#2042);
#2039 = B_SPLINE_CURVE_WITH_KNOTS('',1,(#2040,#2041),.UNSPECIFIED.,.F.,
  .F.,(2,2),(-4.75,-0.75),.PIECEWISE_BEZIER_KNOTS.);
#2040 = CARTESIAN_POINT('',(0.5,4.));
#2041 = CARTESIAN_POINT('',(0.5,0.));
#2042 = ( GEOMETRIC_REPRESENTATION_CONTEXT(2) 
PARAMETRIC_REPRESENTATION_CONTEXT() REPRESENTATION_CONTEXT('2D SPACE',''
  ) );
#2043 = ORIENTED_EDGE('',*,*,#2044,.F.);
#2044 = EDGE_CURVE('',#1965,#2019,#2045,.T.);
#2045 = SURFACE_CURVE('',#2046,(#2050,#2056),.PCURVE_S1.);
#2046 = LINE('',#2047,#2048);
#2047 = CARTESIAN_POINT('',(-8.5,49.15,5.));
#2048 = VECTOR('',#2049,1.);
#2049 = DIRECTION('',(-0.,1.,0.));
#2050 = PCURVE('',#235,#2051);
#2051 = DEFINITIONAL_REPRESENTATION('',(#2052),#2055);
#2052 = B_SPLINE_CURVE_WITH_KNOTS('',1,(#2053,#2054),.UNSPECIFIED.,.F.,
  .F.,(2,2),(22.15,24.15),.PIECEWISE_BEZIER_KNOTS.);
#2053 = CARTESIAN_POINT('',(5.5,44.3));
#2054 = CARTESIAN_POINT('',(5.5,46.3));
#2055 = ( GEOMETRIC_REPRESENTATION_CONTEXT(2) 
PARAMETRIC_REPRESENTATION_CONTEXT() REPRESENTATION_CONTEXT('2D SPACE',''
  ) );
#2056 = PCURVE('',#2057,#2062);
#2057 = PLANE('',#2058);
#2058 = AXIS2_PLACEMENT_3D('',#2059,#2060,#2061);
#2059 = CARTESIAN_POINT('',(-8.5,71.3,4.5));
#2060 = DIRECTION('',(1.,0.,-0.));
#2061 = DIRECTION('',(0.,0.,1.));
#2062 = DEFINITIONAL_REPRESENTATION('',(#2063),#2066);
#2063 = B_SPLINE_CURVE_WITH_KNOTS('',1,(#2064,#2065),.UNSPECIFIED.,.F.,
  .F.,(2,2),(22.15,24.15),.PIECEWISE_BEZIER_KNOTS.);
#2064 = CARTESIAN_POINT('',(0.5,0.));
#2065 = CARTESIAN_POINT('',(0.5,-2.));
#2066 = ( GEOMETRIC_REPRESENTATION_CONTEXT(2) 
PARAMETRIC_REPRESENTATION_CONTEXT() REPRESENTATION_CONTEXT('2D SPACE',''
  ) );
#2067 = FACE_BOUND('',#2068,.T.);
#2068 = EDGE_LOOP('',(#2069,#2097,#2123,#2149));
#2069 = ORIENTED_EDGE('',*,*,#2070,.T.);
#2070 = EDGE_CURVE('',#2071,#2073,#2075,.T.);
#2071 = VERTEX_POINT('',#2072);
#2072 = CARTESIAN_POINT('',(-8.5,79.7,5.));
#2073 = VERTEX_POINT('',#2074);
#2074 = CARTESIAN_POINT('',(-12.5,79.7,5.));
#2075 = SURFACE_CURVE('',#2076,(#2080,#2086),.PCURVE_S1.);
#2076 = LINE('',#2077,#2078);
#2077 = CARTESIAN_POINT('',(-13.25,79.7,5.));
#2078 = VECTOR('',#2079,1.);
#2079 = DIRECTION('',(-1.,-0.,0.));
#2080 = PCURVE('',#235,#2081);
#2081 = DEFINITIONAL_REPRESENTATION('',(#2082),#2085);
#2082 = B_SPLINE_CURVE_WITH_KNOTS('',1,(#2083,#2084),.UNSPECIFIED.,.F.,
  .F.,(2,2),(-4.75,-0.75),.PIECEWISE_BEZIER_KNOTS.);
#2083 = CARTESIAN_POINT('',(5.5,52.7));
#2084 = CARTESIAN_POINT('',(1.5,52.7));
#2085 = ( GEOMETRIC_REPRESENTATION_CONTEXT(2) 
PARAMETRIC_REPRESENTATION_CONTEXT() REPRESENTATION_CONTEXT('2D SPACE',''
  ) );
#2086 = PCURVE('',#2087,#2092);
#2087 = PLANE('',#2088);
#2088 = AXIS2_PLACEMENT_3D('',#2089,#2090,#2091);
#2089 = CARTESIAN_POINT('',(-12.5,79.7,4.5));
#2090 = DIRECTION('',(-0.,1.,0.));
#2091 = DIRECTION('',(0.,0.,1.));
#2092 = DEFINITIONAL_REPRESENTATION('',(#2093),#2096);
#2093 = B_SPLINE_CURVE_WITH_KNOTS('',1,(#2094,#2095),.UNSPECIFIED.,.F.,
  .F.,(2,2),(-4.75,-0.75),.PIECEWISE_BEZIER_KNOTS.);
#2094 = CARTESIAN_POINT('',(0.5,4.));
#2095 = CARTESIAN_POINT('',(0.5,0.));
#2096 = ( GEOMETRIC_REPRESENTATION_CONTEXT(2) 
PARAMETRIC_REPRESENTATION_CONTEXT() REPRESENTATION_CONTEXT('2D SPACE',''
  ) );
#2097 = ORIENTED_EDGE('',*,*,#2098,.T.);
#2098 = EDGE_CURVE('',#2073,#2099,#2101,.T.);
#2099 = VERTEX_POINT('',#2100);
#2100 = CARTESIAN_POINT('',(-12.5,81.7,5.));
#2101 = SURFACE_CURVE('',#2102,(#2106,#2112),.PCURVE_S1.);
#2102 = LINE('',#2103,#2104);
#2103 = CARTESIAN_POINT('',(-12.5,53.35,5.));
#2104 = VECTOR('',#2105,1.);
#2105 = DIRECTION('',(-0.,1.,0.));
#2106 = PCURVE('',#235,#2107);
#2107 = DEFINITIONAL_REPRESENTATION('',(#2108),#2111);
#2108 = B_SPLINE_CURVE_WITH_KNOTS('',1,(#2109,#2110),.UNSPECIFIED.,.F.,
  .F.,(2,2),(26.35,28.35),.PIECEWISE_BEZIER_KNOTS.);
#2109 = CARTESIAN_POINT('',(1.5,52.7));
#2110 = CARTESIAN_POINT('',(1.5,54.7));
#2111 = ( GEOMETRIC_REPRESENTATION_CONTEXT(2) 
PARAMETRIC_REPRESENTATION_CONTEXT() REPRESENTATION_CONTEXT('2D SPACE',''
  ) );
#2112 = PCURVE('',#2113,#2118);
#2113 = PLANE('',#2114);
#2114 = AXIS2_PLACEMENT_3D('',#2115,#2116,#2117);
#2115 = CARTESIAN_POINT('',(-12.5,79.7,4.5));
#2116 = DIRECTION('',(1.,0.,-0.));
#2117 = DIRECTION('',(0.,0.,1.));
#2118 = DEFINITIONAL_REPRESENTATION('',(#2119),#2122);
#2119 = B_SPLINE_CURVE_WITH_KNOTS('',1,(#2120,#2121),.UNSPECIFIED.,.F.,
  .F.,(2,2),(26.35,28.35),.PIECEWISE_BEZIER_KNOTS.);
#2120 = CARTESIAN_POINT('',(0.5,0.));
#2121 = CARTESIAN_POINT('',(0.5,-2.));
#2122 = ( GEOMETRIC_REPRESENTATION_CONTEXT(2) 
PARAMETRIC_REPRESENTATION_CONTEXT() REPRESENTATION_CONTEXT('2D SPACE',''
  ) );
#2123 = ORIENTED_EDGE('',*,*,#2124,.F.);
#2124 = EDGE_CURVE('',#2125,#2099,#2127,.T.);
#2125 = VERTEX_POINT('',#2126);
#2126 = CARTESIAN_POINT('',(-8.5,81.7,5.));
#2127 = SURFACE_CURVE('',#2128,(#2132,#2138),.PCURVE_S1.);
#2128 = LINE('',#2129,#2130);
#2129 = CARTESIAN_POINT('',(-13.25,81.7,5.));
#2130 = VECTOR('',#2131,1.);
#2131 = DIRECTION('',(-1.,-0.,0.));
#2132 = PCURVE('',#235,#2133);
#2133 = DEFINITIONAL_REPRESENTATION('',(#2134),#2137);
#2134 = B_SPLINE_CURVE_WITH_KNOTS('',1,(#2135,#2136),.UNSPECIFIED.,.F.,
  .F.,(2,2),(-4.75,-0.75),.PIECEWISE_BEZIER_KNOTS.);
#2135 = CARTESIAN_POINT('',(5.5,54.7));
#2136 = CARTESIAN_POINT('',(1.5,54.7));
#2137 = ( GEOMETRIC_REPRESENTATION_CONTEXT(2) 
PARAMETRIC_REPRESENTATION_CONTEXT() REPRESENTATION_CONTEXT('2D SPACE',''
  ) );
#2138 = PCURVE('',#2139,#2144);
#2139 = PLANE('',#2140);
#2140 = AXIS2_PLACEMENT_3D('',#2141,#2142,#2143);
#2141 = CARTESIAN_POINT('',(-12.5,81.7,4.5));
#2142 = DIRECTION('',(-0.,1.,0.));
#2143 = DIRECTION('',(0.,0.,1.));
#2144 = DEFINITIONAL_REPRESENTATION('',(#2145),#2148);
#2145 = B_SPLINE_CURVE_WITH_KNOTS('',1,(#2146,#2147),.UNSPECIFIED.,.F.,
  .F.,(2,2),(-4.75,-0.75),.PIECEWISE_BEZIER_KNOTS.);
#2146 = CARTESIAN_POINT('',(0.5,4.));
#2147 = CARTESIAN_POINT('',(0.5,0.));
#2148 = ( GEOMETRIC_REPRESENTATION_CONTEXT(2) 
PARAMETRIC_REPRESENTATION_CONTEXT() REPRESENTATION_CONTEXT('2D SPACE',''
  ) );
#2149 = ORIENTED_EDGE('',*,*,#2150,.F.);
#2150 = EDGE_CURVE('',#2071,#2125,#2151,.T.);
#2151 = SURFACE_CURVE('',#2152,(#2156,#2162),.PCURVE_S1.);
#2152 = LINE('',#2153,#2154);
#2153 = CARTESIAN_POINT('',(-8.5,53.35,5.));
#2154 = VECTOR('',#2155,1.);
#2155 = DIRECTION('',(-0.,1.,0.));
#2156 = PCURVE('',#235,#2157);
#2157 = DEFINITIONAL_REPRESENTATION('',(#2158),#2161);
#2158 = B_SPLINE_CURVE_WITH_KNOTS('',1,(#2159,#2160),.UNSPECIFIED.,.F.,
  .F.,(2,2),(26.35,28.35),.PIECEWISE_BEZIER_KNOTS.);
#2159 = CARTESIAN_POINT('',(5.5,52.7));
#2160 = CARTESIAN_POINT('',(5.5,54.7));
#2161 = ( GEOMETRIC_REPRESENTATION_CONTEXT(2) 
PARAMETRIC_REPRESENTATION_CONTEXT() REPRESENTATION_CONTEXT('2D SPACE',''
  ) );
#2162 = PCURVE('',#2163,#2168);
#2163 = PLANE('',#2164);
#2164 = AXIS2_PLACEMENT_3D('',#2165,#2166,#2167);
#2165 = CARTESIAN_POINT('',(-8.5,79.7,4.5));
#2166 = DIRECTION('',(1.,0.,-0.));
#2167 = DIRECTION('',(0.,0.,1.));
#2168 = DEFINITIONAL_REPRESENTATION('',(#2169),#2172);
#2169 = B_SPLINE_CURVE_WITH_KNOTS('',1,(#2170,#2171),.UNSPECIFIED.,.F.,
  .F.,(2,2),(26.35,28.35),.PIECEWISE_BEZIER_KNOTS.);
#2170 = CARTESIAN_POINT('',(0.5,0.));
#2171 = CARTESIAN_POINT('',(0.5,-2.));
#2172 = ( GEOMETRIC_REPRESENTATION_CONTEXT(2) 
PARAMETRIC_REPRESENTATION_CONTEXT() REPRESENTATION_CONTEXT('2D SPACE',''
  ) );
#2173 = FACE_BOUND('',#2174,.T.);
#2174 = EDGE_LOOP('',(#2175,#2203,#2229,#2255));
#2175 = ORIENTED_EDGE('',*,*,#2176,.T.);
#2176 = EDGE_CURVE('',#2177,#2179,#2181,.T.);
#2177 = VERTEX_POINT('',#2178);
#2178 = CARTESIAN_POINT('',(-8.5,88.3,5.));
#2179 = VERTEX_POINT('',#2180);
#2180 = CARTESIAN_POINT('',(-12.5,88.3,5.));
#2181 = SURFACE_CURVE('',#2182,(#2186,#2192),.PCURVE_S1.);
#2182 = LINE('',#2183,#2184);
#2183 = CARTESIAN_POINT('',(-13.25,88.3,5.));
#2184 = VECTOR('',#2185,1.);
#2185 = DIRECTION('',(-1.,-0.,0.));
#2186 = PCURVE('',#235,#2187);
#2187 = DEFINITIONAL_REPRESENTATION('',(#2188),#2191);
#2188 = B_SPLINE_CURVE_WITH_KNOTS('',1,(#2189,#2190),.UNSPECIFIED.,.F.,
  .F.,(2,2),(-4.75,-0.75),.PIECEWISE_BEZIER_KNOTS.);
#2189 = CARTESIAN_POINT('',(5.5,61.3));
#2190 = CARTESIAN_POINT('',(1.5,61.3));
#2191 = ( GEOMETRIC_REPRESENTATION_CONTEXT(2) 
PARAMETRIC_REPRESENTATION_CONTEXT() REPRESENTATION_CONTEXT('2D SPACE',''
  ) );
#2192 = PCURVE('',#2193,#2198);
#2193 = PLANE('',#2194);
#2194 = AXIS2_PLACEMENT_3D('',#2195,#2196,#2197);
#2195 = CARTESIAN_POINT('',(-12.5,88.3,4.5));
#2196 = DIRECTION('',(-0.,1.,0.));
#2197 = DIRECTION('',(0.,0.,1.));
#2198 = DEFINITIONAL_REPRESENTATION('',(#2199),#2202);
#2199 = B_SPLINE_CURVE_WITH_KNOTS('',1,(#2200,#2201),.UNSPECIFIED.,.F.,
  .F.,(2,2),(-4.75,-0.75),.PIECEWISE_BEZIER_KNOTS.);
#2200 = CARTESIAN_POINT('',(0.5,4.));
#2201 = CARTESIAN_POINT('',(0.5,0.));
#2202 = ( GEOMETRIC_REPRESENTATION_CONTEXT(2) 
PARAMETRIC_REPRESENTATION_CONTEXT() REPRESENTATION_CONTEXT('2D SPACE',''
  ) );
#2203 = ORIENTED_EDGE('',*,*,#2204,.T.);
#2204 = EDGE_CURVE('',#2179,#2205,#2207,.T.);
#2205 = VERTEX_POINT('',#2206);
#2206 = CARTESIAN_POINT('',(-12.5,90.3,5.));
#2207 = SURFACE_CURVE('',#2208,(#2212,#2218),.PCURVE_S1.);
#2208 = LINE('',#2209,#2210);
#2209 = CARTESIAN_POINT('',(-12.5,57.65,5.));
#2210 = VECTOR('',#2211,1.);
#2211 = DIRECTION('',(-0.,1.,0.));
#2212 = PCURVE('',#235,#2213);
#2213 = DEFINITIONAL_REPRESENTATION('',(#2214),#2217);
#2214 = B_SPLINE_CURVE_WITH_KNOTS('',1,(#2215,#2216),.UNSPECIFIED.,.F.,
  .F.,(2,2),(30.65,32.65),.PIECEWISE_BEZIER_KNOTS.);
#2215 = CARTESIAN_POINT('',(1.5,61.3));
#2216 = CARTESIAN_POINT('',(1.5,63.3));
#2217 = ( GEOMETRIC_REPRESENTATION_CONTEXT(2) 
PARAMETRIC_REPRESENTATION_CONTEXT() REPRESENTATION_CONTEXT('2D SPACE',''
  ) );
#2218 = PCURVE('',#2219,#2224);
#2219 = PLANE('',#2220);
#2220 = AXIS2_PLACEMENT_3D('',#2221,#2222,#2223);
#2221 = CARTESIAN_POINT('',(-12.5,88.3,4.5));
#2222 = DIRECTION('',(1.,0.,-0.));
#2223 = DIRECTION('',(0.,0.,1.));
#2224 = DEFINITIONAL_REPRESENTATION('',(#2225),#2228);
#2225 = B_SPLINE_CURVE_WITH_KNOTS('',1,(#2226,#2227),.UNSPECIFIED.,.F.,
  .F.,(2,2),(30.65,32.65),.PIECEWISE_BEZIER_KNOTS.);
#2226 = CARTESIAN_POINT('',(0.5,0.));
#2227 = CARTESIAN_POINT('',(0.5,-2.));
#2228 = ( GEOMETRIC_REPRESENTATION_CONTEXT(2) 
PARAMETRIC_REPRESENTATION_CONTEXT() REPRESENTATION_CONTEXT('2D SPACE',''
  ) );
#2229 = ORIENTED_EDGE('',*,*,#2230,.F.);
#2230 = EDGE_CURVE('',#2231,#2205,#2233,.T.);
#2231 = VERTEX_POINT('',#2232);
#2232 = CARTESIAN_POINT('',(-8.5,90.3,5.));
#2233 = SURFACE_CURVE('',#2234,(#2238,#2244),.PCURVE_S1.);
#2234 = LINE('',#2235,#2236);
#2235 = CARTESIAN_POINT('',(-13.25,90.3,5.));
#2236 = VECTOR('',#2237,1.);
#2237 = DIRECTION('',(-1.,-0.,0.));
#2238 = PCURVE('',#235,#2239);
#2239 = DEFINITIONAL_REPRESENTATION('',(#2240),#2243);
#2240 = B_SPLINE_CURVE_WITH_KNOTS('',1,(#2241,#2242),.UNSPECIFIED.,.F.,
  .F.,(2,2),(-4.75,-0.75),.PIECEWISE_BEZIER_KNOTS.);
#2241 = CARTESIAN_POINT('',(5.5,63.3));
#2242 = CARTESIAN_POINT('',(1.5,63.3));
#2243 = ( GEOMETRIC_REPRESENTATION_CONTEXT(2) 
PARAMETRIC_REPRESENTATION_CONTEXT() REPRESENTATION_CONTEXT('2D SPACE',''
  ) );
#2244 = PCURVE('',#2245,#2250);
#2245 = PLANE('',#2246);
#2246 = AXIS2_PLACEMENT_3D('',#2247,#2248,#2249);
#2247 = CARTESIAN_POINT('',(-12.5,90.3,4.5));
#2248 = DIRECTION('',(-0.,1.,0.));
#2249 = DIRECTION('',(0.,0.,1.));
#2250 = DEFINITIONAL_REPRESENTATION('',(#2251),#2254);
#2251 = B_SPLINE_CURVE_WITH_KNOTS('',1,(#2252,#2253),.UNSPECIFIED.,.F.,
  .F.,(2,2),(-4.75,-0.75),.PIECEWISE_BEZIER_KNOTS.);
#2252 = CARTESIAN_POINT('',(0.5,4.));
#2253 = CARTESIAN_POINT('',(0.5,0.));
#2254 = ( GEOMETRIC_REPRESENTATION_CONTEXT(2) 
PARAMETRIC_REPRESENTATION_CONTEXT() REPRESENTATION_CONTEXT('2D SPACE',''
  ) );
#2255 = ORIENTED_EDGE('',*,*,#2256,.F.);
#2256 = EDGE_CURVE('',#2177,#2231,#2257,.T.);
#2257 = SURFACE_CURVE('',#2258,(#2262,#2268),.PCURVE_S1.);
#2258 = LINE('',#2259,#2260);
#2259 = CARTESIAN_POINT('',(-8.5,57.65,5.));
#2260 = VECTOR('',#2261,1.);
#2261 = DIRECTION('',(-0.,1.,0.));
#2262 = PCURVE('',#235,#2263);
#2263 = DEFINITIONAL_REPRESENTATION('',(#2264),#2267);
#2264 = B_SPLINE_CURVE_WITH_KNOTS('',1,(#2265,#2266),.UNSPECIFIED.,.F.,
  .F.,(2,2),(30.65,32.65),.PIECEWISE_BEZIER_KNOTS.);
#2265 = CARTESIAN_POINT('',(5.5,61.3));
#2266 = CARTESIAN_POINT('',(5.5,63.3));
#2267 = ( GEOMETRIC_REPRESENTATION_CONTEXT(2) 
PARAMETRIC_REPRESENTATION_CONTEXT() REPRESENTATION_CONTEXT('2D SPACE',''
  ) );
#2268 = PCURVE('',#2269,#2274);
#2269 = PLANE('',#2270);
#2270 = AXIS2_PLACEMENT_3D('',#2271,#2272,#2273);
#2271 = CARTESIAN_POINT('',(-8.5,88.3,4.5));
#2272 = DIRECTION('',(1.,0.,-0.));
#2273 = DIRECTION('',(0.,0.,1.));
#2274 = DEFINITIONAL_REPRESENTATION('',(#2275),#2278);
#2275 = B_SPLINE_CURVE_WITH_KNOTS('',1,(#2276,#2277),.UNSPECIFIED.,.F.,
  .F.,(2,2),(30.65,32.65),.PIECEWISE_BEZIER_KNOTS.);
#2276 = CARTESIAN_POINT('',(0.5,0.));
#2277 = CARTESIAN_POINT('',(0.5,-2.));
#2278 = ( GEOMETRIC_REPRESENTATION_CONTEXT(2) 
PARAMETRIC_REPRESENTATION_CONTEXT() REPRESENTATION_CONTEXT('2D SPACE',''
  ) );
#2279 = ADVANCED_FACE('',(#2280),#263,.F.);
#2280 = FACE_BOUND('',#2281,.F.);
#2281 = EDGE_LOOP('',(#2282,#2283,#2305,#2332,#2355,#2382,#2409,#2430,
    #2431,#2454,#2482,#2503,#2504,#2527,#2555,#2576,#2577,#2600,#2628,
    #2649));
#2282 = ORIENTED_EDGE('',*,*,#247,.F.);
#2283 = ORIENTED_EDGE('',*,*,#2284,.F.);
#2284 = EDGE_CURVE('',#2285,#248,#2287,.T.);
#2285 = VERTEX_POINT('',#2286);
#2286 = CARTESIAN_POINT('',(-14.,33.,3.9));
#2287 = SURFACE_CURVE('',#2288,(#2292,#2299),.PCURVE_S1.);
#2288 = LINE('',#2289,#2290);
#2289 = CARTESIAN_POINT('',(-14.,27.,3.9));
#2290 = VECTOR('',#2291,1.);
#2291 = DIRECTION('',(0.,-1.,0.));
#2292 = PCURVE('',#263,#2293);
#2293 = DEFINITIONAL_REPRESENTATION('',(#2294),#2298);
#2294 = LINE('',#2295,#2296);
#2295 = CARTESIAN_POINT('',(3.5,0.));
#2296 = VECTOR('',#2297,1.);
#2297 = DIRECTION('',(0.,1.));
#2298 = ( GEOMETRIC_REPRESENTATION_CONTEXT(2) 
PARAMETRIC_REPRESENTATION_CONTEXT() REPRESENTATION_CONTEXT('2D SPACE',''
  ) );
#2299 = PCURVE('',#291,#2300);
#2300 = DEFINITIONAL_REPRESENTATION('',(#2301),#2304);
#2301 = B_SPLINE_CURVE_WITH_KNOTS('',1,(#2302,#2303),.UNSPECIFIED.,.F.,
  .F.,(2,2),(-6.,0.),.PIECEWISE_BEZIER_KNOTS.);
#2302 = CARTESIAN_POINT('',(0.35,6.));
#2303 = CARTESIAN_POINT('',(0.35,0.));
#2304 = ( GEOMETRIC_REPRESENTATION_CONTEXT(2) 
PARAMETRIC_REPRESENTATION_CONTEXT() REPRESENTATION_CONTEXT('2D SPACE',''
  ) );
#2305 = ORIENTED_EDGE('',*,*,#2306,.T.);
#2306 = EDGE_CURVE('',#2285,#2307,#2309,.T.);
#2307 = VERTEX_POINT('',#2308);
#2308 = CARTESIAN_POINT('',(-14.,33.,0.4));
#2309 = SURFACE_CURVE('',#2310,(#2314,#2321),.PCURVE_S1.);
#2310 = LINE('',#2311,#2312);
#2311 = CARTESIAN_POINT('',(-14.,33.,0.2));
#2312 = VECTOR('',#2313,1.);
#2313 = DIRECTION('',(0.,-2.22044604925E-16,-1.));
#2314 = PCURVE('',#263,#2315);
#2315 = DEFINITIONAL_REPRESENTATION('',(#2316),#2320);
#2316 = LINE('',#2317,#2318);
#2317 = CARTESIAN_POINT('',(-0.2,-6.));
#2318 = VECTOR('',#2319,1.);
#2319 = DIRECTION('',(-1.,2.22044604925E-16));
#2320 = ( GEOMETRIC_REPRESENTATION_CONTEXT(2) 
PARAMETRIC_REPRESENTATION_CONTEXT() REPRESENTATION_CONTEXT('2D SPACE',''
  ) );
#2321 = PCURVE('',#2322,#2327);
#2322 = PLANE('',#2323);
#2323 = AXIS2_PLACEMENT_3D('',#2324,#2325,#2326);
#2324 = CARTESIAN_POINT('',(0.,33.,-6.661338147751E-16));
#2325 = DIRECTION('',(0.,-1.,2.22044604925E-16));
#2326 = DIRECTION('',(1.,0.,0.));
#2327 = DEFINITIONAL_REPRESENTATION('',(#2328),#2331);
#2328 = B_SPLINE_CURVE_WITH_KNOTS('',1,(#2329,#2330),.UNSPECIFIED.,.F.,
  .F.,(2,2),(-4.8,-0.2),.PIECEWISE_BEZIER_KNOTS.);
#2329 = CARTESIAN_POINT('',(-14.,5.));
#2330 = CARTESIAN_POINT('',(-14.,0.4));
#2331 = ( GEOMETRIC_REPRESENTATION_CONTEXT(2) 
PARAMETRIC_REPRESENTATION_CONTEXT() REPRESENTATION_CONTEXT('2D SPACE',''
  ) );
#2332 = ORIENTED_EDGE('',*,*,#2333,.T.);
#2333 = EDGE_CURVE('',#2307,#2334,#2336,.T.);
#2334 = VERTEX_POINT('',#2335);
#2335 = CARTESIAN_POINT('',(-14.,95.,0.4));
#2336 = SURFACE_CURVE('',#2337,(#2341,#2348),.PCURVE_S1.);
#2337 = LINE('',#2338,#2339);
#2338 = CARTESIAN_POINT('',(-14.,27.,0.4));
#2339 = VECTOR('',#2340,1.);
#2340 = DIRECTION('',(-0.,1.,0.));
#2341 = PCURVE('',#263,#2342);
#2342 = DEFINITIONAL_REPRESENTATION('',(#2343),#2347);
#2343 = LINE('',#2344,#2345);
#2344 = CARTESIAN_POINT('',(0.,0.));
#2345 = VECTOR('',#2346,1.);
#2346 = DIRECTION('',(0.,-1.));
#2347 = ( GEOMETRIC_REPRESENTATION_CONTEXT(2) 
PARAMETRIC_REPRESENTATION_CONTEXT() REPRESENTATION_CONTEXT('2D SPACE',''
  ) );
#2348 = PCURVE('',#347,#2349);
#2349 = DEFINITIONAL_REPRESENTATION('',(#2350),#2354);
#2350 = LINE('',#2351,#2352);
#2351 = CARTESIAN_POINT('',(6.,3.));
#2352 = VECTOR('',#2353,1.);
#2353 = DIRECTION('',(0.,1.));
#2354 = ( GEOMETRIC_REPRESENTATION_CONTEXT(2) 
PARAMETRIC_REPRESENTATION_CONTEXT() REPRESENTATION_CONTEXT('2D SPACE',''
  ) );
#2355 = ORIENTED_EDGE('',*,*,#2356,.F.);
#2356 = EDGE_CURVE('',#2357,#2334,#2359,.T.);
#2357 = VERTEX_POINT('',#2358);
#2358 = CARTESIAN_POINT('',(-14.,95.,3.9));
#2359 = SURFACE_CURVE('',#2360,(#2364,#2371),.PCURVE_S1.);
#2360 = LINE('',#2361,#2362);
#2361 = CARTESIAN_POINT('',(-14.,95.,0.2));
#2362 = VECTOR('',#2363,1.);
#2363 = DIRECTION('',(0.,-2.22044604925E-16,-1.));
#2364 = PCURVE('',#263,#2365);
#2365 = DEFINITIONAL_REPRESENTATION('',(#2366),#2370);
#2366 = LINE('',#2367,#2368);
#2367 = CARTESIAN_POINT('',(-0.2,-68.));
#2368 = VECTOR('',#2369,1.);
#2369 = DIRECTION('',(-1.,2.22044604925E-16));
#2370 = ( GEOMETRIC_REPRESENTATION_CONTEXT(2) 
PARAMETRIC_REPRESENTATION_CONTEXT() REPRESENTATION_CONTEXT('2D SPACE',''
  ) );
#2371 = PCURVE('',#2372,#2377);
#2372 = PLANE('',#2373);
#2373 = AXIS2_PLACEMENT_3D('',#2374,#2375,#2376);
#2374 = CARTESIAN_POINT('',(0.,95.,6.661338147751E-16));
#2375 = DIRECTION('',(0.,-1.,2.22044604925E-16));
#2376 = DIRECTION('',(1.,0.,0.));
#2377 = DEFINITIONAL_REPRESENTATION('',(#2378),#2381);
#2378 = B_SPLINE_CURVE_WITH_KNOTS('',1,(#2379,#2380),.UNSPECIFIED.,.F.,
  .F.,(2,2),(-4.8,-0.2),.PIECEWISE_BEZIER_KNOTS.);
#2379 = CARTESIAN_POINT('',(-14.,5.));
#2380 = CARTESIAN_POINT('',(-14.,0.4));
#2381 = ( GEOMETRIC_REPRESENTATION_CONTEXT(2) 
PARAMETRIC_REPRESENTATION_CONTEXT() REPRESENTATION_CONTEXT('2D SPACE',''
  ) );
#2382 = ORIENTED_EDGE('',*,*,#2383,.F.);
#2383 = EDGE_CURVE('',#2384,#2357,#2386,.T.);
#2384 = VERTEX_POINT('',#2385);
#2385 = CARTESIAN_POINT('',(-14.,101.,3.9));
#2386 = SURFACE_CURVE('',#2387,(#2391,#2398),.PCURVE_S1.);
#2387 = LINE('',#2388,#2389);
#2388 = CARTESIAN_POINT('',(-14.,61.,3.9));
#2389 = VECTOR('',#2390,1.);
#2390 = DIRECTION('',(0.,-1.,0.));
#2391 = PCURVE('',#263,#2392);
#2392 = DEFINITIONAL_REPRESENTATION('',(#2393),#2397);
#2393 = LINE('',#2394,#2395);
#2394 = CARTESIAN_POINT('',(3.5,-34.));
#2395 = VECTOR('',#2396,1.);
#2396 = DIRECTION('',(0.,1.));
#2397 = ( GEOMETRIC_REPRESENTATION_CONTEXT(2) 
PARAMETRIC_REPRESENTATION_CONTEXT() REPRESENTATION_CONTEXT('2D SPACE',''
  ) );
#2398 = PCURVE('',#2399,#2404);
#2399 = PLANE('',#2400);
#2400 = AXIS2_PLACEMENT_3D('',#2401,#2402,#2403);
#2401 = CARTESIAN_POINT('',(-14.35,95.,3.9));
#2402 = DIRECTION('',(0.,0.,1.));
#2403 = DIRECTION('',(1.,0.,-0.));
#2404 = DEFINITIONAL_REPRESENTATION('',(#2405),#2408);
#2405 = B_SPLINE_CURVE_WITH_KNOTS('',1,(#2406,#2407),.UNSPECIFIED.,.F.,
  .F.,(2,2),(-40.,-34.),.PIECEWISE_BEZIER_KNOTS.);
#2406 = CARTESIAN_POINT('',(0.35,6.));
#2407 = CARTESIAN_POINT('',(0.35,0.));
#2408 = ( GEOMETRIC_REPRESENTATION_CONTEXT(2) 
PARAMETRIC_REPRESENTATION_CONTEXT() REPRESENTATION_CONTEXT('2D SPACE',''
  ) );
#2409 = ORIENTED_EDGE('',*,*,#2410,.T.);
#2410 = EDGE_CURVE('',#2384,#669,#2411,.T.);
#2411 = SURFACE_CURVE('',#2412,(#2416,#2423),.PCURVE_S1.);
#2412 = LINE('',#2413,#2414);
#2413 = CARTESIAN_POINT('',(-14.,101.,0.4));
#2414 = VECTOR('',#2415,1.);
#2415 = DIRECTION('',(0.,0.,1.));
#2416 = PCURVE('',#263,#2417);
#2417 = DEFINITIONAL_REPRESENTATION('',(#2418),#2422);
#2418 = LINE('',#2419,#2420);
#2419 = CARTESIAN_POINT('',(0.,-74.));
#2420 = VECTOR('',#2421,1.);
#2421 = DIRECTION('',(1.,0.));
#2422 = ( GEOMETRIC_REPRESENTATION_CONTEXT(2) 
PARAMETRIC_REPRESENTATION_CONTEXT() REPRESENTATION_CONTEXT('2D SPACE',''
  ) );
#2423 = PCURVE('',#686,#2424);
#2424 = DEFINITIONAL_REPRESENTATION('',(#2425),#2429);
#2425 = LINE('',#2426,#2427);
#2426 = CARTESIAN_POINT('',(0.,0.));
#2427 = VECTOR('',#2428,1.);
#2428 = DIRECTION('',(1.,0.));
#2429 = ( GEOMETRIC_REPRESENTATION_CONTEXT(2) 
PARAMETRIC_REPRESENTATION_CONTEXT() REPRESENTATION_CONTEXT('2D SPACE',''
  ) );
#2430 = ORIENTED_EDGE('',*,*,#698,.F.);
#2431 = ORIENTED_EDGE('',*,*,#2432,.T.);
#2432 = EDGE_CURVE('',#699,#2433,#2435,.T.);
#2433 = VERTEX_POINT('',#2434);
#2434 = CARTESIAN_POINT('',(-14.,87.,7.385594094384));
#2435 = SURFACE_CURVE('',#2436,(#2440,#2447),.PCURVE_S1.);
#2436 = LINE('',#2437,#2438);
#2437 = CARTESIAN_POINT('',(-14.,87.,4.5));
#2438 = VECTOR('',#2439,1.);
#2439 = DIRECTION('',(0.,0.,1.));
#2440 = PCURVE('',#263,#2441);
#2441 = DEFINITIONAL_REPRESENTATION('',(#2442),#2446);
#2442 = LINE('',#2443,#2444);
#2443 = CARTESIAN_POINT('',(4.1,-60.));
#2444 = VECTOR('',#2445,1.);
#2445 = DIRECTION('',(1.,0.));
#2446 = ( GEOMETRIC_REPRESENTATION_CONTEXT(2) 
PARAMETRIC_REPRESENTATION_CONTEXT() REPRESENTATION_CONTEXT('2D SPACE',''
  ) );
#2447 = PCURVE('',#736,#2448);
#2448 = DEFINITIONAL_REPRESENTATION('',(#2449),#2453);
#2449 = LINE('',#2450,#2451);
#2450 = CARTESIAN_POINT('',(0.,0.));
#2451 = VECTOR('',#2452,1.);
#2452 = DIRECTION('',(1.,0.));
#2453 = ( GEOMETRIC_REPRESENTATION_CONTEXT(2) 
PARAMETRIC_REPRESENTATION_CONTEXT() REPRESENTATION_CONTEXT('2D SPACE',''
  ) );
#2454 = ORIENTED_EDGE('',*,*,#2455,.F.);
#2455 = EDGE_CURVE('',#2456,#2433,#2458,.T.);
#2456 = VERTEX_POINT('',#2457);
#2457 = CARTESIAN_POINT('',(-14.,83.,7.385594094384));
#2458 = SURFACE_CURVE('',#2459,(#2463,#2470),.PCURVE_S1.);
#2459 = LINE('',#2460,#2461);
#2460 = CARTESIAN_POINT('',(-14.,83.,7.385594094384));
#2461 = VECTOR('',#2462,1.);
#2462 = DIRECTION('',(-0.,1.,0.));
#2463 = PCURVE('',#263,#2464);
#2464 = DEFINITIONAL_REPRESENTATION('',(#2465),#2469);
#2465 = LINE('',#2466,#2467);
#2466 = CARTESIAN_POINT('',(6.985594094384,-56.));
#2467 = VECTOR('',#2468,1.);
#2468 = DIRECTION('',(0.,-1.));
#2469 = ( GEOMETRIC_REPRESENTATION_CONTEXT(2) 
PARAMETRIC_REPRESENTATION_CONTEXT() REPRESENTATION_CONTEXT('2D SPACE',''
  ) );
#2470 = PCURVE('',#2471,#2476);
#2471 = PLANE('',#2472);
#2472 = AXIS2_PLACEMENT_3D('',#2473,#2474,#2475);
#2473 = CARTESIAN_POINT('',(-14.,83.,7.385594094384));
#2474 = DIRECTION('',(0.,0.,1.));
#2475 = DIRECTION('',(1.,0.,-0.));
#2476 = DEFINITIONAL_REPRESENTATION('',(#2477),#2481);
#2477 = LINE('',#2478,#2479);
#2478 = CARTESIAN_POINT('',(0.,0.));
#2479 = VECTOR('',#2480,1.);
#2480 = DIRECTION('',(0.,1.));
#2481 = ( GEOMETRIC_REPRESENTATION_CONTEXT(2) 
PARAMETRIC_REPRESENTATION_CONTEXT() REPRESENTATION_CONTEXT('2D SPACE',''
  ) );
#2482 = ORIENTED_EDGE('',*,*,#2483,.F.);
#2483 = EDGE_CURVE('',#774,#2456,#2484,.T.);
#2484 = SURFACE_CURVE('',#2485,(#2489,#2496),.PCURVE_S1.);
#2485 = LINE('',#2486,#2487);
#2486 = CARTESIAN_POINT('',(-14.,83.,4.5));
#2487 = VECTOR('',#2488,1.);
#2488 = DIRECTION('',(0.,0.,1.));
#2489 = PCURVE('',#263,#2490);
#2490 = DEFINITIONAL_REPRESENTATION('',(#2491),#2495);
#2491 = LINE('',#2492,#2493);
#2492 = CARTESIAN_POINT('',(4.1,-56.));
#2493 = VECTOR('',#2494,1.);
#2494 = DIRECTION('',(1.,0.));
#2495 = ( GEOMETRIC_REPRESENTATION_CONTEXT(2) 
PARAMETRIC_REPRESENTATION_CONTEXT() REPRESENTATION_CONTEXT('2D SPACE',''
  ) );
#2496 = PCURVE('',#788,#2497);
#2497 = DEFINITIONAL_REPRESENTATION('',(#2498),#2502);
#2498 = LINE('',#2499,#2500);
#2499 = CARTESIAN_POINT('',(0.,0.));
#2500 = VECTOR('',#2501,1.);
#2501 = DIRECTION('',(1.,0.));
#2502 = ( GEOMETRIC_REPRESENTATION_CONTEXT(2) 
PARAMETRIC_REPRESENTATION_CONTEXT() REPRESENTATION_CONTEXT('2D SPACE',''
  ) );
#2503 = ORIENTED_EDGE('',*,*,#799,.F.);
#2504 = ORIENTED_EDGE('',*,*,#2505,.T.);
#2505 = EDGE_CURVE('',#800,#2506,#2508,.T.);
#2506 = VERTEX_POINT('',#2507);
#2507 = CARTESIAN_POINT('',(-14.,70.,7.385594094384));
#2508 = SURFACE_CURVE('',#2509,(#2513,#2520),.PCURVE_S1.);
#2509 = LINE('',#2510,#2511);
#2510 = CARTESIAN_POINT('',(-14.,70.,4.5));
#2511 = VECTOR('',#2512,1.);
#2512 = DIRECTION('',(0.,0.,1.));
#2513 = PCURVE('',#263,#2514);
#2514 = DEFINITIONAL_REPRESENTATION('',(#2515),#2519);
#2515 = LINE('',#2516,#2517);
#2516 = CARTESIAN_POINT('',(4.1,-43.));
#2517 = VECTOR('',#2518,1.);
#2518 = DIRECTION('',(1.,0.));
#2519 = ( GEOMETRIC_REPRESENTATION_CONTEXT(2) 
PARAMETRIC_REPRESENTATION_CONTEXT() REPRESENTATION_CONTEXT('2D SPACE',''
  ) );
#2520 = PCURVE('',#837,#2521);
#2521 = DEFINITIONAL_REPRESENTATION('',(#2522),#2526);
#2522 = LINE('',#2523,#2524);
#2523 = CARTESIAN_POINT('',(0.,0.));
#2524 = VECTOR('',#2525,1.);
#2525 = DIRECTION('',(1.,0.));
#2526 = ( GEOMETRIC_REPRESENTATION_CONTEXT(2) 
PARAMETRIC_REPRESENTATION_CONTEXT() REPRESENTATION_CONTEXT('2D SPACE',''
  ) );
#2527 = ORIENTED_EDGE('',*,*,#2528,.F.);
#2528 = EDGE_CURVE('',#2529,#2506,#2531,.T.);
#2529 = VERTEX_POINT('',#2530);
#2530 = CARTESIAN_POINT('',(-14.,66.,7.385594094384));
#2531 = SURFACE_CURVE('',#2532,(#2536,#2543),.PCURVE_S1.);
#2532 = LINE('',#2533,#2534);
#2533 = CARTESIAN_POINT('',(-14.,66.,7.385594094384));
#2534 = VECTOR('',#2535,1.);
#2535 = DIRECTION('',(-0.,1.,0.));
#2536 = PCURVE('',#263,#2537);
#2537 = DEFINITIONAL_REPRESENTATION('',(#2538),#2542);
#2538 = LINE('',#2539,#2540);
#2539 = CARTESIAN_POINT('',(6.985594094384,-39.));
#2540 = VECTOR('',#2541,1.);
#2541 = DIRECTION('',(0.,-1.));
#2542 = ( GEOMETRIC_REPRESENTATION_CONTEXT(2) 
PARAMETRIC_REPRESENTATION_CONTEXT() REPRESENTATION_CONTEXT('2D SPACE',''
  ) );
#2543 = PCURVE('',#2544,#2549);
#2544 = PLANE('',#2545);
#2545 = AXIS2_PLACEMENT_3D('',#2546,#2547,#2548);
#2546 = CARTESIAN_POINT('',(-14.,66.,7.385594094384));
#2547 = DIRECTION('',(0.,0.,1.));
#2548 = DIRECTION('',(1.,0.,-0.));
#2549 = DEFINITIONAL_REPRESENTATION('',(#2550),#2554);
#2550 = LINE('',#2551,#2552);
#2551 = CARTESIAN_POINT('',(0.,0.));
#2552 = VECTOR('',#2553,1.);
#2553 = DIRECTION('',(0.,1.));
#2554 = ( GEOMETRIC_REPRESENTATION_CONTEXT(2) 
PARAMETRIC_REPRESENTATION_CONTEXT() REPRESENTATION_CONTEXT('2D SPACE',''
  ) );
#2555 = ORIENTED_EDGE('',*,*,#2556,.F.);
#2556 = EDGE_CURVE('',#875,#2529,#2557,.T.);
#2557 = SURFACE_CURVE('',#2558,(#2562,#2569),.PCURVE_S1.);
#2558 = LINE('',#2559,#2560);
#2559 = CARTESIAN_POINT('',(-14.,66.,4.5));
#2560 = VECTOR('',#2561,1.);
#2561 = DIRECTION('',(0.,0.,1.));
#2562 = PCURVE('',#263,#2563);
#2563 = DEFINITIONAL_REPRESENTATION('',(#2564),#2568);
#2564 = LINE('',#2565,#2566);
#2565 = CARTESIAN_POINT('',(4.1,-39.));
#2566 = VECTOR('',#2567,1.);
#2567 = DIRECTION('',(1.,0.));
#2568 = ( GEOMETRIC_REPRESENTATION_CONTEXT(2) 
PARAMETRIC_REPRESENTATION_CONTEXT() REPRESENTATION_CONTEXT('2D SPACE',''
  ) );
#2569 = PCURVE('',#889,#2570);
#2570 = DEFINITIONAL_REPRESENTATION('',(#2571),#2575);
#2571 = LINE('',#2572,#2573);
#2572 = CARTESIAN_POINT('',(0.,0.));
#2573 = VECTOR('',#2574,1.);
#2574 = DIRECTION('',(1.,0.));
#2575 = ( GEOMETRIC_REPRESENTATION_CONTEXT(2) 
PARAMETRIC_REPRESENTATION_CONTEXT() REPRESENTATION_CONTEXT('2D SPACE',''
  ) );
#2576 = ORIENTED_EDGE('',*,*,#900,.F.);
#2577 = ORIENTED_EDGE('',*,*,#2578,.T.);
#2578 = EDGE_CURVE('',#901,#2579,#2581,.T.);
#2579 = VERTEX_POINT('',#2580);
#2580 = CARTESIAN_POINT('',(-14.,45.,7.385594094384));
#2581 = SURFACE_CURVE('',#2582,(#2586,#2593),.PCURVE_S1.);
#2582 = LINE('',#2583,#2584);
#2583 = CARTESIAN_POINT('',(-14.,45.,4.5));
#2584 = VECTOR('',#2585,1.);
#2585 = DIRECTION('',(0.,0.,1.));
#2586 = PCURVE('',#263,#2587);
#2587 = DEFINITIONAL_REPRESENTATION('',(#2588),#2592);
#2588 = LINE('',#2589,#2590);
#2589 = CARTESIAN_POINT('',(4.1,-18.));
#2590 = VECTOR('',#2591,1.);
#2591 = DIRECTION('',(1.,0.));
#2592 = ( GEOMETRIC_REPRESENTATION_CONTEXT(2) 
PARAMETRIC_REPRESENTATION_CONTEXT() REPRESENTATION_CONTEXT('2D SPACE',''
  ) );
#2593 = PCURVE('',#938,#2594);
#2594 = DEFINITIONAL_REPRESENTATION('',(#2595),#2599);
#2595 = LINE('',#2596,#2597);
#2596 = CARTESIAN_POINT('',(0.,0.));
#2597 = VECTOR('',#2598,1.);
#2598 = DIRECTION('',(1.,0.));
#2599 = ( GEOMETRIC_REPRESENTATION_CONTEXT(2) 
PARAMETRIC_REPRESENTATION_CONTEXT() REPRESENTATION_CONTEXT('2D SPACE',''
  ) );
#2600 = ORIENTED_EDGE('',*,*,#2601,.F.);
#2601 = EDGE_CURVE('',#2602,#2579,#2604,.T.);
#2602 = VERTEX_POINT('',#2603);
#2603 = CARTESIAN_POINT('',(-14.,41.,7.385594094384));
#2604 = SURFACE_CURVE('',#2605,(#2609,#2616),.PCURVE_S1.);
#2605 = LINE('',#2606,#2607);
#2606 = CARTESIAN_POINT('',(-14.,41.,7.385594094384));
#2607 = VECTOR('',#2608,1.);
#2608 = DIRECTION('',(-0.,1.,0.));
#2609 = PCURVE('',#263,#2610);
#2610 = DEFINITIONAL_REPRESENTATION('',(#2611),#2615);
#2611 = LINE('',#2612,#2613);
#2612 = CARTESIAN_POINT('',(6.985594094384,-14.));
#2613 = VECTOR('',#2614,1.);
#2614 = DIRECTION('',(0.,-1.));
#2615 = ( GEOMETRIC_REPRESENTATION_CONTEXT(2) 
PARAMETRIC_REPRESENTATION_CONTEXT() REPRESENTATION_CONTEXT('2D SPACE',''
  ) );
#2616 = PCURVE('',#2617,#2622);
#2617 = PLANE('',#2618);
#2618 = AXIS2_PLACEMENT_3D('',#2619,#2620,#2621);
#2619 = CARTESIAN_POINT('',(-14.,41.,7.385594094384));
#2620 = DIRECTION('',(0.,0.,1.));
#2621 = DIRECTION('',(1.,0.,-0.));
#2622 = DEFINITIONAL_REPRESENTATION('',(#2623),#2627);
#2623 = LINE('',#2624,#2625);
#2624 = CARTESIAN_POINT('',(0.,0.));
#2625 = VECTOR('',#2626,1.);
#2626 = DIRECTION('',(0.,1.));
#2627 = ( GEOMETRIC_REPRESENTATION_CONTEXT(2) 
PARAMETRIC_REPRESENTATION_CONTEXT() REPRESENTATION_CONTEXT('2D SPACE',''
  ) );
#2628 = ORIENTED_EDGE('',*,*,#2629,.F.);
#2629 = EDGE_CURVE('',#976,#2602,#2630,.T.);
#2630 = SURFACE_CURVE('',#2631,(#2635,#2642),.PCURVE_S1.);
#2631 = LINE('',#2632,#2633);
#2632 = CARTESIAN_POINT('',(-14.,41.,4.5));
#2633 = VECTOR('',#2634,1.);
#2634 = DIRECTION('',(0.,0.,1.));
#2635 = PCURVE('',#263,#2636);
#2636 = DEFINITIONAL_REPRESENTATION('',(#2637),#2641);
#2637 = LINE('',#2638,#2639);
#2638 = CARTESIAN_POINT('',(4.1,-14.));
#2639 = VECTOR('',#2640,1.);
#2640 = DIRECTION('',(1.,0.));
#2641 = ( GEOMETRIC_REPRESENTATION_CONTEXT(2) 
PARAMETRIC_REPRESENTATION_CONTEXT() REPRESENTATION_CONTEXT('2D SPACE',''
  ) );
#2642 = PCURVE('',#990,#2643);
#2643 = DEFINITIONAL_REPRESENTATION('',(#2644),#2648);
#2644 = LINE('',#2645,#2646);
#2645 = CARTESIAN_POINT('',(0.,0.));
#2646 = VECTOR('',#2647,1.);
#2647 = DIRECTION('',(1.,0.));
#2648 = ( GEOMETRIC_REPRESENTATION_CONTEXT(2) 
PARAMETRIC_REPRESENTATION_CONTEXT() REPRESENTATION_CONTEXT('2D SPACE',''
  ) );
#2649 = ORIENTED_EDGE('',*,*,#1001,.F.);
#2650 = ADVANCED_FACE('',(#2651),#291,.T.);
#2651 = FACE_BOUND('',#2652,.T.);
#2652 = EDGE_LOOP('',(#2653,#2676,#2697,#2698));
#2653 = ORIENTED_EDGE('',*,*,#2654,.F.);
#2654 = EDGE_CURVE('',#2655,#2285,#2657,.T.);
#2655 = VERTEX_POINT('',#2656);
#2656 = CARTESIAN_POINT('',(-14.35,33.,3.9));
#2657 = SURFACE_CURVE('',#2658,(#2662,#2669),.PCURVE_S1.);
#2658 = LINE('',#2659,#2660);
#2659 = CARTESIAN_POINT('',(-14.35,33.,3.9));
#2660 = VECTOR('',#2661,1.);
#2661 = DIRECTION('',(1.,0.,-0.));
#2662 = PCURVE('',#291,#2663);
#2663 = DEFINITIONAL_REPRESENTATION('',(#2664),#2668);
#2664 = LINE('',#2665,#2666);
#2665 = CARTESIAN_POINT('',(0.,6.));
#2666 = VECTOR('',#2667,1.);
#2667 = DIRECTION('',(1.,0.));
#2668 = ( GEOMETRIC_REPRESENTATION_CONTEXT(2) 
PARAMETRIC_REPRESENTATION_CONTEXT() REPRESENTATION_CONTEXT('2D SPACE',''
  ) );
#2669 = PCURVE('',#2322,#2670);
#2670 = DEFINITIONAL_REPRESENTATION('',(#2671),#2675);
#2671 = LINE('',#2672,#2673);
#2672 = CARTESIAN_POINT('',(-14.35,3.9));
#2673 = VECTOR('',#2674,1.);
#2674 = DIRECTION('',(1.,0.));
#2675 = ( GEOMETRIC_REPRESENTATION_CONTEXT(2) 
PARAMETRIC_REPRESENTATION_CONTEXT() REPRESENTATION_CONTEXT('2D SPACE',''
  ) );
#2676 = ORIENTED_EDGE('',*,*,#2677,.F.);
#2677 = EDGE_CURVE('',#276,#2655,#2678,.T.);
#2678 = SURFACE_CURVE('',#2679,(#2683,#2690),.PCURVE_S1.);
#2679 = LINE('',#2680,#2681);
#2680 = CARTESIAN_POINT('',(-14.35,27.,3.9));
#2681 = VECTOR('',#2682,1.);
#2682 = DIRECTION('',(-0.,1.,0.));
#2683 = PCURVE('',#291,#2684);
#2684 = DEFINITIONAL_REPRESENTATION('',(#2685),#2689);
#2685 = LINE('',#2686,#2687);
#2686 = CARTESIAN_POINT('',(0.,0.));
#2687 = VECTOR('',#2688,1.);
#2688 = DIRECTION('',(0.,1.));
#2689 = ( GEOMETRIC_REPRESENTATION_CONTEXT(2) 
PARAMETRIC_REPRESENTATION_CONTEXT() REPRESENTATION_CONTEXT('2D SPACE',''
  ) );
#2690 = PCURVE('',#319,#2691);
#2691 = DEFINITIONAL_REPRESENTATION('',(#2692),#2696);
#2692 = LINE('',#2693,#2694);
#2693 = CARTESIAN_POINT('',(3.5,0.));
#2694 = VECTOR('',#2695,1.);
#2695 = DIRECTION('',(0.,-1.));
#2696 = ( GEOMETRIC_REPRESENTATION_CONTEXT(2) 
PARAMETRIC_REPRESENTATION_CONTEXT() REPRESENTATION_CONTEXT('2D SPACE',''
  ) );
#2697 = ORIENTED_EDGE('',*,*,#275,.T.);
#2698 = ORIENTED_EDGE('',*,*,#2284,.F.);
#2699 = ADVANCED_FACE('',(#2700),#319,.F.);
#2700 = FACE_BOUND('',#2701,.F.);
#2701 = EDGE_LOOP('',(#2702,#2703,#2726,#2747));
#2702 = ORIENTED_EDGE('',*,*,#303,.F.);
#2703 = ORIENTED_EDGE('',*,*,#2704,.T.);
#2704 = EDGE_CURVE('',#304,#2705,#2707,.T.);
#2705 = VERTEX_POINT('',#2706);
#2706 = CARTESIAN_POINT('',(-14.35,33.,0.4));
#2707 = SURFACE_CURVE('',#2708,(#2712,#2719),.PCURVE_S1.);
#2708 = LINE('',#2709,#2710);
#2709 = CARTESIAN_POINT('',(-14.35,27.,0.4));
#2710 = VECTOR('',#2711,1.);
#2711 = DIRECTION('',(-0.,1.,0.));
#2712 = PCURVE('',#319,#2713);
#2713 = DEFINITIONAL_REPRESENTATION('',(#2714),#2718);
#2714 = LINE('',#2715,#2716);
#2715 = CARTESIAN_POINT('',(0.,0.));
#2716 = VECTOR('',#2717,1.);
#2717 = DIRECTION('',(0.,-1.));
#2718 = ( GEOMETRIC_REPRESENTATION_CONTEXT(2) 
PARAMETRIC_REPRESENTATION_CONTEXT() REPRESENTATION_CONTEXT('2D SPACE',''
  ) );
#2719 = PCURVE('',#347,#2720);
#2720 = DEFINITIONAL_REPRESENTATION('',(#2721),#2725);
#2721 = LINE('',#2722,#2723);
#2722 = CARTESIAN_POINT('',(5.65,3.));
#2723 = VECTOR('',#2724,1.);
#2724 = DIRECTION('',(0.,1.));
#2725 = ( GEOMETRIC_REPRESENTATION_CONTEXT(2) 
PARAMETRIC_REPRESENTATION_CONTEXT() REPRESENTATION_CONTEXT('2D SPACE',''
  ) );
#2726 = ORIENTED_EDGE('',*,*,#2727,.T.);
#2727 = EDGE_CURVE('',#2705,#2655,#2728,.T.);
#2728 = SURFACE_CURVE('',#2729,(#2733,#2740),.PCURVE_S1.);
#2729 = LINE('',#2730,#2731);
#2730 = CARTESIAN_POINT('',(-14.35,33.,0.4));
#2731 = VECTOR('',#2732,1.);
#2732 = DIRECTION('',(0.,0.,1.));
#2733 = PCURVE('',#319,#2734);
#2734 = DEFINITIONAL_REPRESENTATION('',(#2735),#2739);
#2735 = LINE('',#2736,#2737);
#2736 = CARTESIAN_POINT('',(0.,-6.));
#2737 = VECTOR('',#2738,1.);
#2738 = DIRECTION('',(1.,0.));
#2739 = ( GEOMETRIC_REPRESENTATION_CONTEXT(2) 
PARAMETRIC_REPRESENTATION_CONTEXT() REPRESENTATION_CONTEXT('2D SPACE',''
  ) );
#2740 = PCURVE('',#2322,#2741);
#2741 = DEFINITIONAL_REPRESENTATION('',(#2742),#2746);
#2742 = LINE('',#2743,#2744);
#2743 = CARTESIAN_POINT('',(-14.35,0.4));
#2744 = VECTOR('',#2745,1.);
#2745 = DIRECTION('',(0.,1.));
#2746 = ( GEOMETRIC_REPRESENTATION_CONTEXT(2) 
PARAMETRIC_REPRESENTATION_CONTEXT() REPRESENTATION_CONTEXT('2D SPACE',''
  ) );
#2747 = ORIENTED_EDGE('',*,*,#2677,.F.);
#2748 = ADVANCED_FACE('',(#2749,#2965,#2991),#347,.F.);
#2749 = FACE_BOUND('',#2750,.F.);
#2750 = EDGE_LOOP('',(#2751,#2773,#2796,#2819,#2842,#2869,#2892,#2920,
    #2941,#2942,#2963,#2964));
#2751 = ORIENTED_EDGE('',*,*,#2752,.F.);
#2752 = EDGE_CURVE('',#2753,#332,#2755,.T.);
#2753 = VERTEX_POINT('',#2754);
#2754 = CARTESIAN_POINT('',(-6.838311195025,33.,0.4));
#2755 = SURFACE_CURVE('',#2756,(#2760,#2767),.PCURVE_S1.);
#2756 = LINE('',#2757,#2758);
#2757 = CARTESIAN_POINT('',(-6.838311195025,34.,0.4));
#2758 = VECTOR('',#2759,1.);
#2759 = DIRECTION('',(0.,-1.,2.22044604925E-16));
#2760 = PCURVE('',#347,#2761);
#2761 = DEFINITIONAL_REPRESENTATION('',(#2762),#2766);
#2762 = LINE('',#2763,#2764);
#2763 = CARTESIAN_POINT('',(13.161688804975,10.));
#2764 = VECTOR('',#2765,1.);
#2765 = DIRECTION('',(0.,-1.));
#2766 = ( GEOMETRIC_REPRESENTATION_CONTEXT(2) 
PARAMETRIC_REPRESENTATION_CONTEXT() REPRESENTATION_CONTEXT('2D SPACE',''
  ) );
#2767 = PCURVE('',#376,#2768);
#2768 = DEFINITIONAL_REPRESENTATION('',(#2769),#2772);
#2769 = B_SPLINE_CURVE_WITH_KNOTS('',1,(#2770,#2771),.UNSPECIFIED.,.F.,
  .F.,(2,2),(0.9999994,7.0000006),.PIECEWISE_BEZIER_KNOTS.);
#2770 = CARTESIAN_POINT('',(3.083165255819,0.9999994));
#2771 = CARTESIAN_POINT('',(3.083165255819,7.0000006));
#2772 = ( GEOMETRIC_REPRESENTATION_CONTEXT(2) 
PARAMETRIC_REPRESENTATION_CONTEXT() REPRESENTATION_CONTEXT('2D SPACE',''
  ) );
#2773 = ORIENTED_EDGE('',*,*,#2774,.T.);
#2774 = EDGE_CURVE('',#2753,#2775,#2777,.T.);
#2775 = VERTEX_POINT('',#2776);
#2776 = CARTESIAN_POINT('',(-7.,33.,0.4));
#2777 = SURFACE_CURVE('',#2778,(#2782,#2789),.PCURVE_S1.);
#2778 = LINE('',#2779,#2780);
#2779 = CARTESIAN_POINT('',(-6.838311195025,33.,0.4));
#2780 = VECTOR('',#2781,1.);
#2781 = DIRECTION('',(-1.,0.,2.143091157664E-16));
#2782 = PCURVE('',#347,#2783);
#2783 = DEFINITIONAL_REPRESENTATION('',(#2784),#2788);
#2784 = LINE('',#2785,#2786);
#2785 = CARTESIAN_POINT('',(13.161688804975,9.));
#2786 = VECTOR('',#2787,1.);
#2787 = DIRECTION('',(-1.,0.));
#2788 = ( GEOMETRIC_REPRESENTATION_CONTEXT(2) 
PARAMETRIC_REPRESENTATION_CONTEXT() REPRESENTATION_CONTEXT('2D SPACE',''
  ) );
#2789 = PCURVE('',#457,#2790);
#2790 = DEFINITIONAL_REPRESENTATION('',(#2791),#2795);
#2791 = LINE('',#2792,#2793);
#2792 = CARTESIAN_POINT('',(-6.838311195025,0.4));
#2793 = VECTOR('',#2794,1.);
#2794 = DIRECTION('',(-1.,2.143091157664E-16));
#2795 = ( GEOMETRIC_REPRESENTATION_CONTEXT(2) 
PARAMETRIC_REPRESENTATION_CONTEXT() REPRESENTATION_CONTEXT('2D SPACE',''
  ) );
#2796 = ORIENTED_EDGE('',*,*,#2797,.T.);
#2797 = EDGE_CURVE('',#2775,#2798,#2800,.T.);
#2798 = VERTEX_POINT('',#2799);
#2799 = CARTESIAN_POINT('',(-7.,95.,0.4));
#2800 = SURFACE_CURVE('',#2801,(#2805,#2812),.PCURVE_S1.);
#2801 = LINE('',#2802,#2803);
#2802 = CARTESIAN_POINT('',(-7.,27.,0.4));
#2803 = VECTOR('',#2804,1.);
#2804 = DIRECTION('',(-0.,1.,0.));
#2805 = PCURVE('',#347,#2806);
#2806 = DEFINITIONAL_REPRESENTATION('',(#2807),#2811);
#2807 = LINE('',#2808,#2809);
#2808 = CARTESIAN_POINT('',(13.,3.));
#2809 = VECTOR('',#2810,1.);
#2810 = DIRECTION('',(0.,1.));
#2811 = ( GEOMETRIC_REPRESENTATION_CONTEXT(2) 
PARAMETRIC_REPRESENTATION_CONTEXT() REPRESENTATION_CONTEXT('2D SPACE',''
  ) );
#2812 = PCURVE('',#1061,#2813);
#2813 = DEFINITIONAL_REPRESENTATION('',(#2814),#2818);
#2814 = LINE('',#2815,#2816);
#2815 = CARTESIAN_POINT('',(0.,0.));
#2816 = VECTOR('',#2817,1.);
#2817 = DIRECTION('',(0.,-1.));
#2818 = ( GEOMETRIC_REPRESENTATION_CONTEXT(2) 
PARAMETRIC_REPRESENTATION_CONTEXT() REPRESENTATION_CONTEXT('2D SPACE',''
  ) );
#2819 = ORIENTED_EDGE('',*,*,#2820,.T.);
#2820 = EDGE_CURVE('',#2798,#2821,#2823,.T.);
#2821 = VERTEX_POINT('',#2822);
#2822 = CARTESIAN_POINT('',(-6.838311195025,95.,0.4));
#2823 = SURFACE_CURVE('',#2824,(#2828,#2835),.PCURVE_S1.);
#2824 = LINE('',#2825,#2826);
#2825 = CARTESIAN_POINT('',(-14.35,95.,0.4));
#2826 = VECTOR('',#2827,1.);
#2827 = DIRECTION('',(1.,0.,-3.694984754593E-17));
#2828 = PCURVE('',#347,#2829);
#2829 = DEFINITIONAL_REPRESENTATION('',(#2830),#2834);
#2830 = LINE('',#2831,#2832);
#2831 = CARTESIAN_POINT('',(5.65,71.));
#2832 = VECTOR('',#2833,1.);
#2833 = DIRECTION('',(1.,0.));
#2834 = ( GEOMETRIC_REPRESENTATION_CONTEXT(2) 
PARAMETRIC_REPRESENTATION_CONTEXT() REPRESENTATION_CONTEXT('2D SPACE',''
  ) );
#2835 = PCURVE('',#1547,#2836);
#2836 = DEFINITIONAL_REPRESENTATION('',(#2837),#2841);
#2837 = LINE('',#2838,#2839);
#2838 = CARTESIAN_POINT('',(-14.35,0.4));
#2839 = VECTOR('',#2840,1.);
#2840 = DIRECTION('',(1.,-3.694984754593E-17));
#2841 = ( GEOMETRIC_REPRESENTATION_CONTEXT(2) 
PARAMETRIC_REPRESENTATION_CONTEXT() REPRESENTATION_CONTEXT('2D SPACE',''
  ) );
#2842 = ORIENTED_EDGE('',*,*,#2843,.F.);
#2843 = EDGE_CURVE('',#2844,#2821,#2846,.T.);
#2844 = VERTEX_POINT('',#2845);
#2845 = CARTESIAN_POINT('',(-6.838311195025,101.,0.4));
#2846 = SURFACE_CURVE('',#2847,(#2851,#2858),.PCURVE_S1.);
#2847 = LINE('',#2848,#2849);
#2848 = CARTESIAN_POINT('',(-6.838311195025,102.,0.4));
#2849 = VECTOR('',#2850,1.);
#2850 = DIRECTION('',(0.,-1.,2.22044604925E-16));
#2851 = PCURVE('',#347,#2852);
#2852 = DEFINITIONAL_REPRESENTATION('',(#2853),#2857);
#2853 = LINE('',#2854,#2855);
#2854 = CARTESIAN_POINT('',(13.161688804975,78.));
#2855 = VECTOR('',#2856,1.);
#2856 = DIRECTION('',(0.,-1.));
#2857 = ( GEOMETRIC_REPRESENTATION_CONTEXT(2) 
PARAMETRIC_REPRESENTATION_CONTEXT() REPRESENTATION_CONTEXT('2D SPACE',''
  ) );
#2858 = PCURVE('',#2859,#2864);
#2859 = CYLINDRICAL_SURFACE('',#2860,6.85);
#2860 = AXIS2_PLACEMENT_3D('',#2861,#2862,#2863);
#2861 = CARTESIAN_POINT('',(0.,102.,-8.881784197001E-16));
#2862 = DIRECTION('',(0.,-1.,2.22044604925E-16));
#2863 = DIRECTION('',(1.,0.,0.));
#2864 = DEFINITIONAL_REPRESENTATION('',(#2865),#2868);
#2865 = B_SPLINE_CURVE_WITH_KNOTS('',1,(#2866,#2867),.UNSPECIFIED.,.F.,
  .F.,(2,2),(0.9999994,7.0000006),.PIECEWISE_BEZIER_KNOTS.);
#2866 = CARTESIAN_POINT('',(3.083165255819,0.9999994));
#2867 = CARTESIAN_POINT('',(3.083165255819,7.0000006));
#2868 = ( GEOMETRIC_REPRESENTATION_CONTEXT(2) 
PARAMETRIC_REPRESENTATION_CONTEXT() REPRESENTATION_CONTEXT('2D SPACE',''
  ) );
#2869 = ORIENTED_EDGE('',*,*,#2870,.F.);
#2870 = EDGE_CURVE('',#2871,#2844,#2873,.T.);
#2871 = VERTEX_POINT('',#2872);
#2872 = CARTESIAN_POINT('',(-14.35,101.,0.4));
#2873 = SURFACE_CURVE('',#2874,(#2878,#2885),.PCURVE_S1.);
#2874 = LINE('',#2875,#2876);
#2875 = CARTESIAN_POINT('',(-14.35,101.,0.4));
#2876 = VECTOR('',#2877,1.);
#2877 = DIRECTION('',(1.,0.,-2.143091157664E-16));
#2878 = PCURVE('',#347,#2879);
#2879 = DEFINITIONAL_REPRESENTATION('',(#2880),#2884);
#2880 = LINE('',#2881,#2882);
#2881 = CARTESIAN_POINT('',(5.65,77.));
#2882 = VECTOR('',#2883,1.);
#2883 = DIRECTION('',(1.,0.));
#2884 = ( GEOMETRIC_REPRESENTATION_CONTEXT(2) 
PARAMETRIC_REPRESENTATION_CONTEXT() REPRESENTATION_CONTEXT('2D SPACE',''
  ) );
#2885 = PCURVE('',#686,#2886);
#2886 = DEFINITIONAL_REPRESENTATION('',(#2887),#2891);
#2887 = LINE('',#2888,#2889);
#2888 = CARTESIAN_POINT('',(-4.440892098501E-16,-0.35));
#2889 = VECTOR('',#2890,1.);
#2890 = DIRECTION('',(-2.143091157664E-16,1.));
#2891 = ( GEOMETRIC_REPRESENTATION_CONTEXT(2) 
PARAMETRIC_REPRESENTATION_CONTEXT() REPRESENTATION_CONTEXT('2D SPACE',''
  ) );
#2892 = ORIENTED_EDGE('',*,*,#2893,.F.);
#2893 = EDGE_CURVE('',#2894,#2871,#2896,.T.);
#2894 = VERTEX_POINT('',#2895);
#2895 = CARTESIAN_POINT('',(-14.35,95.,0.4));
#2896 = SURFACE_CURVE('',#2897,(#2901,#2908),.PCURVE_S1.);
#2897 = LINE('',#2898,#2899);
#2898 = CARTESIAN_POINT('',(-14.35,95.,0.4));
#2899 = VECTOR('',#2900,1.);
#2900 = DIRECTION('',(-0.,1.,0.));
#2901 = PCURVE('',#347,#2902);
#2902 = DEFINITIONAL_REPRESENTATION('',(#2903),#2907);
#2903 = LINE('',#2904,#2905);
#2904 = CARTESIAN_POINT('',(5.65,71.));
#2905 = VECTOR('',#2906,1.);
#2906 = DIRECTION('',(0.,1.));
#2907 = ( GEOMETRIC_REPRESENTATION_CONTEXT(2) 
PARAMETRIC_REPRESENTATION_CONTEXT() REPRESENTATION_CONTEXT('2D SPACE',''
  ) );
#2908 = PCURVE('',#2909,#2914);
#2909 = PLANE('',#2910);
#2910 = AXIS2_PLACEMENT_3D('',#2911,#2912,#2913);
#2911 = CARTESIAN_POINT('',(-14.35,95.,0.4));
#2912 = DIRECTION('',(1.,0.,-0.));
#2913 = DIRECTION('',(0.,0.,1.));
#2914 = DEFINITIONAL_REPRESENTATION('',(#2915),#2919);
#2915 = LINE('',#2916,#2917);
#2916 = CARTESIAN_POINT('',(0.,0.));
#2917 = VECTOR('',#2918,1.);
#2918 = DIRECTION('',(0.,-1.));
#2919 = ( GEOMETRIC_REPRESENTATION_CONTEXT(2) 
PARAMETRIC_REPRESENTATION_CONTEXT() REPRESENTATION_CONTEXT('2D SPACE',''
  ) );
#2920 = ORIENTED_EDGE('',*,*,#2921,.T.);
#2921 = EDGE_CURVE('',#2894,#2334,#2922,.T.);
#2922 = SURFACE_CURVE('',#2923,(#2927,#2934),.PCURVE_S1.);
#2923 = LINE('',#2924,#2925);
#2924 = CARTESIAN_POINT('',(-14.35,95.,0.4));
#2925 = VECTOR('',#2926,1.);
#2926 = DIRECTION('',(1.,0.,-3.694984754593E-17));
#2927 = PCURVE('',#347,#2928);
#2928 = DEFINITIONAL_REPRESENTATION('',(#2929),#2933);
#2929 = LINE('',#2930,#2931);
#2930 = CARTESIAN_POINT('',(5.65,71.));
#2931 = VECTOR('',#2932,1.);
#2932 = DIRECTION('',(1.,0.));
#2933 = ( GEOMETRIC_REPRESENTATION_CONTEXT(2) 
PARAMETRIC_REPRESENTATION_CONTEXT() REPRESENTATION_CONTEXT('2D SPACE',''
  ) );
#2934 = PCURVE('',#2372,#2935);
#2935 = DEFINITIONAL_REPRESENTATION('',(#2936),#2940);
#2936 = LINE('',#2937,#2938);
#2937 = CARTESIAN_POINT('',(-14.35,0.4));
#2938 = VECTOR('',#2939,1.);
#2939 = DIRECTION('',(1.,-3.694984754593E-17));
#2940 = ( GEOMETRIC_REPRESENTATION_CONTEXT(2) 
PARAMETRIC_REPRESENTATION_CONTEXT() REPRESENTATION_CONTEXT('2D SPACE',''
  ) );
#2941 = ORIENTED_EDGE('',*,*,#2333,.F.);
#2942 = ORIENTED_EDGE('',*,*,#2943,.T.);
#2943 = EDGE_CURVE('',#2307,#2705,#2944,.T.);
#2944 = SURFACE_CURVE('',#2945,(#2949,#2956),.PCURVE_S1.);
#2945 = LINE('',#2946,#2947);
#2946 = CARTESIAN_POINT('',(-6.838311195025,33.,0.4));
#2947 = VECTOR('',#2948,1.);
#2948 = DIRECTION('',(-1.,0.,2.143091157664E-16));
#2949 = PCURVE('',#347,#2950);
#2950 = DEFINITIONAL_REPRESENTATION('',(#2951),#2955);
#2951 = LINE('',#2952,#2953);
#2952 = CARTESIAN_POINT('',(13.161688804975,9.));
#2953 = VECTOR('',#2954,1.);
#2954 = DIRECTION('',(-1.,0.));
#2955 = ( GEOMETRIC_REPRESENTATION_CONTEXT(2) 
PARAMETRIC_REPRESENTATION_CONTEXT() REPRESENTATION_CONTEXT('2D SPACE',''
  ) );
#2956 = PCURVE('',#2322,#2957);
#2957 = DEFINITIONAL_REPRESENTATION('',(#2958),#2962);
#2958 = LINE('',#2959,#2960);
#2959 = CARTESIAN_POINT('',(-6.838311195025,0.4));
#2960 = VECTOR('',#2961,1.);
#2961 = DIRECTION('',(-1.,2.143091157664E-16));
#2962 = ( GEOMETRIC_REPRESENTATION_CONTEXT(2) 
PARAMETRIC_REPRESENTATION_CONTEXT() REPRESENTATION_CONTEXT('2D SPACE',''
  ) );
#2963 = ORIENTED_EDGE('',*,*,#2704,.F.);
#2964 = ORIENTED_EDGE('',*,*,#331,.T.);
#2965 = FACE_BOUND('',#2966,.F.);
#2966 = EDGE_LOOP('',(#2967));
#2967 = ORIENTED_EDGE('',*,*,#2968,.F.);
#2968 = EDGE_CURVE('',#2969,#2969,#2971,.T.);
#2969 = VERTEX_POINT('',#2970);
#2970 = CARTESIAN_POINT('',(-10.65,30.,0.4));
#2971 = SURFACE_CURVE('',#2972,(#2977,#2984),.PCURVE_S1.);
#2972 = CIRCLE('',#2973,1.2);
#2973 = AXIS2_PLACEMENT_3D('',#2974,#2975,#2976);
#2974 = CARTESIAN_POINT('',(-11.85,30.,0.4));
#2975 = DIRECTION('',(0.,0.,1.));
#2976 = DIRECTION('',(1.,0.,-0.));
#2977 = PCURVE('',#347,#2978);
#2978 = DEFINITIONAL_REPRESENTATION('',(#2979),#2983);
#2979 = CIRCLE('',#2980,1.2);
#2980 = AXIS2_PLACEMENT_2D('',#2981,#2982);
#2981 = CARTESIAN_POINT('',(8.15,6.));
#2982 = DIRECTION('',(1.,0.));
#2983 = ( GEOMETRIC_REPRESENTATION_CONTEXT(2) 
PARAMETRIC_REPRESENTATION_CONTEXT() REPRESENTATION_CONTEXT('2D SPACE',''
  ) );
#2984 = PCURVE('',#1601,#2985);
#2985 = DEFINITIONAL_REPRESENTATION('',(#2986),#2990);
#2986 = LINE('',#2987,#2988);
#2987 = CARTESIAN_POINT('',(0.,15.4));
#2988 = VECTOR('',#2989,1.);
#2989 = DIRECTION('',(1.,0.));
#2990 = ( GEOMETRIC_REPRESENTATION_CONTEXT(2) 
PARAMETRIC_REPRESENTATION_CONTEXT() REPRESENTATION_CONTEXT('2D SPACE',''
  ) );
#2991 = FACE_BOUND('',#2992,.F.);
#2992 = EDGE_LOOP('',(#2993));
#2993 = ORIENTED_EDGE('',*,*,#2994,.F.);
#2994 = EDGE_CURVE('',#2995,#2995,#2997,.T.);
#2995 = VERTEX_POINT('',#2996);
#2996 = CARTESIAN_POINT('',(-10.65,98.,0.4));
#2997 = SURFACE_CURVE('',#2998,(#3003,#3010),.PCURVE_S1.);
#2998 = CIRCLE('',#2999,1.2);
#2999 = AXIS2_PLACEMENT_3D('',#3000,#3001,#3002);
#3000 = CARTESIAN_POINT('',(-11.85,98.,0.4));
#3001 = DIRECTION('',(0.,0.,1.));
#3002 = DIRECTION('',(1.,0.,-0.));
#3003 = PCURVE('',#347,#3004);
#3004 = DEFINITIONAL_REPRESENTATION('',(#3005),#3009);
#3005 = CIRCLE('',#3006,1.2);
#3006 = AXIS2_PLACEMENT_2D('',#3007,#3008);
#3007 = CARTESIAN_POINT('',(8.15,74.));
#3008 = DIRECTION('',(1.,0.));
#3009 = ( GEOMETRIC_REPRESENTATION_CONTEXT(2) 
PARAMETRIC_REPRESENTATION_CONTEXT() REPRESENTATION_CONTEXT('2D SPACE',''
  ) );
#3010 = PCURVE('',#1950,#3011);
#3011 = DEFINITIONAL_REPRESENTATION('',(#3012),#3016);
#3012 = LINE('',#3013,#3014);
#3013 = CARTESIAN_POINT('',(0.,15.4));
#3014 = VECTOR('',#3015,1.);
#3015 = DIRECTION('',(1.,0.));
#3016 = ( GEOMETRIC_REPRESENTATION_CONTEXT(2) 
PARAMETRIC_REPRESENTATION_CONTEXT() REPRESENTATION_CONTEXT('2D SPACE',''
  ) );
#3017 = ADVANCED_FACE('',(#3018),#376,.F.);
#3018 = FACE_BOUND('',#3019,.F.);
#3019 = EDGE_LOOP('',(#3020,#3021,#3043,#3065));
#3020 = ORIENTED_EDGE('',*,*,#359,.F.);
#3021 = ORIENTED_EDGE('',*,*,#3022,.F.);
#3022 = EDGE_CURVE('',#3023,#360,#3025,.T.);
#3023 = VERTEX_POINT('',#3024);
#3024 = CARTESIAN_POINT('',(6.838311195025,33.,0.4));
#3025 = SURFACE_CURVE('',#3026,(#3030,#3036),.PCURVE_S1.);
#3026 = LINE('',#3027,#3028);
#3027 = CARTESIAN_POINT('',(6.838311195025,34.,0.4));
#3028 = VECTOR('',#3029,1.);
#3029 = DIRECTION('',(0.,-1.,2.22044604925E-16));
#3030 = PCURVE('',#376,#3031);
#3031 = DEFINITIONAL_REPRESENTATION('',(#3032),#3035);
#3032 = B_SPLINE_CURVE_WITH_KNOTS('',1,(#3033,#3034),.UNSPECIFIED.,.F.,
  .F.,(2,2),(0.9999994,7.0000006),.PIECEWISE_BEZIER_KNOTS.);
#3033 = CARTESIAN_POINT('',(5.842739777037E-02,0.9999994));
#3034 = CARTESIAN_POINT('',(5.842739777037E-02,7.0000006));
#3035 = ( GEOMETRIC_REPRESENTATION_CONTEXT(2) 
PARAMETRIC_REPRESENTATION_CONTEXT() REPRESENTATION_CONTEXT('2D SPACE',''
  ) );
#3036 = PCURVE('',#402,#3037);
#3037 = DEFINITIONAL_REPRESENTATION('',(#3038),#3042);
#3038 = LINE('',#3039,#3040);
#3039 = CARTESIAN_POINT('',(26.838311195025,10.));
#3040 = VECTOR('',#3041,1.);
#3041 = DIRECTION('',(0.,-1.));
#3042 = ( GEOMETRIC_REPRESENTATION_CONTEXT(2) 
PARAMETRIC_REPRESENTATION_CONTEXT() REPRESENTATION_CONTEXT('2D SPACE',''
  ) );
#3043 = ORIENTED_EDGE('',*,*,#3044,.T.);
#3044 = EDGE_CURVE('',#3023,#2753,#3045,.T.);
#3045 = SURFACE_CURVE('',#3046,(#3051,#3058),.PCURVE_S1.);
#3046 = CIRCLE('',#3047,6.85);
#3047 = AXIS2_PLACEMENT_3D('',#3048,#3049,#3050);
#3048 = CARTESIAN_POINT('',(0.,33.,-6.661338147751E-16));
#3049 = DIRECTION('',(0.,-1.,2.22044604925E-16));
#3050 = DIRECTION('',(1.,0.,0.));
#3051 = PCURVE('',#376,#3052);
#3052 = DEFINITIONAL_REPRESENTATION('',(#3053),#3057);
#3053 = LINE('',#3054,#3055);
#3054 = CARTESIAN_POINT('',(0.,1.));
#3055 = VECTOR('',#3056,1.);
#3056 = DIRECTION('',(1.,0.));
#3057 = ( GEOMETRIC_REPRESENTATION_CONTEXT(2) 
PARAMETRIC_REPRESENTATION_CONTEXT() REPRESENTATION_CONTEXT('2D SPACE',''
  ) );
#3058 = PCURVE('',#457,#3059);
#3059 = DEFINITIONAL_REPRESENTATION('',(#3060),#3064);
#3060 = CIRCLE('',#3061,6.85);
#3061 = AXIS2_PLACEMENT_2D('',#3062,#3063);
#3062 = CARTESIAN_POINT('',(0.,0.));
#3063 = DIRECTION('',(1.,0.));
#3064 = ( GEOMETRIC_REPRESENTATION_CONTEXT(2) 
PARAMETRIC_REPRESENTATION_CONTEXT() REPRESENTATION_CONTEXT('2D SPACE',''
  ) );
#3065 = ORIENTED_EDGE('',*,*,#2752,.T.);
#3066 = ADVANCED_FACE('',(#3067,#3093),#402,.F.);
#3067 = FACE_BOUND('',#3068,.F.);
#3068 = EDGE_LOOP('',(#3069,#3070,#3091,#3092));
#3069 = ORIENTED_EDGE('',*,*,#418,.T.);
#3070 = ORIENTED_EDGE('',*,*,#3071,.F.);
#3071 = EDGE_CURVE('',#3023,#419,#3072,.T.);
#3072 = SURFACE_CURVE('',#3073,(#3077,#3084),.PCURVE_S1.);
#3073 = LINE('',#3074,#3075);
#3074 = CARTESIAN_POINT('',(6.838311195025,33.,0.4));
#3075 = VECTOR('',#3076,1.);
#3076 = DIRECTION('',(1.,0.,1.773592682205E-16));
#3077 = PCURVE('',#402,#3078);
#3078 = DEFINITIONAL_REPRESENTATION('',(#3079),#3083);
#3079 = LINE('',#3080,#3081);
#3080 = CARTESIAN_POINT('',(26.838311195025,9.));
#3081 = VECTOR('',#3082,1.);
#3082 = DIRECTION('',(1.,0.));
#3083 = ( GEOMETRIC_REPRESENTATION_CONTEXT(2) 
PARAMETRIC_REPRESENTATION_CONTEXT() REPRESENTATION_CONTEXT('2D SPACE',''
  ) );
#3084 = PCURVE('',#457,#3085);
#3085 = DEFINITIONAL_REPRESENTATION('',(#3086),#3090);
#3086 = LINE('',#3087,#3088);
#3087 = CARTESIAN_POINT('',(6.838311195025,0.4));
#3088 = VECTOR('',#3089,1.);
#3089 = DIRECTION('',(1.,1.773592682205E-16));
#3090 = ( GEOMETRIC_REPRESENTATION_CONTEXT(2) 
PARAMETRIC_REPRESENTATION_CONTEXT() REPRESENTATION_CONTEXT('2D SPACE',''
  ) );
#3091 = ORIENTED_EDGE('',*,*,#3022,.T.);
#3092 = ORIENTED_EDGE('',*,*,#388,.T.);
#3093 = FACE_BOUND('',#3094,.F.);
#3094 = EDGE_LOOP('',(#3095));
#3095 = ORIENTED_EDGE('',*,*,#3096,.F.);
#3096 = EDGE_CURVE('',#3097,#3097,#3099,.T.);
#3097 = VERTEX_POINT('',#3098);
#3098 = CARTESIAN_POINT('',(13.05,30.,0.4));
#3099 = SURFACE_CURVE('',#3100,(#3105,#3112),.PCURVE_S1.);
#3100 = CIRCLE('',#3101,1.2);
#3101 = AXIS2_PLACEMENT_3D('',#3102,#3103,#3104);
#3102 = CARTESIAN_POINT('',(11.85,30.,0.4));
#3103 = DIRECTION('',(0.,0.,1.));
#3104 = DIRECTION('',(1.,0.,-0.));
#3105 = PCURVE('',#402,#3106);
#3106 = DEFINITIONAL_REPRESENTATION('',(#3107),#3111);
#3107 = CIRCLE('',#3108,1.2);
#3108 = AXIS2_PLACEMENT_2D('',#3109,#3110);
#3109 = CARTESIAN_POINT('',(31.85,6.));
#3110 = DIRECTION('',(1.,0.));
#3111 = ( GEOMETRIC_REPRESENTATION_CONTEXT(2) 
PARAMETRIC_REPRESENTATION_CONTEXT() REPRESENTATION_CONTEXT('2D SPACE',''
  ) );
#3112 = PCURVE('',#558,#3113);
#3113 = DEFINITIONAL_REPRESENTATION('',(#3114),#3118);
#3114 = LINE('',#3115,#3116);
#3115 = CARTESIAN_POINT('',(0.,15.4));
#3116 = VECTOR('',#3117,1.);
#3117 = DIRECTION('',(1.,0.));
#3118 = ( GEOMETRIC_REPRESENTATION_CONTEXT(2) 
PARAMETRIC_REPRESENTATION_CONTEXT() REPRESENTATION_CONTEXT('2D SPACE',''
  ) );
#3119 = ADVANCED_FACE('',(#3120),#457,.F.);
#3120 = FACE_BOUND('',#3121,.F.);
#3121 = EDGE_LOOP('',(#3122,#3123,#3124,#3125,#3126,#3127,#3146,#3147,
    #3148));
#3122 = ORIENTED_EDGE('',*,*,#441,.T.);
#3123 = ORIENTED_EDGE('',*,*,#518,.F.);
#3124 = ORIENTED_EDGE('',*,*,#595,.F.);
#3125 = ORIENTED_EDGE('',*,*,#622,.T.);
#3126 = ORIENTED_EDGE('',*,*,#1024,.T.);
#3127 = ORIENTED_EDGE('',*,*,#3128,.T.);
#3128 = EDGE_CURVE('',#1025,#2775,#3129,.T.);
#3129 = SURFACE_CURVE('',#3130,(#3134,#3140),.PCURVE_S1.);
#3130 = LINE('',#3131,#3132);
#3131 = CARTESIAN_POINT('',(-7.,33.,0.2));
#3132 = VECTOR('',#3133,1.);
#3133 = DIRECTION('',(0.,-2.22044604925E-16,-1.));
#3134 = PCURVE('',#457,#3135);
#3135 = DEFINITIONAL_REPRESENTATION('',(#3136),#3139);
#3136 = B_SPLINE_CURVE_WITH_KNOTS('',1,(#3137,#3138),.UNSPECIFIED.,.F.,
  .F.,(2,2),(-4.8,-0.2),.PIECEWISE_BEZIER_KNOTS.);
#3137 = CARTESIAN_POINT('',(-7.,5.));
#3138 = CARTESIAN_POINT('',(-7.,0.4));
#3139 = ( GEOMETRIC_REPRESENTATION_CONTEXT(2) 
PARAMETRIC_REPRESENTATION_CONTEXT() REPRESENTATION_CONTEXT('2D SPACE',''
  ) );
#3140 = PCURVE('',#1061,#3141);
#3141 = DEFINITIONAL_REPRESENTATION('',(#3142),#3145);
#3142 = B_SPLINE_CURVE_WITH_KNOTS('',1,(#3143,#3144),.UNSPECIFIED.,.F.,
  .F.,(2,2),(-4.8,-0.2),.PIECEWISE_BEZIER_KNOTS.);
#3143 = CARTESIAN_POINT('',(4.6,-6.));
#3144 = CARTESIAN_POINT('',(0.,-6.));
#3145 = ( GEOMETRIC_REPRESENTATION_CONTEXT(2) 
PARAMETRIC_REPRESENTATION_CONTEXT() REPRESENTATION_CONTEXT('2D SPACE',''
  ) );
#3146 = ORIENTED_EDGE('',*,*,#2774,.F.);
#3147 = ORIENTED_EDGE('',*,*,#3044,.F.);
#3148 = ORIENTED_EDGE('',*,*,#3071,.T.);
#3149 = ADVANCED_FACE('',(#3150),#558,.F.);
#3150 = FACE_BOUND('',#3151,.F.);
#3151 = EDGE_LOOP('',(#3152,#3153,#3174,#3175));
#3152 = ORIENTED_EDGE('',*,*,#541,.F.);
#3153 = ORIENTED_EDGE('',*,*,#3154,.F.);
#3154 = EDGE_CURVE('',#3097,#542,#3155,.T.);
#3155 = SEAM_CURVE('',#3156,(#3160,#3167),.PCURVE_S1.);
#3156 = LINE('',#3157,#3158);
#3157 = CARTESIAN_POINT('',(13.05,30.,-15.));
#3158 = VECTOR('',#3159,1.);
#3159 = DIRECTION('',(0.,0.,1.));
#3160 = PCURVE('',#558,#3161);
#3161 = DEFINITIONAL_REPRESENTATION('',(#3162),#3166);
#3162 = LINE('',#3163,#3164);
#3163 = CARTESIAN_POINT('',(6.28318530718,-0.));
#3164 = VECTOR('',#3165,1.);
#3165 = DIRECTION('',(0.,1.));
#3166 = ( GEOMETRIC_REPRESENTATION_CONTEXT(2) 
PARAMETRIC_REPRESENTATION_CONTEXT() REPRESENTATION_CONTEXT('2D SPACE',''
  ) );
#3167 = PCURVE('',#558,#3168);
#3168 = DEFINITIONAL_REPRESENTATION('',(#3169),#3173);
#3169 = LINE('',#3170,#3171);
#3170 = CARTESIAN_POINT('',(0.,-0.));
#3171 = VECTOR('',#3172,1.);
#3172 = DIRECTION('',(0.,1.));
#3173 = ( GEOMETRIC_REPRESENTATION_CONTEXT(2) 
PARAMETRIC_REPRESENTATION_CONTEXT() REPRESENTATION_CONTEXT('2D SPACE',''
  ) );
#3174 = ORIENTED_EDGE('',*,*,#3096,.T.);
#3175 = ORIENTED_EDGE('',*,*,#3154,.T.);
#3176 = ADVANCED_FACE('',(#3177),#686,.T.);
#3177 = FACE_BOUND('',#3178,.T.);
#3178 = EDGE_LOOP('',(#3179,#3180,#3208,#3236,#3264,#3292,#3320,#3346,
    #3347,#3370,#3391));
#3179 = ORIENTED_EDGE('',*,*,#668,.T.);
#3180 = ORIENTED_EDGE('',*,*,#3181,.F.);
#3181 = EDGE_CURVE('',#3182,#671,#3184,.T.);
#3182 = VERTEX_POINT('',#3183);
#3183 = CARTESIAN_POINT('',(9.35,101.,3.098386676966));
#3184 = SURFACE_CURVE('',#3185,(#3190,#3201),.PCURVE_S1.);
#3185 = CIRCLE('',#3186,9.85);
#3186 = AXIS2_PLACEMENT_3D('',#3187,#3188,#3189);
#3187 = CARTESIAN_POINT('',(0.,101.,-6.661338147751E-16));
#3188 = DIRECTION('',(0.,-1.,2.22044604925E-16));
#3189 = DIRECTION('',(1.,0.,0.));
#3190 = PCURVE('',#686,#3191);
#3191 = DEFINITIONAL_REPRESENTATION('',(#3192),#3200);
#3192 = ( BOUNDED_CURVE() B_SPLINE_CURVE(2,(#3193,#3194,#3195,#3196,
#3197,#3198,#3199),.UNSPECIFIED.,.T.,.F.) B_SPLINE_CURVE_WITH_KNOTS((1,2
    ,2,2,2,1),(-2.094395102393,0.,2.094395102393,4.188790204786,
6.28318530718,8.377580409573),.UNSPECIFIED.) CURVE() 
GEOMETRIC_REPRESENTATION_ITEM() RATIONAL_B_SPLINE_CURVE((1.,0.5,1.,0.5,
1.,0.5,1.)) REPRESENTATION_ITEM('') );
#3193 = CARTESIAN_POINT('',(-0.4,23.85));
#3194 = CARTESIAN_POINT('',(16.660700454553,23.85));
#3195 = CARTESIAN_POINT('',(8.130350227277,9.075));
#3196 = CARTESIAN_POINT('',(-0.4,-5.7));
#3197 = CARTESIAN_POINT('',(-8.930350227277,9.075));
#3198 = CARTESIAN_POINT('',(-17.46070045455,23.85));
#3199 = CARTESIAN_POINT('',(-0.4,23.85));
#3200 = ( GEOMETRIC_REPRESENTATION_CONTEXT(2) 
PARAMETRIC_REPRESENTATION_CONTEXT() REPRESENTATION_CONTEXT('2D SPACE',''
  ) );
#3201 = PCURVE('',#1571,#3202);
#3202 = DEFINITIONAL_REPRESENTATION('',(#3203),#3207);
#3203 = LINE('',#3204,#3205);
#3204 = CARTESIAN_POINT('',(0.,0.));
#3205 = VECTOR('',#3206,1.);
#3206 = DIRECTION('',(1.,0.));
#3207 = ( GEOMETRIC_REPRESENTATION_CONTEXT(2) 
PARAMETRIC_REPRESENTATION_CONTEXT() REPRESENTATION_CONTEXT('2D SPACE',''
  ) );
#3208 = ORIENTED_EDGE('',*,*,#3209,.T.);
#3209 = EDGE_CURVE('',#3182,#3210,#3212,.T.);
#3210 = VERTEX_POINT('',#3211);
#3211 = CARTESIAN_POINT('',(9.35,101.,3.9));
#3212 = SURFACE_CURVE('',#3213,(#3217,#3224),.PCURVE_S1.);
#3213 = LINE('',#3214,#3215);
#3214 = CARTESIAN_POINT('',(9.35,101.,0.4));
#3215 = VECTOR('',#3216,1.);
#3216 = DIRECTION('',(0.,0.,1.));
#3217 = PCURVE('',#686,#3218);
#3218 = DEFINITIONAL_REPRESENTATION('',(#3219),#3223);
#3219 = LINE('',#3220,#3221);
#3220 = CARTESIAN_POINT('',(-4.440892098501E-16,23.35));
#3221 = VECTOR('',#3222,1.);
#3222 = DIRECTION('',(1.,0.));
#3223 = ( GEOMETRIC_REPRESENTATION_CONTEXT(2) 
PARAMETRIC_REPRESENTATION_CONTEXT() REPRESENTATION_CONTEXT('2D SPACE',''
  ) );
#3224 = PCURVE('',#3225,#3230);
#3225 = PLANE('',#3226);
#3226 = AXIS2_PLACEMENT_3D('',#3227,#3228,#3229);
#3227 = CARTESIAN_POINT('',(9.35,95.,0.4));
#3228 = DIRECTION('',(1.,0.,-0.));
#3229 = DIRECTION('',(0.,0.,1.));
#3230 = DEFINITIONAL_REPRESENTATION('',(#3231),#3235);
#3231 = LINE('',#3232,#3233);
#3232 = CARTESIAN_POINT('',(0.,-6.));
#3233 = VECTOR('',#3234,1.);
#3234 = DIRECTION('',(1.,0.));
#3235 = ( GEOMETRIC_REPRESENTATION_CONTEXT(2) 
PARAMETRIC_REPRESENTATION_CONTEXT() REPRESENTATION_CONTEXT('2D SPACE',''
  ) );
#3236 = ORIENTED_EDGE('',*,*,#3237,.T.);
#3237 = EDGE_CURVE('',#3210,#3238,#3240,.T.);
#3238 = VERTEX_POINT('',#3239);
#3239 = CARTESIAN_POINT('',(14.35,101.,3.9));
#3240 = SURFACE_CURVE('',#3241,(#3245,#3252),.PCURVE_S1.);
#3241 = LINE('',#3242,#3243);
#3242 = CARTESIAN_POINT('',(9.35,101.,3.9));
#3243 = VECTOR('',#3244,1.);
#3244 = DIRECTION('',(1.,0.,-0.));
#3245 = PCURVE('',#686,#3246);
#3246 = DEFINITIONAL_REPRESENTATION('',(#3247),#3251);
#3247 = LINE('',#3248,#3249);
#3248 = CARTESIAN_POINT('',(3.5,23.35));
#3249 = VECTOR('',#3250,1.);
#3250 = DIRECTION('',(0.,1.));
#3251 = ( GEOMETRIC_REPRESENTATION_CONTEXT(2) 
PARAMETRIC_REPRESENTATION_CONTEXT() REPRESENTATION_CONTEXT('2D SPACE',''
  ) );
#3252 = PCURVE('',#3253,#3258);
#3253 = PLANE('',#3254);
#3254 = AXIS2_PLACEMENT_3D('',#3255,#3256,#3257);
#3255 = CARTESIAN_POINT('',(9.35,95.,3.9));
#3256 = DIRECTION('',(0.,0.,1.));
#3257 = DIRECTION('',(1.,0.,-0.));
#3258 = DEFINITIONAL_REPRESENTATION('',(#3259),#3263);
#3259 = LINE('',#3260,#3261);
#3260 = CARTESIAN_POINT('',(0.,6.));
#3261 = VECTOR('',#3262,1.);
#3262 = DIRECTION('',(1.,0.));
#3263 = ( GEOMETRIC_REPRESENTATION_CONTEXT(2) 
PARAMETRIC_REPRESENTATION_CONTEXT() REPRESENTATION_CONTEXT('2D SPACE',''
  ) );
#3264 = ORIENTED_EDGE('',*,*,#3265,.F.);
#3265 = EDGE_CURVE('',#3266,#3238,#3268,.T.);
#3266 = VERTEX_POINT('',#3267);
#3267 = CARTESIAN_POINT('',(14.35,101.,0.4));
#3268 = SURFACE_CURVE('',#3269,(#3273,#3280),.PCURVE_S1.);
#3269 = LINE('',#3270,#3271);
#3270 = CARTESIAN_POINT('',(14.35,101.,0.4));
#3271 = VECTOR('',#3272,1.);
#3272 = DIRECTION('',(0.,0.,1.));
#3273 = PCURVE('',#686,#3274);
#3274 = DEFINITIONAL_REPRESENTATION('',(#3275),#3279);
#3275 = LINE('',#3276,#3277);
#3276 = CARTESIAN_POINT('',(-4.440892098501E-16,28.35));
#3277 = VECTOR('',#3278,1.);
#3278 = DIRECTION('',(1.,0.));
#3279 = ( GEOMETRIC_REPRESENTATION_CONTEXT(2) 
PARAMETRIC_REPRESENTATION_CONTEXT() REPRESENTATION_CONTEXT('2D SPACE',''
  ) );
#3280 = PCURVE('',#3281,#3286);
#3281 = PLANE('',#3282);
#3282 = AXIS2_PLACEMENT_3D('',#3283,#3284,#3285);
#3283 = CARTESIAN_POINT('',(14.35,95.,0.4));
#3284 = DIRECTION('',(1.,0.,-0.));
#3285 = DIRECTION('',(0.,0.,1.));
#3286 = DEFINITIONAL_REPRESENTATION('',(#3287),#3291);
#3287 = LINE('',#3288,#3289);
#3288 = CARTESIAN_POINT('',(0.,-6.));
#3289 = VECTOR('',#3290,1.);
#3290 = DIRECTION('',(1.,0.));
#3291 = ( GEOMETRIC_REPRESENTATION_CONTEXT(2) 
PARAMETRIC_REPRESENTATION_CONTEXT() REPRESENTATION_CONTEXT('2D SPACE',''
  ) );
#3292 = ORIENTED_EDGE('',*,*,#3293,.F.);
#3293 = EDGE_CURVE('',#3294,#3266,#3296,.T.);
#3294 = VERTEX_POINT('',#3295);
#3295 = CARTESIAN_POINT('',(6.838311195025,101.,0.4));
#3296 = SURFACE_CURVE('',#3297,(#3301,#3308),.PCURVE_S1.);
#3297 = LINE('',#3298,#3299);
#3298 = CARTESIAN_POINT('',(6.838311195025,101.,0.4));
#3299 = VECTOR('',#3300,1.);
#3300 = DIRECTION('',(1.,0.,1.773592682205E-16));
#3301 = PCURVE('',#686,#3302);
#3302 = DEFINITIONAL_REPRESENTATION('',(#3303),#3307);
#3303 = LINE('',#3304,#3305);
#3304 = CARTESIAN_POINT('',(-1.7763568394E-15,20.838311195025));
#3305 = VECTOR('',#3306,1.);
#3306 = DIRECTION('',(1.773592682205E-16,1.));
#3307 = ( GEOMETRIC_REPRESENTATION_CONTEXT(2) 
PARAMETRIC_REPRESENTATION_CONTEXT() REPRESENTATION_CONTEXT('2D SPACE',''
  ) );
#3308 = PCURVE('',#3309,#3314);
#3309 = PLANE('',#3310);
#3310 = AXIS2_PLACEMENT_3D('',#3311,#3312,#3313);
#3311 = CARTESIAN_POINT('',(-20.,92.,0.4));
#3312 = DIRECTION('',(0.,0.,1.));
#3313 = DIRECTION('',(1.,0.,-0.));
#3314 = DEFINITIONAL_REPRESENTATION('',(#3315),#3319);
#3315 = LINE('',#3316,#3317);
#3316 = CARTESIAN_POINT('',(26.838311195025,9.));
#3317 = VECTOR('',#3318,1.);
#3318 = DIRECTION('',(1.,0.));
#3319 = ( GEOMETRIC_REPRESENTATION_CONTEXT(2) 
PARAMETRIC_REPRESENTATION_CONTEXT() REPRESENTATION_CONTEXT('2D SPACE',''
  ) );
#3320 = ORIENTED_EDGE('',*,*,#3321,.T.);
#3321 = EDGE_CURVE('',#3294,#2844,#3322,.T.);
#3322 = SURFACE_CURVE('',#3323,(#3328,#3339),.PCURVE_S1.);
#3323 = CIRCLE('',#3324,6.85);
#3324 = AXIS2_PLACEMENT_3D('',#3325,#3326,#3327);
#3325 = CARTESIAN_POINT('',(0.,101.,-6.661338147751E-16));
#3326 = DIRECTION('',(0.,-1.,2.22044604925E-16));
#3327 = DIRECTION('',(1.,0.,0.));
#3328 = PCURVE('',#686,#3329);
#3329 = DEFINITIONAL_REPRESENTATION('',(#3330),#3338);
#3330 = ( BOUNDED_CURVE() B_SPLINE_CURVE(2,(#3331,#3332,#3333,#3334,
#3335,#3336,#3337),.UNSPECIFIED.,.T.,.F.) B_SPLINE_CURVE_WITH_KNOTS((1,2
    ,2,2,2,1),(-2.094395102393,0.,2.094395102393,4.188790204786,
6.28318530718,8.377580409573),.UNSPECIFIED.) CURVE() 
GEOMETRIC_REPRESENTATION_ITEM() RATIONAL_B_SPLINE_CURVE((1.,0.5,1.,0.5,
1.,0.5,1.)) REPRESENTATION_ITEM('') );
#3331 = CARTESIAN_POINT('',(-0.4,20.85));
#3332 = CARTESIAN_POINT('',(11.464548031847,20.85));
#3333 = CARTESIAN_POINT('',(5.532274015923,10.575));
#3334 = CARTESIAN_POINT('',(-0.4,0.3));
#3335 = CARTESIAN_POINT('',(-6.332274015923,10.575));
#3336 = CARTESIAN_POINT('',(-12.26454803184,20.85));
#3337 = CARTESIAN_POINT('',(-0.4,20.85));
#3338 = ( GEOMETRIC_REPRESENTATION_CONTEXT(2) 
PARAMETRIC_REPRESENTATION_CONTEXT() REPRESENTATION_CONTEXT('2D SPACE',''
  ) );
#3339 = PCURVE('',#2859,#3340);
#3340 = DEFINITIONAL_REPRESENTATION('',(#3341),#3345);
#3341 = LINE('',#3342,#3343);
#3342 = CARTESIAN_POINT('',(0.,1.));
#3343 = VECTOR('',#3344,1.);
#3344 = DIRECTION('',(1.,0.));
#3345 = ( GEOMETRIC_REPRESENTATION_CONTEXT(2) 
PARAMETRIC_REPRESENTATION_CONTEXT() REPRESENTATION_CONTEXT('2D SPACE',''
  ) );
#3346 = ORIENTED_EDGE('',*,*,#2870,.F.);
#3347 = ORIENTED_EDGE('',*,*,#3348,.T.);
#3348 = EDGE_CURVE('',#2871,#3349,#3351,.T.);
#3349 = VERTEX_POINT('',#3350);
#3350 = CARTESIAN_POINT('',(-14.35,101.,3.9));
#3351 = SURFACE_CURVE('',#3352,(#3356,#3363),.PCURVE_S1.);
#3352 = LINE('',#3353,#3354);
#3353 = CARTESIAN_POINT('',(-14.35,101.,0.4));
#3354 = VECTOR('',#3355,1.);
#3355 = DIRECTION('',(0.,0.,1.));
#3356 = PCURVE('',#686,#3357);
#3357 = DEFINITIONAL_REPRESENTATION('',(#3358),#3362);
#3358 = LINE('',#3359,#3360);
#3359 = CARTESIAN_POINT('',(-4.440892098501E-16,-0.35));
#3360 = VECTOR('',#3361,1.);
#3361 = DIRECTION('',(1.,0.));
#3362 = ( GEOMETRIC_REPRESENTATION_CONTEXT(2) 
PARAMETRIC_REPRESENTATION_CONTEXT() REPRESENTATION_CONTEXT('2D SPACE',''
  ) );
#3363 = PCURVE('',#2909,#3364);
#3364 = DEFINITIONAL_REPRESENTATION('',(#3365),#3369);
#3365 = LINE('',#3366,#3367);
#3366 = CARTESIAN_POINT('',(0.,-6.));
#3367 = VECTOR('',#3368,1.);
#3368 = DIRECTION('',(1.,0.));
#3369 = ( GEOMETRIC_REPRESENTATION_CONTEXT(2) 
PARAMETRIC_REPRESENTATION_CONTEXT() REPRESENTATION_CONTEXT('2D SPACE',''
  ) );
#3370 = ORIENTED_EDGE('',*,*,#3371,.T.);
#3371 = EDGE_CURVE('',#3349,#2384,#3372,.T.);
#3372 = SURFACE_CURVE('',#3373,(#3377,#3384),.PCURVE_S1.);
#3373 = LINE('',#3374,#3375);
#3374 = CARTESIAN_POINT('',(-14.35,101.,3.9));
#3375 = VECTOR('',#3376,1.);
#3376 = DIRECTION('',(1.,0.,-0.));
#3377 = PCURVE('',#686,#3378);
#3378 = DEFINITIONAL_REPRESENTATION('',(#3379),#3383);
#3379 = LINE('',#3380,#3381);
#3380 = CARTESIAN_POINT('',(3.5,-0.35));
#3381 = VECTOR('',#3382,1.);
#3382 = DIRECTION('',(0.,1.));
#3383 = ( GEOMETRIC_REPRESENTATION_CONTEXT(2) 
PARAMETRIC_REPRESENTATION_CONTEXT() REPRESENTATION_CONTEXT('2D SPACE',''
  ) );
#3384 = PCURVE('',#2399,#3385);
#3385 = DEFINITIONAL_REPRESENTATION('',(#3386),#3390);
#3386 = LINE('',#3387,#3388);
#3387 = CARTESIAN_POINT('',(0.,6.));
#3388 = VECTOR('',#3389,1.);
#3389 = DIRECTION('',(1.,0.));
#3390 = ( GEOMETRIC_REPRESENTATION_CONTEXT(2) 
PARAMETRIC_REPRESENTATION_CONTEXT() REPRESENTATION_CONTEXT('2D SPACE',''
  ) );
#3391 = ORIENTED_EDGE('',*,*,#2410,.T.);
#3392 = ADVANCED_FACE('',(#3393),#1571,.T.);
#3393 = FACE_BOUND('',#3394,.T.);
#3394 = EDGE_LOOP('',(#3395,#3419,#3438,#3439));
#3395 = ORIENTED_EDGE('',*,*,#3396,.F.);
#3396 = EDGE_CURVE('',#3397,#1533,#3399,.T.);
#3397 = VERTEX_POINT('',#3398);
#3398 = CARTESIAN_POINT('',(9.35,95.,3.098386676966));
#3399 = SURFACE_CURVE('',#3400,(#3405,#3412),.PCURVE_S1.);
#3400 = CIRCLE('',#3401,9.85);
#3401 = AXIS2_PLACEMENT_3D('',#3402,#3403,#3404);
#3402 = CARTESIAN_POINT('',(0.,95.,6.661338147751E-16));
#3403 = DIRECTION('',(0.,-1.,2.22044604925E-16));
#3404 = DIRECTION('',(1.,0.,0.));
#3405 = PCURVE('',#1571,#3406);
#3406 = DEFINITIONAL_REPRESENTATION('',(#3407),#3411);
#3407 = LINE('',#3408,#3409);
#3408 = CARTESIAN_POINT('',(0.,6.));
#3409 = VECTOR('',#3410,1.);
#3410 = DIRECTION('',(1.,0.));
#3411 = ( GEOMETRIC_REPRESENTATION_CONTEXT(2) 
PARAMETRIC_REPRESENTATION_CONTEXT() REPRESENTATION_CONTEXT('2D SPACE',''
  ) );
#3412 = PCURVE('',#1547,#3413);
#3413 = DEFINITIONAL_REPRESENTATION('',(#3414),#3418);
#3414 = CIRCLE('',#3415,9.85);
#3415 = AXIS2_PLACEMENT_2D('',#3416,#3417);
#3416 = CARTESIAN_POINT('',(0.,0.));
#3417 = DIRECTION('',(1.,0.));
#3418 = ( GEOMETRIC_REPRESENTATION_CONTEXT(2) 
PARAMETRIC_REPRESENTATION_CONTEXT() REPRESENTATION_CONTEXT('2D SPACE',''
  ) );
#3419 = ORIENTED_EDGE('',*,*,#3420,.F.);
#3420 = EDGE_CURVE('',#3182,#3397,#3421,.T.);
#3421 = SURFACE_CURVE('',#3422,(#3426,#3432),.PCURVE_S1.);
#3422 = LINE('',#3423,#3424);
#3423 = CARTESIAN_POINT('',(9.35,101.,3.098386676966));
#3424 = VECTOR('',#3425,1.);
#3425 = DIRECTION('',(0.,-1.,2.22044604925E-16));
#3426 = PCURVE('',#1571,#3427);
#3427 = DEFINITIONAL_REPRESENTATION('',(#3428),#3431);
#3428 = B_SPLINE_CURVE_WITH_KNOTS('',1,(#3429,#3430),.UNSPECIFIED.,.F.,
  .F.,(2,2),(-6.000000070117E-07,6.0000006),.PIECEWISE_BEZIER_KNOTS.);
#3429 = CARTESIAN_POINT('',(0.319989952379,-6.000000063237E-07));
#3430 = CARTESIAN_POINT('',(0.319989952379,6.0000006));
#3431 = ( GEOMETRIC_REPRESENTATION_CONTEXT(2) 
PARAMETRIC_REPRESENTATION_CONTEXT() REPRESENTATION_CONTEXT('2D SPACE',''
  ) );
#3432 = PCURVE('',#3225,#3433);
#3433 = DEFINITIONAL_REPRESENTATION('',(#3434),#3437);
#3434 = B_SPLINE_CURVE_WITH_KNOTS('',1,(#3435,#3436),.UNSPECIFIED.,.F.,
  .F.,(2,2),(-6.000000070117E-07,6.0000006),.PIECEWISE_BEZIER_KNOTS.);
#3435 = CARTESIAN_POINT('',(2.698386676966,-6.0000006));
#3436 = CARTESIAN_POINT('',(2.698386676966,5.999999928008E-07));
#3437 = ( GEOMETRIC_REPRESENTATION_CONTEXT(2) 
PARAMETRIC_REPRESENTATION_CONTEXT() REPRESENTATION_CONTEXT('2D SPACE',''
  ) );
#3438 = ORIENTED_EDGE('',*,*,#3181,.T.);
#3439 = ORIENTED_EDGE('',*,*,#1558,.T.);
#3440 = ADVANCED_FACE('',(#3441),#1547,.T.);
#3441 = FACE_BOUND('',#3442,.T.);
#3442 = EDGE_LOOP('',(#3443,#3468,#3491,#3512,#3513,#3514,#3533,#3534,
    #3558));
#3443 = ORIENTED_EDGE('',*,*,#3444,.T.);
#3444 = EDGE_CURVE('',#3445,#3447,#3449,.T.);
#3445 = VERTEX_POINT('',#3446);
#3446 = CARTESIAN_POINT('',(14.35,95.,0.4));
#3447 = VERTEX_POINT('',#3448);
#3448 = CARTESIAN_POINT('',(14.35,95.,3.9));
#3449 = SURFACE_CURVE('',#3450,(#3454,#3461),.PCURVE_S1.);
#3450 = LINE('',#3451,#3452);
#3451 = CARTESIAN_POINT('',(14.35,95.,0.4));
#3452 = VECTOR('',#3453,1.);
#3453 = DIRECTION('',(0.,0.,1.));
#3454 = PCURVE('',#1547,#3455);
#3455 = DEFINITIONAL_REPRESENTATION('',(#3456),#3460);
#3456 = LINE('',#3457,#3458);
#3457 = CARTESIAN_POINT('',(14.35,0.4));
#3458 = VECTOR('',#3459,1.);
#3459 = DIRECTION('',(0.,1.));
#3460 = ( GEOMETRIC_REPRESENTATION_CONTEXT(2) 
PARAMETRIC_REPRESENTATION_CONTEXT() REPRESENTATION_CONTEXT('2D SPACE',''
  ) );
#3461 = PCURVE('',#3281,#3462);
#3462 = DEFINITIONAL_REPRESENTATION('',(#3463),#3467);
#3463 = LINE('',#3464,#3465);
#3464 = CARTESIAN_POINT('',(0.,0.));
#3465 = VECTOR('',#3466,1.);
#3466 = DIRECTION('',(1.,0.));
#3467 = ( GEOMETRIC_REPRESENTATION_CONTEXT(2) 
PARAMETRIC_REPRESENTATION_CONTEXT() REPRESENTATION_CONTEXT('2D SPACE',''
  ) );
#3468 = ORIENTED_EDGE('',*,*,#3469,.F.);
#3469 = EDGE_CURVE('',#3470,#3447,#3472,.T.);
#3470 = VERTEX_POINT('',#3471);
#3471 = CARTESIAN_POINT('',(9.35,95.,3.9));
#3472 = SURFACE_CURVE('',#3473,(#3477,#3484),.PCURVE_S1.);
#3473 = LINE('',#3474,#3475);
#3474 = CARTESIAN_POINT('',(9.35,95.,3.9));
#3475 = VECTOR('',#3476,1.);
#3476 = DIRECTION('',(1.,0.,-0.));
#3477 = PCURVE('',#1547,#3478);
#3478 = DEFINITIONAL_REPRESENTATION('',(#3479),#3483);
#3479 = LINE('',#3480,#3481);
#3480 = CARTESIAN_POINT('',(9.35,3.9));
#3481 = VECTOR('',#3482,1.);
#3482 = DIRECTION('',(1.,0.));
#3483 = ( GEOMETRIC_REPRESENTATION_CONTEXT(2) 
PARAMETRIC_REPRESENTATION_CONTEXT() REPRESENTATION_CONTEXT('2D SPACE',''
  ) );
#3484 = PCURVE('',#3253,#3485);
#3485 = DEFINITIONAL_REPRESENTATION('',(#3486),#3490);
#3486 = LINE('',#3487,#3488);
#3487 = CARTESIAN_POINT('',(0.,0.));
#3488 = VECTOR('',#3489,1.);
#3489 = DIRECTION('',(1.,0.));
#3490 = ( GEOMETRIC_REPRESENTATION_CONTEXT(2) 
PARAMETRIC_REPRESENTATION_CONTEXT() REPRESENTATION_CONTEXT('2D SPACE',''
  ) );
#3491 = ORIENTED_EDGE('',*,*,#3492,.F.);
#3492 = EDGE_CURVE('',#3397,#3470,#3493,.T.);
#3493 = SURFACE_CURVE('',#3494,(#3498,#3505),.PCURVE_S1.);
#3494 = LINE('',#3495,#3496);
#3495 = CARTESIAN_POINT('',(9.35,95.,0.4));
#3496 = VECTOR('',#3497,1.);
#3497 = DIRECTION('',(0.,0.,1.));
#3498 = PCURVE('',#1547,#3499);
#3499 = DEFINITIONAL_REPRESENTATION('',(#3500),#3504);
#3500 = LINE('',#3501,#3502);
#3501 = CARTESIAN_POINT('',(9.35,0.4));
#3502 = VECTOR('',#3503,1.);
#3503 = DIRECTION('',(0.,1.));
#3504 = ( GEOMETRIC_REPRESENTATION_CONTEXT(2) 
PARAMETRIC_REPRESENTATION_CONTEXT() REPRESENTATION_CONTEXT('2D SPACE',''
  ) );
#3505 = PCURVE('',#3225,#3506);
#3506 = DEFINITIONAL_REPRESENTATION('',(#3507),#3511);
#3507 = LINE('',#3508,#3509);
#3508 = CARTESIAN_POINT('',(0.,0.));
#3509 = VECTOR('',#3510,1.);
#3510 = DIRECTION('',(1.,0.));
#3511 = ( GEOMETRIC_REPRESENTATION_CONTEXT(2) 
PARAMETRIC_REPRESENTATION_CONTEXT() REPRESENTATION_CONTEXT('2D SPACE',''
  ) );
#3512 = ORIENTED_EDGE('',*,*,#3396,.T.);
#3513 = ORIENTED_EDGE('',*,*,#1532,.T.);
#3514 = ORIENTED_EDGE('',*,*,#3515,.T.);
#3515 = EDGE_CURVE('',#1510,#2798,#3516,.T.);
#3516 = SURFACE_CURVE('',#3517,(#3521,#3527),.PCURVE_S1.);
#3517 = LINE('',#3518,#3519);
#3518 = CARTESIAN_POINT('',(-7.,95.,0.2));
#3519 = VECTOR('',#3520,1.);
#3520 = DIRECTION('',(0.,-2.22044604925E-16,-1.));
#3521 = PCURVE('',#1547,#3522);
#3522 = DEFINITIONAL_REPRESENTATION('',(#3523),#3526);
#3523 = B_SPLINE_CURVE_WITH_KNOTS('',1,(#3524,#3525),.UNSPECIFIED.,.F.,
  .F.,(2,2),(-4.8,-0.2),.PIECEWISE_BEZIER_KNOTS.);
#3524 = CARTESIAN_POINT('',(-7.,5.));
#3525 = CARTESIAN_POINT('',(-7.,0.4));
#3526 = ( GEOMETRIC_REPRESENTATION_CONTEXT(2) 
PARAMETRIC_REPRESENTATION_CONTEXT() REPRESENTATION_CONTEXT('2D SPACE',''
  ) );
#3527 = PCURVE('',#1061,#3528);
#3528 = DEFINITIONAL_REPRESENTATION('',(#3529),#3532);
#3529 = B_SPLINE_CURVE_WITH_KNOTS('',1,(#3530,#3531),.UNSPECIFIED.,.F.,
  .F.,(2,2),(-4.8,-0.2),.PIECEWISE_BEZIER_KNOTS.);
#3530 = CARTESIAN_POINT('',(4.6,-68.));
#3531 = CARTESIAN_POINT('',(0.,-68.));
#3532 = ( GEOMETRIC_REPRESENTATION_CONTEXT(2) 
PARAMETRIC_REPRESENTATION_CONTEXT() REPRESENTATION_CONTEXT('2D SPACE',''
  ) );
#3533 = ORIENTED_EDGE('',*,*,#2820,.T.);
#3534 = ORIENTED_EDGE('',*,*,#3535,.F.);
#3535 = EDGE_CURVE('',#3536,#2821,#3538,.T.);
#3536 = VERTEX_POINT('',#3537);
#3537 = CARTESIAN_POINT('',(6.838311195025,95.,0.4));
#3538 = SURFACE_CURVE('',#3539,(#3544,#3551),.PCURVE_S1.);
#3539 = CIRCLE('',#3540,6.85);
#3540 = AXIS2_PLACEMENT_3D('',#3541,#3542,#3543);
#3541 = CARTESIAN_POINT('',(0.,95.,6.661338147751E-16));
#3542 = DIRECTION('',(0.,-1.,2.22044604925E-16));
#3543 = DIRECTION('',(1.,0.,0.));
#3544 = PCURVE('',#1547,#3545);
#3545 = DEFINITIONAL_REPRESENTATION('',(#3546),#3550);
#3546 = CIRCLE('',#3547,6.85);
#3547 = AXIS2_PLACEMENT_2D('',#3548,#3549);
#3548 = CARTESIAN_POINT('',(0.,0.));
#3549 = DIRECTION('',(1.,0.));
#3550 = ( GEOMETRIC_REPRESENTATION_CONTEXT(2) 
PARAMETRIC_REPRESENTATION_CONTEXT() REPRESENTATION_CONTEXT('2D SPACE',''
  ) );
#3551 = PCURVE('',#2859,#3552);
#3552 = DEFINITIONAL_REPRESENTATION('',(#3553),#3557);
#3553 = LINE('',#3554,#3555);
#3554 = CARTESIAN_POINT('',(0.,7.));
#3555 = VECTOR('',#3556,1.);
#3556 = DIRECTION('',(1.,0.));
#3557 = ( GEOMETRIC_REPRESENTATION_CONTEXT(2) 
PARAMETRIC_REPRESENTATION_CONTEXT() REPRESENTATION_CONTEXT('2D SPACE',''
  ) );
#3558 = ORIENTED_EDGE('',*,*,#3559,.T.);
#3559 = EDGE_CURVE('',#3536,#3445,#3560,.T.);
#3560 = SURFACE_CURVE('',#3561,(#3565,#3572),.PCURVE_S1.);
#3561 = LINE('',#3562,#3563);
#3562 = CARTESIAN_POINT('',(6.838311195025,95.,0.4));
#3563 = VECTOR('',#3564,1.);
#3564 = DIRECTION('',(1.,0.,1.773592682205E-16));
#3565 = PCURVE('',#1547,#3566);
#3566 = DEFINITIONAL_REPRESENTATION('',(#3567),#3571);
#3567 = LINE('',#3568,#3569);
#3568 = CARTESIAN_POINT('',(6.838311195025,0.4));
#3569 = VECTOR('',#3570,1.);
#3570 = DIRECTION('',(1.,1.773592682205E-16));
#3571 = ( GEOMETRIC_REPRESENTATION_CONTEXT(2) 
PARAMETRIC_REPRESENTATION_CONTEXT() REPRESENTATION_CONTEXT('2D SPACE',''
  ) );
#3572 = PCURVE('',#3309,#3573);
#3573 = DEFINITIONAL_REPRESENTATION('',(#3574),#3578);
#3574 = LINE('',#3575,#3576);
#3575 = CARTESIAN_POINT('',(26.838311195025,3.));
#3576 = VECTOR('',#3577,1.);
#3577 = DIRECTION('',(1.,0.));
#3578 = ( GEOMETRIC_REPRESENTATION_CONTEXT(2) 
PARAMETRIC_REPRESENTATION_CONTEXT() REPRESENTATION_CONTEXT('2D SPACE',''
  ) );
#3579 = ADVANCED_FACE('',(#3580),#1061,.T.);
#3580 = FACE_BOUND('',#3581,.T.);
#3581 = EDGE_LOOP('',(#3582,#3583,#3584,#3585,#3586,#3587,#3608,#3634,
    #3660,#3686,#3705,#3706,#3727,#3753,#3779,#3805,#3824,#3825,#3846,
    #3872,#3898,#3924));
#3582 = ORIENTED_EDGE('',*,*,#1045,.F.);
#3583 = ORIENTED_EDGE('',*,*,#3128,.T.);
#3584 = ORIENTED_EDGE('',*,*,#2797,.T.);
#3585 = ORIENTED_EDGE('',*,*,#3515,.F.);
#3586 = ORIENTED_EDGE('',*,*,#1509,.F.);
#3587 = ORIENTED_EDGE('',*,*,#3588,.F.);
#3588 = EDGE_CURVE('',#3589,#1484,#3591,.T.);
#3589 = VERTEX_POINT('',#3590);
#3590 = CARTESIAN_POINT('',(-7.,88.,4.5));
#3591 = SURFACE_CURVE('',#3592,(#3596,#3602),.PCURVE_S1.);
#3592 = LINE('',#3593,#3594);
#3593 = CARTESIAN_POINT('',(-7.,88.,2.45));
#3594 = VECTOR('',#3595,1.);
#3595 = DIRECTION('',(0.,0.,1.));
#3596 = PCURVE('',#1061,#3597);
#3597 = DEFINITIONAL_REPRESENTATION('',(#3598),#3601);
#3598 = B_SPLINE_CURVE_WITH_KNOTS('',1,(#3599,#3600),.UNSPECIFIED.,.F.,
  .F.,(2,2),(2.05,2.55),.PIECEWISE_BEZIER_KNOTS.);
#3599 = CARTESIAN_POINT('',(4.1,-61.));
#3600 = CARTESIAN_POINT('',(4.6,-61.));
#3601 = ( GEOMETRIC_REPRESENTATION_CONTEXT(2) 
PARAMETRIC_REPRESENTATION_CONTEXT() REPRESENTATION_CONTEXT('2D SPACE',''
  ) );
#3602 = PCURVE('',#1498,#3603);
#3603 = DEFINITIONAL_REPRESENTATION('',(#3604),#3607);
#3604 = B_SPLINE_CURVE_WITH_KNOTS('',1,(#3605,#3606),.UNSPECIFIED.,.F.,
  .F.,(2,2),(2.05,2.55),.PIECEWISE_BEZIER_KNOTS.);
#3605 = CARTESIAN_POINT('',(0.,0.3));
#3606 = CARTESIAN_POINT('',(0.5,0.3));
#3607 = ( GEOMETRIC_REPRESENTATION_CONTEXT(2) 
PARAMETRIC_REPRESENTATION_CONTEXT() REPRESENTATION_CONTEXT('2D SPACE',''
  ) );
#3608 = ORIENTED_EDGE('',*,*,#3609,.T.);
#3609 = EDGE_CURVE('',#3589,#3610,#3612,.T.);
#3610 = VERTEX_POINT('',#3611);
#3611 = CARTESIAN_POINT('',(-7.,87.5,4.5));
#3612 = SURFACE_CURVE('',#3613,(#3617,#3623),.PCURVE_S1.);
#3613 = LINE('',#3614,#3615);
#3614 = CARTESIAN_POINT('',(-7.,57.25,4.5));
#3615 = VECTOR('',#3616,1.);
#3616 = DIRECTION('',(0.,-1.,0.));
#3617 = PCURVE('',#1061,#3618);
#3618 = DEFINITIONAL_REPRESENTATION('',(#3619),#3622);
#3619 = B_SPLINE_CURVE_WITH_KNOTS('',1,(#3620,#3621),.UNSPECIFIED.,.F.,
  .F.,(2,2),(-30.75,-30.25),.PIECEWISE_BEZIER_KNOTS.);
#3620 = CARTESIAN_POINT('',(4.1,-61.));
#3621 = CARTESIAN_POINT('',(4.1,-60.5));
#3622 = ( GEOMETRIC_REPRESENTATION_CONTEXT(2) 
PARAMETRIC_REPRESENTATION_CONTEXT() REPRESENTATION_CONTEXT('2D SPACE',''
  ) );
#3623 = PCURVE('',#3624,#3629);
#3624 = PLANE('',#3625);
#3625 = AXIS2_PLACEMENT_3D('',#3626,#3627,#3628);
#3626 = CARTESIAN_POINT('',(-7.3,87.5,4.5));
#3627 = DIRECTION('',(0.,0.,1.));
#3628 = DIRECTION('',(1.,0.,-0.));
#3629 = DEFINITIONAL_REPRESENTATION('',(#3630),#3633);
#3630 = B_SPLINE_CURVE_WITH_KNOTS('',1,(#3631,#3632),.UNSPECIFIED.,.F.,
  .F.,(2,2),(-30.75,-30.25),.PIECEWISE_BEZIER_KNOTS.);
#3631 = CARTESIAN_POINT('',(0.3,0.5));
#3632 = CARTESIAN_POINT('',(0.3,0.));
#3633 = ( GEOMETRIC_REPRESENTATION_CONTEXT(2) 
PARAMETRIC_REPRESENTATION_CONTEXT() REPRESENTATION_CONTEXT('2D SPACE',''
  ) );
#3634 = ORIENTED_EDGE('',*,*,#3635,.T.);
#3635 = EDGE_CURVE('',#3610,#3636,#3638,.T.);
#3636 = VERTEX_POINT('',#3637);
#3637 = CARTESIAN_POINT('',(-7.,87.5,4.78023436887));
#3638 = SURFACE_CURVE('',#3639,(#3643,#3649),.PCURVE_S1.);
#3639 = LINE('',#3640,#3641);
#3640 = CARTESIAN_POINT('',(-7.,87.5,2.45));
#3641 = VECTOR('',#3642,1.);
#3642 = DIRECTION('',(0.,0.,1.));
#3643 = PCURVE('',#1061,#3644);
#3644 = DEFINITIONAL_REPRESENTATION('',(#3645),#3648);
#3645 = B_SPLINE_CURVE_WITH_KNOTS('',1,(#3646,#3647),.UNSPECIFIED.,.F.,
  .F.,(2,2),(2.05,2.55),.PIECEWISE_BEZIER_KNOTS.);
#3646 = CARTESIAN_POINT('',(4.1,-60.5));
#3647 = CARTESIAN_POINT('',(4.6,-60.5));
#3648 = ( GEOMETRIC_REPRESENTATION_CONTEXT(2) 
PARAMETRIC_REPRESENTATION_CONTEXT() REPRESENTATION_CONTEXT('2D SPACE',''
  ) );
#3649 = PCURVE('',#3650,#3655);
#3650 = PLANE('',#3651);
#3651 = AXIS2_PLACEMENT_3D('',#3652,#3653,#3654);
#3652 = CARTESIAN_POINT('',(-7.3,87.5,4.5));
#3653 = DIRECTION('',(-0.,1.,0.));
#3654 = DIRECTION('',(0.,0.,1.));
#3655 = DEFINITIONAL_REPRESENTATION('',(#3656),#3659);
#3656 = B_SPLINE_CURVE_WITH_KNOTS('',1,(#3657,#3658),.UNSPECIFIED.,.F.,
  .F.,(2,2),(2.05,2.55),.PIECEWISE_BEZIER_KNOTS.);
#3657 = CARTESIAN_POINT('',(0.,0.3));
#3658 = CARTESIAN_POINT('',(0.5,0.3));
#3659 = ( GEOMETRIC_REPRESENTATION_CONTEXT(2) 
PARAMETRIC_REPRESENTATION_CONTEXT() REPRESENTATION_CONTEXT('2D SPACE',''
  ) );
#3660 = ORIENTED_EDGE('',*,*,#3661,.T.);
#3661 = EDGE_CURVE('',#3636,#3662,#3664,.T.);
#3662 = VERTEX_POINT('',#3663);
#3663 = CARTESIAN_POINT('',(-7.,82.5,4.78023436887));
#3664 = SURFACE_CURVE('',#3665,(#3669,#3675),.PCURVE_S1.);
#3665 = LINE('',#3666,#3667);
#3666 = CARTESIAN_POINT('',(-7.,54.75,4.78023436887));
#3667 = VECTOR('',#3668,1.);
#3668 = DIRECTION('',(0.,-1.,0.));
#3669 = PCURVE('',#1061,#3670);
#3670 = DEFINITIONAL_REPRESENTATION('',(#3671),#3674);
#3671 = B_SPLINE_CURVE_WITH_KNOTS('',1,(#3672,#3673),.UNSPECIFIED.,.F.,
  .F.,(2,2),(-32.75,-27.75),.PIECEWISE_BEZIER_KNOTS.);
#3672 = CARTESIAN_POINT('',(4.38023436887,-60.5));
#3673 = CARTESIAN_POINT('',(4.38023436887,-55.5));
#3674 = ( GEOMETRIC_REPRESENTATION_CONTEXT(2) 
PARAMETRIC_REPRESENTATION_CONTEXT() REPRESENTATION_CONTEXT('2D SPACE',''
  ) );
#3675 = PCURVE('',#3676,#3681);
#3676 = PLANE('',#3677);
#3677 = AXIS2_PLACEMENT_3D('',#3678,#3679,#3680);
#3678 = CARTESIAN_POINT('',(-9.5,82.5,4.78023436887));
#3679 = DIRECTION('',(0.,0.,1.));
#3680 = DIRECTION('',(1.,0.,-0.));
#3681 = DEFINITIONAL_REPRESENTATION('',(#3682),#3685);
#3682 = B_SPLINE_CURVE_WITH_KNOTS('',1,(#3683,#3684),.UNSPECIFIED.,.F.,
  .F.,(2,2),(-32.75,-27.75),.PIECEWISE_BEZIER_KNOTS.);
#3683 = CARTESIAN_POINT('',(2.5,5.));
#3684 = CARTESIAN_POINT('',(2.5,0.));
#3685 = ( GEOMETRIC_REPRESENTATION_CONTEXT(2) 
PARAMETRIC_REPRESENTATION_CONTEXT() REPRESENTATION_CONTEXT('2D SPACE',''
  ) );
#3686 = ORIENTED_EDGE('',*,*,#3687,.T.);
#3687 = EDGE_CURVE('',#3662,#1357,#3688,.T.);
#3688 = SURFACE_CURVE('',#3689,(#3693,#3699),.PCURVE_S1.);
#3689 = LINE('',#3690,#3691);
#3690 = CARTESIAN_POINT('',(-7.,82.5,2.590117184435));
#3691 = VECTOR('',#3692,1.);
#3692 = DIRECTION('',(0.,0.,1.));
#3693 = PCURVE('',#1061,#3694);
#3694 = DEFINITIONAL_REPRESENTATION('',(#3695),#3698);
#3695 = B_SPLINE_CURVE_WITH_KNOTS('',1,(#3696,#3697),.UNSPECIFIED.,.F.,
  .F.,(2,2),(2.190117184435,2.409882815565),.PIECEWISE_BEZIER_KNOTS.);
#3696 = CARTESIAN_POINT('',(4.38023436887,-55.5));
#3697 = CARTESIAN_POINT('',(4.6,-55.5));
#3698 = ( GEOMETRIC_REPRESENTATION_CONTEXT(2) 
PARAMETRIC_REPRESENTATION_CONTEXT() REPRESENTATION_CONTEXT('2D SPACE',''
  ) );
#3699 = PCURVE('',#1394,#3700);
#3700 = DEFINITIONAL_REPRESENTATION('',(#3701),#3704);
#3701 = B_SPLINE_CURVE_WITH_KNOTS('',1,(#3702,#3703),.UNSPECIFIED.,.F.,
  .F.,(2,2),(2.190117184435,2.409882815565),.PIECEWISE_BEZIER_KNOTS.);
#3702 = CARTESIAN_POINT('',(0.,2.5));
#3703 = CARTESIAN_POINT('',(0.21976563113,2.5));
#3704 = ( GEOMETRIC_REPRESENTATION_CONTEXT(2) 
PARAMETRIC_REPRESENTATION_CONTEXT() REPRESENTATION_CONTEXT('2D SPACE',''
  ) );
#3705 = ORIENTED_EDGE('',*,*,#1356,.F.);
#3706 = ORIENTED_EDGE('',*,*,#3707,.F.);
#3707 = EDGE_CURVE('',#3708,#1331,#3710,.T.);
#3708 = VERTEX_POINT('',#3709);
#3709 = CARTESIAN_POINT('',(-7.,71.,4.5));
#3710 = SURFACE_CURVE('',#3711,(#3715,#3721),.PCURVE_S1.);
#3711 = LINE('',#3712,#3713);
#3712 = CARTESIAN_POINT('',(-7.,71.,2.45));
#3713 = VECTOR('',#3714,1.);
#3714 = DIRECTION('',(0.,0.,1.));
#3715 = PCURVE('',#1061,#3716);
#3716 = DEFINITIONAL_REPRESENTATION('',(#3717),#3720);
#3717 = B_SPLINE_CURVE_WITH_KNOTS('',1,(#3718,#3719),.UNSPECIFIED.,.F.,
  .F.,(2,2),(2.05,2.55),.PIECEWISE_BEZIER_KNOTS.);
#3718 = CARTESIAN_POINT('',(4.1,-44.));
#3719 = CARTESIAN_POINT('',(4.6,-44.));
#3720 = ( GEOMETRIC_REPRESENTATION_CONTEXT(2) 
PARAMETRIC_REPRESENTATION_CONTEXT() REPRESENTATION_CONTEXT('2D SPACE',''
  ) );
#3721 = PCURVE('',#1345,#3722);
#3722 = DEFINITIONAL_REPRESENTATION('',(#3723),#3726);
#3723 = B_SPLINE_CURVE_WITH_KNOTS('',1,(#3724,#3725),.UNSPECIFIED.,.F.,
  .F.,(2,2),(2.05,2.55),.PIECEWISE_BEZIER_KNOTS.);
#3724 = CARTESIAN_POINT('',(0.,0.3));
#3725 = CARTESIAN_POINT('',(0.5,0.3));
#3726 = ( GEOMETRIC_REPRESENTATION_CONTEXT(2) 
PARAMETRIC_REPRESENTATION_CONTEXT() REPRESENTATION_CONTEXT('2D SPACE',''
  ) );
#3727 = ORIENTED_EDGE('',*,*,#3728,.T.);
#3728 = EDGE_CURVE('',#3708,#3729,#3731,.T.);
#3729 = VERTEX_POINT('',#3730);
#3730 = CARTESIAN_POINT('',(-7.,70.5,4.5));
#3731 = SURFACE_CURVE('',#3732,(#3736,#3742),.PCURVE_S1.);
#3732 = LINE('',#3733,#3734);
#3733 = CARTESIAN_POINT('',(-7.,48.75,4.5));
#3734 = VECTOR('',#3735,1.);
#3735 = DIRECTION('',(0.,-1.,0.));
#3736 = PCURVE('',#1061,#3737);
#3737 = DEFINITIONAL_REPRESENTATION('',(#3738),#3741);
#3738 = B_SPLINE_CURVE_WITH_KNOTS('',1,(#3739,#3740),.UNSPECIFIED.,.F.,
  .F.,(2,2),(-22.25,-21.75),.PIECEWISE_BEZIER_KNOTS.);
#3739 = CARTESIAN_POINT('',(4.1,-44.));
#3740 = CARTESIAN_POINT('',(4.1,-43.5));
#3741 = ( GEOMETRIC_REPRESENTATION_CONTEXT(2) 
PARAMETRIC_REPRESENTATION_CONTEXT() REPRESENTATION_CONTEXT('2D SPACE',''
  ) );
#3742 = PCURVE('',#3743,#3748);
#3743 = PLANE('',#3744);
#3744 = AXIS2_PLACEMENT_3D('',#3745,#3746,#3747);
#3745 = CARTESIAN_POINT('',(-7.3,70.5,4.5));
#3746 = DIRECTION('',(0.,0.,1.));
#3747 = DIRECTION('',(1.,0.,-0.));
#3748 = DEFINITIONAL_REPRESENTATION('',(#3749),#3752);
#3749 = B_SPLINE_CURVE_WITH_KNOTS('',1,(#3750,#3751),.UNSPECIFIED.,.F.,
  .F.,(2,2),(-22.25,-21.75),.PIECEWISE_BEZIER_KNOTS.);
#3750 = CARTESIAN_POINT('',(0.3,0.5));
#3751 = CARTESIAN_POINT('',(0.3,0.));
#3752 = ( GEOMETRIC_REPRESENTATION_CONTEXT(2) 
PARAMETRIC_REPRESENTATION_CONTEXT() REPRESENTATION_CONTEXT('2D SPACE',''
  ) );
#3753 = ORIENTED_EDGE('',*,*,#3754,.T.);
#3754 = EDGE_CURVE('',#3729,#3755,#3757,.T.);
#3755 = VERTEX_POINT('',#3756);
#3756 = CARTESIAN_POINT('',(-7.,70.5,4.78023436887));
#3757 = SURFACE_CURVE('',#3758,(#3762,#3768),.PCURVE_S1.);
#3758 = LINE('',#3759,#3760);
#3759 = CARTESIAN_POINT('',(-7.,70.5,2.45));
#3760 = VECTOR('',#3761,1.);
#3761 = DIRECTION('',(0.,0.,1.));
#3762 = PCURVE('',#1061,#3763);
#3763 = DEFINITIONAL_REPRESENTATION('',(#3764),#3767);
#3764 = B_SPLINE_CURVE_WITH_KNOTS('',1,(#3765,#3766),.UNSPECIFIED.,.F.,
  .F.,(2,2),(2.05,2.55),.PIECEWISE_BEZIER_KNOTS.);
#3765 = CARTESIAN_POINT('',(4.1,-43.5));
#3766 = CARTESIAN_POINT('',(4.6,-43.5));
#3767 = ( GEOMETRIC_REPRESENTATION_CONTEXT(2) 
PARAMETRIC_REPRESENTATION_CONTEXT() REPRESENTATION_CONTEXT('2D SPACE',''
  ) );
#3768 = PCURVE('',#3769,#3774);
#3769 = PLANE('',#3770);
#3770 = AXIS2_PLACEMENT_3D('',#3771,#3772,#3773);
#3771 = CARTESIAN_POINT('',(-7.3,70.5,4.5));
#3772 = DIRECTION('',(-0.,1.,0.));
#3773 = DIRECTION('',(0.,0.,1.));
#3774 = DEFINITIONAL_REPRESENTATION('',(#3775),#3778);
#3775 = B_SPLINE_CURVE_WITH_KNOTS('',1,(#3776,#3777),.UNSPECIFIED.,.F.,
  .F.,(2,2),(2.05,2.55),.PIECEWISE_BEZIER_KNOTS.);
#3776 = CARTESIAN_POINT('',(0.,0.3));
#3777 = CARTESIAN_POINT('',(0.5,0.3));
#3778 = ( GEOMETRIC_REPRESENTATION_CONTEXT(2) 
PARAMETRIC_REPRESENTATION_CONTEXT() REPRESENTATION_CONTEXT('2D SPACE',''
  ) );
#3779 = ORIENTED_EDGE('',*,*,#3780,.T.);
#3780 = EDGE_CURVE('',#3755,#3781,#3783,.T.);
#3781 = VERTEX_POINT('',#3782);
#3782 = CARTESIAN_POINT('',(-7.,65.5,4.78023436887));
#3783 = SURFACE_CURVE('',#3784,(#3788,#3794),.PCURVE_S1.);
#3784 = LINE('',#3785,#3786);
#3785 = CARTESIAN_POINT('',(-7.,46.25,4.78023436887));
#3786 = VECTOR('',#3787,1.);
#3787 = DIRECTION('',(0.,-1.,0.));
#3788 = PCURVE('',#1061,#3789);
#3789 = DEFINITIONAL_REPRESENTATION('',(#3790),#3793);
#3790 = B_SPLINE_CURVE_WITH_KNOTS('',1,(#3791,#3792),.UNSPECIFIED.,.F.,
  .F.,(2,2),(-24.25,-19.25),.PIECEWISE_BEZIER_KNOTS.);
#3791 = CARTESIAN_POINT('',(4.38023436887,-43.5));
#3792 = CARTESIAN_POINT('',(4.38023436887,-38.5));
#3793 = ( GEOMETRIC_REPRESENTATION_CONTEXT(2) 
PARAMETRIC_REPRESENTATION_CONTEXT() REPRESENTATION_CONTEXT('2D SPACE',''
  ) );
#3794 = PCURVE('',#3795,#3800);
#3795 = PLANE('',#3796);
#3796 = AXIS2_PLACEMENT_3D('',#3797,#3798,#3799);
#3797 = CARTESIAN_POINT('',(-9.5,65.5,4.78023436887));
#3798 = DIRECTION('',(0.,0.,1.));
#3799 = DIRECTION('',(1.,0.,-0.));
#3800 = DEFINITIONAL_REPRESENTATION('',(#3801),#3804);
#3801 = B_SPLINE_CURVE_WITH_KNOTS('',1,(#3802,#3803),.UNSPECIFIED.,.F.,
  .F.,(2,2),(-24.25,-19.25),.PIECEWISE_BEZIER_KNOTS.);
#3802 = CARTESIAN_POINT('',(2.5,5.));
#3803 = CARTESIAN_POINT('',(2.5,0.));
#3804 = ( GEOMETRIC_REPRESENTATION_CONTEXT(2) 
PARAMETRIC_REPRESENTATION_CONTEXT() REPRESENTATION_CONTEXT('2D SPACE',''
  ) );
#3805 = ORIENTED_EDGE('',*,*,#3806,.T.);
#3806 = EDGE_CURVE('',#3781,#1204,#3807,.T.);
#3807 = SURFACE_CURVE('',#3808,(#3812,#3818),.PCURVE_S1.);
#3808 = LINE('',#3809,#3810);
#3809 = CARTESIAN_POINT('',(-7.,65.5,2.590117184435));
#3810 = VECTOR('',#3811,1.);
#3811 = DIRECTION('',(0.,0.,1.));
#3812 = PCURVE('',#1061,#3813);
#3813 = DEFINITIONAL_REPRESENTATION('',(#3814),#3817);
#3814 = B_SPLINE_CURVE_WITH_KNOTS('',1,(#3815,#3816),.UNSPECIFIED.,.F.,
  .F.,(2,2),(2.190117184435,2.409882815565),.PIECEWISE_BEZIER_KNOTS.);
#3815 = CARTESIAN_POINT('',(4.38023436887,-38.5));
#3816 = CARTESIAN_POINT('',(4.6,-38.5));
#3817 = ( GEOMETRIC_REPRESENTATION_CONTEXT(2) 
PARAMETRIC_REPRESENTATION_CONTEXT() REPRESENTATION_CONTEXT('2D SPACE',''
  ) );
#3818 = PCURVE('',#1241,#3819);
#3819 = DEFINITIONAL_REPRESENTATION('',(#3820),#3823);
#3820 = B_SPLINE_CURVE_WITH_KNOTS('',1,(#3821,#3822),.UNSPECIFIED.,.F.,
  .F.,(2,2),(2.190117184435,2.409882815565),.PIECEWISE_BEZIER_KNOTS.);
#3821 = CARTESIAN_POINT('',(0.,2.5));
#3822 = CARTESIAN_POINT('',(0.21976563113,2.5));
#3823 = ( GEOMETRIC_REPRESENTATION_CONTEXT(2) 
PARAMETRIC_REPRESENTATION_CONTEXT() REPRESENTATION_CONTEXT('2D SPACE',''
  ) );
#3824 = ORIENTED_EDGE('',*,*,#1203,.F.);
#3825 = ORIENTED_EDGE('',*,*,#3826,.F.);
#3826 = EDGE_CURVE('',#3827,#1178,#3829,.T.);
#3827 = VERTEX_POINT('',#3828);
#3828 = CARTESIAN_POINT('',(-7.,46.,4.5));
#3829 = SURFACE_CURVE('',#3830,(#3834,#3840),.PCURVE_S1.);
#3830 = LINE('',#3831,#3832);
#3831 = CARTESIAN_POINT('',(-7.,46.,2.45));
#3832 = VECTOR('',#3833,1.);
#3833 = DIRECTION('',(0.,0.,1.));
#3834 = PCURVE('',#1061,#3835);
#3835 = DEFINITIONAL_REPRESENTATION('',(#3836),#3839);
#3836 = B_SPLINE_CURVE_WITH_KNOTS('',1,(#3837,#3838),.UNSPECIFIED.,.F.,
  .F.,(2,2),(2.05,2.55),.PIECEWISE_BEZIER_KNOTS.);
#3837 = CARTESIAN_POINT('',(4.1,-19.));
#3838 = CARTESIAN_POINT('',(4.6,-19.));
#3839 = ( GEOMETRIC_REPRESENTATION_CONTEXT(2) 
PARAMETRIC_REPRESENTATION_CONTEXT() REPRESENTATION_CONTEXT('2D SPACE',''
  ) );
#3840 = PCURVE('',#1192,#3841);
#3841 = DEFINITIONAL_REPRESENTATION('',(#3842),#3845);
#3842 = B_SPLINE_CURVE_WITH_KNOTS('',1,(#3843,#3844),.UNSPECIFIED.,.F.,
  .F.,(2,2),(2.05,2.55),.PIECEWISE_BEZIER_KNOTS.);
#3843 = CARTESIAN_POINT('',(0.,0.3));
#3844 = CARTESIAN_POINT('',(0.5,0.3));
#3845 = ( GEOMETRIC_REPRESENTATION_CONTEXT(2) 
PARAMETRIC_REPRESENTATION_CONTEXT() REPRESENTATION_CONTEXT('2D SPACE',''
  ) );
#3846 = ORIENTED_EDGE('',*,*,#3847,.T.);
#3847 = EDGE_CURVE('',#3827,#3848,#3850,.T.);
#3848 = VERTEX_POINT('',#3849);
#3849 = CARTESIAN_POINT('',(-7.,45.5,4.5));
#3850 = SURFACE_CURVE('',#3851,(#3855,#3861),.PCURVE_S1.);
#3851 = LINE('',#3852,#3853);
#3852 = CARTESIAN_POINT('',(-7.,36.25,4.5));
#3853 = VECTOR('',#3854,1.);
#3854 = DIRECTION('',(0.,-1.,0.));
#3855 = PCURVE('',#1061,#3856);
#3856 = DEFINITIONAL_REPRESENTATION('',(#3857),#3860);
#3857 = B_SPLINE_CURVE_WITH_KNOTS('',1,(#3858,#3859),.UNSPECIFIED.,.F.,
  .F.,(2,2),(-9.75,-9.25),.PIECEWISE_BEZIER_KNOTS.);
#3858 = CARTESIAN_POINT('',(4.1,-19.));
#3859 = CARTESIAN_POINT('',(4.1,-18.5));
#3860 = ( GEOMETRIC_REPRESENTATION_CONTEXT(2) 
PARAMETRIC_REPRESENTATION_CONTEXT() REPRESENTATION_CONTEXT('2D SPACE',''
  ) );
#3861 = PCURVE('',#3862,#3867);
#3862 = PLANE('',#3863);
#3863 = AXIS2_PLACEMENT_3D('',#3864,#3865,#3866);
#3864 = CARTESIAN_POINT('',(-7.3,45.5,4.5));
#3865 = DIRECTION('',(0.,0.,1.));
#3866 = DIRECTION('',(1.,0.,-0.));
#3867 = DEFINITIONAL_REPRESENTATION('',(#3868),#3871);
#3868 = B_SPLINE_CURVE_WITH_KNOTS('',1,(#3869,#3870),.UNSPECIFIED.,.F.,
  .F.,(2,2),(-9.75,-9.25),.PIECEWISE_BEZIER_KNOTS.);
#3869 = CARTESIAN_POINT('',(0.3,0.5));
#3870 = CARTESIAN_POINT('',(0.3,0.));
#3871 = ( GEOMETRIC_REPRESENTATION_CONTEXT(2) 
PARAMETRIC_REPRESENTATION_CONTEXT() REPRESENTATION_CONTEXT('2D SPACE',''
  ) );
#3872 = ORIENTED_EDGE('',*,*,#3873,.T.);
#3873 = EDGE_CURVE('',#3848,#3874,#3876,.T.);
#3874 = VERTEX_POINT('',#3875);
#3875 = CARTESIAN_POINT('',(-7.,45.5,4.78023436887));
#3876 = SURFACE_CURVE('',#3877,(#3881,#3887),.PCURVE_S1.);
#3877 = LINE('',#3878,#3879);
#3878 = CARTESIAN_POINT('',(-7.,45.5,2.45));
#3879 = VECTOR('',#3880,1.);
#3880 = DIRECTION('',(0.,0.,1.));
#3881 = PCURVE('',#1061,#3882);
#3882 = DEFINITIONAL_REPRESENTATION('',(#3883),#3886);
#3883 = B_SPLINE_CURVE_WITH_KNOTS('',1,(#3884,#3885),.UNSPECIFIED.,.F.,
  .F.,(2,2),(2.05,2.55),.PIECEWISE_BEZIER_KNOTS.);
#3884 = CARTESIAN_POINT('',(4.1,-18.5));
#3885 = CARTESIAN_POINT('',(4.6,-18.5));
#3886 = ( GEOMETRIC_REPRESENTATION_CONTEXT(2) 
PARAMETRIC_REPRESENTATION_CONTEXT() REPRESENTATION_CONTEXT('2D SPACE',''
  ) );
#3887 = PCURVE('',#3888,#3893);
#3888 = PLANE('',#3889);
#3889 = AXIS2_PLACEMENT_3D('',#3890,#3891,#3892);
#3890 = CARTESIAN_POINT('',(-7.3,45.5,4.5));
#3891 = DIRECTION('',(-0.,1.,0.));
#3892 = DIRECTION('',(0.,0.,1.));
#3893 = DEFINITIONAL_REPRESENTATION('',(#3894),#3897);
#3894 = B_SPLINE_CURVE_WITH_KNOTS('',1,(#3895,#3896),.UNSPECIFIED.,.F.,
  .F.,(2,2),(2.05,2.55),.PIECEWISE_BEZIER_KNOTS.);
#3895 = CARTESIAN_POINT('',(0.,0.3));
#3896 = CARTESIAN_POINT('',(0.5,0.3));
#3897 = ( GEOMETRIC_REPRESENTATION_CONTEXT(2) 
PARAMETRIC_REPRESENTATION_CONTEXT() REPRESENTATION_CONTEXT('2D SPACE',''
  ) );
#3898 = ORIENTED_EDGE('',*,*,#3899,.T.);
#3899 = EDGE_CURVE('',#3874,#3900,#3902,.T.);
#3900 = VERTEX_POINT('',#3901);
#3901 = CARTESIAN_POINT('',(-7.,40.5,4.78023436887));
#3902 = SURFACE_CURVE('',#3903,(#3907,#3913),.PCURVE_S1.);
#3903 = LINE('',#3904,#3905);
#3904 = CARTESIAN_POINT('',(-7.,33.75,4.78023436887));
#3905 = VECTOR('',#3906,1.);
#3906 = DIRECTION('',(0.,-1.,0.));
#3907 = PCURVE('',#1061,#3908);
#3908 = DEFINITIONAL_REPRESENTATION('',(#3909),#3912);
#3909 = B_SPLINE_CURVE_WITH_KNOTS('',1,(#3910,#3911),.UNSPECIFIED.,.F.,
  .F.,(2,2),(-11.75,-6.75),.PIECEWISE_BEZIER_KNOTS.);
#3910 = CARTESIAN_POINT('',(4.38023436887,-18.5));
#3911 = CARTESIAN_POINT('',(4.38023436887,-13.5));
#3912 = ( GEOMETRIC_REPRESENTATION_CONTEXT(2) 
PARAMETRIC_REPRESENTATION_CONTEXT() REPRESENTATION_CONTEXT('2D SPACE',''
  ) );
#3913 = PCURVE('',#3914,#3919);
#3914 = PLANE('',#3915);
#3915 = AXIS2_PLACEMENT_3D('',#3916,#3917,#3918);
#3916 = CARTESIAN_POINT('',(-9.5,40.5,4.78023436887));
#3917 = DIRECTION('',(0.,0.,1.));
#3918 = DIRECTION('',(1.,0.,-0.));
#3919 = DEFINITIONAL_REPRESENTATION('',(#3920),#3923);
#3920 = B_SPLINE_CURVE_WITH_KNOTS('',1,(#3921,#3922),.UNSPECIFIED.,.F.,
  .F.,(2,2),(-11.75,-6.75),.PIECEWISE_BEZIER_KNOTS.);
#3921 = CARTESIAN_POINT('',(2.5,5.));
#3922 = CARTESIAN_POINT('',(2.5,0.));
#3923 = ( GEOMETRIC_REPRESENTATION_CONTEXT(2) 
PARAMETRIC_REPRESENTATION_CONTEXT() REPRESENTATION_CONTEXT('2D SPACE',''
  ) );
#3924 = ORIENTED_EDGE('',*,*,#3925,.T.);
#3925 = EDGE_CURVE('',#3900,#1046,#3926,.T.);
#3926 = SURFACE_CURVE('',#3927,(#3931,#3937),.PCURVE_S1.);
#3927 = LINE('',#3928,#3929);
#3928 = CARTESIAN_POINT('',(-7.,40.5,2.590117184435));
#3929 = VECTOR('',#3930,1.);
#3930 = DIRECTION('',(0.,0.,1.));
#3931 = PCURVE('',#1061,#3932);
#3932 = DEFINITIONAL_REPRESENTATION('',(#3933),#3936);
#3933 = B_SPLINE_CURVE_WITH_KNOTS('',1,(#3934,#3935),.UNSPECIFIED.,.F.,
  .F.,(2,2),(2.190117184435,2.409882815565),.PIECEWISE_BEZIER_KNOTS.);
#3934 = CARTESIAN_POINT('',(4.38023436887,-13.5));
#3935 = CARTESIAN_POINT('',(4.6,-13.5));
#3936 = ( GEOMETRIC_REPRESENTATION_CONTEXT(2) 
PARAMETRIC_REPRESENTATION_CONTEXT() REPRESENTATION_CONTEXT('2D SPACE',''
  ) );
#3937 = PCURVE('',#1088,#3938);
#3938 = DEFINITIONAL_REPRESENTATION('',(#3939),#3942);
#3939 = B_SPLINE_CURVE_WITH_KNOTS('',1,(#3940,#3941),.UNSPECIFIED.,.F.,
  .F.,(2,2),(2.190117184435,2.409882815565),.PIECEWISE_BEZIER_KNOTS.);
#3940 = CARTESIAN_POINT('',(0.,2.5));
#3941 = CARTESIAN_POINT('',(0.21976563113,2.5));
#3942 = ( GEOMETRIC_REPRESENTATION_CONTEXT(2) 
PARAMETRIC_REPRESENTATION_CONTEXT() REPRESENTATION_CONTEXT('2D SPACE',''
  ) );
#3943 = ADVANCED_FACE('',(#3944),#1498,.T.);
#3944 = FACE_BOUND('',#3945,.T.);
#3945 = EDGE_LOOP('',(#3946,#3969,#3970,#3971,#3994,#4022));
#3946 = ORIENTED_EDGE('',*,*,#3947,.F.);
#3947 = EDGE_CURVE('',#3589,#3948,#3950,.T.);
#3948 = VERTEX_POINT('',#3949);
#3949 = CARTESIAN_POINT('',(-5.,88.,4.5));
#3950 = SURFACE_CURVE('',#3951,(#3955,#3962),.PCURVE_S1.);
#3951 = LINE('',#3952,#3953);
#3952 = CARTESIAN_POINT('',(-7.3,88.,4.5));
#3953 = VECTOR('',#3954,1.);
#3954 = DIRECTION('',(1.,0.,-0.));
#3955 = PCURVE('',#1498,#3956);
#3956 = DEFINITIONAL_REPRESENTATION('',(#3957),#3961);
#3957 = LINE('',#3958,#3959);
#3958 = CARTESIAN_POINT('',(0.,0.));
#3959 = VECTOR('',#3960,1.);
#3960 = DIRECTION('',(0.,1.));
#3961 = ( GEOMETRIC_REPRESENTATION_CONTEXT(2) 
PARAMETRIC_REPRESENTATION_CONTEXT() REPRESENTATION_CONTEXT('2D SPACE',''
  ) );
#3962 = PCURVE('',#3624,#3963);
#3963 = DEFINITIONAL_REPRESENTATION('',(#3964),#3968);
#3964 = LINE('',#3965,#3966);
#3965 = CARTESIAN_POINT('',(0.,0.5));
#3966 = VECTOR('',#3967,1.);
#3967 = DIRECTION('',(1.,0.));
#3968 = ( GEOMETRIC_REPRESENTATION_CONTEXT(2) 
PARAMETRIC_REPRESENTATION_CONTEXT() REPRESENTATION_CONTEXT('2D SPACE',''
  ) );
#3969 = ORIENTED_EDGE('',*,*,#3588,.T.);
#3970 = ORIENTED_EDGE('',*,*,#1483,.T.);
#3971 = ORIENTED_EDGE('',*,*,#3972,.T.);
#3972 = EDGE_CURVE('',#1458,#3973,#3975,.T.);
#3973 = VERTEX_POINT('',#3974);
#3974 = CARTESIAN_POINT('',(-7.3,88.,8.95));
#3975 = SURFACE_CURVE('',#3976,(#3980,#3987),.PCURVE_S1.);
#3976 = LINE('',#3977,#3978);
#3977 = CARTESIAN_POINT('',(-7.3,88.,4.5));
#3978 = VECTOR('',#3979,1.);
#3979 = DIRECTION('',(0.,0.,1.));
#3980 = PCURVE('',#1498,#3981);
#3981 = DEFINITIONAL_REPRESENTATION('',(#3982),#3986);
#3982 = LINE('',#3983,#3984);
#3983 = CARTESIAN_POINT('',(0.,0.));
#3984 = VECTOR('',#3985,1.);
#3985 = DIRECTION('',(1.,0.));
#3986 = ( GEOMETRIC_REPRESENTATION_CONTEXT(2) 
PARAMETRIC_REPRESENTATION_CONTEXT() REPRESENTATION_CONTEXT('2D SPACE',''
  ) );
#3987 = PCURVE('',#1472,#3988);
#3988 = DEFINITIONAL_REPRESENTATION('',(#3989),#3993);
#3989 = LINE('',#3990,#3991);
#3990 = CARTESIAN_POINT('',(0.,-0.5));
#3991 = VECTOR('',#3992,1.);
#3992 = DIRECTION('',(1.,0.));
#3993 = ( GEOMETRIC_REPRESENTATION_CONTEXT(2) 
PARAMETRIC_REPRESENTATION_CONTEXT() REPRESENTATION_CONTEXT('2D SPACE',''
  ) );
#3994 = ORIENTED_EDGE('',*,*,#3995,.T.);
#3995 = EDGE_CURVE('',#3973,#3996,#3998,.T.);
#3996 = VERTEX_POINT('',#3997);
#3997 = CARTESIAN_POINT('',(-5.,88.,8.95));
#3998 = SURFACE_CURVE('',#3999,(#4003,#4010),.PCURVE_S1.);
#3999 = LINE('',#4000,#4001);
#4000 = CARTESIAN_POINT('',(-7.3,88.,8.95));
#4001 = VECTOR('',#4002,1.);
#4002 = DIRECTION('',(1.,0.,-0.));
#4003 = PCURVE('',#1498,#4004);
#4004 = DEFINITIONAL_REPRESENTATION('',(#4005),#4009);
#4005 = LINE('',#4006,#4007);
#4006 = CARTESIAN_POINT('',(4.45,0.));
#4007 = VECTOR('',#4008,1.);
#4008 = DIRECTION('',(0.,1.));
#4009 = ( GEOMETRIC_REPRESENTATION_CONTEXT(2) 
PARAMETRIC_REPRESENTATION_CONTEXT() REPRESENTATION_CONTEXT('2D SPACE',''
  ) );
#4010 = PCURVE('',#4011,#4016);
#4011 = PLANE('',#4012);
#4012 = AXIS2_PLACEMENT_3D('',#4013,#4014,#4015);
#4013 = CARTESIAN_POINT('',(-7.3,87.5,8.95));
#4014 = DIRECTION('',(0.,0.,1.));
#4015 = DIRECTION('',(1.,0.,-0.));
#4016 = DEFINITIONAL_REPRESENTATION('',(#4017),#4021);
#4017 = LINE('',#4018,#4019);
#4018 = CARTESIAN_POINT('',(0.,0.5));
#4019 = VECTOR('',#4020,1.);
#4020 = DIRECTION('',(1.,0.));
#4021 = ( GEOMETRIC_REPRESENTATION_CONTEXT(2) 
PARAMETRIC_REPRESENTATION_CONTEXT() REPRESENTATION_CONTEXT('2D SPACE',''
  ) );
#4022 = ORIENTED_EDGE('',*,*,#4023,.F.);
#4023 = EDGE_CURVE('',#3948,#3996,#4024,.T.);
#4024 = SURFACE_CURVE('',#4025,(#4029,#4036),.PCURVE_S1.);
#4025 = LINE('',#4026,#4027);
#4026 = CARTESIAN_POINT('',(-5.,88.,4.5));
#4027 = VECTOR('',#4028,1.);
#4028 = DIRECTION('',(0.,0.,1.));
#4029 = PCURVE('',#1498,#4030);
#4030 = DEFINITIONAL_REPRESENTATION('',(#4031),#4035);
#4031 = LINE('',#4032,#4033);
#4032 = CARTESIAN_POINT('',(0.,2.3));
#4033 = VECTOR('',#4034,1.);
#4034 = DIRECTION('',(1.,0.));
#4035 = ( GEOMETRIC_REPRESENTATION_CONTEXT(2) 
PARAMETRIC_REPRESENTATION_CONTEXT() REPRESENTATION_CONTEXT('2D SPACE',''
  ) );
#4036 = PCURVE('',#4037,#4042);
#4037 = PLANE('',#4038);
#4038 = AXIS2_PLACEMENT_3D('',#4039,#4040,#4041);
#4039 = CARTESIAN_POINT('',(-5.,87.5,4.5));
#4040 = DIRECTION('',(1.,0.,-0.));
#4041 = DIRECTION('',(0.,0.,1.));
#4042 = DEFINITIONAL_REPRESENTATION('',(#4043),#4047);
#4043 = LINE('',#4044,#4045);
#4044 = CARTESIAN_POINT('',(0.,-0.5));
#4045 = VECTOR('',#4046,1.);
#4046 = DIRECTION('',(1.,0.));
#4047 = ( GEOMETRIC_REPRESENTATION_CONTEXT(2) 
PARAMETRIC_REPRESENTATION_CONTEXT() REPRESENTATION_CONTEXT('2D SPACE',''
  ) );
#4048 = ADVANCED_FACE('',(#4049),#1472,.F.);
#4049 = FACE_BOUND('',#4050,.F.);
#4050 = EDGE_LOOP('',(#4051,#4074,#4075,#4076,#4099));
#4051 = ORIENTED_EDGE('',*,*,#4052,.F.);
#4052 = EDGE_CURVE('',#1432,#4053,#4055,.T.);
#4053 = VERTEX_POINT('',#4054);
#4054 = CARTESIAN_POINT('',(-7.3,87.5,6.28023436887));
#4055 = SURFACE_CURVE('',#4056,(#4060,#4067),.PCURVE_S1.);
#4056 = LINE('',#4057,#4058);
#4057 = CARTESIAN_POINT('',(-7.3,87.5,4.5));
#4058 = VECTOR('',#4059,1.);
#4059 = DIRECTION('',(0.,0.,1.));
#4060 = PCURVE('',#1472,#4061);
#4061 = DEFINITIONAL_REPRESENTATION('',(#4062),#4066);
#4062 = LINE('',#4063,#4064);
#4063 = CARTESIAN_POINT('',(0.,0.));
#4064 = VECTOR('',#4065,1.);
#4065 = DIRECTION('',(1.,0.));
#4066 = ( GEOMETRIC_REPRESENTATION_CONTEXT(2) 
PARAMETRIC_REPRESENTATION_CONTEXT() REPRESENTATION_CONTEXT('2D SPACE',''
  ) );
#4067 = PCURVE('',#1446,#4068);
#4068 = DEFINITIONAL_REPRESENTATION('',(#4069),#4073);
#4069 = LINE('',#4070,#4071);
#4070 = CARTESIAN_POINT('',(-0.28023436887,2.2));
#4071 = VECTOR('',#4072,1.);
#4072 = DIRECTION('',(1.,0.));
#4073 = ( GEOMETRIC_REPRESENTATION_CONTEXT(2) 
PARAMETRIC_REPRESENTATION_CONTEXT() REPRESENTATION_CONTEXT('2D SPACE',''
  ) );
#4074 = ORIENTED_EDGE('',*,*,#1457,.T.);
#4075 = ORIENTED_EDGE('',*,*,#3972,.T.);
#4076 = ORIENTED_EDGE('',*,*,#4077,.F.);
#4077 = EDGE_CURVE('',#4078,#3973,#4080,.T.);
#4078 = VERTEX_POINT('',#4079);
#4079 = CARTESIAN_POINT('',(-7.3,87.5,8.95));
#4080 = SURFACE_CURVE('',#4081,(#4085,#4092),.PCURVE_S1.);
#4081 = LINE('',#4082,#4083);
#4082 = CARTESIAN_POINT('',(-7.3,87.5,8.95));
#4083 = VECTOR('',#4084,1.);
#4084 = DIRECTION('',(-0.,1.,0.));
#4085 = PCURVE('',#1472,#4086);
#4086 = DEFINITIONAL_REPRESENTATION('',(#4087),#4091);
#4087 = LINE('',#4088,#4089);
#4088 = CARTESIAN_POINT('',(4.45,0.));
#4089 = VECTOR('',#4090,1.);
#4090 = DIRECTION('',(0.,-1.));
#4091 = ( GEOMETRIC_REPRESENTATION_CONTEXT(2) 
PARAMETRIC_REPRESENTATION_CONTEXT() REPRESENTATION_CONTEXT('2D SPACE',''
  ) );
#4092 = PCURVE('',#4011,#4093);
#4093 = DEFINITIONAL_REPRESENTATION('',(#4094),#4098);
#4094 = LINE('',#4095,#4096);
#4095 = CARTESIAN_POINT('',(0.,0.));
#4096 = VECTOR('',#4097,1.);
#4097 = DIRECTION('',(0.,1.));
#4098 = ( GEOMETRIC_REPRESENTATION_CONTEXT(2) 
PARAMETRIC_REPRESENTATION_CONTEXT() REPRESENTATION_CONTEXT('2D SPACE',''
  ) );
#4099 = ORIENTED_EDGE('',*,*,#4100,.F.);
#4100 = EDGE_CURVE('',#4053,#4078,#4101,.T.);
#4101 = SURFACE_CURVE('',#4102,(#4106,#4113),.PCURVE_S1.);
#4102 = LINE('',#4103,#4104);
#4103 = CARTESIAN_POINT('',(-7.3,87.5,4.5));
#4104 = VECTOR('',#4105,1.);
#4105 = DIRECTION('',(0.,0.,1.));
#4106 = PCURVE('',#1472,#4107);
#4107 = DEFINITIONAL_REPRESENTATION('',(#4108),#4112);
#4108 = LINE('',#4109,#4110);
#4109 = CARTESIAN_POINT('',(0.,0.));
#4110 = VECTOR('',#4111,1.);
#4111 = DIRECTION('',(1.,0.));
#4112 = ( GEOMETRIC_REPRESENTATION_CONTEXT(2) 
PARAMETRIC_REPRESENTATION_CONTEXT() REPRESENTATION_CONTEXT('2D SPACE',''
  ) );
#4113 = PCURVE('',#4114,#4119);
#4114 = PLANE('',#4115);
#4115 = AXIS2_PLACEMENT_3D('',#4116,#4117,#4118);
#4116 = CARTESIAN_POINT('',(-7.3,87.5,4.5));
#4117 = DIRECTION('',(-0.,1.,0.));
#4118 = DIRECTION('',(0.,0.,1.));
#4119 = DEFINITIONAL_REPRESENTATION('',(#4120),#4124);
#4120 = LINE('',#4121,#4122);
#4121 = CARTESIAN_POINT('',(0.,0.));
#4122 = VECTOR('',#4123,1.);
#4123 = DIRECTION('',(1.,0.));
#4124 = ( GEOMETRIC_REPRESENTATION_CONTEXT(2) 
PARAMETRIC_REPRESENTATION_CONTEXT() REPRESENTATION_CONTEXT('2D SPACE',''
  ) );
#4125 = ADVANCED_FACE('',(#4126),#1446,.T.);
#4126 = FACE_BOUND('',#4127,.T.);
#4127 = EDGE_LOOP('',(#4128,#4129,#4152,#4178));
#4128 = ORIENTED_EDGE('',*,*,#1431,.T.);
#4129 = ORIENTED_EDGE('',*,*,#4130,.T.);
#4130 = EDGE_CURVE('',#1406,#4131,#4133,.T.);
#4131 = VERTEX_POINT('',#4132);
#4132 = CARTESIAN_POINT('',(-9.5,87.5,6.28023436887));
#4133 = SURFACE_CURVE('',#4134,(#4138,#4145),.PCURVE_S1.);
#4134 = LINE('',#4135,#4136);
#4135 = CARTESIAN_POINT('',(-9.5,87.5,4.78023436887));
#4136 = VECTOR('',#4137,1.);
#4137 = DIRECTION('',(0.,0.,1.));
#4138 = PCURVE('',#1446,#4139);
#4139 = DEFINITIONAL_REPRESENTATION('',(#4140),#4144);
#4140 = LINE('',#4141,#4142);
#4141 = CARTESIAN_POINT('',(0.,0.));
#4142 = VECTOR('',#4143,1.);
#4143 = DIRECTION('',(1.,0.));
#4144 = ( GEOMETRIC_REPRESENTATION_CONTEXT(2) 
PARAMETRIC_REPRESENTATION_CONTEXT() REPRESENTATION_CONTEXT('2D SPACE',''
  ) );
#4145 = PCURVE('',#1420,#4146);
#4146 = DEFINITIONAL_REPRESENTATION('',(#4147),#4151);
#4147 = LINE('',#4148,#4149);
#4148 = CARTESIAN_POINT('',(0.,-5.));
#4149 = VECTOR('',#4150,1.);
#4150 = DIRECTION('',(1.,0.));
#4151 = ( GEOMETRIC_REPRESENTATION_CONTEXT(2) 
PARAMETRIC_REPRESENTATION_CONTEXT() REPRESENTATION_CONTEXT('2D SPACE',''
  ) );
#4152 = ORIENTED_EDGE('',*,*,#4153,.T.);
#4153 = EDGE_CURVE('',#4131,#4053,#4154,.T.);
#4154 = SURFACE_CURVE('',#4155,(#4159,#4166),.PCURVE_S1.);
#4155 = LINE('',#4156,#4157);
#4156 = CARTESIAN_POINT('',(-9.5,87.5,6.28023436887));
#4157 = VECTOR('',#4158,1.);
#4158 = DIRECTION('',(1.,0.,-0.));
#4159 = PCURVE('',#1446,#4160);
#4160 = DEFINITIONAL_REPRESENTATION('',(#4161),#4165);
#4161 = LINE('',#4162,#4163);
#4162 = CARTESIAN_POINT('',(1.5,0.));
#4163 = VECTOR('',#4164,1.);
#4164 = DIRECTION('',(0.,1.));
#4165 = ( GEOMETRIC_REPRESENTATION_CONTEXT(2) 
PARAMETRIC_REPRESENTATION_CONTEXT() REPRESENTATION_CONTEXT('2D SPACE',''
  ) );
#4166 = PCURVE('',#4167,#4172);
#4167 = PLANE('',#4168);
#4168 = AXIS2_PLACEMENT_3D('',#4169,#4170,#4171);
#4169 = CARTESIAN_POINT('',(-9.5,82.5,6.28023436887));
#4170 = DIRECTION('',(0.,0.,1.));
#4171 = DIRECTION('',(1.,0.,-0.));
#4172 = DEFINITIONAL_REPRESENTATION('',(#4173),#4177);
#4173 = LINE('',#4174,#4175);
#4174 = CARTESIAN_POINT('',(0.,5.));
#4175 = VECTOR('',#4176,1.);
#4176 = DIRECTION('',(1.,0.));
#4177 = ( GEOMETRIC_REPRESENTATION_CONTEXT(2) 
PARAMETRIC_REPRESENTATION_CONTEXT() REPRESENTATION_CONTEXT('2D SPACE',''
  ) );
#4178 = ORIENTED_EDGE('',*,*,#4052,.F.);
#4179 = ADVANCED_FACE('',(#4180),#1420,.F.);
#4180 = FACE_BOUND('',#4181,.F.);
#4181 = EDGE_LOOP('',(#4182,#4205,#4206,#4207));
#4182 = ORIENTED_EDGE('',*,*,#4183,.F.);
#4183 = EDGE_CURVE('',#1380,#4184,#4186,.T.);
#4184 = VERTEX_POINT('',#4185);
#4185 = CARTESIAN_POINT('',(-9.5,82.5,6.28023436887));
#4186 = SURFACE_CURVE('',#4187,(#4191,#4198),.PCURVE_S1.);
#4187 = LINE('',#4188,#4189);
#4188 = CARTESIAN_POINT('',(-9.5,82.5,4.78023436887));
#4189 = VECTOR('',#4190,1.);
#4190 = DIRECTION('',(0.,0.,1.));
#4191 = PCURVE('',#1420,#4192);
#4192 = DEFINITIONAL_REPRESENTATION('',(#4193),#4197);
#4193 = LINE('',#4194,#4195);
#4194 = CARTESIAN_POINT('',(0.,0.));
#4195 = VECTOR('',#4196,1.);
#4196 = DIRECTION('',(1.,0.));
#4197 = ( GEOMETRIC_REPRESENTATION_CONTEXT(2) 
PARAMETRIC_REPRESENTATION_CONTEXT() REPRESENTATION_CONTEXT('2D SPACE',''
  ) );
#4198 = PCURVE('',#1394,#4199);
#4199 = DEFINITIONAL_REPRESENTATION('',(#4200),#4204);
#4200 = LINE('',#4201,#4202);
#4201 = CARTESIAN_POINT('',(0.,0.));
#4202 = VECTOR('',#4203,1.);
#4203 = DIRECTION('',(1.,0.));
#4204 = ( GEOMETRIC_REPRESENTATION_CONTEXT(2) 
PARAMETRIC_REPRESENTATION_CONTEXT() REPRESENTATION_CONTEXT('2D SPACE',''
  ) );
#4205 = ORIENTED_EDGE('',*,*,#1405,.T.);
#4206 = ORIENTED_EDGE('',*,*,#4130,.T.);
#4207 = ORIENTED_EDGE('',*,*,#4208,.F.);
#4208 = EDGE_CURVE('',#4184,#4131,#4209,.T.);
#4209 = SURFACE_CURVE('',#4210,(#4214,#4221),.PCURVE_S1.);
#4210 = LINE('',#4211,#4212);
#4211 = CARTESIAN_POINT('',(-9.5,82.5,6.28023436887));
#4212 = VECTOR('',#4213,1.);
#4213 = DIRECTION('',(-0.,1.,0.));
#4214 = PCURVE('',#1420,#4215);
#4215 = DEFINITIONAL_REPRESENTATION('',(#4216),#4220);
#4216 = LINE('',#4217,#4218);
#4217 = CARTESIAN_POINT('',(1.5,0.));
#4218 = VECTOR('',#4219,1.);
#4219 = DIRECTION('',(0.,-1.));
#4220 = ( GEOMETRIC_REPRESENTATION_CONTEXT(2) 
PARAMETRIC_REPRESENTATION_CONTEXT() REPRESENTATION_CONTEXT('2D SPACE',''
  ) );
#4221 = PCURVE('',#4167,#4222);
#4222 = DEFINITIONAL_REPRESENTATION('',(#4223),#4227);
#4223 = LINE('',#4224,#4225);
#4224 = CARTESIAN_POINT('',(0.,0.));
#4225 = VECTOR('',#4226,1.);
#4226 = DIRECTION('',(0.,1.));
#4227 = ( GEOMETRIC_REPRESENTATION_CONTEXT(2) 
PARAMETRIC_REPRESENTATION_CONTEXT() REPRESENTATION_CONTEXT('2D SPACE',''
  ) );
#4228 = ADVANCED_FACE('',(#4229),#1394,.F.);
#4229 = FACE_BOUND('',#4230,.F.);
#4230 = EDGE_LOOP('',(#4231,#4254,#4255,#4256,#4257,#4280));
#4231 = ORIENTED_EDGE('',*,*,#4232,.F.);
#4232 = EDGE_CURVE('',#3662,#4233,#4235,.T.);
#4233 = VERTEX_POINT('',#4234);
#4234 = CARTESIAN_POINT('',(-4.5,82.5,4.78023436887));
#4235 = SURFACE_CURVE('',#4236,(#4240,#4247),.PCURVE_S1.);
#4236 = LINE('',#4237,#4238);
#4237 = CARTESIAN_POINT('',(-9.5,82.5,4.78023436887));
#4238 = VECTOR('',#4239,1.);
#4239 = DIRECTION('',(1.,0.,-0.));
#4240 = PCURVE('',#1394,#4241);
#4241 = DEFINITIONAL_REPRESENTATION('',(#4242),#4246);
#4242 = LINE('',#4243,#4244);
#4243 = CARTESIAN_POINT('',(0.,0.));
#4244 = VECTOR('',#4245,1.);
#4245 = DIRECTION('',(0.,1.));
#4246 = ( GEOMETRIC_REPRESENTATION_CONTEXT(2) 
PARAMETRIC_REPRESENTATION_CONTEXT() REPRESENTATION_CONTEXT('2D SPACE',''
  ) );
#4247 = PCURVE('',#3676,#4248);
#4248 = DEFINITIONAL_REPRESENTATION('',(#4249),#4253);
#4249 = LINE('',#4250,#4251);
#4250 = CARTESIAN_POINT('',(0.,0.));
#4251 = VECTOR('',#4252,1.);
#4252 = DIRECTION('',(1.,0.));
#4253 = ( GEOMETRIC_REPRESENTATION_CONTEXT(2) 
PARAMETRIC_REPRESENTATION_CONTEXT() REPRESENTATION_CONTEXT('2D SPACE',''
  ) );
#4254 = ORIENTED_EDGE('',*,*,#3687,.T.);
#4255 = ORIENTED_EDGE('',*,*,#1379,.T.);
#4256 = ORIENTED_EDGE('',*,*,#4183,.T.);
#4257 = ORIENTED_EDGE('',*,*,#4258,.T.);
#4258 = EDGE_CURVE('',#4184,#4259,#4261,.T.);
#4259 = VERTEX_POINT('',#4260);
#4260 = CARTESIAN_POINT('',(-4.5,82.5,6.28023436887));
#4261 = SURFACE_CURVE('',#4262,(#4266,#4273),.PCURVE_S1.);
#4262 = LINE('',#4263,#4264);
#4263 = CARTESIAN_POINT('',(-9.5,82.5,6.28023436887));
#4264 = VECTOR('',#4265,1.);
#4265 = DIRECTION('',(1.,0.,-0.));
#4266 = PCURVE('',#1394,#4267);
#4267 = DEFINITIONAL_REPRESENTATION('',(#4268),#4272);
#4268 = LINE('',#4269,#4270);
#4269 = CARTESIAN_POINT('',(1.5,0.));
#4270 = VECTOR('',#4271,1.);
#4271 = DIRECTION('',(0.,1.));
#4272 = ( GEOMETRIC_REPRESENTATION_CONTEXT(2) 
PARAMETRIC_REPRESENTATION_CONTEXT() REPRESENTATION_CONTEXT('2D SPACE',''
  ) );
#4273 = PCURVE('',#4167,#4274);
#4274 = DEFINITIONAL_REPRESENTATION('',(#4275),#4279);
#4275 = LINE('',#4276,#4277);
#4276 = CARTESIAN_POINT('',(0.,0.));
#4277 = VECTOR('',#4278,1.);
#4278 = DIRECTION('',(1.,0.));
#4279 = ( GEOMETRIC_REPRESENTATION_CONTEXT(2) 
PARAMETRIC_REPRESENTATION_CONTEXT() REPRESENTATION_CONTEXT('2D SPACE',''
  ) );
#4280 = ORIENTED_EDGE('',*,*,#4281,.F.);
#4281 = EDGE_CURVE('',#4233,#4259,#4282,.T.);
#4282 = SURFACE_CURVE('',#4283,(#4287,#4294),.PCURVE_S1.);
#4283 = LINE('',#4284,#4285);
#4284 = CARTESIAN_POINT('',(-4.5,82.5,4.78023436887));
#4285 = VECTOR('',#4286,1.);
#4286 = DIRECTION('',(0.,0.,1.));
#4287 = PCURVE('',#1394,#4288);
#4288 = DEFINITIONAL_REPRESENTATION('',(#4289),#4293);
#4289 = LINE('',#4290,#4291);
#4290 = CARTESIAN_POINT('',(0.,5.));
#4291 = VECTOR('',#4292,1.);
#4292 = DIRECTION('',(1.,0.));
#4293 = ( GEOMETRIC_REPRESENTATION_CONTEXT(2) 
PARAMETRIC_REPRESENTATION_CONTEXT() REPRESENTATION_CONTEXT('2D SPACE',''
  ) );
#4294 = PCURVE('',#4295,#4300);
#4295 = PLANE('',#4296);
#4296 = AXIS2_PLACEMENT_3D('',#4297,#4298,#4299);
#4297 = CARTESIAN_POINT('',(-4.5,82.5,4.78023436887));
#4298 = DIRECTION('',(1.,0.,-0.));
#4299 = DIRECTION('',(0.,0.,1.));
#4300 = DEFINITIONAL_REPRESENTATION('',(#4301),#4305);
#4301 = LINE('',#4302,#4303);
#4302 = CARTESIAN_POINT('',(0.,0.));
#4303 = VECTOR('',#4304,1.);
#4304 = DIRECTION('',(1.,0.));
#4305 = ( GEOMETRIC_REPRESENTATION_CONTEXT(2) 
PARAMETRIC_REPRESENTATION_CONTEXT() REPRESENTATION_CONTEXT('2D SPACE',''
  ) );
#4306 = ADVANCED_FACE('',(#4307),#1345,.T.);
#4307 = FACE_BOUND('',#4308,.T.);
#4308 = EDGE_LOOP('',(#4309,#4332,#4333,#4334,#4357,#4385));
#4309 = ORIENTED_EDGE('',*,*,#4310,.F.);
#4310 = EDGE_CURVE('',#3708,#4311,#4313,.T.);
#4311 = VERTEX_POINT('',#4312);
#4312 = CARTESIAN_POINT('',(-5.,71.,4.5));
#4313 = SURFACE_CURVE('',#4314,(#4318,#4325),.PCURVE_S1.);
#4314 = LINE('',#4315,#4316);
#4315 = CARTESIAN_POINT('',(-7.3,71.,4.5));
#4316 = VECTOR('',#4317,1.);
#4317 = DIRECTION('',(1.,0.,-0.));
#4318 = PCURVE('',#1345,#4319);
#4319 = DEFINITIONAL_REPRESENTATION('',(#4320),#4324);
#4320 = LINE('',#4321,#4322);
#4321 = CARTESIAN_POINT('',(0.,0.));
#4322 = VECTOR('',#4323,1.);
#4323 = DIRECTION('',(0.,1.));
#4324 = ( GEOMETRIC_REPRESENTATION_CONTEXT(2) 
PARAMETRIC_REPRESENTATION_CONTEXT() REPRESENTATION_CONTEXT('2D SPACE',''
  ) );
#4325 = PCURVE('',#3743,#4326);
#4326 = DEFINITIONAL_REPRESENTATION('',(#4327),#4331);
#4327 = LINE('',#4328,#4329);
#4328 = CARTESIAN_POINT('',(0.,0.5));
#4329 = VECTOR('',#4330,1.);
#4330 = DIRECTION('',(1.,0.));
#4331 = ( GEOMETRIC_REPRESENTATION_CONTEXT(2) 
PARAMETRIC_REPRESENTATION_CONTEXT() REPRESENTATION_CONTEXT('2D SPACE',''
  ) );
#4332 = ORIENTED_EDGE('',*,*,#3707,.T.);
#4333 = ORIENTED_EDGE('',*,*,#1330,.T.);
#4334 = ORIENTED_EDGE('',*,*,#4335,.T.);
#4335 = EDGE_CURVE('',#1305,#4336,#4338,.T.);
#4336 = VERTEX_POINT('',#4337);
#4337 = CARTESIAN_POINT('',(-7.3,71.,8.95));
#4338 = SURFACE_CURVE('',#4339,(#4343,#4350),.PCURVE_S1.);
#4339 = LINE('',#4340,#4341);
#4340 = CARTESIAN_POINT('',(-7.3,71.,4.5));
#4341 = VECTOR('',#4342,1.);
#4342 = DIRECTION('',(0.,0.,1.));
#4343 = PCURVE('',#1345,#4344);
#4344 = DEFINITIONAL_REPRESENTATION('',(#4345),#4349);
#4345 = LINE('',#4346,#4347);
#4346 = CARTESIAN_POINT('',(0.,0.));
#4347 = VECTOR('',#4348,1.);
#4348 = DIRECTION('',(1.,0.));
#4349 = ( GEOMETRIC_REPRESENTATION_CONTEXT(2) 
PARAMETRIC_REPRESENTATION_CONTEXT() REPRESENTATION_CONTEXT('2D SPACE',''
  ) );
#4350 = PCURVE('',#1319,#4351);
#4351 = DEFINITIONAL_REPRESENTATION('',(#4352),#4356);
#4352 = LINE('',#4353,#4354);
#4353 = CARTESIAN_POINT('',(0.,-0.5));
#4354 = VECTOR('',#4355,1.);
#4355 = DIRECTION('',(1.,0.));
#4356 = ( GEOMETRIC_REPRESENTATION_CONTEXT(2) 
PARAMETRIC_REPRESENTATION_CONTEXT() REPRESENTATION_CONTEXT('2D SPACE',''
  ) );
#4357 = ORIENTED_EDGE('',*,*,#4358,.T.);
#4358 = EDGE_CURVE('',#4336,#4359,#4361,.T.);
#4359 = VERTEX_POINT('',#4360);
#4360 = CARTESIAN_POINT('',(-5.,71.,8.95));
#4361 = SURFACE_CURVE('',#4362,(#4366,#4373),.PCURVE_S1.);
#4362 = LINE('',#4363,#4364);
#4363 = CARTESIAN_POINT('',(-7.3,71.,8.95));
#4364 = VECTOR('',#4365,1.);
#4365 = DIRECTION('',(1.,0.,-0.));
#4366 = PCURVE('',#1345,#4367);
#4367 = DEFINITIONAL_REPRESENTATION('',(#4368),#4372);
#4368 = LINE('',#4369,#4370);
#4369 = CARTESIAN_POINT('',(4.45,0.));
#4370 = VECTOR('',#4371,1.);
#4371 = DIRECTION('',(0.,1.));
#4372 = ( GEOMETRIC_REPRESENTATION_CONTEXT(2) 
PARAMETRIC_REPRESENTATION_CONTEXT() REPRESENTATION_CONTEXT('2D SPACE',''
  ) );
#4373 = PCURVE('',#4374,#4379);
#4374 = PLANE('',#4375);
#4375 = AXIS2_PLACEMENT_3D('',#4376,#4377,#4378);
#4376 = CARTESIAN_POINT('',(-7.3,70.5,8.95));
#4377 = DIRECTION('',(0.,0.,1.));
#4378 = DIRECTION('',(1.,0.,-0.));
#4379 = DEFINITIONAL_REPRESENTATION('',(#4380),#4384);
#4380 = LINE('',#4381,#4382);
#4381 = CARTESIAN_POINT('',(0.,0.5));
#4382 = VECTOR('',#4383,1.);
#4383 = DIRECTION('',(1.,0.));
#4384 = ( GEOMETRIC_REPRESENTATION_CONTEXT(2) 
PARAMETRIC_REPRESENTATION_CONTEXT() REPRESENTATION_CONTEXT('2D SPACE',''
  ) );
#4385 = ORIENTED_EDGE('',*,*,#4386,.F.);
#4386 = EDGE_CURVE('',#4311,#4359,#4387,.T.);
#4387 = SURFACE_CURVE('',#4388,(#4392,#4399),.PCURVE_S1.);
#4388 = LINE('',#4389,#4390);
#4389 = CARTESIAN_POINT('',(-5.,71.,4.5));
#4390 = VECTOR('',#4391,1.);
#4391 = DIRECTION('',(0.,0.,1.));
#4392 = PCURVE('',#1345,#4393);
#4393 = DEFINITIONAL_REPRESENTATION('',(#4394),#4398);
#4394 = LINE('',#4395,#4396);
#4395 = CARTESIAN_POINT('',(0.,2.3));
#4396 = VECTOR('',#4397,1.);
#4397 = DIRECTION('',(1.,0.));
#4398 = ( GEOMETRIC_REPRESENTATION_CONTEXT(2) 
PARAMETRIC_REPRESENTATION_CONTEXT() REPRESENTATION_CONTEXT('2D SPACE',''
  ) );
#4399 = PCURVE('',#4400,#4405);
#4400 = PLANE('',#4401);
#4401 = AXIS2_PLACEMENT_3D('',#4402,#4403,#4404);
#4402 = CARTESIAN_POINT('',(-5.,70.5,4.5));
#4403 = DIRECTION('',(1.,0.,-0.));
#4404 = DIRECTION('',(0.,0.,1.));
#4405 = DEFINITIONAL_REPRESENTATION('',(#4406),#4410);
#4406 = LINE('',#4407,#4408);
#4407 = CARTESIAN_POINT('',(0.,-0.5));
#4408 = VECTOR('',#4409,1.);
#4409 = DIRECTION('',(1.,0.));
#4410 = ( GEOMETRIC_REPRESENTATION_CONTEXT(2) 
PARAMETRIC_REPRESENTATION_CONTEXT() REPRESENTATION_CONTEXT('2D SPACE',''
  ) );
#4411 = ADVANCED_FACE('',(#4412),#1319,.F.);
#4412 = FACE_BOUND('',#4413,.F.);
#4413 = EDGE_LOOP('',(#4414,#4437,#4438,#4439,#4462));
#4414 = ORIENTED_EDGE('',*,*,#4415,.F.);
#4415 = EDGE_CURVE('',#1279,#4416,#4418,.T.);
#4416 = VERTEX_POINT('',#4417);
#4417 = CARTESIAN_POINT('',(-7.3,70.5,6.28023436887));
#4418 = SURFACE_CURVE('',#4419,(#4423,#4430),.PCURVE_S1.);
#4419 = LINE('',#4420,#4421);
#4420 = CARTESIAN_POINT('',(-7.3,70.5,4.5));
#4421 = VECTOR('',#4422,1.);
#4422 = DIRECTION('',(0.,0.,1.));
#4423 = PCURVE('',#1319,#4424);
#4424 = DEFINITIONAL_REPRESENTATION('',(#4425),#4429);
#4425 = LINE('',#4426,#4427);
#4426 = CARTESIAN_POINT('',(0.,0.));
#4427 = VECTOR('',#4428,1.);
#4428 = DIRECTION('',(1.,0.));
#4429 = ( GEOMETRIC_REPRESENTATION_CONTEXT(2) 
PARAMETRIC_REPRESENTATION_CONTEXT() REPRESENTATION_CONTEXT('2D SPACE',''
  ) );
#4430 = PCURVE('',#1293,#4431);
#4431 = DEFINITIONAL_REPRESENTATION('',(#4432),#4436);
#4432 = LINE('',#4433,#4434);
#4433 = CARTESIAN_POINT('',(-0.28023436887,2.2));
#4434 = VECTOR('',#4435,1.);
#4435 = DIRECTION('',(1.,0.));
#4436 = ( GEOMETRIC_REPRESENTATION_CONTEXT(2) 
PARAMETRIC_REPRESENTATION_CONTEXT() REPRESENTATION_CONTEXT('2D SPACE',''
  ) );
#4437 = ORIENTED_EDGE('',*,*,#1304,.T.);
#4438 = ORIENTED_EDGE('',*,*,#4335,.T.);
#4439 = ORIENTED_EDGE('',*,*,#4440,.F.);
#4440 = EDGE_CURVE('',#4441,#4336,#4443,.T.);
#4441 = VERTEX_POINT('',#4442);
#4442 = CARTESIAN_POINT('',(-7.3,70.5,8.95));
#4443 = SURFACE_CURVE('',#4444,(#4448,#4455),.PCURVE_S1.);
#4444 = LINE('',#4445,#4446);
#4445 = CARTESIAN_POINT('',(-7.3,70.5,8.95));
#4446 = VECTOR('',#4447,1.);
#4447 = DIRECTION('',(-0.,1.,0.));
#4448 = PCURVE('',#1319,#4449);
#4449 = DEFINITIONAL_REPRESENTATION('',(#4450),#4454);
#4450 = LINE('',#4451,#4452);
#4451 = CARTESIAN_POINT('',(4.45,0.));
#4452 = VECTOR('',#4453,1.);
#4453 = DIRECTION('',(0.,-1.));
#4454 = ( GEOMETRIC_REPRESENTATION_CONTEXT(2) 
PARAMETRIC_REPRESENTATION_CONTEXT() REPRESENTATION_CONTEXT('2D SPACE',''
  ) );
#4455 = PCURVE('',#4374,#4456);
#4456 = DEFINITIONAL_REPRESENTATION('',(#4457),#4461);
#4457 = LINE('',#4458,#4459);
#4458 = CARTESIAN_POINT('',(0.,0.));
#4459 = VECTOR('',#4460,1.);
#4460 = DIRECTION('',(0.,1.));
#4461 = ( GEOMETRIC_REPRESENTATION_CONTEXT(2) 
PARAMETRIC_REPRESENTATION_CONTEXT() REPRESENTATION_CONTEXT('2D SPACE',''
  ) );
#4462 = ORIENTED_EDGE('',*,*,#4463,.F.);
#4463 = EDGE_CURVE('',#4416,#4441,#4464,.T.);
#4464 = SURFACE_CURVE('',#4465,(#4469,#4476),.PCURVE_S1.);
#4465 = LINE('',#4466,#4467);
#4466 = CARTESIAN_POINT('',(-7.3,70.5,4.5));
#4467 = VECTOR('',#4468,1.);
#4468 = DIRECTION('',(0.,0.,1.));
#4469 = PCURVE('',#1319,#4470);
#4470 = DEFINITIONAL_REPRESENTATION('',(#4471),#4475);
#4471 = LINE('',#4472,#4473);
#4472 = CARTESIAN_POINT('',(0.,0.));
#4473 = VECTOR('',#4474,1.);
#4474 = DIRECTION('',(1.,0.));
#4475 = ( GEOMETRIC_REPRESENTATION_CONTEXT(2) 
PARAMETRIC_REPRESENTATION_CONTEXT() REPRESENTATION_CONTEXT('2D SPACE',''
  ) );
#4476 = PCURVE('',#4477,#4482);
#4477 = PLANE('',#4478);
#4478 = AXIS2_PLACEMENT_3D('',#4479,#4480,#4481);
#4479 = CARTESIAN_POINT('',(-7.3,70.5,4.5));
#4480 = DIRECTION('',(-0.,1.,0.));
#4481 = DIRECTION('',(0.,0.,1.));
#4482 = DEFINITIONAL_REPRESENTATION('',(#4483),#4487);
#4483 = LINE('',#4484,#4485);
#4484 = CARTESIAN_POINT('',(0.,0.));
#4485 = VECTOR('',#4486,1.);
#4486 = DIRECTION('',(1.,0.));
#4487 = ( GEOMETRIC_REPRESENTATION_CONTEXT(2) 
PARAMETRIC_REPRESENTATION_CONTEXT() REPRESENTATION_CONTEXT('2D SPACE',''
  ) );
#4488 = ADVANCED_FACE('',(#4489),#1293,.T.);
#4489 = FACE_BOUND('',#4490,.T.);
#4490 = EDGE_LOOP('',(#4491,#4492,#4515,#4541));
#4491 = ORIENTED_EDGE('',*,*,#1278,.T.);
#4492 = ORIENTED_EDGE('',*,*,#4493,.T.);
#4493 = EDGE_CURVE('',#1253,#4494,#4496,.T.);
#4494 = VERTEX_POINT('',#4495);
#4495 = CARTESIAN_POINT('',(-9.5,70.5,6.28023436887));
#4496 = SURFACE_CURVE('',#4497,(#4501,#4508),.PCURVE_S1.);
#4497 = LINE('',#4498,#4499);
#4498 = CARTESIAN_POINT('',(-9.5,70.5,4.78023436887));
#4499 = VECTOR('',#4500,1.);
#4500 = DIRECTION('',(0.,0.,1.));
#4501 = PCURVE('',#1293,#4502);
#4502 = DEFINITIONAL_REPRESENTATION('',(#4503),#4507);
#4503 = LINE('',#4504,#4505);
#4504 = CARTESIAN_POINT('',(0.,0.));
#4505 = VECTOR('',#4506,1.);
#4506 = DIRECTION('',(1.,0.));
#4507 = ( GEOMETRIC_REPRESENTATION_CONTEXT(2) 
PARAMETRIC_REPRESENTATION_CONTEXT() REPRESENTATION_CONTEXT('2D SPACE',''
  ) );
#4508 = PCURVE('',#1267,#4509);
#4509 = DEFINITIONAL_REPRESENTATION('',(#4510),#4514);
#4510 = LINE('',#4511,#4512);
#4511 = CARTESIAN_POINT('',(0.,-5.));
#4512 = VECTOR('',#4513,1.);
#4513 = DIRECTION('',(1.,0.));
#4514 = ( GEOMETRIC_REPRESENTATION_CONTEXT(2) 
PARAMETRIC_REPRESENTATION_CONTEXT() REPRESENTATION_CONTEXT('2D SPACE',''
  ) );
#4515 = ORIENTED_EDGE('',*,*,#4516,.T.);
#4516 = EDGE_CURVE('',#4494,#4416,#4517,.T.);
#4517 = SURFACE_CURVE('',#4518,(#4522,#4529),.PCURVE_S1.);
#4518 = LINE('',#4519,#4520);
#4519 = CARTESIAN_POINT('',(-9.5,70.5,6.28023436887));
#4520 = VECTOR('',#4521,1.);
#4521 = DIRECTION('',(1.,0.,-0.));
#4522 = PCURVE('',#1293,#4523);
#4523 = DEFINITIONAL_REPRESENTATION('',(#4524),#4528);
#4524 = LINE('',#4525,#4526);
#4525 = CARTESIAN_POINT('',(1.5,0.));
#4526 = VECTOR('',#4527,1.);
#4527 = DIRECTION('',(0.,1.));
#4528 = ( GEOMETRIC_REPRESENTATION_CONTEXT(2) 
PARAMETRIC_REPRESENTATION_CONTEXT() REPRESENTATION_CONTEXT('2D SPACE',''
  ) );
#4529 = PCURVE('',#4530,#4535);
#4530 = PLANE('',#4531);
#4531 = AXIS2_PLACEMENT_3D('',#4532,#4533,#4534);
#4532 = CARTESIAN_POINT('',(-9.5,65.5,6.28023436887));
#4533 = DIRECTION('',(0.,0.,1.));
#4534 = DIRECTION('',(1.,0.,-0.));
#4535 = DEFINITIONAL_REPRESENTATION('',(#4536),#4540);
#4536 = LINE('',#4537,#4538);
#4537 = CARTESIAN_POINT('',(0.,5.));
#4538 = VECTOR('',#4539,1.);
#4539 = DIRECTION('',(1.,0.));
#4540 = ( GEOMETRIC_REPRESENTATION_CONTEXT(2) 
PARAMETRIC_REPRESENTATION_CONTEXT() REPRESENTATION_CONTEXT('2D SPACE',''
  ) );
#4541 = ORIENTED_EDGE('',*,*,#4415,.F.);
#4542 = ADVANCED_FACE('',(#4543),#1267,.F.);
#4543 = FACE_BOUND('',#4544,.F.);
#4544 = EDGE_LOOP('',(#4545,#4568,#4569,#4570));
#4545 = ORIENTED_EDGE('',*,*,#4546,.F.);
#4546 = EDGE_CURVE('',#1227,#4547,#4549,.T.);
#4547 = VERTEX_POINT('',#4548);
#4548 = CARTESIAN_POINT('',(-9.5,65.5,6.28023436887));
#4549 = SURFACE_CURVE('',#4550,(#4554,#4561),.PCURVE_S1.);
#4550 = LINE('',#4551,#4552);
#4551 = CARTESIAN_POINT('',(-9.5,65.5,4.78023436887));
#4552 = VECTOR('',#4553,1.);
#4553 = DIRECTION('',(0.,0.,1.));
#4554 = PCURVE('',#1267,#4555);
#4555 = DEFINITIONAL_REPRESENTATION('',(#4556),#4560);
#4556 = LINE('',#4557,#4558);
#4557 = CARTESIAN_POINT('',(0.,0.));
#4558 = VECTOR('',#4559,1.);
#4559 = DIRECTION('',(1.,0.));
#4560 = ( GEOMETRIC_REPRESENTATION_CONTEXT(2) 
PARAMETRIC_REPRESENTATION_CONTEXT() REPRESENTATION_CONTEXT('2D SPACE',''
  ) );
#4561 = PCURVE('',#1241,#4562);
#4562 = DEFINITIONAL_REPRESENTATION('',(#4563),#4567);
#4563 = LINE('',#4564,#4565);
#4564 = CARTESIAN_POINT('',(0.,0.));
#4565 = VECTOR('',#4566,1.);
#4566 = DIRECTION('',(1.,0.));
#4567 = ( GEOMETRIC_REPRESENTATION_CONTEXT(2) 
PARAMETRIC_REPRESENTATION_CONTEXT() REPRESENTATION_CONTEXT('2D SPACE',''
  ) );
#4568 = ORIENTED_EDGE('',*,*,#1252,.T.);
#4569 = ORIENTED_EDGE('',*,*,#4493,.T.);
#4570 = ORIENTED_EDGE('',*,*,#4571,.F.);
#4571 = EDGE_CURVE('',#4547,#4494,#4572,.T.);
#4572 = SURFACE_CURVE('',#4573,(#4577,#4584),.PCURVE_S1.);
#4573 = LINE('',#4574,#4575);
#4574 = CARTESIAN_POINT('',(-9.5,65.5,6.28023436887));
#4575 = VECTOR('',#4576,1.);
#4576 = DIRECTION('',(-0.,1.,0.));
#4577 = PCURVE('',#1267,#4578);
#4578 = DEFINITIONAL_REPRESENTATION('',(#4579),#4583);
#4579 = LINE('',#4580,#4581);
#4580 = CARTESIAN_POINT('',(1.5,0.));
#4581 = VECTOR('',#4582,1.);
#4582 = DIRECTION('',(0.,-1.));
#4583 = ( GEOMETRIC_REPRESENTATION_CONTEXT(2) 
PARAMETRIC_REPRESENTATION_CONTEXT() REPRESENTATION_CONTEXT('2D SPACE',''
  ) );
#4584 = PCURVE('',#4530,#4585);
#4585 = DEFINITIONAL_REPRESENTATION('',(#4586),#4590);
#4586 = LINE('',#4587,#4588);
#4587 = CARTESIAN_POINT('',(0.,0.));
#4588 = VECTOR('',#4589,1.);
#4589 = DIRECTION('',(0.,1.));
#4590 = ( GEOMETRIC_REPRESENTATION_CONTEXT(2) 
PARAMETRIC_REPRESENTATION_CONTEXT() REPRESENTATION_CONTEXT('2D SPACE',''
  ) );
#4591 = ADVANCED_FACE('',(#4592),#1241,.F.);
#4592 = FACE_BOUND('',#4593,.F.);
#4593 = EDGE_LOOP('',(#4594,#4617,#4618,#4619,#4620,#4643));
#4594 = ORIENTED_EDGE('',*,*,#4595,.F.);
#4595 = EDGE_CURVE('',#3781,#4596,#4598,.T.);
#4596 = VERTEX_POINT('',#4597);
#4597 = CARTESIAN_POINT('',(-4.5,65.5,4.78023436887));
#4598 = SURFACE_CURVE('',#4599,(#4603,#4610),.PCURVE_S1.);
#4599 = LINE('',#4600,#4601);
#4600 = CARTESIAN_POINT('',(-9.5,65.5,4.78023436887));
#4601 = VECTOR('',#4602,1.);
#4602 = DIRECTION('',(1.,0.,-0.));
#4603 = PCURVE('',#1241,#4604);
#4604 = DEFINITIONAL_REPRESENTATION('',(#4605),#4609);
#4605 = LINE('',#4606,#4607);
#4606 = CARTESIAN_POINT('',(0.,0.));
#4607 = VECTOR('',#4608,1.);
#4608 = DIRECTION('',(0.,1.));
#4609 = ( GEOMETRIC_REPRESENTATION_CONTEXT(2) 
PARAMETRIC_REPRESENTATION_CONTEXT() REPRESENTATION_CONTEXT('2D SPACE',''
  ) );
#4610 = PCURVE('',#3795,#4611);
#4611 = DEFINITIONAL_REPRESENTATION('',(#4612),#4616);
#4612 = LINE('',#4613,#4614);
#4613 = CARTESIAN_POINT('',(0.,0.));
#4614 = VECTOR('',#4615,1.);
#4615 = DIRECTION('',(1.,0.));
#4616 = ( GEOMETRIC_REPRESENTATION_CONTEXT(2) 
PARAMETRIC_REPRESENTATION_CONTEXT() REPRESENTATION_CONTEXT('2D SPACE',''
  ) );
#4617 = ORIENTED_EDGE('',*,*,#3806,.T.);
#4618 = ORIENTED_EDGE('',*,*,#1226,.T.);
#4619 = ORIENTED_EDGE('',*,*,#4546,.T.);
#4620 = ORIENTED_EDGE('',*,*,#4621,.T.);
#4621 = EDGE_CURVE('',#4547,#4622,#4624,.T.);
#4622 = VERTEX_POINT('',#4623);
#4623 = CARTESIAN_POINT('',(-4.5,65.5,6.28023436887));
#4624 = SURFACE_CURVE('',#4625,(#4629,#4636),.PCURVE_S1.);
#4625 = LINE('',#4626,#4627);
#4626 = CARTESIAN_POINT('',(-9.5,65.5,6.28023436887));
#4627 = VECTOR('',#4628,1.);
#4628 = DIRECTION('',(1.,0.,-0.));
#4629 = PCURVE('',#1241,#4630);
#4630 = DEFINITIONAL_REPRESENTATION('',(#4631),#4635);
#4631 = LINE('',#4632,#4633);
#4632 = CARTESIAN_POINT('',(1.5,0.));
#4633 = VECTOR('',#4634,1.);
#4634 = DIRECTION('',(0.,1.));
#4635 = ( GEOMETRIC_REPRESENTATION_CONTEXT(2) 
PARAMETRIC_REPRESENTATION_CONTEXT() REPRESENTATION_CONTEXT('2D SPACE',''
  ) );
#4636 = PCURVE('',#4530,#4637);
#4637 = DEFINITIONAL_REPRESENTATION('',(#4638),#4642);
#4638 = LINE('',#4639,#4640);
#4639 = CARTESIAN_POINT('',(0.,0.));
#4640 = VECTOR('',#4641,1.);
#4641 = DIRECTION('',(1.,0.));
#4642 = ( GEOMETRIC_REPRESENTATION_CONTEXT(2) 
PARAMETRIC_REPRESENTATION_CONTEXT() REPRESENTATION_CONTEXT('2D SPACE',''
  ) );
#4643 = ORIENTED_EDGE('',*,*,#4644,.F.);
#4644 = EDGE_CURVE('',#4596,#4622,#4645,.T.);
#4645 = SURFACE_CURVE('',#4646,(#4650,#4657),.PCURVE_S1.);
#4646 = LINE('',#4647,#4648);
#4647 = CARTESIAN_POINT('',(-4.5,65.5,4.78023436887));
#4648 = VECTOR('',#4649,1.);
#4649 = DIRECTION('',(0.,0.,1.));
#4650 = PCURVE('',#1241,#4651);
#4651 = DEFINITIONAL_REPRESENTATION('',(#4652),#4656);
#4652 = LINE('',#4653,#4654);
#4653 = CARTESIAN_POINT('',(0.,5.));
#4654 = VECTOR('',#4655,1.);
#4655 = DIRECTION('',(1.,0.));
#4656 = ( GEOMETRIC_REPRESENTATION_CONTEXT(2) 
PARAMETRIC_REPRESENTATION_CONTEXT() REPRESENTATION_CONTEXT('2D SPACE',''
  ) );
#4657 = PCURVE('',#4658,#4663);
#4658 = PLANE('',#4659);
#4659 = AXIS2_PLACEMENT_3D('',#4660,#4661,#4662);
#4660 = CARTESIAN_POINT('',(-4.5,65.5,4.78023436887));
#4661 = DIRECTION('',(1.,0.,-0.));
#4662 = DIRECTION('',(0.,0.,1.));
#4663 = DEFINITIONAL_REPRESENTATION('',(#4664),#4668);
#4664 = LINE('',#4665,#4666);
#4665 = CARTESIAN_POINT('',(0.,0.));
#4666 = VECTOR('',#4667,1.);
#4667 = DIRECTION('',(1.,0.));
#4668 = ( GEOMETRIC_REPRESENTATION_CONTEXT(2) 
PARAMETRIC_REPRESENTATION_CONTEXT() REPRESENTATION_CONTEXT('2D SPACE',''
  ) );
#4669 = ADVANCED_FACE('',(#4670),#1192,.T.);
#4670 = FACE_BOUND('',#4671,.T.);
#4671 = EDGE_LOOP('',(#4672,#4695,#4696,#4697,#4720,#4748));
#4672 = ORIENTED_EDGE('',*,*,#4673,.F.);
#4673 = EDGE_CURVE('',#3827,#4674,#4676,.T.);
#4674 = VERTEX_POINT('',#4675);
#4675 = CARTESIAN_POINT('',(-5.,46.,4.5));
#4676 = SURFACE_CURVE('',#4677,(#4681,#4688),.PCURVE_S1.);
#4677 = LINE('',#4678,#4679);
#4678 = CARTESIAN_POINT('',(-7.3,46.,4.5));
#4679 = VECTOR('',#4680,1.);
#4680 = DIRECTION('',(1.,0.,-0.));
#4681 = PCURVE('',#1192,#4682);
#4682 = DEFINITIONAL_REPRESENTATION('',(#4683),#4687);
#4683 = LINE('',#4684,#4685);
#4684 = CARTESIAN_POINT('',(0.,0.));
#4685 = VECTOR('',#4686,1.);
#4686 = DIRECTION('',(0.,1.));
#4687 = ( GEOMETRIC_REPRESENTATION_CONTEXT(2) 
PARAMETRIC_REPRESENTATION_CONTEXT() REPRESENTATION_CONTEXT('2D SPACE',''
  ) );
#4688 = PCURVE('',#3862,#4689);
#4689 = DEFINITIONAL_REPRESENTATION('',(#4690),#4694);
#4690 = LINE('',#4691,#4692);
#4691 = CARTESIAN_POINT('',(0.,0.5));
#4692 = VECTOR('',#4693,1.);
#4693 = DIRECTION('',(1.,0.));
#4694 = ( GEOMETRIC_REPRESENTATION_CONTEXT(2) 
PARAMETRIC_REPRESENTATION_CONTEXT() REPRESENTATION_CONTEXT('2D SPACE',''
  ) );
#4695 = ORIENTED_EDGE('',*,*,#3826,.T.);
#4696 = ORIENTED_EDGE('',*,*,#1177,.T.);
#4697 = ORIENTED_EDGE('',*,*,#4698,.T.);
#4698 = EDGE_CURVE('',#1152,#4699,#4701,.T.);
#4699 = VERTEX_POINT('',#4700);
#4700 = CARTESIAN_POINT('',(-7.3,46.,8.95));
#4701 = SURFACE_CURVE('',#4702,(#4706,#4713),.PCURVE_S1.);
#4702 = LINE('',#4703,#4704);
#4703 = CARTESIAN_POINT('',(-7.3,46.,4.5));
#4704 = VECTOR('',#4705,1.);
#4705 = DIRECTION('',(0.,0.,1.));
#4706 = PCURVE('',#1192,#4707);
#4707 = DEFINITIONAL_REPRESENTATION('',(#4708),#4712);
#4708 = LINE('',#4709,#4710);
#4709 = CARTESIAN_POINT('',(0.,0.));
#4710 = VECTOR('',#4711,1.);
#4711 = DIRECTION('',(1.,0.));
#4712 = ( GEOMETRIC_REPRESENTATION_CONTEXT(2) 
PARAMETRIC_REPRESENTATION_CONTEXT() REPRESENTATION_CONTEXT('2D SPACE',''
  ) );
#4713 = PCURVE('',#1166,#4714);
#4714 = DEFINITIONAL_REPRESENTATION('',(#4715),#4719);
#4715 = LINE('',#4716,#4717);
#4716 = CARTESIAN_POINT('',(0.,-0.5));
#4717 = VECTOR('',#4718,1.);
#4718 = DIRECTION('',(1.,0.));
#4719 = ( GEOMETRIC_REPRESENTATION_CONTEXT(2) 
PARAMETRIC_REPRESENTATION_CONTEXT() REPRESENTATION_CONTEXT('2D SPACE',''
  ) );
#4720 = ORIENTED_EDGE('',*,*,#4721,.T.);
#4721 = EDGE_CURVE('',#4699,#4722,#4724,.T.);
#4722 = VERTEX_POINT('',#4723);
#4723 = CARTESIAN_POINT('',(-5.,46.,8.95));
#4724 = SURFACE_CURVE('',#4725,(#4729,#4736),.PCURVE_S1.);
#4725 = LINE('',#4726,#4727);
#4726 = CARTESIAN_POINT('',(-7.3,46.,8.95));
#4727 = VECTOR('',#4728,1.);
#4728 = DIRECTION('',(1.,0.,-0.));
#4729 = PCURVE('',#1192,#4730);
#4730 = DEFINITIONAL_REPRESENTATION('',(#4731),#4735);
#4731 = LINE('',#4732,#4733);
#4732 = CARTESIAN_POINT('',(4.45,0.));
#4733 = VECTOR('',#4734,1.);
#4734 = DIRECTION('',(0.,1.));
#4735 = ( GEOMETRIC_REPRESENTATION_CONTEXT(2) 
PARAMETRIC_REPRESENTATION_CONTEXT() REPRESENTATION_CONTEXT('2D SPACE',''
  ) );
#4736 = PCURVE('',#4737,#4742);
#4737 = PLANE('',#4738);
#4738 = AXIS2_PLACEMENT_3D('',#4739,#4740,#4741);
#4739 = CARTESIAN_POINT('',(-7.3,45.5,8.95));
#4740 = DIRECTION('',(0.,0.,1.));
#4741 = DIRECTION('',(1.,0.,-0.));
#4742 = DEFINITIONAL_REPRESENTATION('',(#4743),#4747);
#4743 = LINE('',#4744,#4745);
#4744 = CARTESIAN_POINT('',(0.,0.5));
#4745 = VECTOR('',#4746,1.);
#4746 = DIRECTION('',(1.,0.));
#4747 = ( GEOMETRIC_REPRESENTATION_CONTEXT(2) 
PARAMETRIC_REPRESENTATION_CONTEXT() REPRESENTATION_CONTEXT('2D SPACE',''
  ) );
#4748 = ORIENTED_EDGE('',*,*,#4749,.F.);
#4749 = EDGE_CURVE('',#4674,#4722,#4750,.T.);
#4750 = SURFACE_CURVE('',#4751,(#4755,#4762),.PCURVE_S1.);
#4751 = LINE('',#4752,#4753);
#4752 = CARTESIAN_POINT('',(-5.,46.,4.5));
#4753 = VECTOR('',#4754,1.);
#4754 = DIRECTION('',(0.,0.,1.));
#4755 = PCURVE('',#1192,#4756);
#4756 = DEFINITIONAL_REPRESENTATION('',(#4757),#4761);
#4757 = LINE('',#4758,#4759);
#4758 = CARTESIAN_POINT('',(0.,2.3));
#4759 = VECTOR('',#4760,1.);
#4760 = DIRECTION('',(1.,0.));
#4761 = ( GEOMETRIC_REPRESENTATION_CONTEXT(2) 
PARAMETRIC_REPRESENTATION_CONTEXT() REPRESENTATION_CONTEXT('2D SPACE',''
  ) );
#4762 = PCURVE('',#4763,#4768);
#4763 = PLANE('',#4764);
#4764 = AXIS2_PLACEMENT_3D('',#4765,#4766,#4767);
#4765 = CARTESIAN_POINT('',(-5.,45.5,4.5));
#4766 = DIRECTION('',(1.,0.,-0.));
#4767 = DIRECTION('',(0.,0.,1.));
#4768 = DEFINITIONAL_REPRESENTATION('',(#4769),#4773);
#4769 = LINE('',#4770,#4771);
#4770 = CARTESIAN_POINT('',(0.,-0.5));
#4771 = VECTOR('',#4772,1.);
#4772 = DIRECTION('',(1.,0.));
#4773 = ( GEOMETRIC_REPRESENTATION_CONTEXT(2) 
PARAMETRIC_REPRESENTATION_CONTEXT() REPRESENTATION_CONTEXT('2D SPACE',''
  ) );
#4774 = ADVANCED_FACE('',(#4775),#1166,.F.);
#4775 = FACE_BOUND('',#4776,.F.);
#4776 = EDGE_LOOP('',(#4777,#4800,#4801,#4802,#4825));
#4777 = ORIENTED_EDGE('',*,*,#4778,.F.);
#4778 = EDGE_CURVE('',#1126,#4779,#4781,.T.);
#4779 = VERTEX_POINT('',#4780);
#4780 = CARTESIAN_POINT('',(-7.3,45.5,6.28023436887));
#4781 = SURFACE_CURVE('',#4782,(#4786,#4793),.PCURVE_S1.);
#4782 = LINE('',#4783,#4784);
#4783 = CARTESIAN_POINT('',(-7.3,45.5,4.5));
#4784 = VECTOR('',#4785,1.);
#4785 = DIRECTION('',(0.,0.,1.));
#4786 = PCURVE('',#1166,#4787);
#4787 = DEFINITIONAL_REPRESENTATION('',(#4788),#4792);
#4788 = LINE('',#4789,#4790);
#4789 = CARTESIAN_POINT('',(0.,0.));
#4790 = VECTOR('',#4791,1.);
#4791 = DIRECTION('',(1.,0.));
#4792 = ( GEOMETRIC_REPRESENTATION_CONTEXT(2) 
PARAMETRIC_REPRESENTATION_CONTEXT() REPRESENTATION_CONTEXT('2D SPACE',''
  ) );
#4793 = PCURVE('',#1140,#4794);
#4794 = DEFINITIONAL_REPRESENTATION('',(#4795),#4799);
#4795 = LINE('',#4796,#4797);
#4796 = CARTESIAN_POINT('',(-0.28023436887,2.2));
#4797 = VECTOR('',#4798,1.);
#4798 = DIRECTION('',(1.,0.));
#4799 = ( GEOMETRIC_REPRESENTATION_CONTEXT(2) 
PARAMETRIC_REPRESENTATION_CONTEXT() REPRESENTATION_CONTEXT('2D SPACE',''
  ) );
#4800 = ORIENTED_EDGE('',*,*,#1151,.T.);
#4801 = ORIENTED_EDGE('',*,*,#4698,.T.);
#4802 = ORIENTED_EDGE('',*,*,#4803,.F.);
#4803 = EDGE_CURVE('',#4804,#4699,#4806,.T.);
#4804 = VERTEX_POINT('',#4805);
#4805 = CARTESIAN_POINT('',(-7.3,45.5,8.95));
#4806 = SURFACE_CURVE('',#4807,(#4811,#4818),.PCURVE_S1.);
#4807 = LINE('',#4808,#4809);
#4808 = CARTESIAN_POINT('',(-7.3,45.5,8.95));
#4809 = VECTOR('',#4810,1.);
#4810 = DIRECTION('',(-0.,1.,0.));
#4811 = PCURVE('',#1166,#4812);
#4812 = DEFINITIONAL_REPRESENTATION('',(#4813),#4817);
#4813 = LINE('',#4814,#4815);
#4814 = CARTESIAN_POINT('',(4.45,0.));
#4815 = VECTOR('',#4816,1.);
#4816 = DIRECTION('',(0.,-1.));
#4817 = ( GEOMETRIC_REPRESENTATION_CONTEXT(2) 
PARAMETRIC_REPRESENTATION_CONTEXT() REPRESENTATION_CONTEXT('2D SPACE',''
  ) );
#4818 = PCURVE('',#4737,#4819);
#4819 = DEFINITIONAL_REPRESENTATION('',(#4820),#4824);
#4820 = LINE('',#4821,#4822);
#4821 = CARTESIAN_POINT('',(0.,0.));
#4822 = VECTOR('',#4823,1.);
#4823 = DIRECTION('',(0.,1.));
#4824 = ( GEOMETRIC_REPRESENTATION_CONTEXT(2) 
PARAMETRIC_REPRESENTATION_CONTEXT() REPRESENTATION_CONTEXT('2D SPACE',''
  ) );
#4825 = ORIENTED_EDGE('',*,*,#4826,.F.);
#4826 = EDGE_CURVE('',#4779,#4804,#4827,.T.);
#4827 = SURFACE_CURVE('',#4828,(#4832,#4839),.PCURVE_S1.);
#4828 = LINE('',#4829,#4830);
#4829 = CARTESIAN_POINT('',(-7.3,45.5,4.5));
#4830 = VECTOR('',#4831,1.);
#4831 = DIRECTION('',(0.,0.,1.));
#4832 = PCURVE('',#1166,#4833);
#4833 = DEFINITIONAL_REPRESENTATION('',(#4834),#4838);
#4834 = LINE('',#4835,#4836);
#4835 = CARTESIAN_POINT('',(0.,0.));
#4836 = VECTOR('',#4837,1.);
#4837 = DIRECTION('',(1.,0.));
#4838 = ( GEOMETRIC_REPRESENTATION_CONTEXT(2) 
PARAMETRIC_REPRESENTATION_CONTEXT() REPRESENTATION_CONTEXT('2D SPACE',''
  ) );
#4839 = PCURVE('',#4840,#4845);
#4840 = PLANE('',#4841);
#4841 = AXIS2_PLACEMENT_3D('',#4842,#4843,#4844);
#4842 = CARTESIAN_POINT('',(-7.3,45.5,4.5));
#4843 = DIRECTION('',(-0.,1.,0.));
#4844 = DIRECTION('',(0.,0.,1.));
#4845 = DEFINITIONAL_REPRESENTATION('',(#4846),#4850);
#4846 = LINE('',#4847,#4848);
#4847 = CARTESIAN_POINT('',(0.,0.));
#4848 = VECTOR('',#4849,1.);
#4849 = DIRECTION('',(1.,0.));
#4850 = ( GEOMETRIC_REPRESENTATION_CONTEXT(2) 
PARAMETRIC_REPRESENTATION_CONTEXT() REPRESENTATION_CONTEXT('2D SPACE',''
  ) );
#4851 = ADVANCED_FACE('',(#4852),#1140,.T.);
#4852 = FACE_BOUND('',#4853,.T.);
#4853 = EDGE_LOOP('',(#4854,#4855,#4878,#4904));
#4854 = ORIENTED_EDGE('',*,*,#1125,.T.);
#4855 = ORIENTED_EDGE('',*,*,#4856,.T.);
#4856 = EDGE_CURVE('',#1100,#4857,#4859,.T.);
#4857 = VERTEX_POINT('',#4858);
#4858 = CARTESIAN_POINT('',(-9.5,45.5,6.28023436887));
#4859 = SURFACE_CURVE('',#4860,(#4864,#4871),.PCURVE_S1.);
#4860 = LINE('',#4861,#4862);
#4861 = CARTESIAN_POINT('',(-9.5,45.5,4.78023436887));
#4862 = VECTOR('',#4863,1.);
#4863 = DIRECTION('',(0.,0.,1.));
#4864 = PCURVE('',#1140,#4865);
#4865 = DEFINITIONAL_REPRESENTATION('',(#4866),#4870);
#4866 = LINE('',#4867,#4868);
#4867 = CARTESIAN_POINT('',(0.,0.));
#4868 = VECTOR('',#4869,1.);
#4869 = DIRECTION('',(1.,0.));
#4870 = ( GEOMETRIC_REPRESENTATION_CONTEXT(2) 
PARAMETRIC_REPRESENTATION_CONTEXT() REPRESENTATION_CONTEXT('2D SPACE',''
  ) );
#4871 = PCURVE('',#1114,#4872);
#4872 = DEFINITIONAL_REPRESENTATION('',(#4873),#4877);
#4873 = LINE('',#4874,#4875);
#4874 = CARTESIAN_POINT('',(0.,-5.));
#4875 = VECTOR('',#4876,1.);
#4876 = DIRECTION('',(1.,0.));
#4877 = ( GEOMETRIC_REPRESENTATION_CONTEXT(2) 
PARAMETRIC_REPRESENTATION_CONTEXT() REPRESENTATION_CONTEXT('2D SPACE',''
  ) );
#4878 = ORIENTED_EDGE('',*,*,#4879,.T.);
#4879 = EDGE_CURVE('',#4857,#4779,#4880,.T.);
#4880 = SURFACE_CURVE('',#4881,(#4885,#4892),.PCURVE_S1.);
#4881 = LINE('',#4882,#4883);
#4882 = CARTESIAN_POINT('',(-9.5,45.5,6.28023436887));
#4883 = VECTOR('',#4884,1.);
#4884 = DIRECTION('',(1.,0.,-0.));
#4885 = PCURVE('',#1140,#4886);
#4886 = DEFINITIONAL_REPRESENTATION('',(#4887),#4891);
#4887 = LINE('',#4888,#4889);
#4888 = CARTESIAN_POINT('',(1.5,0.));
#4889 = VECTOR('',#4890,1.);
#4890 = DIRECTION('',(0.,1.));
#4891 = ( GEOMETRIC_REPRESENTATION_CONTEXT(2) 
PARAMETRIC_REPRESENTATION_CONTEXT() REPRESENTATION_CONTEXT('2D SPACE',''
  ) );
#4892 = PCURVE('',#4893,#4898);
#4893 = PLANE('',#4894);
#4894 = AXIS2_PLACEMENT_3D('',#4895,#4896,#4897);
#4895 = CARTESIAN_POINT('',(-9.5,40.5,6.28023436887));
#4896 = DIRECTION('',(0.,0.,1.));
#4897 = DIRECTION('',(1.,0.,-0.));
#4898 = DEFINITIONAL_REPRESENTATION('',(#4899),#4903);
#4899 = LINE('',#4900,#4901);
#4900 = CARTESIAN_POINT('',(0.,5.));
#4901 = VECTOR('',#4902,1.);
#4902 = DIRECTION('',(1.,0.));
#4903 = ( GEOMETRIC_REPRESENTATION_CONTEXT(2) 
PARAMETRIC_REPRESENTATION_CONTEXT() REPRESENTATION_CONTEXT('2D SPACE',''
  ) );
#4904 = ORIENTED_EDGE('',*,*,#4778,.F.);
#4905 = ADVANCED_FACE('',(#4906),#1114,.F.);
#4906 = FACE_BOUND('',#4907,.F.);
#4907 = EDGE_LOOP('',(#4908,#4931,#4932,#4933));
#4908 = ORIENTED_EDGE('',*,*,#4909,.F.);
#4909 = EDGE_CURVE('',#1074,#4910,#4912,.T.);
#4910 = VERTEX_POINT('',#4911);
#4911 = CARTESIAN_POINT('',(-9.5,40.5,6.28023436887));
#4912 = SURFACE_CURVE('',#4913,(#4917,#4924),.PCURVE_S1.);
#4913 = LINE('',#4914,#4915);
#4914 = CARTESIAN_POINT('',(-9.5,40.5,4.78023436887));
#4915 = VECTOR('',#4916,1.);
#4916 = DIRECTION('',(0.,0.,1.));
#4917 = PCURVE('',#1114,#4918);
#4918 = DEFINITIONAL_REPRESENTATION('',(#4919),#4923);
#4919 = LINE('',#4920,#4921);
#4920 = CARTESIAN_POINT('',(0.,0.));
#4921 = VECTOR('',#4922,1.);
#4922 = DIRECTION('',(1.,0.));
#4923 = ( GEOMETRIC_REPRESENTATION_CONTEXT(2) 
PARAMETRIC_REPRESENTATION_CONTEXT() REPRESENTATION_CONTEXT('2D SPACE',''
  ) );
#4924 = PCURVE('',#1088,#4925);
#4925 = DEFINITIONAL_REPRESENTATION('',(#4926),#4930);
#4926 = LINE('',#4927,#4928);
#4927 = CARTESIAN_POINT('',(0.,0.));
#4928 = VECTOR('',#4929,1.);
#4929 = DIRECTION('',(1.,0.));
#4930 = ( GEOMETRIC_REPRESENTATION_CONTEXT(2) 
PARAMETRIC_REPRESENTATION_CONTEXT() REPRESENTATION_CONTEXT('2D SPACE',''
  ) );
#4931 = ORIENTED_EDGE('',*,*,#1099,.T.);
#4932 = ORIENTED_EDGE('',*,*,#4856,.T.);
#4933 = ORIENTED_EDGE('',*,*,#4934,.F.);
#4934 = EDGE_CURVE('',#4910,#4857,#4935,.T.);
#4935 = SURFACE_CURVE('',#4936,(#4940,#4947),.PCURVE_S1.);
#4936 = LINE('',#4937,#4938);
#4937 = CARTESIAN_POINT('',(-9.5,40.5,6.28023436887));
#4938 = VECTOR('',#4939,1.);
#4939 = DIRECTION('',(-0.,1.,0.));
#4940 = PCURVE('',#1114,#4941);
#4941 = DEFINITIONAL_REPRESENTATION('',(#4942),#4946);
#4942 = LINE('',#4943,#4944);
#4943 = CARTESIAN_POINT('',(1.5,0.));
#4944 = VECTOR('',#4945,1.);
#4945 = DIRECTION('',(0.,-1.));
#4946 = ( GEOMETRIC_REPRESENTATION_CONTEXT(2) 
PARAMETRIC_REPRESENTATION_CONTEXT() REPRESENTATION_CONTEXT('2D SPACE',''
  ) );
#4947 = PCURVE('',#4893,#4948);
#4948 = DEFINITIONAL_REPRESENTATION('',(#4949),#4953);
#4949 = LINE('',#4950,#4951);
#4950 = CARTESIAN_POINT('',(0.,0.));
#4951 = VECTOR('',#4952,1.);
#4952 = DIRECTION('',(0.,1.));
#4953 = ( GEOMETRIC_REPRESENTATION_CONTEXT(2) 
PARAMETRIC_REPRESENTATION_CONTEXT() REPRESENTATION_CONTEXT('2D SPACE',''
  ) );
#4954 = ADVANCED_FACE('',(#4955),#1088,.F.);
#4955 = FACE_BOUND('',#4956,.F.);
#4956 = EDGE_LOOP('',(#4957,#4980,#4981,#4982,#4983,#5006));
#4957 = ORIENTED_EDGE('',*,*,#4958,.F.);
#4958 = EDGE_CURVE('',#3900,#4959,#4961,.T.);
#4959 = VERTEX_POINT('',#4960);
#4960 = CARTESIAN_POINT('',(-4.5,40.5,4.78023436887));
#4961 = SURFACE_CURVE('',#4962,(#4966,#4973),.PCURVE_S1.);
#4962 = LINE('',#4963,#4964);
#4963 = CARTESIAN_POINT('',(-9.5,40.5,4.78023436887));
#4964 = VECTOR('',#4965,1.);
#4965 = DIRECTION('',(1.,0.,-0.));
#4966 = PCURVE('',#1088,#4967);
#4967 = DEFINITIONAL_REPRESENTATION('',(#4968),#4972);
#4968 = LINE('',#4969,#4970);
#4969 = CARTESIAN_POINT('',(0.,0.));
#4970 = VECTOR('',#4971,1.);
#4971 = DIRECTION('',(0.,1.));
#4972 = ( GEOMETRIC_REPRESENTATION_CONTEXT(2) 
PARAMETRIC_REPRESENTATION_CONTEXT() REPRESENTATION_CONTEXT('2D SPACE',''
  ) );
#4973 = PCURVE('',#3914,#4974);
#4974 = DEFINITIONAL_REPRESENTATION('',(#4975),#4979);
#4975 = LINE('',#4976,#4977);
#4976 = CARTESIAN_POINT('',(0.,0.));
#4977 = VECTOR('',#4978,1.);
#4978 = DIRECTION('',(1.,0.));
#4979 = ( GEOMETRIC_REPRESENTATION_CONTEXT(2) 
PARAMETRIC_REPRESENTATION_CONTEXT() REPRESENTATION_CONTEXT('2D SPACE',''
  ) );
#4980 = ORIENTED_EDGE('',*,*,#3925,.T.);
#4981 = ORIENTED_EDGE('',*,*,#1073,.T.);
#4982 = ORIENTED_EDGE('',*,*,#4909,.T.);
#4983 = ORIENTED_EDGE('',*,*,#4984,.T.);
#4984 = EDGE_CURVE('',#4910,#4985,#4987,.T.);
#4985 = VERTEX_POINT('',#4986);
#4986 = CARTESIAN_POINT('',(-4.5,40.5,6.28023436887));
#4987 = SURFACE_CURVE('',#4988,(#4992,#4999),.PCURVE_S1.);
#4988 = LINE('',#4989,#4990);
#4989 = CARTESIAN_POINT('',(-9.5,40.5,6.28023436887));
#4990 = VECTOR('',#4991,1.);
#4991 = DIRECTION('',(1.,0.,-0.));
#4992 = PCURVE('',#1088,#4993);
#4993 = DEFINITIONAL_REPRESENTATION('',(#4994),#4998);
#4994 = LINE('',#4995,#4996);
#4995 = CARTESIAN_POINT('',(1.5,0.));
#4996 = VECTOR('',#4997,1.);
#4997 = DIRECTION('',(0.,1.));
#4998 = ( GEOMETRIC_REPRESENTATION_CONTEXT(2) 
PARAMETRIC_REPRESENTATION_CONTEXT() REPRESENTATION_CONTEXT('2D SPACE',''
  ) );
#4999 = PCURVE('',#4893,#5000);
#5000 = DEFINITIONAL_REPRESENTATION('',(#5001),#5005);
#5001 = LINE('',#5002,#5003);
#5002 = CARTESIAN_POINT('',(0.,0.));
#5003 = VECTOR('',#5004,1.);
#5004 = DIRECTION('',(1.,0.));
#5005 = ( GEOMETRIC_REPRESENTATION_CONTEXT(2) 
PARAMETRIC_REPRESENTATION_CONTEXT() REPRESENTATION_CONTEXT('2D SPACE',''
  ) );
#5006 = ORIENTED_EDGE('',*,*,#5007,.F.);
#5007 = EDGE_CURVE('',#4959,#4985,#5008,.T.);
#5008 = SURFACE_CURVE('',#5009,(#5013,#5020),.PCURVE_S1.);
#5009 = LINE('',#5010,#5011);
#5010 = CARTESIAN_POINT('',(-4.5,40.5,4.78023436887));
#5011 = VECTOR('',#5012,1.);
#5012 = DIRECTION('',(0.,0.,1.));
#5013 = PCURVE('',#1088,#5014);
#5014 = DEFINITIONAL_REPRESENTATION('',(#5015),#5019);
#5015 = LINE('',#5016,#5017);
#5016 = CARTESIAN_POINT('',(0.,5.));
#5017 = VECTOR('',#5018,1.);
#5018 = DIRECTION('',(1.,0.));
#5019 = ( GEOMETRIC_REPRESENTATION_CONTEXT(2) 
PARAMETRIC_REPRESENTATION_CONTEXT() REPRESENTATION_CONTEXT('2D SPACE',''
  ) );
#5020 = PCURVE('',#5021,#5026);
#5021 = PLANE('',#5022);
#5022 = AXIS2_PLACEMENT_3D('',#5023,#5024,#5025);
#5023 = CARTESIAN_POINT('',(-4.5,40.5,4.78023436887));
#5024 = DIRECTION('',(1.,0.,-0.));
#5025 = DIRECTION('',(0.,0.,1.));
#5026 = DEFINITIONAL_REPRESENTATION('',(#5027),#5031);
#5027 = LINE('',#5028,#5029);
#5028 = CARTESIAN_POINT('',(0.,0.));
#5029 = VECTOR('',#5030,1.);
#5030 = DIRECTION('',(1.,0.));
#5031 = ( GEOMETRIC_REPRESENTATION_CONTEXT(2) 
PARAMETRIC_REPRESENTATION_CONTEXT() REPRESENTATION_CONTEXT('2D SPACE',''
  ) );
#5032 = ADVANCED_FACE('',(#5033),#990,.F.);
#5033 = FACE_BOUND('',#5034,.F.);
#5034 = EDGE_LOOP('',(#5035,#5058,#5059,#5060));
#5035 = ORIENTED_EDGE('',*,*,#5036,.F.);
#5036 = EDGE_CURVE('',#950,#5037,#5039,.T.);
#5037 = VERTEX_POINT('',#5038);
#5038 = CARTESIAN_POINT('',(-13.,41.,7.385594094384));
#5039 = SURFACE_CURVE('',#5040,(#5044,#5051),.PCURVE_S1.);
#5040 = LINE('',#5041,#5042);
#5041 = CARTESIAN_POINT('',(-13.,41.,4.5));
#5042 = VECTOR('',#5043,1.);
#5043 = DIRECTION('',(0.,0.,1.));
#5044 = PCURVE('',#990,#5045);
#5045 = DEFINITIONAL_REPRESENTATION('',(#5046),#5050);
#5046 = LINE('',#5047,#5048);
#5047 = CARTESIAN_POINT('',(0.,1.));
#5048 = VECTOR('',#5049,1.);
#5049 = DIRECTION('',(1.,0.));
#5050 = ( GEOMETRIC_REPRESENTATION_CONTEXT(2) 
PARAMETRIC_REPRESENTATION_CONTEXT() REPRESENTATION_CONTEXT('2D SPACE',''
  ) );
#5051 = PCURVE('',#964,#5052);
#5052 = DEFINITIONAL_REPRESENTATION('',(#5053),#5057);
#5053 = LINE('',#5054,#5055);
#5054 = CARTESIAN_POINT('',(0.,0.));
#5055 = VECTOR('',#5056,1.);
#5056 = DIRECTION('',(1.,0.));
#5057 = ( GEOMETRIC_REPRESENTATION_CONTEXT(2) 
PARAMETRIC_REPRESENTATION_CONTEXT() REPRESENTATION_CONTEXT('2D SPACE',''
  ) );
#5058 = ORIENTED_EDGE('',*,*,#975,.T.);
#5059 = ORIENTED_EDGE('',*,*,#2629,.T.);
#5060 = ORIENTED_EDGE('',*,*,#5061,.T.);
#5061 = EDGE_CURVE('',#2602,#5037,#5062,.T.);
#5062 = SURFACE_CURVE('',#5063,(#5067,#5074),.PCURVE_S1.);
#5063 = LINE('',#5064,#5065);
#5064 = CARTESIAN_POINT('',(-14.,41.,7.385594094384));
#5065 = VECTOR('',#5066,1.);
#5066 = DIRECTION('',(1.,0.,-0.));
#5067 = PCURVE('',#990,#5068);
#5068 = DEFINITIONAL_REPRESENTATION('',(#5069),#5073);
#5069 = LINE('',#5070,#5071);
#5070 = CARTESIAN_POINT('',(2.885594094384,0.));
#5071 = VECTOR('',#5072,1.);
#5072 = DIRECTION('',(0.,1.));
#5073 = ( GEOMETRIC_REPRESENTATION_CONTEXT(2) 
PARAMETRIC_REPRESENTATION_CONTEXT() REPRESENTATION_CONTEXT('2D SPACE',''
  ) );
#5074 = PCURVE('',#2617,#5075);
#5075 = DEFINITIONAL_REPRESENTATION('',(#5076),#5080);
#5076 = LINE('',#5077,#5078);
#5077 = CARTESIAN_POINT('',(0.,0.));
#5078 = VECTOR('',#5079,1.);
#5079 = DIRECTION('',(1.,0.));
#5080 = ( GEOMETRIC_REPRESENTATION_CONTEXT(2) 
PARAMETRIC_REPRESENTATION_CONTEXT() REPRESENTATION_CONTEXT('2D SPACE',''
  ) );
#5081 = ADVANCED_FACE('',(#5082),#964,.T.);
#5082 = FACE_BOUND('',#5083,.T.);
#5083 = EDGE_LOOP('',(#5084,#5085,#5086,#5109));
#5084 = ORIENTED_EDGE('',*,*,#5036,.F.);
#5085 = ORIENTED_EDGE('',*,*,#949,.T.);
#5086 = ORIENTED_EDGE('',*,*,#5087,.T.);
#5087 = EDGE_CURVE('',#924,#5088,#5090,.T.);
#5088 = VERTEX_POINT('',#5089);
#5089 = CARTESIAN_POINT('',(-13.,45.,7.385594094384));
#5090 = SURFACE_CURVE('',#5091,(#5095,#5102),.PCURVE_S1.);
#5091 = LINE('',#5092,#5093);
#5092 = CARTESIAN_POINT('',(-13.,45.,4.5));
#5093 = VECTOR('',#5094,1.);
#5094 = DIRECTION('',(0.,0.,1.));
#5095 = PCURVE('',#964,#5096);
#5096 = DEFINITIONAL_REPRESENTATION('',(#5097),#5101);
#5097 = LINE('',#5098,#5099);
#5098 = CARTESIAN_POINT('',(0.,-4.));
#5099 = VECTOR('',#5100,1.);
#5100 = DIRECTION('',(1.,0.));
#5101 = ( GEOMETRIC_REPRESENTATION_CONTEXT(2) 
PARAMETRIC_REPRESENTATION_CONTEXT() REPRESENTATION_CONTEXT('2D SPACE',''
  ) );
#5102 = PCURVE('',#938,#5103);
#5103 = DEFINITIONAL_REPRESENTATION('',(#5104),#5108);
#5104 = LINE('',#5105,#5106);
#5105 = CARTESIAN_POINT('',(0.,1.));
#5106 = VECTOR('',#5107,1.);
#5107 = DIRECTION('',(1.,0.));
#5108 = ( GEOMETRIC_REPRESENTATION_CONTEXT(2) 
PARAMETRIC_REPRESENTATION_CONTEXT() REPRESENTATION_CONTEXT('2D SPACE',''
  ) );
#5109 = ORIENTED_EDGE('',*,*,#5110,.F.);
#5110 = EDGE_CURVE('',#5037,#5088,#5111,.T.);
#5111 = SURFACE_CURVE('',#5112,(#5116,#5123),.PCURVE_S1.);
#5112 = LINE('',#5113,#5114);
#5113 = CARTESIAN_POINT('',(-13.,41.,7.385594094384));
#5114 = VECTOR('',#5115,1.);
#5115 = DIRECTION('',(-0.,1.,0.));
#5116 = PCURVE('',#964,#5117);
#5117 = DEFINITIONAL_REPRESENTATION('',(#5118),#5122);
#5118 = LINE('',#5119,#5120);
#5119 = CARTESIAN_POINT('',(2.885594094384,0.));
#5120 = VECTOR('',#5121,1.);
#5121 = DIRECTION('',(0.,-1.));
#5122 = ( GEOMETRIC_REPRESENTATION_CONTEXT(2) 
PARAMETRIC_REPRESENTATION_CONTEXT() REPRESENTATION_CONTEXT('2D SPACE',''
  ) );
#5123 = PCURVE('',#2617,#5124);
#5124 = DEFINITIONAL_REPRESENTATION('',(#5125),#5129);
#5125 = LINE('',#5126,#5127);
#5126 = CARTESIAN_POINT('',(1.,0.));
#5127 = VECTOR('',#5128,1.);
#5128 = DIRECTION('',(0.,1.));
#5129 = ( GEOMETRIC_REPRESENTATION_CONTEXT(2) 
PARAMETRIC_REPRESENTATION_CONTEXT() REPRESENTATION_CONTEXT('2D SPACE',''
  ) );
#5130 = ADVANCED_FACE('',(#5131),#938,.T.);
#5131 = FACE_BOUND('',#5132,.T.);
#5132 = EDGE_LOOP('',(#5133,#5134,#5135,#5136));
#5133 = ORIENTED_EDGE('',*,*,#5087,.F.);
#5134 = ORIENTED_EDGE('',*,*,#923,.T.);
#5135 = ORIENTED_EDGE('',*,*,#2578,.T.);
#5136 = ORIENTED_EDGE('',*,*,#5137,.T.);
#5137 = EDGE_CURVE('',#2579,#5088,#5138,.T.);
#5138 = SURFACE_CURVE('',#5139,(#5143,#5150),.PCURVE_S1.);
#5139 = LINE('',#5140,#5141);
#5140 = CARTESIAN_POINT('',(-14.,45.,7.385594094384));
#5141 = VECTOR('',#5142,1.);
#5142 = DIRECTION('',(1.,0.,-0.));
#5143 = PCURVE('',#938,#5144);
#5144 = DEFINITIONAL_REPRESENTATION('',(#5145),#5149);
#5145 = LINE('',#5146,#5147);
#5146 = CARTESIAN_POINT('',(2.885594094384,0.));
#5147 = VECTOR('',#5148,1.);
#5148 = DIRECTION('',(0.,1.));
#5149 = ( GEOMETRIC_REPRESENTATION_CONTEXT(2) 
PARAMETRIC_REPRESENTATION_CONTEXT() REPRESENTATION_CONTEXT('2D SPACE',''
  ) );
#5150 = PCURVE('',#2617,#5151);
#5151 = DEFINITIONAL_REPRESENTATION('',(#5152),#5156);
#5152 = LINE('',#5153,#5154);
#5153 = CARTESIAN_POINT('',(0.,4.));
#5154 = VECTOR('',#5155,1.);
#5155 = DIRECTION('',(1.,0.));
#5156 = ( GEOMETRIC_REPRESENTATION_CONTEXT(2) 
PARAMETRIC_REPRESENTATION_CONTEXT() REPRESENTATION_CONTEXT('2D SPACE',''
  ) );
#5157 = ADVANCED_FACE('',(#5158),#889,.F.);
#5158 = FACE_BOUND('',#5159,.F.);
#5159 = EDGE_LOOP('',(#5160,#5183,#5184,#5185));
#5160 = ORIENTED_EDGE('',*,*,#5161,.F.);
#5161 = EDGE_CURVE('',#849,#5162,#5164,.T.);
#5162 = VERTEX_POINT('',#5163);
#5163 = CARTESIAN_POINT('',(-13.,66.,7.385594094384));
#5164 = SURFACE_CURVE('',#5165,(#5169,#5176),.PCURVE_S1.);
#5165 = LINE('',#5166,#5167);
#5166 = CARTESIAN_POINT('',(-13.,66.,4.5));
#5167 = VECTOR('',#5168,1.);
#5168 = DIRECTION('',(0.,0.,1.));
#5169 = PCURVE('',#889,#5170);
#5170 = DEFINITIONAL_REPRESENTATION('',(#5171),#5175);
#5171 = LINE('',#5172,#5173);
#5172 = CARTESIAN_POINT('',(0.,1.));
#5173 = VECTOR('',#5174,1.);
#5174 = DIRECTION('',(1.,0.));
#5175 = ( GEOMETRIC_REPRESENTATION_CONTEXT(2) 
PARAMETRIC_REPRESENTATION_CONTEXT() REPRESENTATION_CONTEXT('2D SPACE',''
  ) );
#5176 = PCURVE('',#863,#5177);
#5177 = DEFINITIONAL_REPRESENTATION('',(#5178),#5182);
#5178 = LINE('',#5179,#5180);
#5179 = CARTESIAN_POINT('',(0.,0.));
#5180 = VECTOR('',#5181,1.);
#5181 = DIRECTION('',(1.,0.));
#5182 = ( GEOMETRIC_REPRESENTATION_CONTEXT(2) 
PARAMETRIC_REPRESENTATION_CONTEXT() REPRESENTATION_CONTEXT('2D SPACE',''
  ) );
#5183 = ORIENTED_EDGE('',*,*,#874,.T.);
#5184 = ORIENTED_EDGE('',*,*,#2556,.T.);
#5185 = ORIENTED_EDGE('',*,*,#5186,.T.);
#5186 = EDGE_CURVE('',#2529,#5162,#5187,.T.);
#5187 = SURFACE_CURVE('',#5188,(#5192,#5199),.PCURVE_S1.);
#5188 = LINE('',#5189,#5190);
#5189 = CARTESIAN_POINT('',(-14.,66.,7.385594094384));
#5190 = VECTOR('',#5191,1.);
#5191 = DIRECTION('',(1.,0.,-0.));
#5192 = PCURVE('',#889,#5193);
#5193 = DEFINITIONAL_REPRESENTATION('',(#5194),#5198);
#5194 = LINE('',#5195,#5196);
#5195 = CARTESIAN_POINT('',(2.885594094384,0.));
#5196 = VECTOR('',#5197,1.);
#5197 = DIRECTION('',(0.,1.));
#5198 = ( GEOMETRIC_REPRESENTATION_CONTEXT(2) 
PARAMETRIC_REPRESENTATION_CONTEXT() REPRESENTATION_CONTEXT('2D SPACE',''
  ) );
#5199 = PCURVE('',#2544,#5200);
#5200 = DEFINITIONAL_REPRESENTATION('',(#5201),#5205);
#5201 = LINE('',#5202,#5203);
#5202 = CARTESIAN_POINT('',(0.,0.));
#5203 = VECTOR('',#5204,1.);
#5204 = DIRECTION('',(1.,0.));
#5205 = ( GEOMETRIC_REPRESENTATION_CONTEXT(2) 
PARAMETRIC_REPRESENTATION_CONTEXT() REPRESENTATION_CONTEXT('2D SPACE',''
  ) );
#5206 = ADVANCED_FACE('',(#5207),#863,.T.);
#5207 = FACE_BOUND('',#5208,.T.);
#5208 = EDGE_LOOP('',(#5209,#5210,#5211,#5234));
#5209 = ORIENTED_EDGE('',*,*,#5161,.F.);
#5210 = ORIENTED_EDGE('',*,*,#848,.T.);
#5211 = ORIENTED_EDGE('',*,*,#5212,.T.);
#5212 = EDGE_CURVE('',#823,#5213,#5215,.T.);
#5213 = VERTEX_POINT('',#5214);
#5214 = CARTESIAN_POINT('',(-13.,70.,7.385594094384));
#5215 = SURFACE_CURVE('',#5216,(#5220,#5227),.PCURVE_S1.);
#5216 = LINE('',#5217,#5218);
#5217 = CARTESIAN_POINT('',(-13.,70.,4.5));
#5218 = VECTOR('',#5219,1.);
#5219 = DIRECTION('',(0.,0.,1.));
#5220 = PCURVE('',#863,#5221);
#5221 = DEFINITIONAL_REPRESENTATION('',(#5222),#5226);
#5222 = LINE('',#5223,#5224);
#5223 = CARTESIAN_POINT('',(0.,-4.));
#5224 = VECTOR('',#5225,1.);
#5225 = DIRECTION('',(1.,0.));
#5226 = ( GEOMETRIC_REPRESENTATION_CONTEXT(2) 
PARAMETRIC_REPRESENTATION_CONTEXT() REPRESENTATION_CONTEXT('2D SPACE',''
  ) );
#5227 = PCURVE('',#837,#5228);
#5228 = DEFINITIONAL_REPRESENTATION('',(#5229),#5233);
#5229 = LINE('',#5230,#5231);
#5230 = CARTESIAN_POINT('',(0.,1.));
#5231 = VECTOR('',#5232,1.);
#5232 = DIRECTION('',(1.,0.));
#5233 = ( GEOMETRIC_REPRESENTATION_CONTEXT(2) 
PARAMETRIC_REPRESENTATION_CONTEXT() REPRESENTATION_CONTEXT('2D SPACE',''
  ) );
#5234 = ORIENTED_EDGE('',*,*,#5235,.F.);
#5235 = EDGE_CURVE('',#5162,#5213,#5236,.T.);
#5236 = SURFACE_CURVE('',#5237,(#5241,#5248),.PCURVE_S1.);
#5237 = LINE('',#5238,#5239);
#5238 = CARTESIAN_POINT('',(-13.,66.,7.385594094384));
#5239 = VECTOR('',#5240,1.);
#5240 = DIRECTION('',(-0.,1.,0.));
#5241 = PCURVE('',#863,#5242);
#5242 = DEFINITIONAL_REPRESENTATION('',(#5243),#5247);
#5243 = LINE('',#5244,#5245);
#5244 = CARTESIAN_POINT('',(2.885594094384,0.));
#5245 = VECTOR('',#5246,1.);
#5246 = DIRECTION('',(0.,-1.));
#5247 = ( GEOMETRIC_REPRESENTATION_CONTEXT(2) 
PARAMETRIC_REPRESENTATION_CONTEXT() REPRESENTATION_CONTEXT('2D SPACE',''
  ) );
#5248 = PCURVE('',#2544,#5249);
#5249 = DEFINITIONAL_REPRESENTATION('',(#5250),#5254);
#5250 = LINE('',#5251,#5252);
#5251 = CARTESIAN_POINT('',(1.,0.));
#5252 = VECTOR('',#5253,1.);
#5253 = DIRECTION('',(0.,1.));
#5254 = ( GEOMETRIC_REPRESENTATION_CONTEXT(2) 
PARAMETRIC_REPRESENTATION_CONTEXT() REPRESENTATION_CONTEXT('2D SPACE',''
  ) );
#5255 = ADVANCED_FACE('',(#5256),#837,.T.);
#5256 = FACE_BOUND('',#5257,.T.);
#5257 = EDGE_LOOP('',(#5258,#5259,#5260,#5261));
#5258 = ORIENTED_EDGE('',*,*,#5212,.F.);
#5259 = ORIENTED_EDGE('',*,*,#822,.T.);
#5260 = ORIENTED_EDGE('',*,*,#2505,.T.);
#5261 = ORIENTED_EDGE('',*,*,#5262,.T.);
#5262 = EDGE_CURVE('',#2506,#5213,#5263,.T.);
#5263 = SURFACE_CURVE('',#5264,(#5268,#5275),.PCURVE_S1.);
#5264 = LINE('',#5265,#5266);
#5265 = CARTESIAN_POINT('',(-14.,70.,7.385594094384));
#5266 = VECTOR('',#5267,1.);
#5267 = DIRECTION('',(1.,0.,-0.));
#5268 = PCURVE('',#837,#5269);
#5269 = DEFINITIONAL_REPRESENTATION('',(#5270),#5274);
#5270 = LINE('',#5271,#5272);
#5271 = CARTESIAN_POINT('',(2.885594094384,0.));
#5272 = VECTOR('',#5273,1.);
#5273 = DIRECTION('',(0.,1.));
#5274 = ( GEOMETRIC_REPRESENTATION_CONTEXT(2) 
PARAMETRIC_REPRESENTATION_CONTEXT() REPRESENTATION_CONTEXT('2D SPACE',''
  ) );
#5275 = PCURVE('',#2544,#5276);
#5276 = DEFINITIONAL_REPRESENTATION('',(#5277),#5281);
#5277 = LINE('',#5278,#5279);
#5278 = CARTESIAN_POINT('',(0.,4.));
#5279 = VECTOR('',#5280,1.);
#5280 = DIRECTION('',(1.,0.));
#5281 = ( GEOMETRIC_REPRESENTATION_CONTEXT(2) 
PARAMETRIC_REPRESENTATION_CONTEXT() REPRESENTATION_CONTEXT('2D SPACE',''
  ) );
#5282 = ADVANCED_FACE('',(#5283),#788,.F.);
#5283 = FACE_BOUND('',#5284,.F.);
#5284 = EDGE_LOOP('',(#5285,#5308,#5309,#5310));
#5285 = ORIENTED_EDGE('',*,*,#5286,.F.);
#5286 = EDGE_CURVE('',#748,#5287,#5289,.T.);
#5287 = VERTEX_POINT('',#5288);
#5288 = CARTESIAN_POINT('',(-13.,83.,7.385594094384));
#5289 = SURFACE_CURVE('',#5290,(#5294,#5301),.PCURVE_S1.);
#5290 = LINE('',#5291,#5292);
#5291 = CARTESIAN_POINT('',(-13.,83.,4.5));
#5292 = VECTOR('',#5293,1.);
#5293 = DIRECTION('',(0.,0.,1.));
#5294 = PCURVE('',#788,#5295);
#5295 = DEFINITIONAL_REPRESENTATION('',(#5296),#5300);
#5296 = LINE('',#5297,#5298);
#5297 = CARTESIAN_POINT('',(0.,1.));
#5298 = VECTOR('',#5299,1.);
#5299 = DIRECTION('',(1.,0.));
#5300 = ( GEOMETRIC_REPRESENTATION_CONTEXT(2) 
PARAMETRIC_REPRESENTATION_CONTEXT() REPRESENTATION_CONTEXT('2D SPACE',''
  ) );
#5301 = PCURVE('',#762,#5302);
#5302 = DEFINITIONAL_REPRESENTATION('',(#5303),#5307);
#5303 = LINE('',#5304,#5305);
#5304 = CARTESIAN_POINT('',(0.,0.));
#5305 = VECTOR('',#5306,1.);
#5306 = DIRECTION('',(1.,0.));
#5307 = ( GEOMETRIC_REPRESENTATION_CONTEXT(2) 
PARAMETRIC_REPRESENTATION_CONTEXT() REPRESENTATION_CONTEXT('2D SPACE',''
  ) );
#5308 = ORIENTED_EDGE('',*,*,#773,.T.);
#5309 = ORIENTED_EDGE('',*,*,#2483,.T.);
#5310 = ORIENTED_EDGE('',*,*,#5311,.T.);
#5311 = EDGE_CURVE('',#2456,#5287,#5312,.T.);
#5312 = SURFACE_CURVE('',#5313,(#5317,#5324),.PCURVE_S1.);
#5313 = LINE('',#5314,#5315);
#5314 = CARTESIAN_POINT('',(-14.,83.,7.385594094384));
#5315 = VECTOR('',#5316,1.);
#5316 = DIRECTION('',(1.,0.,-0.));
#5317 = PCURVE('',#788,#5318);
#5318 = DEFINITIONAL_REPRESENTATION('',(#5319),#5323);
#5319 = LINE('',#5320,#5321);
#5320 = CARTESIAN_POINT('',(2.885594094384,0.));
#5321 = VECTOR('',#5322,1.);
#5322 = DIRECTION('',(0.,1.));
#5323 = ( GEOMETRIC_REPRESENTATION_CONTEXT(2) 
PARAMETRIC_REPRESENTATION_CONTEXT() REPRESENTATION_CONTEXT('2D SPACE',''
  ) );
#5324 = PCURVE('',#2471,#5325);
#5325 = DEFINITIONAL_REPRESENTATION('',(#5326),#5330);
#5326 = LINE('',#5327,#5328);
#5327 = CARTESIAN_POINT('',(0.,0.));
#5328 = VECTOR('',#5329,1.);
#5329 = DIRECTION('',(1.,0.));
#5330 = ( GEOMETRIC_REPRESENTATION_CONTEXT(2) 
PARAMETRIC_REPRESENTATION_CONTEXT() REPRESENTATION_CONTEXT('2D SPACE',''
  ) );
#5331 = ADVANCED_FACE('',(#5332),#762,.T.);
#5332 = FACE_BOUND('',#5333,.T.);
#5333 = EDGE_LOOP('',(#5334,#5335,#5336,#5359));
#5334 = ORIENTED_EDGE('',*,*,#5286,.F.);
#5335 = ORIENTED_EDGE('',*,*,#747,.T.);
#5336 = ORIENTED_EDGE('',*,*,#5337,.T.);
#5337 = EDGE_CURVE('',#722,#5338,#5340,.T.);
#5338 = VERTEX_POINT('',#5339);
#5339 = CARTESIAN_POINT('',(-13.,87.,7.385594094384));
#5340 = SURFACE_CURVE('',#5341,(#5345,#5352),.PCURVE_S1.);
#5341 = LINE('',#5342,#5343);
#5342 = CARTESIAN_POINT('',(-13.,87.,4.5));
#5343 = VECTOR('',#5344,1.);
#5344 = DIRECTION('',(0.,0.,1.));
#5345 = PCURVE('',#762,#5346);
#5346 = DEFINITIONAL_REPRESENTATION('',(#5347),#5351);
#5347 = LINE('',#5348,#5349);
#5348 = CARTESIAN_POINT('',(0.,-4.));
#5349 = VECTOR('',#5350,1.);
#5350 = DIRECTION('',(1.,0.));
#5351 = ( GEOMETRIC_REPRESENTATION_CONTEXT(2) 
PARAMETRIC_REPRESENTATION_CONTEXT() REPRESENTATION_CONTEXT('2D SPACE',''
  ) );
#5352 = PCURVE('',#736,#5353);
#5353 = DEFINITIONAL_REPRESENTATION('',(#5354),#5358);
#5354 = LINE('',#5355,#5356);
#5355 = CARTESIAN_POINT('',(0.,1.));
#5356 = VECTOR('',#5357,1.);
#5357 = DIRECTION('',(1.,0.));
#5358 = ( GEOMETRIC_REPRESENTATION_CONTEXT(2) 
PARAMETRIC_REPRESENTATION_CONTEXT() REPRESENTATION_CONTEXT('2D SPACE',''
  ) );
#5359 = ORIENTED_EDGE('',*,*,#5360,.F.);
#5360 = EDGE_CURVE('',#5287,#5338,#5361,.T.);
#5361 = SURFACE_CURVE('',#5362,(#5366,#5373),.PCURVE_S1.);
#5362 = LINE('',#5363,#5364);
#5363 = CARTESIAN_POINT('',(-13.,83.,7.385594094384));
#5364 = VECTOR('',#5365,1.);
#5365 = DIRECTION('',(-0.,1.,0.));
#5366 = PCURVE('',#762,#5367);
#5367 = DEFINITIONAL_REPRESENTATION('',(#5368),#5372);
#5368 = LINE('',#5369,#5370);
#5369 = CARTESIAN_POINT('',(2.885594094384,0.));
#5370 = VECTOR('',#5371,1.);
#5371 = DIRECTION('',(0.,-1.));
#5372 = ( GEOMETRIC_REPRESENTATION_CONTEXT(2) 
PARAMETRIC_REPRESENTATION_CONTEXT() REPRESENTATION_CONTEXT('2D SPACE',''
  ) );
#5373 = PCURVE('',#2471,#5374);
#5374 = DEFINITIONAL_REPRESENTATION('',(#5375),#5379);
#5375 = LINE('',#5376,#5377);
#5376 = CARTESIAN_POINT('',(1.,0.));
#5377 = VECTOR('',#5378,1.);
#5378 = DIRECTION('',(0.,1.));
#5379 = ( GEOMETRIC_REPRESENTATION_CONTEXT(2) 
PARAMETRIC_REPRESENTATION_CONTEXT() REPRESENTATION_CONTEXT('2D SPACE',''
  ) );
#5380 = ADVANCED_FACE('',(#5381),#736,.T.);
#5381 = FACE_BOUND('',#5382,.T.);
#5382 = EDGE_LOOP('',(#5383,#5384,#5385,#5386));
#5383 = ORIENTED_EDGE('',*,*,#5337,.F.);
#5384 = ORIENTED_EDGE('',*,*,#721,.T.);
#5385 = ORIENTED_EDGE('',*,*,#2432,.T.);
#5386 = ORIENTED_EDGE('',*,*,#5387,.T.);
#5387 = EDGE_CURVE('',#2433,#5338,#5388,.T.);
#5388 = SURFACE_CURVE('',#5389,(#5393,#5400),.PCURVE_S1.);
#5389 = LINE('',#5390,#5391);
#5390 = CARTESIAN_POINT('',(-14.,87.,7.385594094384));
#5391 = VECTOR('',#5392,1.);
#5392 = DIRECTION('',(1.,0.,-0.));
#5393 = PCURVE('',#736,#5394);
#5394 = DEFINITIONAL_REPRESENTATION('',(#5395),#5399);
#5395 = LINE('',#5396,#5397);
#5396 = CARTESIAN_POINT('',(2.885594094384,0.));
#5397 = VECTOR('',#5398,1.);
#5398 = DIRECTION('',(0.,1.));
#5399 = ( GEOMETRIC_REPRESENTATION_CONTEXT(2) 
PARAMETRIC_REPRESENTATION_CONTEXT() REPRESENTATION_CONTEXT('2D SPACE',''
  ) );
#5400 = PCURVE('',#2471,#5401);
#5401 = DEFINITIONAL_REPRESENTATION('',(#5402),#5406);
#5402 = LINE('',#5403,#5404);
#5403 = CARTESIAN_POINT('',(0.,4.));
#5404 = VECTOR('',#5405,1.);
#5405 = DIRECTION('',(1.,0.));
#5406 = ( GEOMETRIC_REPRESENTATION_CONTEXT(2) 
PARAMETRIC_REPRESENTATION_CONTEXT() REPRESENTATION_CONTEXT('2D SPACE',''
  ) );
#5407 = ADVANCED_FACE('',(#5408),#1601,.F.);
#5408 = FACE_BOUND('',#5409,.F.);
#5409 = EDGE_LOOP('',(#5410,#5411,#5432,#5433));
#5410 = ORIENTED_EDGE('',*,*,#1584,.F.);
#5411 = ORIENTED_EDGE('',*,*,#5412,.F.);
#5412 = EDGE_CURVE('',#2969,#1585,#5413,.T.);
#5413 = SEAM_CURVE('',#5414,(#5418,#5425),.PCURVE_S1.);
#5414 = LINE('',#5415,#5416);
#5415 = CARTESIAN_POINT('',(-10.65,30.,-15.));
#5416 = VECTOR('',#5417,1.);
#5417 = DIRECTION('',(0.,0.,1.));
#5418 = PCURVE('',#1601,#5419);
#5419 = DEFINITIONAL_REPRESENTATION('',(#5420),#5424);
#5420 = LINE('',#5421,#5422);
#5421 = CARTESIAN_POINT('',(6.28318530718,-0.));
#5422 = VECTOR('',#5423,1.);
#5423 = DIRECTION('',(0.,1.));
#5424 = ( GEOMETRIC_REPRESENTATION_CONTEXT(2) 
PARAMETRIC_REPRESENTATION_CONTEXT() REPRESENTATION_CONTEXT('2D SPACE',''
  ) );
#5425 = PCURVE('',#1601,#5426);
#5426 = DEFINITIONAL_REPRESENTATION('',(#5427),#5431);
#5427 = LINE('',#5428,#5429);
#5428 = CARTESIAN_POINT('',(0.,-0.));
#5429 = VECTOR('',#5430,1.);
#5430 = DIRECTION('',(0.,1.));
#5431 = ( GEOMETRIC_REPRESENTATION_CONTEXT(2) 
PARAMETRIC_REPRESENTATION_CONTEXT() REPRESENTATION_CONTEXT('2D SPACE',''
  ) );
#5432 = ORIENTED_EDGE('',*,*,#2968,.T.);
#5433 = ORIENTED_EDGE('',*,*,#5412,.T.);
#5434 = ADVANCED_FACE('',(#5435,#5515),#1632,.F.);
#5435 = FACE_BOUND('',#5436,.F.);
#5436 = EDGE_LOOP('',(#5437,#5460,#5461,#5484));
#5437 = ORIENTED_EDGE('',*,*,#5438,.F.);
#5438 = EDGE_CURVE('',#1616,#5439,#5441,.T.);
#5439 = VERTEX_POINT('',#5440);
#5440 = CARTESIAN_POINT('',(-8.5,37.7,10.45));
#5441 = SURFACE_CURVE('',#5442,(#5446,#5453),.PCURVE_S1.);
#5442 = LINE('',#5443,#5444);
#5443 = CARTESIAN_POINT('',(-8.5,37.7,4.5));
#5444 = VECTOR('',#5445,1.);
#5445 = DIRECTION('',(0.,0.,1.));
#5446 = PCURVE('',#1632,#5447);
#5447 = DEFINITIONAL_REPRESENTATION('',(#5448),#5452);
#5448 = LINE('',#5449,#5450);
#5449 = CARTESIAN_POINT('',(0.,4.));
#5450 = VECTOR('',#5451,1.);
#5451 = DIRECTION('',(1.,0.));
#5452 = ( GEOMETRIC_REPRESENTATION_CONTEXT(2) 
PARAMETRIC_REPRESENTATION_CONTEXT() REPRESENTATION_CONTEXT('2D SPACE',''
  ) );
#5453 = PCURVE('',#1708,#5454);
#5454 = DEFINITIONAL_REPRESENTATION('',(#5455),#5459);
#5455 = LINE('',#5456,#5457);
#5456 = CARTESIAN_POINT('',(0.,0.));
#5457 = VECTOR('',#5458,1.);
#5458 = DIRECTION('',(1.,0.));
#5459 = ( GEOMETRIC_REPRESENTATION_CONTEXT(2) 
PARAMETRIC_REPRESENTATION_CONTEXT() REPRESENTATION_CONTEXT('2D SPACE',''
  ) );
#5460 = ORIENTED_EDGE('',*,*,#1615,.T.);
#5461 = ORIENTED_EDGE('',*,*,#5462,.T.);
#5462 = EDGE_CURVE('',#1618,#5463,#5465,.T.);
#5463 = VERTEX_POINT('',#5464);
#5464 = CARTESIAN_POINT('',(-12.5,37.7,10.45));
#5465 = SURFACE_CURVE('',#5466,(#5470,#5477),.PCURVE_S1.);
#5466 = LINE('',#5467,#5468);
#5467 = CARTESIAN_POINT('',(-12.5,37.7,4.5));
#5468 = VECTOR('',#5469,1.);
#5469 = DIRECTION('',(0.,0.,1.));
#5470 = PCURVE('',#1632,#5471);
#5471 = DEFINITIONAL_REPRESENTATION('',(#5472),#5476);
#5472 = LINE('',#5473,#5474);
#5473 = CARTESIAN_POINT('',(0.,0.));
#5474 = VECTOR('',#5475,1.);
#5475 = DIRECTION('',(1.,0.));
#5476 = ( GEOMETRIC_REPRESENTATION_CONTEXT(2) 
PARAMETRIC_REPRESENTATION_CONTEXT() REPRESENTATION_CONTEXT('2D SPACE',''
  ) );
#5477 = PCURVE('',#1658,#5478);
#5478 = DEFINITIONAL_REPRESENTATION('',(#5479),#5483);
#5479 = LINE('',#5480,#5481);
#5480 = CARTESIAN_POINT('',(0.,0.));
#5481 = VECTOR('',#5482,1.);
#5482 = DIRECTION('',(1.,0.));
#5483 = ( GEOMETRIC_REPRESENTATION_CONTEXT(2) 
PARAMETRIC_REPRESENTATION_CONTEXT() REPRESENTATION_CONTEXT('2D SPACE',''
  ) );
#5484 = ORIENTED_EDGE('',*,*,#5485,.F.);
#5485 = EDGE_CURVE('',#5439,#5463,#5486,.T.);
#5486 = SURFACE_CURVE('',#5487,(#5492,#5503),.PCURVE_S1.);
#5487 = CIRCLE('',#5488,2.);
#5488 = AXIS2_PLACEMENT_3D('',#5489,#5490,#5491);
#5489 = CARTESIAN_POINT('',(-10.5,37.7,10.45));
#5490 = DIRECTION('',(0.,-1.,2.22044604925E-16));
#5491 = DIRECTION('',(1.,0.,0.));
#5492 = PCURVE('',#1632,#5493);
#5493 = DEFINITIONAL_REPRESENTATION('',(#5494),#5502);
#5494 = ( BOUNDED_CURVE() B_SPLINE_CURVE(2,(#5495,#5496,#5497,#5498,
#5499,#5500,#5501),.UNSPECIFIED.,.T.,.F.) B_SPLINE_CURVE_WITH_KNOTS((1,2
    ,2,2,2,1),(-2.094395102393,0.,2.094395102393,4.188790204786,
6.28318530718,8.377580409573),.UNSPECIFIED.) CURVE() 
GEOMETRIC_REPRESENTATION_ITEM() RATIONAL_B_SPLINE_CURVE((1.,0.5,1.,0.5,
1.,0.5,1.)) REPRESENTATION_ITEM('') );
#5495 = CARTESIAN_POINT('',(5.95,4.));
#5496 = CARTESIAN_POINT('',(9.414101615138,4.));
#5497 = CARTESIAN_POINT('',(7.682050807569,1.));
#5498 = CARTESIAN_POINT('',(5.95,-2.));
#5499 = CARTESIAN_POINT('',(4.217949192431,1.));
#5500 = CARTESIAN_POINT('',(2.485898384862,4.));
#5501 = CARTESIAN_POINT('',(5.95,4.));
#5502 = ( GEOMETRIC_REPRESENTATION_CONTEXT(2) 
PARAMETRIC_REPRESENTATION_CONTEXT() REPRESENTATION_CONTEXT('2D SPACE',''
  ) );
#5503 = PCURVE('',#5504,#5509);
#5504 = CYLINDRICAL_SURFACE('',#5505,2.);
#5505 = AXIS2_PLACEMENT_3D('',#5506,#5507,#5508);
#5506 = CARTESIAN_POINT('',(-10.5,39.7,10.45));
#5507 = DIRECTION('',(0.,-1.,2.22044604925E-16));
#5508 = DIRECTION('',(1.,0.,0.));
#5509 = DEFINITIONAL_REPRESENTATION('',(#5510),#5514);
#5510 = LINE('',#5511,#5512);
#5511 = CARTESIAN_POINT('',(0.,2.));
#5512 = VECTOR('',#5513,1.);
#5513 = DIRECTION('',(1.,0.));
#5514 = ( GEOMETRIC_REPRESENTATION_CONTEXT(2) 
PARAMETRIC_REPRESENTATION_CONTEXT() REPRESENTATION_CONTEXT('2D SPACE',''
  ) );
#5515 = FACE_BOUND('',#5516,.F.);
#5516 = EDGE_LOOP('',(#5517));
#5517 = ORIENTED_EDGE('',*,*,#5518,.T.);
#5518 = EDGE_CURVE('',#5519,#5519,#5521,.T.);
#5519 = VERTEX_POINT('',#5520);
#5520 = CARTESIAN_POINT('',(-9.5,37.7,10.45));
#5521 = SURFACE_CURVE('',#5522,(#5527,#5538),.PCURVE_S1.);
#5522 = CIRCLE('',#5523,1.);
#5523 = AXIS2_PLACEMENT_3D('',#5524,#5525,#5526);
#5524 = CARTESIAN_POINT('',(-10.5,37.7,10.45));
#5525 = DIRECTION('',(0.,-1.,2.22044604925E-16));
#5526 = DIRECTION('',(1.,0.,0.));
#5527 = PCURVE('',#1632,#5528);
#5528 = DEFINITIONAL_REPRESENTATION('',(#5529),#5537);
#5529 = ( BOUNDED_CURVE() B_SPLINE_CURVE(2,(#5530,#5531,#5532,#5533,
#5534,#5535,#5536),.UNSPECIFIED.,.T.,.F.) B_SPLINE_CURVE_WITH_KNOTS((1,2
    ,2,2,2,1),(-2.094395102393,0.,2.094395102393,4.188790204786,
6.28318530718,8.377580409573),.UNSPECIFIED.) CURVE() 
GEOMETRIC_REPRESENTATION_ITEM() RATIONAL_B_SPLINE_CURVE((1.,0.5,1.,0.5,
1.,0.5,1.)) REPRESENTATION_ITEM('') );
#5530 = CARTESIAN_POINT('',(5.95,3.));
#5531 = CARTESIAN_POINT('',(7.682050807569,3.));
#5532 = CARTESIAN_POINT('',(6.816025403784,1.5));
#5533 = CARTESIAN_POINT('',(5.95,4.440892098501E-16));
#5534 = CARTESIAN_POINT('',(5.083974596216,1.5));
#5535 = CARTESIAN_POINT('',(4.217949192431,3.));
#5536 = CARTESIAN_POINT('',(5.95,3.));
#5537 = ( GEOMETRIC_REPRESENTATION_CONTEXT(2) 
PARAMETRIC_REPRESENTATION_CONTEXT() REPRESENTATION_CONTEXT('2D SPACE',''
  ) );
#5538 = PCURVE('',#5539,#5544);
#5539 = CYLINDRICAL_SURFACE('',#5540,1.);
#5540 = AXIS2_PLACEMENT_3D('',#5541,#5542,#5543);
#5541 = CARTESIAN_POINT('',(-10.5,39.8,10.45));
#5542 = DIRECTION('',(0.,-1.,2.22044604925E-16));
#5543 = DIRECTION('',(1.,0.,0.));
#5544 = DEFINITIONAL_REPRESENTATION('',(#5545),#5549);
#5545 = LINE('',#5546,#5547);
#5546 = CARTESIAN_POINT('',(0.,2.1));
#5547 = VECTOR('',#5548,1.);
#5548 = DIRECTION('',(1.,0.));
#5549 = ( GEOMETRIC_REPRESENTATION_CONTEXT(2) 
PARAMETRIC_REPRESENTATION_CONTEXT() REPRESENTATION_CONTEXT('2D SPACE',''
  ) );
#5550 = ADVANCED_FACE('',(#5551),#1708,.T.);
#5551 = FACE_BOUND('',#5552,.T.);
#5552 = EDGE_LOOP('',(#5553,#5554,#5555,#5578));
#5553 = ORIENTED_EDGE('',*,*,#5438,.F.);
#5554 = ORIENTED_EDGE('',*,*,#1695,.T.);
#5555 = ORIENTED_EDGE('',*,*,#5556,.T.);
#5556 = EDGE_CURVE('',#1670,#5557,#5559,.T.);
#5557 = VERTEX_POINT('',#5558);
#5558 = CARTESIAN_POINT('',(-8.5,39.7,10.45));
#5559 = SURFACE_CURVE('',#5560,(#5564,#5571),.PCURVE_S1.);
#5560 = LINE('',#5561,#5562);
#5561 = CARTESIAN_POINT('',(-8.5,39.7,4.5));
#5562 = VECTOR('',#5563,1.);
#5563 = DIRECTION('',(0.,0.,1.));
#5564 = PCURVE('',#1708,#5565);
#5565 = DEFINITIONAL_REPRESENTATION('',(#5566),#5570);
#5566 = LINE('',#5567,#5568);
#5567 = CARTESIAN_POINT('',(0.,-2.));
#5568 = VECTOR('',#5569,1.);
#5569 = DIRECTION('',(1.,0.));
#5570 = ( GEOMETRIC_REPRESENTATION_CONTEXT(2) 
PARAMETRIC_REPRESENTATION_CONTEXT() REPRESENTATION_CONTEXT('2D SPACE',''
  ) );
#5571 = PCURVE('',#1684,#5572);
#5572 = DEFINITIONAL_REPRESENTATION('',(#5573),#5577);
#5573 = LINE('',#5574,#5575);
#5574 = CARTESIAN_POINT('',(0.,4.));
#5575 = VECTOR('',#5576,1.);
#5576 = DIRECTION('',(1.,0.));
#5577 = ( GEOMETRIC_REPRESENTATION_CONTEXT(2) 
PARAMETRIC_REPRESENTATION_CONTEXT() REPRESENTATION_CONTEXT('2D SPACE',''
  ) );
#5578 = ORIENTED_EDGE('',*,*,#5579,.F.);
#5579 = EDGE_CURVE('',#5439,#5557,#5580,.T.);
#5580 = SURFACE_CURVE('',#5581,(#5585,#5592),.PCURVE_S1.);
#5581 = LINE('',#5582,#5583);
#5582 = CARTESIAN_POINT('',(-8.5,37.7,10.45));
#5583 = VECTOR('',#5584,1.);
#5584 = DIRECTION('',(-0.,1.,0.));
#5585 = PCURVE('',#1708,#5586);
#5586 = DEFINITIONAL_REPRESENTATION('',(#5587),#5591);
#5587 = LINE('',#5588,#5589);
#5588 = CARTESIAN_POINT('',(5.95,0.));
#5589 = VECTOR('',#5590,1.);
#5590 = DIRECTION('',(0.,-1.));
#5591 = ( GEOMETRIC_REPRESENTATION_CONTEXT(2) 
PARAMETRIC_REPRESENTATION_CONTEXT() REPRESENTATION_CONTEXT('2D SPACE',''
  ) );
#5592 = PCURVE('',#5504,#5593);
#5593 = DEFINITIONAL_REPRESENTATION('',(#5594),#5597);
#5594 = B_SPLINE_CURVE_WITH_KNOTS('',1,(#5595,#5596),.UNSPECIFIED.,.F.,
  .F.,(2,2),(0.,2.),.PIECEWISE_BEZIER_KNOTS.);
#5595 = CARTESIAN_POINT('',(0.,2.));
#5596 = CARTESIAN_POINT('',(0.,0.));
#5597 = ( GEOMETRIC_REPRESENTATION_CONTEXT(2) 
PARAMETRIC_REPRESENTATION_CONTEXT() REPRESENTATION_CONTEXT('2D SPACE',''
  ) );
#5598 = ADVANCED_FACE('',(#5599),#1658,.F.);
#5599 = FACE_BOUND('',#5600,.F.);
#5600 = EDGE_LOOP('',(#5601,#5602,#5603,#5626));
#5601 = ORIENTED_EDGE('',*,*,#5462,.F.);
#5602 = ORIENTED_EDGE('',*,*,#1643,.T.);
#5603 = ORIENTED_EDGE('',*,*,#5604,.T.);
#5604 = EDGE_CURVE('',#1644,#5605,#5607,.T.);
#5605 = VERTEX_POINT('',#5606);
#5606 = CARTESIAN_POINT('',(-12.5,39.7,10.45));
#5607 = SURFACE_CURVE('',#5608,(#5612,#5619),.PCURVE_S1.);
#5608 = LINE('',#5609,#5610);
#5609 = CARTESIAN_POINT('',(-12.5,39.7,4.5));
#5610 = VECTOR('',#5611,1.);
#5611 = DIRECTION('',(0.,0.,1.));
#5612 = PCURVE('',#1658,#5613);
#5613 = DEFINITIONAL_REPRESENTATION('',(#5614),#5618);
#5614 = LINE('',#5615,#5616);
#5615 = CARTESIAN_POINT('',(0.,-2.));
#5616 = VECTOR('',#5617,1.);
#5617 = DIRECTION('',(1.,0.));
#5618 = ( GEOMETRIC_REPRESENTATION_CONTEXT(2) 
PARAMETRIC_REPRESENTATION_CONTEXT() REPRESENTATION_CONTEXT('2D SPACE',''
  ) );
#5619 = PCURVE('',#1684,#5620);
#5620 = DEFINITIONAL_REPRESENTATION('',(#5621),#5625);
#5621 = LINE('',#5622,#5623);
#5622 = CARTESIAN_POINT('',(0.,0.));
#5623 = VECTOR('',#5624,1.);
#5624 = DIRECTION('',(1.,0.));
#5625 = ( GEOMETRIC_REPRESENTATION_CONTEXT(2) 
PARAMETRIC_REPRESENTATION_CONTEXT() REPRESENTATION_CONTEXT('2D SPACE',''
  ) );
#5626 = ORIENTED_EDGE('',*,*,#5627,.F.);
#5627 = EDGE_CURVE('',#5463,#5605,#5628,.T.);
#5628 = SURFACE_CURVE('',#5629,(#5633,#5640),.PCURVE_S1.);
#5629 = LINE('',#5630,#5631);
#5630 = CARTESIAN_POINT('',(-12.5,37.7,10.45));
#5631 = VECTOR('',#5632,1.);
#5632 = DIRECTION('',(-0.,1.,0.));
#5633 = PCURVE('',#1658,#5634);
#5634 = DEFINITIONAL_REPRESENTATION('',(#5635),#5639);
#5635 = LINE('',#5636,#5637);
#5636 = CARTESIAN_POINT('',(5.95,0.));
#5637 = VECTOR('',#5638,1.);
#5638 = DIRECTION('',(0.,-1.));
#5639 = ( GEOMETRIC_REPRESENTATION_CONTEXT(2) 
PARAMETRIC_REPRESENTATION_CONTEXT() REPRESENTATION_CONTEXT('2D SPACE',''
  ) );
#5640 = PCURVE('',#5504,#5641);
#5641 = DEFINITIONAL_REPRESENTATION('',(#5642),#5646);
#5642 = LINE('',#5643,#5644);
#5643 = CARTESIAN_POINT('',(3.14159265359,2.));
#5644 = VECTOR('',#5645,1.);
#5645 = DIRECTION('',(0.,-1.));
#5646 = ( GEOMETRIC_REPRESENTATION_CONTEXT(2) 
PARAMETRIC_REPRESENTATION_CONTEXT() REPRESENTATION_CONTEXT('2D SPACE',''
  ) );
#5647 = ADVANCED_FACE('',(#5648,#5679),#1684,.T.);
#5648 = FACE_BOUND('',#5649,.T.);
#5649 = EDGE_LOOP('',(#5650,#5651,#5652,#5653));
#5650 = ORIENTED_EDGE('',*,*,#5556,.F.);
#5651 = ORIENTED_EDGE('',*,*,#1669,.T.);
#5652 = ORIENTED_EDGE('',*,*,#5604,.T.);
#5653 = ORIENTED_EDGE('',*,*,#5654,.F.);
#5654 = EDGE_CURVE('',#5557,#5605,#5655,.T.);
#5655 = SURFACE_CURVE('',#5656,(#5661,#5672),.PCURVE_S1.);
#5656 = CIRCLE('',#5657,2.);
#5657 = AXIS2_PLACEMENT_3D('',#5658,#5659,#5660);
#5658 = CARTESIAN_POINT('',(-10.5,39.7,10.45));
#5659 = DIRECTION('',(0.,-1.,2.22044604925E-16));
#5660 = DIRECTION('',(1.,0.,0.));
#5661 = PCURVE('',#1684,#5662);
#5662 = DEFINITIONAL_REPRESENTATION('',(#5663),#5671);
#5663 = ( BOUNDED_CURVE() B_SPLINE_CURVE(2,(#5664,#5665,#5666,#5667,
#5668,#5669,#5670),.UNSPECIFIED.,.T.,.F.) B_SPLINE_CURVE_WITH_KNOTS((1,2
    ,2,2,2,1),(-2.094395102393,0.,2.094395102393,4.188790204786,
6.28318530718,8.377580409573),.UNSPECIFIED.) CURVE() 
GEOMETRIC_REPRESENTATION_ITEM() RATIONAL_B_SPLINE_CURVE((1.,0.5,1.,0.5,
1.,0.5,1.)) REPRESENTATION_ITEM('') );
#5664 = CARTESIAN_POINT('',(5.95,4.));
#5665 = CARTESIAN_POINT('',(9.414101615138,4.));
#5666 = CARTESIAN_POINT('',(7.682050807569,1.));
#5667 = CARTESIAN_POINT('',(5.95,-2.));
#5668 = CARTESIAN_POINT('',(4.217949192431,1.));
#5669 = CARTESIAN_POINT('',(2.485898384862,4.));
#5670 = CARTESIAN_POINT('',(5.95,4.));
#5671 = ( GEOMETRIC_REPRESENTATION_CONTEXT(2) 
PARAMETRIC_REPRESENTATION_CONTEXT() REPRESENTATION_CONTEXT('2D SPACE',''
  ) );
#5672 = PCURVE('',#5504,#5673);
#5673 = DEFINITIONAL_REPRESENTATION('',(#5674),#5678);
#5674 = LINE('',#5675,#5676);
#5675 = CARTESIAN_POINT('',(0.,0.));
#5676 = VECTOR('',#5677,1.);
#5677 = DIRECTION('',(1.,0.));
#5678 = ( GEOMETRIC_REPRESENTATION_CONTEXT(2) 
PARAMETRIC_REPRESENTATION_CONTEXT() REPRESENTATION_CONTEXT('2D SPACE',''
  ) );
#5679 = FACE_BOUND('',#5680,.T.);
#5680 = EDGE_LOOP('',(#5681));
#5681 = ORIENTED_EDGE('',*,*,#5682,.T.);
#5682 = EDGE_CURVE('',#5683,#5683,#5685,.T.);
#5683 = VERTEX_POINT('',#5684);
#5684 = CARTESIAN_POINT('',(-9.5,39.7,10.45));
#5685 = SURFACE_CURVE('',#5686,(#5691,#5702),.PCURVE_S1.);
#5686 = CIRCLE('',#5687,1.);
#5687 = AXIS2_PLACEMENT_3D('',#5688,#5689,#5690);
#5688 = CARTESIAN_POINT('',(-10.5,39.7,10.45));
#5689 = DIRECTION('',(0.,-1.,2.22044604925E-16));
#5690 = DIRECTION('',(1.,0.,0.));
#5691 = PCURVE('',#1684,#5692);
#5692 = DEFINITIONAL_REPRESENTATION('',(#5693),#5701);
#5693 = ( BOUNDED_CURVE() B_SPLINE_CURVE(2,(#5694,#5695,#5696,#5697,
#5698,#5699,#5700),.UNSPECIFIED.,.T.,.F.) B_SPLINE_CURVE_WITH_KNOTS((1,2
    ,2,2,2,1),(-2.094395102393,0.,2.094395102393,4.188790204786,
6.28318530718,8.377580409573),.UNSPECIFIED.) CURVE() 
GEOMETRIC_REPRESENTATION_ITEM() RATIONAL_B_SPLINE_CURVE((1.,0.5,1.,0.5,
1.,0.5,1.)) REPRESENTATION_ITEM('') );
#5694 = CARTESIAN_POINT('',(5.95,3.));
#5695 = CARTESIAN_POINT('',(7.682050807569,3.));
#5696 = CARTESIAN_POINT('',(6.816025403784,1.5));
#5697 = CARTESIAN_POINT('',(5.95,4.440892098501E-16));
#5698 = CARTESIAN_POINT('',(5.083974596216,1.5));
#5699 = CARTESIAN_POINT('',(4.217949192431,3.));
#5700 = CARTESIAN_POINT('',(5.95,3.));
#5701 = ( GEOMETRIC_REPRESENTATION_CONTEXT(2) 
PARAMETRIC_REPRESENTATION_CONTEXT() REPRESENTATION_CONTEXT('2D SPACE',''
  ) );
#5702 = PCURVE('',#5539,#5703);
#5703 = DEFINITIONAL_REPRESENTATION('',(#5704),#5708);
#5704 = LINE('',#5705,#5706);
#5705 = CARTESIAN_POINT('',(0.,0.1));
#5706 = VECTOR('',#5707,1.);
#5707 = DIRECTION('',(1.,0.));
#5708 = ( GEOMETRIC_REPRESENTATION_CONTEXT(2) 
PARAMETRIC_REPRESENTATION_CONTEXT() REPRESENTATION_CONTEXT('2D SPACE',''
  ) );
#5709 = ADVANCED_FACE('',(#5710,#5790),#1738,.F.);
#5710 = FACE_BOUND('',#5711,.F.);
#5711 = EDGE_LOOP('',(#5712,#5735,#5736,#5759));
#5712 = ORIENTED_EDGE('',*,*,#5713,.F.);
#5713 = EDGE_CURVE('',#1722,#5714,#5716,.T.);
#5714 = VERTEX_POINT('',#5715);
#5715 = CARTESIAN_POINT('',(-8.5,46.3,10.45));
#5716 = SURFACE_CURVE('',#5717,(#5721,#5728),.PCURVE_S1.);
#5717 = LINE('',#5718,#5719);
#5718 = CARTESIAN_POINT('',(-8.5,46.3,4.5));
#5719 = VECTOR('',#5720,1.);
#5720 = DIRECTION('',(0.,0.,1.));
#5721 = PCURVE('',#1738,#5722);
#5722 = DEFINITIONAL_REPRESENTATION('',(#5723),#5727);
#5723 = LINE('',#5724,#5725);
#5724 = CARTESIAN_POINT('',(0.,4.));
#5725 = VECTOR('',#5726,1.);
#5726 = DIRECTION('',(1.,0.));
#5727 = ( GEOMETRIC_REPRESENTATION_CONTEXT(2) 
PARAMETRIC_REPRESENTATION_CONTEXT() REPRESENTATION_CONTEXT('2D SPACE',''
  ) );
#5728 = PCURVE('',#1814,#5729);
#5729 = DEFINITIONAL_REPRESENTATION('',(#5730),#5734);
#5730 = LINE('',#5731,#5732);
#5731 = CARTESIAN_POINT('',(0.,0.));
#5732 = VECTOR('',#5733,1.);
#5733 = DIRECTION('',(1.,0.));
#5734 = ( GEOMETRIC_REPRESENTATION_CONTEXT(2) 
PARAMETRIC_REPRESENTATION_CONTEXT() REPRESENTATION_CONTEXT('2D SPACE',''
  ) );
#5735 = ORIENTED_EDGE('',*,*,#1721,.T.);
#5736 = ORIENTED_EDGE('',*,*,#5737,.T.);
#5737 = EDGE_CURVE('',#1724,#5738,#5740,.T.);
#5738 = VERTEX_POINT('',#5739);
#5739 = CARTESIAN_POINT('',(-12.5,46.3,10.45));
#5740 = SURFACE_CURVE('',#5741,(#5745,#5752),.PCURVE_S1.);
#5741 = LINE('',#5742,#5743);
#5742 = CARTESIAN_POINT('',(-12.5,46.3,4.5));
#5743 = VECTOR('',#5744,1.);
#5744 = DIRECTION('',(0.,0.,1.));
#5745 = PCURVE('',#1738,#5746);
#5746 = DEFINITIONAL_REPRESENTATION('',(#5747),#5751);
#5747 = LINE('',#5748,#5749);
#5748 = CARTESIAN_POINT('',(0.,0.));
#5749 = VECTOR('',#5750,1.);
#5750 = DIRECTION('',(1.,0.));
#5751 = ( GEOMETRIC_REPRESENTATION_CONTEXT(2) 
PARAMETRIC_REPRESENTATION_CONTEXT() REPRESENTATION_CONTEXT('2D SPACE',''
  ) );
#5752 = PCURVE('',#1764,#5753);
#5753 = DEFINITIONAL_REPRESENTATION('',(#5754),#5758);
#5754 = LINE('',#5755,#5756);
#5755 = CARTESIAN_POINT('',(0.,0.));
#5756 = VECTOR('',#5757,1.);
#5757 = DIRECTION('',(1.,0.));
#5758 = ( GEOMETRIC_REPRESENTATION_CONTEXT(2) 
PARAMETRIC_REPRESENTATION_CONTEXT() REPRESENTATION_CONTEXT('2D SPACE',''
  ) );
#5759 = ORIENTED_EDGE('',*,*,#5760,.F.);
#5760 = EDGE_CURVE('',#5714,#5738,#5761,.T.);
#5761 = SURFACE_CURVE('',#5762,(#5767,#5778),.PCURVE_S1.);
#5762 = CIRCLE('',#5763,2.);
#5763 = AXIS2_PLACEMENT_3D('',#5764,#5765,#5766);
#5764 = CARTESIAN_POINT('',(-10.5,46.3,10.45));
#5765 = DIRECTION('',(0.,-1.,2.22044604925E-16));
#5766 = DIRECTION('',(1.,0.,0.));
#5767 = PCURVE('',#1738,#5768);
#5768 = DEFINITIONAL_REPRESENTATION('',(#5769),#5777);
#5769 = ( BOUNDED_CURVE() B_SPLINE_CURVE(2,(#5770,#5771,#5772,#5773,
#5774,#5775,#5776),.UNSPECIFIED.,.T.,.F.) B_SPLINE_CURVE_WITH_KNOTS((1,2
    ,2,2,2,1),(-2.094395102393,0.,2.094395102393,4.188790204786,
6.28318530718,8.377580409573),.UNSPECIFIED.) CURVE() 
GEOMETRIC_REPRESENTATION_ITEM() RATIONAL_B_SPLINE_CURVE((1.,0.5,1.,0.5,
1.,0.5,1.)) REPRESENTATION_ITEM('') );
#5770 = CARTESIAN_POINT('',(5.95,4.));
#5771 = CARTESIAN_POINT('',(9.414101615138,4.));
#5772 = CARTESIAN_POINT('',(7.682050807569,1.));
#5773 = CARTESIAN_POINT('',(5.95,-2.));
#5774 = CARTESIAN_POINT('',(4.217949192431,1.));
#5775 = CARTESIAN_POINT('',(2.485898384862,4.));
#5776 = CARTESIAN_POINT('',(5.95,4.));
#5777 = ( GEOMETRIC_REPRESENTATION_CONTEXT(2) 
PARAMETRIC_REPRESENTATION_CONTEXT() REPRESENTATION_CONTEXT('2D SPACE',''
  ) );
#5778 = PCURVE('',#5779,#5784);
#5779 = CYLINDRICAL_SURFACE('',#5780,2.);
#5780 = AXIS2_PLACEMENT_3D('',#5781,#5782,#5783);
#5781 = CARTESIAN_POINT('',(-10.5,48.3,10.45));
#5782 = DIRECTION('',(0.,-1.,2.22044604925E-16));
#5783 = DIRECTION('',(1.,0.,0.));
#5784 = DEFINITIONAL_REPRESENTATION('',(#5785),#5789);
#5785 = LINE('',#5786,#5787);
#5786 = CARTESIAN_POINT('',(0.,2.));
#5787 = VECTOR('',#5788,1.);
#5788 = DIRECTION('',(1.,0.));
#5789 = ( GEOMETRIC_REPRESENTATION_CONTEXT(2) 
PARAMETRIC_REPRESENTATION_CONTEXT() REPRESENTATION_CONTEXT('2D SPACE',''
  ) );
#5790 = FACE_BOUND('',#5791,.F.);
#5791 = EDGE_LOOP('',(#5792));
#5792 = ORIENTED_EDGE('',*,*,#5793,.T.);
#5793 = EDGE_CURVE('',#5794,#5794,#5796,.T.);
#5794 = VERTEX_POINT('',#5795);
#5795 = CARTESIAN_POINT('',(-9.5,46.3,10.45));
#5796 = SURFACE_CURVE('',#5797,(#5802,#5813),.PCURVE_S1.);
#5797 = CIRCLE('',#5798,1.);
#5798 = AXIS2_PLACEMENT_3D('',#5799,#5800,#5801);
#5799 = CARTESIAN_POINT('',(-10.5,46.3,10.45));
#5800 = DIRECTION('',(0.,-1.,2.22044604925E-16));
#5801 = DIRECTION('',(1.,0.,0.));
#5802 = PCURVE('',#1738,#5803);
#5803 = DEFINITIONAL_REPRESENTATION('',(#5804),#5812);
#5804 = ( BOUNDED_CURVE() B_SPLINE_CURVE(2,(#5805,#5806,#5807,#5808,
#5809,#5810,#5811),.UNSPECIFIED.,.T.,.F.) B_SPLINE_CURVE_WITH_KNOTS((1,2
    ,2,2,2,1),(-2.094395102393,0.,2.094395102393,4.188790204786,
6.28318530718,8.377580409573),.UNSPECIFIED.) CURVE() 
GEOMETRIC_REPRESENTATION_ITEM() RATIONAL_B_SPLINE_CURVE((1.,0.5,1.,0.5,
1.,0.5,1.)) REPRESENTATION_ITEM('') );
#5805 = CARTESIAN_POINT('',(5.95,3.));
#5806 = CARTESIAN_POINT('',(7.682050807569,3.));
#5807 = CARTESIAN_POINT('',(6.816025403784,1.5));
#5808 = CARTESIAN_POINT('',(5.95,4.440892098501E-16));
#5809 = CARTESIAN_POINT('',(5.083974596216,1.5));
#5810 = CARTESIAN_POINT('',(4.217949192431,3.));
#5811 = CARTESIAN_POINT('',(5.95,3.));
#5812 = ( GEOMETRIC_REPRESENTATION_CONTEXT(2) 
PARAMETRIC_REPRESENTATION_CONTEXT() REPRESENTATION_CONTEXT('2D SPACE',''
  ) );
#5813 = PCURVE('',#5814,#5819);
#5814 = CYLINDRICAL_SURFACE('',#5815,1.);
#5815 = AXIS2_PLACEMENT_3D('',#5816,#5817,#5818);
#5816 = CARTESIAN_POINT('',(-10.5,48.4,10.45));
#5817 = DIRECTION('',(0.,-1.,2.22044604925E-16));
#5818 = DIRECTION('',(1.,0.,0.));
#5819 = DEFINITIONAL_REPRESENTATION('',(#5820),#5824);
#5820 = LINE('',#5821,#5822);
#5821 = CARTESIAN_POINT('',(0.,2.1));
#5822 = VECTOR('',#5823,1.);
#5823 = DIRECTION('',(1.,0.));
#5824 = ( GEOMETRIC_REPRESENTATION_CONTEXT(2) 
PARAMETRIC_REPRESENTATION_CONTEXT() REPRESENTATION_CONTEXT('2D SPACE',''
  ) );
#5825 = ADVANCED_FACE('',(#5826),#1814,.T.);
#5826 = FACE_BOUND('',#5827,.T.);
#5827 = EDGE_LOOP('',(#5828,#5829,#5830,#5853));
#5828 = ORIENTED_EDGE('',*,*,#5713,.F.);
#5829 = ORIENTED_EDGE('',*,*,#1801,.T.);
#5830 = ORIENTED_EDGE('',*,*,#5831,.T.);
#5831 = EDGE_CURVE('',#1776,#5832,#5834,.T.);
#5832 = VERTEX_POINT('',#5833);
#5833 = CARTESIAN_POINT('',(-8.5,48.3,10.45));
#5834 = SURFACE_CURVE('',#5835,(#5839,#5846),.PCURVE_S1.);
#5835 = LINE('',#5836,#5837);
#5836 = CARTESIAN_POINT('',(-8.5,48.3,4.5));
#5837 = VECTOR('',#5838,1.);
#5838 = DIRECTION('',(0.,0.,1.));
#5839 = PCURVE('',#1814,#5840);
#5840 = DEFINITIONAL_REPRESENTATION('',(#5841),#5845);
#5841 = LINE('',#5842,#5843);
#5842 = CARTESIAN_POINT('',(0.,-2.));
#5843 = VECTOR('',#5844,1.);
#5844 = DIRECTION('',(1.,0.));
#5845 = ( GEOMETRIC_REPRESENTATION_CONTEXT(2) 
PARAMETRIC_REPRESENTATION_CONTEXT() REPRESENTATION_CONTEXT('2D SPACE',''
  ) );
#5846 = PCURVE('',#1790,#5847);
#5847 = DEFINITIONAL_REPRESENTATION('',(#5848),#5852);
#5848 = LINE('',#5849,#5850);
#5849 = CARTESIAN_POINT('',(0.,4.));
#5850 = VECTOR('',#5851,1.);
#5851 = DIRECTION('',(1.,0.));
#5852 = ( GEOMETRIC_REPRESENTATION_CONTEXT(2) 
PARAMETRIC_REPRESENTATION_CONTEXT() REPRESENTATION_CONTEXT('2D SPACE',''
  ) );
#5853 = ORIENTED_EDGE('',*,*,#5854,.F.);
#5854 = EDGE_CURVE('',#5714,#5832,#5855,.T.);
#5855 = SURFACE_CURVE('',#5856,(#5860,#5867),.PCURVE_S1.);
#5856 = LINE('',#5857,#5858);
#5857 = CARTESIAN_POINT('',(-8.5,46.3,10.45));
#5858 = VECTOR('',#5859,1.);
#5859 = DIRECTION('',(-0.,1.,0.));
#5860 = PCURVE('',#1814,#5861);
#5861 = DEFINITIONAL_REPRESENTATION('',(#5862),#5866);
#5862 = LINE('',#5863,#5864);
#5863 = CARTESIAN_POINT('',(5.95,0.));
#5864 = VECTOR('',#5865,1.);
#5865 = DIRECTION('',(0.,-1.));
#5866 = ( GEOMETRIC_REPRESENTATION_CONTEXT(2) 
PARAMETRIC_REPRESENTATION_CONTEXT() REPRESENTATION_CONTEXT('2D SPACE',''
  ) );
#5867 = PCURVE('',#5779,#5868);
#5868 = DEFINITIONAL_REPRESENTATION('',(#5869),#5872);
#5869 = B_SPLINE_CURVE_WITH_KNOTS('',1,(#5870,#5871),.UNSPECIFIED.,.F.,
  .F.,(2,2),(0.,2.),.PIECEWISE_BEZIER_KNOTS.);
#5870 = CARTESIAN_POINT('',(0.,2.));
#5871 = CARTESIAN_POINT('',(0.,0.));
#5872 = ( GEOMETRIC_REPRESENTATION_CONTEXT(2) 
PARAMETRIC_REPRESENTATION_CONTEXT() REPRESENTATION_CONTEXT('2D SPACE',''
  ) );
#5873 = ADVANCED_FACE('',(#5874),#1764,.F.);
#5874 = FACE_BOUND('',#5875,.F.);
#5875 = EDGE_LOOP('',(#5876,#5877,#5878,#5901));
#5876 = ORIENTED_EDGE('',*,*,#5737,.F.);
#5877 = ORIENTED_EDGE('',*,*,#1749,.T.);
#5878 = ORIENTED_EDGE('',*,*,#5879,.T.);
#5879 = EDGE_CURVE('',#1750,#5880,#5882,.T.);
#5880 = VERTEX_POINT('',#5881);
#5881 = CARTESIAN_POINT('',(-12.5,48.3,10.45));
#5882 = SURFACE_CURVE('',#5883,(#5887,#5894),.PCURVE_S1.);
#5883 = LINE('',#5884,#5885);
#5884 = CARTESIAN_POINT('',(-12.5,48.3,4.5));
#5885 = VECTOR('',#5886,1.);
#5886 = DIRECTION('',(0.,0.,1.));
#5887 = PCURVE('',#1764,#5888);
#5888 = DEFINITIONAL_REPRESENTATION('',(#5889),#5893);
#5889 = LINE('',#5890,#5891);
#5890 = CARTESIAN_POINT('',(0.,-2.));
#5891 = VECTOR('',#5892,1.);
#5892 = DIRECTION('',(1.,0.));
#5893 = ( GEOMETRIC_REPRESENTATION_CONTEXT(2) 
PARAMETRIC_REPRESENTATION_CONTEXT() REPRESENTATION_CONTEXT('2D SPACE',''
  ) );
#5894 = PCURVE('',#1790,#5895);
#5895 = DEFINITIONAL_REPRESENTATION('',(#5896),#5900);
#5896 = LINE('',#5897,#5898);
#5897 = CARTESIAN_POINT('',(0.,0.));
#5898 = VECTOR('',#5899,1.);
#5899 = DIRECTION('',(1.,0.));
#5900 = ( GEOMETRIC_REPRESENTATION_CONTEXT(2) 
PARAMETRIC_REPRESENTATION_CONTEXT() REPRESENTATION_CONTEXT('2D SPACE',''
  ) );
#5901 = ORIENTED_EDGE('',*,*,#5902,.F.);
#5902 = EDGE_CURVE('',#5738,#5880,#5903,.T.);
#5903 = SURFACE_CURVE('',#5904,(#5908,#5915),.PCURVE_S1.);
#5904 = LINE('',#5905,#5906);
#5905 = CARTESIAN_POINT('',(-12.5,46.3,10.45));
#5906 = VECTOR('',#5907,1.);
#5907 = DIRECTION('',(-0.,1.,0.));
#5908 = PCURVE('',#1764,#5909);
#5909 = DEFINITIONAL_REPRESENTATION('',(#5910),#5914);
#5910 = LINE('',#5911,#5912);
#5911 = CARTESIAN_POINT('',(5.95,0.));
#5912 = VECTOR('',#5913,1.);
#5913 = DIRECTION('',(0.,-1.));
#5914 = ( GEOMETRIC_REPRESENTATION_CONTEXT(2) 
PARAMETRIC_REPRESENTATION_CONTEXT() REPRESENTATION_CONTEXT('2D SPACE',''
  ) );
#5915 = PCURVE('',#5779,#5916);
#5916 = DEFINITIONAL_REPRESENTATION('',(#5917),#5921);
#5917 = LINE('',#5918,#5919);
#5918 = CARTESIAN_POINT('',(3.14159265359,2.));
#5919 = VECTOR('',#5920,1.);
#5920 = DIRECTION('',(0.,-1.));
#5921 = ( GEOMETRIC_REPRESENTATION_CONTEXT(2) 
PARAMETRIC_REPRESENTATION_CONTEXT() REPRESENTATION_CONTEXT('2D SPACE',''
  ) );
#5922 = ADVANCED_FACE('',(#5923,#5954),#1790,.T.);
#5923 = FACE_BOUND('',#5924,.T.);
#5924 = EDGE_LOOP('',(#5925,#5926,#5927,#5928));
#5925 = ORIENTED_EDGE('',*,*,#5831,.F.);
#5926 = ORIENTED_EDGE('',*,*,#1775,.T.);
#5927 = ORIENTED_EDGE('',*,*,#5879,.T.);
#5928 = ORIENTED_EDGE('',*,*,#5929,.F.);
#5929 = EDGE_CURVE('',#5832,#5880,#5930,.T.);
#5930 = SURFACE_CURVE('',#5931,(#5936,#5947),.PCURVE_S1.);
#5931 = CIRCLE('',#5932,2.);
#5932 = AXIS2_PLACEMENT_3D('',#5933,#5934,#5935);
#5933 = CARTESIAN_POINT('',(-10.5,48.3,10.45));
#5934 = DIRECTION('',(0.,-1.,2.22044604925E-16));
#5935 = DIRECTION('',(1.,0.,0.));
#5936 = PCURVE('',#1790,#5937);
#5937 = DEFINITIONAL_REPRESENTATION('',(#5938),#5946);
#5938 = ( BOUNDED_CURVE() B_SPLINE_CURVE(2,(#5939,#5940,#5941,#5942,
#5943,#5944,#5945),.UNSPECIFIED.,.T.,.F.) B_SPLINE_CURVE_WITH_KNOTS((1,2
    ,2,2,2,1),(-2.094395102393,0.,2.094395102393,4.188790204786,
6.28318530718,8.377580409573),.UNSPECIFIED.) CURVE() 
GEOMETRIC_REPRESENTATION_ITEM() RATIONAL_B_SPLINE_CURVE((1.,0.5,1.,0.5,
1.,0.5,1.)) REPRESENTATION_ITEM('') );
#5939 = CARTESIAN_POINT('',(5.95,4.));
#5940 = CARTESIAN_POINT('',(9.414101615138,4.));
#5941 = CARTESIAN_POINT('',(7.682050807569,1.));
#5942 = CARTESIAN_POINT('',(5.95,-2.));
#5943 = CARTESIAN_POINT('',(4.217949192431,1.));
#5944 = CARTESIAN_POINT('',(2.485898384862,4.));
#5945 = CARTESIAN_POINT('',(5.95,4.));
#5946 = ( GEOMETRIC_REPRESENTATION_CONTEXT(2) 
PARAMETRIC_REPRESENTATION_CONTEXT() REPRESENTATION_CONTEXT('2D SPACE',''
  ) );
#5947 = PCURVE('',#5779,#5948);
#5948 = DEFINITIONAL_REPRESENTATION('',(#5949),#5953);
#5949 = LINE('',#5950,#5951);
#5950 = CARTESIAN_POINT('',(0.,0.));
#5951 = VECTOR('',#5952,1.);
#5952 = DIRECTION('',(1.,0.));
#5953 = ( GEOMETRIC_REPRESENTATION_CONTEXT(2) 
PARAMETRIC_REPRESENTATION_CONTEXT() REPRESENTATION_CONTEXT('2D SPACE',''
  ) );
#5954 = FACE_BOUND('',#5955,.T.);
#5955 = EDGE_LOOP('',(#5956));
#5956 = ORIENTED_EDGE('',*,*,#5957,.T.);
#5957 = EDGE_CURVE('',#5958,#5958,#5960,.T.);
#5958 = VERTEX_POINT('',#5959);
#5959 = CARTESIAN_POINT('',(-9.5,48.3,10.45));
#5960 = SURFACE_CURVE('',#5961,(#5966,#5977),.PCURVE_S1.);
#5961 = CIRCLE('',#5962,1.);
#5962 = AXIS2_PLACEMENT_3D('',#5963,#5964,#5965);
#5963 = CARTESIAN_POINT('',(-10.5,48.3,10.45));
#5964 = DIRECTION('',(0.,-1.,2.22044604925E-16));
#5965 = DIRECTION('',(1.,0.,0.));
#5966 = PCURVE('',#1790,#5967);
#5967 = DEFINITIONAL_REPRESENTATION('',(#5968),#5976);
#5968 = ( BOUNDED_CURVE() B_SPLINE_CURVE(2,(#5969,#5970,#5971,#5972,
#5973,#5974,#5975),.UNSPECIFIED.,.T.,.F.) B_SPLINE_CURVE_WITH_KNOTS((1,2
    ,2,2,2,1),(-2.094395102393,0.,2.094395102393,4.188790204786,
6.28318530718,8.377580409573),.UNSPECIFIED.) CURVE() 
GEOMETRIC_REPRESENTATION_ITEM() RATIONAL_B_SPLINE_CURVE((1.,0.5,1.,0.5,
1.,0.5,1.)) REPRESENTATION_ITEM('') );
#5969 = CARTESIAN_POINT('',(5.95,3.));
#5970 = CARTESIAN_POINT('',(7.682050807569,3.));
#5971 = CARTESIAN_POINT('',(6.816025403784,1.5));
#5972 = CARTESIAN_POINT('',(5.95,4.440892098501E-16));
#5973 = CARTESIAN_POINT('',(5.083974596216,1.5));
#5974 = CARTESIAN_POINT('',(4.217949192431,3.));
#5975 = CARTESIAN_POINT('',(5.95,3.));
#5976 = ( GEOMETRIC_REPRESENTATION_CONTEXT(2) 
PARAMETRIC_REPRESENTATION_CONTEXT() REPRESENTATION_CONTEXT('2D SPACE',''
  ) );
#5977 = PCURVE('',#5814,#5978);
#5978 = DEFINITIONAL_REPRESENTATION('',(#5979),#5983);
#5979 = LINE('',#5980,#5981);
#5980 = CARTESIAN_POINT('',(0.,0.1));
#5981 = VECTOR('',#5982,1.);
#5982 = DIRECTION('',(1.,0.));
#5983 = ( GEOMETRIC_REPRESENTATION_CONTEXT(2) 
PARAMETRIC_REPRESENTATION_CONTEXT() REPRESENTATION_CONTEXT('2D SPACE',''
  ) );
#5984 = ADVANCED_FACE('',(#5985,#6065),#1844,.F.);
#5985 = FACE_BOUND('',#5986,.F.);
#5986 = EDGE_LOOP('',(#5987,#6010,#6011,#6034));
#5987 = ORIENTED_EDGE('',*,*,#5988,.F.);
#5988 = EDGE_CURVE('',#1828,#5989,#5991,.T.);
#5989 = VERTEX_POINT('',#5990);
#5990 = CARTESIAN_POINT('',(-8.5,62.7,10.45));
#5991 = SURFACE_CURVE('',#5992,(#5996,#6003),.PCURVE_S1.);
#5992 = LINE('',#5993,#5994);
#5993 = CARTESIAN_POINT('',(-8.5,62.7,4.5));
#5994 = VECTOR('',#5995,1.);
#5995 = DIRECTION('',(0.,0.,1.));
#5996 = PCURVE('',#1844,#5997);
#5997 = DEFINITIONAL_REPRESENTATION('',(#5998),#6002);
#5998 = LINE('',#5999,#6000);
#5999 = CARTESIAN_POINT('',(0.,4.));
#6000 = VECTOR('',#6001,1.);
#6001 = DIRECTION('',(1.,0.));
#6002 = ( GEOMETRIC_REPRESENTATION_CONTEXT(2) 
PARAMETRIC_REPRESENTATION_CONTEXT() REPRESENTATION_CONTEXT('2D SPACE',''
  ) );
#6003 = PCURVE('',#1920,#6004);
#6004 = DEFINITIONAL_REPRESENTATION('',(#6005),#6009);
#6005 = LINE('',#6006,#6007);
#6006 = CARTESIAN_POINT('',(0.,0.));
#6007 = VECTOR('',#6008,1.);
#6008 = DIRECTION('',(1.,0.));
#6009 = ( GEOMETRIC_REPRESENTATION_CONTEXT(2) 
PARAMETRIC_REPRESENTATION_CONTEXT() REPRESENTATION_CONTEXT('2D SPACE',''
  ) );
#6010 = ORIENTED_EDGE('',*,*,#1827,.T.);
#6011 = ORIENTED_EDGE('',*,*,#6012,.T.);
#6012 = EDGE_CURVE('',#1830,#6013,#6015,.T.);
#6013 = VERTEX_POINT('',#6014);
#6014 = CARTESIAN_POINT('',(-12.5,62.7,10.45));
#6015 = SURFACE_CURVE('',#6016,(#6020,#6027),.PCURVE_S1.);
#6016 = LINE('',#6017,#6018);
#6017 = CARTESIAN_POINT('',(-12.5,62.7,4.5));
#6018 = VECTOR('',#6019,1.);
#6019 = DIRECTION('',(0.,0.,1.));
#6020 = PCURVE('',#1844,#6021);
#6021 = DEFINITIONAL_REPRESENTATION('',(#6022),#6026);
#6022 = LINE('',#6023,#6024);
#6023 = CARTESIAN_POINT('',(0.,0.));
#6024 = VECTOR('',#6025,1.);
#6025 = DIRECTION('',(1.,0.));
#6026 = ( GEOMETRIC_REPRESENTATION_CONTEXT(2) 
PARAMETRIC_REPRESENTATION_CONTEXT() REPRESENTATION_CONTEXT('2D SPACE',''
  ) );
#6027 = PCURVE('',#1870,#6028);
#6028 = DEFINITIONAL_REPRESENTATION('',(#6029),#6033);
#6029 = LINE('',#6030,#6031);
#6030 = CARTESIAN_POINT('',(0.,0.));
#6031 = VECTOR('',#6032,1.);
#6032 = DIRECTION('',(1.,0.));
#6033 = ( GEOMETRIC_REPRESENTATION_CONTEXT(2) 
PARAMETRIC_REPRESENTATION_CONTEXT() REPRESENTATION_CONTEXT('2D SPACE',''
  ) );
#6034 = ORIENTED_EDGE('',*,*,#6035,.F.);
#6035 = EDGE_CURVE('',#5989,#6013,#6036,.T.);
#6036 = SURFACE_CURVE('',#6037,(#6042,#6053),.PCURVE_S1.);
#6037 = CIRCLE('',#6038,2.);
#6038 = AXIS2_PLACEMENT_3D('',#6039,#6040,#6041);
#6039 = CARTESIAN_POINT('',(-10.5,62.7,10.45));
#6040 = DIRECTION('',(0.,-1.,2.22044604925E-16));
#6041 = DIRECTION('',(1.,0.,0.));
#6042 = PCURVE('',#1844,#6043);
#6043 = DEFINITIONAL_REPRESENTATION('',(#6044),#6052);
#6044 = ( BOUNDED_CURVE() B_SPLINE_CURVE(2,(#6045,#6046,#6047,#6048,
#6049,#6050,#6051),.UNSPECIFIED.,.T.,.F.) B_SPLINE_CURVE_WITH_KNOTS((1,2
    ,2,2,2,1),(-2.094395102393,0.,2.094395102393,4.188790204786,
6.28318530718,8.377580409573),.UNSPECIFIED.) CURVE() 
GEOMETRIC_REPRESENTATION_ITEM() RATIONAL_B_SPLINE_CURVE((1.,0.5,1.,0.5,
1.,0.5,1.)) REPRESENTATION_ITEM('') );
#6045 = CARTESIAN_POINT('',(5.95,4.));
#6046 = CARTESIAN_POINT('',(9.414101615138,4.));
#6047 = CARTESIAN_POINT('',(7.682050807569,1.));
#6048 = CARTESIAN_POINT('',(5.95,-2.));
#6049 = CARTESIAN_POINT('',(4.217949192431,1.));
#6050 = CARTESIAN_POINT('',(2.485898384862,4.));
#6051 = CARTESIAN_POINT('',(5.95,4.));
#6052 = ( GEOMETRIC_REPRESENTATION_CONTEXT(2) 
PARAMETRIC_REPRESENTATION_CONTEXT() REPRESENTATION_CONTEXT('2D SPACE',''
  ) );
#6053 = PCURVE('',#6054,#6059);
#6054 = CYLINDRICAL_SURFACE('',#6055,2.);
#6055 = AXIS2_PLACEMENT_3D('',#6056,#6057,#6058);
#6056 = CARTESIAN_POINT('',(-10.5,64.7,10.45));
#6057 = DIRECTION('',(0.,-1.,2.22044604925E-16));
#6058 = DIRECTION('',(1.,0.,0.));
#6059 = DEFINITIONAL_REPRESENTATION('',(#6060),#6064);
#6060 = LINE('',#6061,#6062);
#6061 = CARTESIAN_POINT('',(0.,2.));
#6062 = VECTOR('',#6063,1.);
#6063 = DIRECTION('',(1.,0.));
#6064 = ( GEOMETRIC_REPRESENTATION_CONTEXT(2) 
PARAMETRIC_REPRESENTATION_CONTEXT() REPRESENTATION_CONTEXT('2D SPACE',''
  ) );
#6065 = FACE_BOUND('',#6066,.F.);
#6066 = EDGE_LOOP('',(#6067));
#6067 = ORIENTED_EDGE('',*,*,#6068,.T.);
#6068 = EDGE_CURVE('',#6069,#6069,#6071,.T.);
#6069 = VERTEX_POINT('',#6070);
#6070 = CARTESIAN_POINT('',(-9.5,62.7,10.45));
#6071 = SURFACE_CURVE('',#6072,(#6077,#6088),.PCURVE_S1.);
#6072 = CIRCLE('',#6073,1.);
#6073 = AXIS2_PLACEMENT_3D('',#6074,#6075,#6076);
#6074 = CARTESIAN_POINT('',(-10.5,62.7,10.45));
#6075 = DIRECTION('',(0.,-1.,2.22044604925E-16));
#6076 = DIRECTION('',(1.,0.,0.));
#6077 = PCURVE('',#1844,#6078);
#6078 = DEFINITIONAL_REPRESENTATION('',(#6079),#6087);
#6079 = ( BOUNDED_CURVE() B_SPLINE_CURVE(2,(#6080,#6081,#6082,#6083,
#6084,#6085,#6086),.UNSPECIFIED.,.T.,.F.) B_SPLINE_CURVE_WITH_KNOTS((1,2
    ,2,2,2,1),(-2.094395102393,0.,2.094395102393,4.188790204786,
6.28318530718,8.377580409573),.UNSPECIFIED.) CURVE() 
GEOMETRIC_REPRESENTATION_ITEM() RATIONAL_B_SPLINE_CURVE((1.,0.5,1.,0.5,
1.,0.5,1.)) REPRESENTATION_ITEM('') );
#6080 = CARTESIAN_POINT('',(5.95,3.));
#6081 = CARTESIAN_POINT('',(7.682050807569,3.));
#6082 = CARTESIAN_POINT('',(6.816025403784,1.5));
#6083 = CARTESIAN_POINT('',(5.95,4.440892098501E-16));
#6084 = CARTESIAN_POINT('',(5.083974596216,1.5));
#6085 = CARTESIAN_POINT('',(4.217949192431,3.));
#6086 = CARTESIAN_POINT('',(5.95,3.));
#6087 = ( GEOMETRIC_REPRESENTATION_CONTEXT(2) 
PARAMETRIC_REPRESENTATION_CONTEXT() REPRESENTATION_CONTEXT('2D SPACE',''
  ) );
#6088 = PCURVE('',#6089,#6094);
#6089 = CYLINDRICAL_SURFACE('',#6090,1.);
#6090 = AXIS2_PLACEMENT_3D('',#6091,#6092,#6093);
#6091 = CARTESIAN_POINT('',(-10.5,64.8,10.45));
#6092 = DIRECTION('',(0.,-1.,2.22044604925E-16));
#6093 = DIRECTION('',(1.,0.,0.));
#6094 = DEFINITIONAL_REPRESENTATION('',(#6095),#6099);
#6095 = LINE('',#6096,#6097);
#6096 = CARTESIAN_POINT('',(0.,2.1));
#6097 = VECTOR('',#6098,1.);
#6098 = DIRECTION('',(1.,0.));
#6099 = ( GEOMETRIC_REPRESENTATION_CONTEXT(2) 
PARAMETRIC_REPRESENTATION_CONTEXT() REPRESENTATION_CONTEXT('2D SPACE',''
  ) );
#6100 = ADVANCED_FACE('',(#6101),#1920,.T.);
#6101 = FACE_BOUND('',#6102,.T.);
#6102 = EDGE_LOOP('',(#6103,#6104,#6105,#6128));
#6103 = ORIENTED_EDGE('',*,*,#5988,.F.);
#6104 = ORIENTED_EDGE('',*,*,#1907,.T.);
#6105 = ORIENTED_EDGE('',*,*,#6106,.T.);
#6106 = EDGE_CURVE('',#1882,#6107,#6109,.T.);
#6107 = VERTEX_POINT('',#6108);
#6108 = CARTESIAN_POINT('',(-8.5,64.7,10.45));
#6109 = SURFACE_CURVE('',#6110,(#6114,#6121),.PCURVE_S1.);
#6110 = LINE('',#6111,#6112);
#6111 = CARTESIAN_POINT('',(-8.5,64.7,4.5));
#6112 = VECTOR('',#6113,1.);
#6113 = DIRECTION('',(0.,0.,1.));
#6114 = PCURVE('',#1920,#6115);
#6115 = DEFINITIONAL_REPRESENTATION('',(#6116),#6120);
#6116 = LINE('',#6117,#6118);
#6117 = CARTESIAN_POINT('',(0.,-2.));
#6118 = VECTOR('',#6119,1.);
#6119 = DIRECTION('',(1.,0.));
#6120 = ( GEOMETRIC_REPRESENTATION_CONTEXT(2) 
PARAMETRIC_REPRESENTATION_CONTEXT() REPRESENTATION_CONTEXT('2D SPACE',''
  ) );
#6121 = PCURVE('',#1896,#6122);
#6122 = DEFINITIONAL_REPRESENTATION('',(#6123),#6127);
#6123 = LINE('',#6124,#6125);
#6124 = CARTESIAN_POINT('',(0.,4.));
#6125 = VECTOR('',#6126,1.);
#6126 = DIRECTION('',(1.,0.));
#6127 = ( GEOMETRIC_REPRESENTATION_CONTEXT(2) 
PARAMETRIC_REPRESENTATION_CONTEXT() REPRESENTATION_CONTEXT('2D SPACE',''
  ) );
#6128 = ORIENTED_EDGE('',*,*,#6129,.F.);
#6129 = EDGE_CURVE('',#5989,#6107,#6130,.T.);
#6130 = SURFACE_CURVE('',#6131,(#6135,#6142),.PCURVE_S1.);
#6131 = LINE('',#6132,#6133);
#6132 = CARTESIAN_POINT('',(-8.5,62.7,10.45));
#6133 = VECTOR('',#6134,1.);
#6134 = DIRECTION('',(-0.,1.,0.));
#6135 = PCURVE('',#1920,#6136);
#6136 = DEFINITIONAL_REPRESENTATION('',(#6137),#6141);
#6137 = LINE('',#6138,#6139);
#6138 = CARTESIAN_POINT('',(5.95,0.));
#6139 = VECTOR('',#6140,1.);
#6140 = DIRECTION('',(0.,-1.));
#6141 = ( GEOMETRIC_REPRESENTATION_CONTEXT(2) 
PARAMETRIC_REPRESENTATION_CONTEXT() REPRESENTATION_CONTEXT('2D SPACE',''
  ) );
#6142 = PCURVE('',#6054,#6143);
#6143 = DEFINITIONAL_REPRESENTATION('',(#6144),#6147);
#6144 = B_SPLINE_CURVE_WITH_KNOTS('',1,(#6145,#6146),.UNSPECIFIED.,.F.,
  .F.,(2,2),(0.,2.),.PIECEWISE_BEZIER_KNOTS.);
#6145 = CARTESIAN_POINT('',(0.,2.));
#6146 = CARTESIAN_POINT('',(0.,0.));
#6147 = ( GEOMETRIC_REPRESENTATION_CONTEXT(2) 
PARAMETRIC_REPRESENTATION_CONTEXT() REPRESENTATION_CONTEXT('2D SPACE',''
  ) );
#6148 = ADVANCED_FACE('',(#6149),#1870,.F.);
#6149 = FACE_BOUND('',#6150,.F.);
#6150 = EDGE_LOOP('',(#6151,#6152,#6153,#6176));
#6151 = ORIENTED_EDGE('',*,*,#6012,.F.);
#6152 = ORIENTED_EDGE('',*,*,#1855,.T.);
#6153 = ORIENTED_EDGE('',*,*,#6154,.T.);
#6154 = EDGE_CURVE('',#1856,#6155,#6157,.T.);
#6155 = VERTEX_POINT('',#6156);
#6156 = CARTESIAN_POINT('',(-12.5,64.7,10.45));
#6157 = SURFACE_CURVE('',#6158,(#6162,#6169),.PCURVE_S1.);
#6158 = LINE('',#6159,#6160);
#6159 = CARTESIAN_POINT('',(-12.5,64.7,4.5));
#6160 = VECTOR('',#6161,1.);
#6161 = DIRECTION('',(0.,0.,1.));
#6162 = PCURVE('',#1870,#6163);
#6163 = DEFINITIONAL_REPRESENTATION('',(#6164),#6168);
#6164 = LINE('',#6165,#6166);
#6165 = CARTESIAN_POINT('',(0.,-2.));
#6166 = VECTOR('',#6167,1.);
#6167 = DIRECTION('',(1.,0.));
#6168 = ( GEOMETRIC_REPRESENTATION_CONTEXT(2) 
PARAMETRIC_REPRESENTATION_CONTEXT() REPRESENTATION_CONTEXT('2D SPACE',''
  ) );
#6169 = PCURVE('',#1896,#6170);
#6170 = DEFINITIONAL_REPRESENTATION('',(#6171),#6175);
#6171 = LINE('',#6172,#6173);
#6172 = CARTESIAN_POINT('',(0.,0.));
#6173 = VECTOR('',#6174,1.);
#6174 = DIRECTION('',(1.,0.));
#6175 = ( GEOMETRIC_REPRESENTATION_CONTEXT(2) 
PARAMETRIC_REPRESENTATION_CONTEXT() REPRESENTATION_CONTEXT('2D SPACE',''
  ) );
#6176 = ORIENTED_EDGE('',*,*,#6177,.F.);
#6177 = EDGE_CURVE('',#6013,#6155,#6178,.T.);
#6178 = SURFACE_CURVE('',#6179,(#6183,#6190),.PCURVE_S1.);
#6179 = LINE('',#6180,#6181);
#6180 = CARTESIAN_POINT('',(-12.5,62.7,10.45));
#6181 = VECTOR('',#6182,1.);
#6182 = DIRECTION('',(-0.,1.,0.));
#6183 = PCURVE('',#1870,#6184);
#6184 = DEFINITIONAL_REPRESENTATION('',(#6185),#6189);
#6185 = LINE('',#6186,#6187);
#6186 = CARTESIAN_POINT('',(5.95,0.));
#6187 = VECTOR('',#6188,1.);
#6188 = DIRECTION('',(0.,-1.));
#6189 = ( GEOMETRIC_REPRESENTATION_CONTEXT(2) 
PARAMETRIC_REPRESENTATION_CONTEXT() REPRESENTATION_CONTEXT('2D SPACE',''
  ) );
#6190 = PCURVE('',#6054,#6191);
#6191 = DEFINITIONAL_REPRESENTATION('',(#6192),#6196);
#6192 = LINE('',#6193,#6194);
#6193 = CARTESIAN_POINT('',(3.14159265359,2.));
#6194 = VECTOR('',#6195,1.);
#6195 = DIRECTION('',(0.,-1.));
#6196 = ( GEOMETRIC_REPRESENTATION_CONTEXT(2) 
PARAMETRIC_REPRESENTATION_CONTEXT() REPRESENTATION_CONTEXT('2D SPACE',''
  ) );
#6197 = ADVANCED_FACE('',(#6198,#6229),#1896,.T.);
#6198 = FACE_BOUND('',#6199,.T.);
#6199 = EDGE_LOOP('',(#6200,#6201,#6202,#6203));
#6200 = ORIENTED_EDGE('',*,*,#6106,.F.);
#6201 = ORIENTED_EDGE('',*,*,#1881,.T.);
#6202 = ORIENTED_EDGE('',*,*,#6154,.T.);
#6203 = ORIENTED_EDGE('',*,*,#6204,.F.);
#6204 = EDGE_CURVE('',#6107,#6155,#6205,.T.);
#6205 = SURFACE_CURVE('',#6206,(#6211,#6222),.PCURVE_S1.);
#6206 = CIRCLE('',#6207,2.);
#6207 = AXIS2_PLACEMENT_3D('',#6208,#6209,#6210);
#6208 = CARTESIAN_POINT('',(-10.5,64.7,10.45));
#6209 = DIRECTION('',(0.,-1.,2.22044604925E-16));
#6210 = DIRECTION('',(1.,0.,0.));
#6211 = PCURVE('',#1896,#6212);
#6212 = DEFINITIONAL_REPRESENTATION('',(#6213),#6221);
#6213 = ( BOUNDED_CURVE() B_SPLINE_CURVE(2,(#6214,#6215,#6216,#6217,
#6218,#6219,#6220),.UNSPECIFIED.,.T.,.F.) B_SPLINE_CURVE_WITH_KNOTS((1,2
    ,2,2,2,1),(-2.094395102393,0.,2.094395102393,4.188790204786,
6.28318530718,8.377580409573),.UNSPECIFIED.) CURVE() 
GEOMETRIC_REPRESENTATION_ITEM() RATIONAL_B_SPLINE_CURVE((1.,0.5,1.,0.5,
1.,0.5,1.)) REPRESENTATION_ITEM('') );
#6214 = CARTESIAN_POINT('',(5.95,4.));
#6215 = CARTESIAN_POINT('',(9.414101615138,4.));
#6216 = CARTESIAN_POINT('',(7.682050807569,1.));
#6217 = CARTESIAN_POINT('',(5.95,-2.));
#6218 = CARTESIAN_POINT('',(4.217949192431,1.));
#6219 = CARTESIAN_POINT('',(2.485898384862,4.));
#6220 = CARTESIAN_POINT('',(5.95,4.));
#6221 = ( GEOMETRIC_REPRESENTATION_CONTEXT(2) 
PARAMETRIC_REPRESENTATION_CONTEXT() REPRESENTATION_CONTEXT('2D SPACE',''
  ) );
#6222 = PCURVE('',#6054,#6223);
#6223 = DEFINITIONAL_REPRESENTATION('',(#6224),#6228);
#6224 = LINE('',#6225,#6226);
#6225 = CARTESIAN_POINT('',(0.,0.));
#6226 = VECTOR('',#6227,1.);
#6227 = DIRECTION('',(1.,0.));
#6228 = ( GEOMETRIC_REPRESENTATION_CONTEXT(2) 
PARAMETRIC_REPRESENTATION_CONTEXT() REPRESENTATION_CONTEXT('2D SPACE',''
  ) );
#6229 = FACE_BOUND('',#6230,.T.);
#6230 = EDGE_LOOP('',(#6231));
#6231 = ORIENTED_EDGE('',*,*,#6232,.T.);
#6232 = EDGE_CURVE('',#6233,#6233,#6235,.T.);
#6233 = VERTEX_POINT('',#6234);
#6234 = CARTESIAN_POINT('',(-9.5,64.7,10.45));
#6235 = SURFACE_CURVE('',#6236,(#6241,#6252),.PCURVE_S1.);
#6236 = CIRCLE('',#6237,1.);
#6237 = AXIS2_PLACEMENT_3D('',#6238,#6239,#6240);
#6238 = CARTESIAN_POINT('',(-10.5,64.7,10.45));
#6239 = DIRECTION('',(0.,-1.,2.22044604925E-16));
#6240 = DIRECTION('',(1.,0.,0.));
#6241 = PCURVE('',#1896,#6242);
#6242 = DEFINITIONAL_REPRESENTATION('',(#6243),#6251);
#6243 = ( BOUNDED_CURVE() B_SPLINE_CURVE(2,(#6244,#6245,#6246,#6247,
#6248,#6249,#6250),.UNSPECIFIED.,.T.,.F.) B_SPLINE_CURVE_WITH_KNOTS((1,2
    ,2,2,2,1),(-2.094395102393,0.,2.094395102393,4.188790204786,
6.28318530718,8.377580409573),.UNSPECIFIED.) CURVE() 
GEOMETRIC_REPRESENTATION_ITEM() RATIONAL_B_SPLINE_CURVE((1.,0.5,1.,0.5,
1.,0.5,1.)) REPRESENTATION_ITEM('') );
#6244 = CARTESIAN_POINT('',(5.95,3.));
#6245 = CARTESIAN_POINT('',(7.682050807569,3.));
#6246 = CARTESIAN_POINT('',(6.816025403784,1.5));
#6247 = CARTESIAN_POINT('',(5.95,4.440892098501E-16));
#6248 = CARTESIAN_POINT('',(5.083974596216,1.5));
#6249 = CARTESIAN_POINT('',(4.217949192431,3.));
#6250 = CARTESIAN_POINT('',(5.95,3.));
#6251 = ( GEOMETRIC_REPRESENTATION_CONTEXT(2) 
PARAMETRIC_REPRESENTATION_CONTEXT() REPRESENTATION_CONTEXT('2D SPACE',''
  ) );
#6252 = PCURVE('',#6089,#6253);
#6253 = DEFINITIONAL_REPRESENTATION('',(#6254),#6258);
#6254 = LINE('',#6255,#6256);
#6255 = CARTESIAN_POINT('',(0.,9.999999999999E-02));
#6256 = VECTOR('',#6257,1.);
#6257 = DIRECTION('',(1.,0.));
#6258 = ( GEOMETRIC_REPRESENTATION_CONTEXT(2) 
PARAMETRIC_REPRESENTATION_CONTEXT() REPRESENTATION_CONTEXT('2D SPACE',''
  ) );
#6259 = ADVANCED_FACE('',(#6260),#1950,.F.);
#6260 = FACE_BOUND('',#6261,.F.);
#6261 = EDGE_LOOP('',(#6262,#6263,#6284,#6285));
#6262 = ORIENTED_EDGE('',*,*,#1933,.F.);
#6263 = ORIENTED_EDGE('',*,*,#6264,.F.);
#6264 = EDGE_CURVE('',#2995,#1934,#6265,.T.);
#6265 = SEAM_CURVE('',#6266,(#6270,#6277),.PCURVE_S1.);
#6266 = LINE('',#6267,#6268);
#6267 = CARTESIAN_POINT('',(-10.65,98.,-15.));
#6268 = VECTOR('',#6269,1.);
#6269 = DIRECTION('',(0.,0.,1.));
#6270 = PCURVE('',#1950,#6271);
#6271 = DEFINITIONAL_REPRESENTATION('',(#6272),#6276);
#6272 = LINE('',#6273,#6274);
#6273 = CARTESIAN_POINT('',(6.28318530718,-0.));
#6274 = VECTOR('',#6275,1.);
#6275 = DIRECTION('',(0.,1.));
#6276 = ( GEOMETRIC_REPRESENTATION_CONTEXT(2) 
PARAMETRIC_REPRESENTATION_CONTEXT() REPRESENTATION_CONTEXT('2D SPACE',''
  ) );
#6277 = PCURVE('',#1950,#6278);
#6278 = DEFINITIONAL_REPRESENTATION('',(#6279),#6283);
#6279 = LINE('',#6280,#6281);
#6280 = CARTESIAN_POINT('',(0.,-0.));
#6281 = VECTOR('',#6282,1.);
#6282 = DIRECTION('',(0.,1.));
#6283 = ( GEOMETRIC_REPRESENTATION_CONTEXT(2) 
PARAMETRIC_REPRESENTATION_CONTEXT() REPRESENTATION_CONTEXT('2D SPACE',''
  ) );
#6284 = ORIENTED_EDGE('',*,*,#2994,.T.);
#6285 = ORIENTED_EDGE('',*,*,#6264,.T.);
#6286 = ADVANCED_FACE('',(#6287,#6367),#1981,.F.);
#6287 = FACE_BOUND('',#6288,.F.);
#6288 = EDGE_LOOP('',(#6289,#6312,#6313,#6336));
#6289 = ORIENTED_EDGE('',*,*,#6290,.F.);
#6290 = EDGE_CURVE('',#1965,#6291,#6293,.T.);
#6291 = VERTEX_POINT('',#6292);
#6292 = CARTESIAN_POINT('',(-8.5,71.3,10.45));
#6293 = SURFACE_CURVE('',#6294,(#6298,#6305),.PCURVE_S1.);
#6294 = LINE('',#6295,#6296);
#6295 = CARTESIAN_POINT('',(-8.5,71.3,4.5));
#6296 = VECTOR('',#6297,1.);
#6297 = DIRECTION('',(0.,0.,1.));
#6298 = PCURVE('',#1981,#6299);
#6299 = DEFINITIONAL_REPRESENTATION('',(#6300),#6304);
#6300 = LINE('',#6301,#6302);
#6301 = CARTESIAN_POINT('',(0.,4.));
#6302 = VECTOR('',#6303,1.);
#6303 = DIRECTION('',(1.,0.));
#6304 = ( GEOMETRIC_REPRESENTATION_CONTEXT(2) 
PARAMETRIC_REPRESENTATION_CONTEXT() REPRESENTATION_CONTEXT('2D SPACE',''
  ) );
#6305 = PCURVE('',#2057,#6306);
#6306 = DEFINITIONAL_REPRESENTATION('',(#6307),#6311);
#6307 = LINE('',#6308,#6309);
#6308 = CARTESIAN_POINT('',(0.,0.));
#6309 = VECTOR('',#6310,1.);
#6310 = DIRECTION('',(1.,0.));
#6311 = ( GEOMETRIC_REPRESENTATION_CONTEXT(2) 
PARAMETRIC_REPRESENTATION_CONTEXT() REPRESENTATION_CONTEXT('2D SPACE',''
  ) );
#6312 = ORIENTED_EDGE('',*,*,#1964,.T.);
#6313 = ORIENTED_EDGE('',*,*,#6314,.T.);
#6314 = EDGE_CURVE('',#1967,#6315,#6317,.T.);
#6315 = VERTEX_POINT('',#6316);
#6316 = CARTESIAN_POINT('',(-12.5,71.3,10.45));
#6317 = SURFACE_CURVE('',#6318,(#6322,#6329),.PCURVE_S1.);
#6318 = LINE('',#6319,#6320);
#6319 = CARTESIAN_POINT('',(-12.5,71.3,4.5));
#6320 = VECTOR('',#6321,1.);
#6321 = DIRECTION('',(0.,0.,1.));
#6322 = PCURVE('',#1981,#6323);
#6323 = DEFINITIONAL_REPRESENTATION('',(#6324),#6328);
#6324 = LINE('',#6325,#6326);
#6325 = CARTESIAN_POINT('',(0.,0.));
#6326 = VECTOR('',#6327,1.);
#6327 = DIRECTION('',(1.,0.));
#6328 = ( GEOMETRIC_REPRESENTATION_CONTEXT(2) 
PARAMETRIC_REPRESENTATION_CONTEXT() REPRESENTATION_CONTEXT('2D SPACE',''
  ) );
#6329 = PCURVE('',#2007,#6330);
#6330 = DEFINITIONAL_REPRESENTATION('',(#6331),#6335);
#6331 = LINE('',#6332,#6333);
#6332 = CARTESIAN_POINT('',(0.,0.));
#6333 = VECTOR('',#6334,1.);
#6334 = DIRECTION('',(1.,0.));
#6335 = ( GEOMETRIC_REPRESENTATION_CONTEXT(2) 
PARAMETRIC_REPRESENTATION_CONTEXT() REPRESENTATION_CONTEXT('2D SPACE',''
  ) );
#6336 = ORIENTED_EDGE('',*,*,#6337,.F.);
#6337 = EDGE_CURVE('',#6291,#6315,#6338,.T.);
#6338 = SURFACE_CURVE('',#6339,(#6344,#6355),.PCURVE_S1.);
#6339 = CIRCLE('',#6340,2.);
#6340 = AXIS2_PLACEMENT_3D('',#6341,#6342,#6343);
#6341 = CARTESIAN_POINT('',(-10.5,71.3,10.45));
#6342 = DIRECTION('',(0.,-1.,2.22044604925E-16));
#6343 = DIRECTION('',(1.,0.,0.));
#6344 = PCURVE('',#1981,#6345);
#6345 = DEFINITIONAL_REPRESENTATION('',(#6346),#6354);
#6346 = ( BOUNDED_CURVE() B_SPLINE_CURVE(2,(#6347,#6348,#6349,#6350,
#6351,#6352,#6353),.UNSPECIFIED.,.T.,.F.) B_SPLINE_CURVE_WITH_KNOTS((1,2
    ,2,2,2,1),(-2.094395102393,0.,2.094395102393,4.188790204786,
6.28318530718,8.377580409573),.UNSPECIFIED.) CURVE() 
GEOMETRIC_REPRESENTATION_ITEM() RATIONAL_B_SPLINE_CURVE((1.,0.5,1.,0.5,
1.,0.5,1.)) REPRESENTATION_ITEM('') );
#6347 = CARTESIAN_POINT('',(5.95,4.));
#6348 = CARTESIAN_POINT('',(9.414101615138,4.));
#6349 = CARTESIAN_POINT('',(7.682050807569,1.));
#6350 = CARTESIAN_POINT('',(5.95,-2.));
#6351 = CARTESIAN_POINT('',(4.217949192431,1.));
#6352 = CARTESIAN_POINT('',(2.485898384862,4.));
#6353 = CARTESIAN_POINT('',(5.95,4.));
#6354 = ( GEOMETRIC_REPRESENTATION_CONTEXT(2) 
PARAMETRIC_REPRESENTATION_CONTEXT() REPRESENTATION_CONTEXT('2D SPACE',''
  ) );
#6355 = PCURVE('',#6356,#6361);
#6356 = CYLINDRICAL_SURFACE('',#6357,2.);
#6357 = AXIS2_PLACEMENT_3D('',#6358,#6359,#6360);
#6358 = CARTESIAN_POINT('',(-10.5,73.3,10.45));
#6359 = DIRECTION('',(0.,-1.,2.22044604925E-16));
#6360 = DIRECTION('',(1.,0.,0.));
#6361 = DEFINITIONAL_REPRESENTATION('',(#6362),#6366);
#6362 = LINE('',#6363,#6364);
#6363 = CARTESIAN_POINT('',(0.,2.));
#6364 = VECTOR('',#6365,1.);
#6365 = DIRECTION('',(1.,0.));
#6366 = ( GEOMETRIC_REPRESENTATION_CONTEXT(2) 
PARAMETRIC_REPRESENTATION_CONTEXT() REPRESENTATION_CONTEXT('2D SPACE',''
  ) );
#6367 = FACE_BOUND('',#6368,.F.);
#6368 = EDGE_LOOP('',(#6369));
#6369 = ORIENTED_EDGE('',*,*,#6370,.T.);
#6370 = EDGE_CURVE('',#6371,#6371,#6373,.T.);
#6371 = VERTEX_POINT('',#6372);
#6372 = CARTESIAN_POINT('',(-9.5,71.3,10.45));
#6373 = SURFACE_CURVE('',#6374,(#6379,#6390),.PCURVE_S1.);
#6374 = CIRCLE('',#6375,1.);
#6375 = AXIS2_PLACEMENT_3D('',#6376,#6377,#6378);
#6376 = CARTESIAN_POINT('',(-10.5,71.3,10.45));
#6377 = DIRECTION('',(0.,-1.,2.22044604925E-16));
#6378 = DIRECTION('',(1.,0.,0.));
#6379 = PCURVE('',#1981,#6380);
#6380 = DEFINITIONAL_REPRESENTATION('',(#6381),#6389);
#6381 = ( BOUNDED_CURVE() B_SPLINE_CURVE(2,(#6382,#6383,#6384,#6385,
#6386,#6387,#6388),.UNSPECIFIED.,.T.,.F.) B_SPLINE_CURVE_WITH_KNOTS((1,2
    ,2,2,2,1),(-2.094395102393,0.,2.094395102393,4.188790204786,
6.28318530718,8.377580409573),.UNSPECIFIED.) CURVE() 
GEOMETRIC_REPRESENTATION_ITEM() RATIONAL_B_SPLINE_CURVE((1.,0.5,1.,0.5,
1.,0.5,1.)) REPRESENTATION_ITEM('') );
#6382 = CARTESIAN_POINT('',(5.95,3.));
#6383 = CARTESIAN_POINT('',(7.682050807569,3.));
#6384 = CARTESIAN_POINT('',(6.816025403784,1.5));
#6385 = CARTESIAN_POINT('',(5.95,4.440892098501E-16));
#6386 = CARTESIAN_POINT('',(5.083974596216,1.5));
#6387 = CARTESIAN_POINT('',(4.217949192431,3.));
#6388 = CARTESIAN_POINT('',(5.95,3.));
#6389 = ( GEOMETRIC_REPRESENTATION_CONTEXT(2) 
PARAMETRIC_REPRESENTATION_CONTEXT() REPRESENTATION_CONTEXT('2D SPACE',''
  ) );
#6390 = PCURVE('',#6391,#6396);
#6391 = CYLINDRICAL_SURFACE('',#6392,1.);
#6392 = AXIS2_PLACEMENT_3D('',#6393,#6394,#6395);
#6393 = CARTESIAN_POINT('',(-10.5,73.4,10.45));
#6394 = DIRECTION('',(0.,-1.,2.22044604925E-16));
#6395 = DIRECTION('',(1.,0.,0.));
#6396 = DEFINITIONAL_REPRESENTATION('',(#6397),#6401);
#6397 = LINE('',#6398,#6399);
#6398 = CARTESIAN_POINT('',(0.,2.1));
#6399 = VECTOR('',#6400,1.);
#6400 = DIRECTION('',(1.,0.));
#6401 = ( GEOMETRIC_REPRESENTATION_CONTEXT(2) 
PARAMETRIC_REPRESENTATION_CONTEXT() REPRESENTATION_CONTEXT('2D SPACE',''
  ) );
#6402 = ADVANCED_FACE('',(#6403),#2057,.T.);
#6403 = FACE_BOUND('',#6404,.T.);
#6404 = EDGE_LOOP('',(#6405,#6406,#6407,#6430));
#6405 = ORIENTED_EDGE('',*,*,#6290,.F.);
#6406 = ORIENTED_EDGE('',*,*,#2044,.T.);
#6407 = ORIENTED_EDGE('',*,*,#6408,.T.);
#6408 = EDGE_CURVE('',#2019,#6409,#6411,.T.);
#6409 = VERTEX_POINT('',#6410);
#6410 = CARTESIAN_POINT('',(-8.5,73.3,10.45));
#6411 = SURFACE_CURVE('',#6412,(#6416,#6423),.PCURVE_S1.);
#6412 = LINE('',#6413,#6414);
#6413 = CARTESIAN_POINT('',(-8.5,73.3,4.5));
#6414 = VECTOR('',#6415,1.);
#6415 = DIRECTION('',(0.,0.,1.));
#6416 = PCURVE('',#2057,#6417);
#6417 = DEFINITIONAL_REPRESENTATION('',(#6418),#6422);
#6418 = LINE('',#6419,#6420);
#6419 = CARTESIAN_POINT('',(0.,-2.));
#6420 = VECTOR('',#6421,1.);
#6421 = DIRECTION('',(1.,0.));
#6422 = ( GEOMETRIC_REPRESENTATION_CONTEXT(2) 
PARAMETRIC_REPRESENTATION_CONTEXT() REPRESENTATION_CONTEXT('2D SPACE',''
  ) );
#6423 = PCURVE('',#2033,#6424);
#6424 = DEFINITIONAL_REPRESENTATION('',(#6425),#6429);
#6425 = LINE('',#6426,#6427);
#6426 = CARTESIAN_POINT('',(0.,4.));
#6427 = VECTOR('',#6428,1.);
#6428 = DIRECTION('',(1.,0.));
#6429 = ( GEOMETRIC_REPRESENTATION_CONTEXT(2) 
PARAMETRIC_REPRESENTATION_CONTEXT() REPRESENTATION_CONTEXT('2D SPACE',''
  ) );
#6430 = ORIENTED_EDGE('',*,*,#6431,.F.);
#6431 = EDGE_CURVE('',#6291,#6409,#6432,.T.);
#6432 = SURFACE_CURVE('',#6433,(#6437,#6444),.PCURVE_S1.);
#6433 = LINE('',#6434,#6435);
#6434 = CARTESIAN_POINT('',(-8.5,71.3,10.45));
#6435 = VECTOR('',#6436,1.);
#6436 = DIRECTION('',(-0.,1.,0.));
#6437 = PCURVE('',#2057,#6438);
#6438 = DEFINITIONAL_REPRESENTATION('',(#6439),#6443);
#6439 = LINE('',#6440,#6441);
#6440 = CARTESIAN_POINT('',(5.95,0.));
#6441 = VECTOR('',#6442,1.);
#6442 = DIRECTION('',(0.,-1.));
#6443 = ( GEOMETRIC_REPRESENTATION_CONTEXT(2) 
PARAMETRIC_REPRESENTATION_CONTEXT() REPRESENTATION_CONTEXT('2D SPACE',''
  ) );
#6444 = PCURVE('',#6356,#6445);
#6445 = DEFINITIONAL_REPRESENTATION('',(#6446),#6449);
#6446 = B_SPLINE_CURVE_WITH_KNOTS('',1,(#6447,#6448),.UNSPECIFIED.,.F.,
  .F.,(2,2),(0.,2.),.PIECEWISE_BEZIER_KNOTS.);
#6447 = CARTESIAN_POINT('',(0.,2.));
#6448 = CARTESIAN_POINT('',(0.,0.));
#6449 = ( GEOMETRIC_REPRESENTATION_CONTEXT(2) 
PARAMETRIC_REPRESENTATION_CONTEXT() REPRESENTATION_CONTEXT('2D SPACE',''
  ) );
#6450 = ADVANCED_FACE('',(#6451),#2007,.F.);
#6451 = FACE_BOUND('',#6452,.F.);
#6452 = EDGE_LOOP('',(#6453,#6454,#6455,#6478));
#6453 = ORIENTED_EDGE('',*,*,#6314,.F.);
#6454 = ORIENTED_EDGE('',*,*,#1992,.T.);
#6455 = ORIENTED_EDGE('',*,*,#6456,.T.);
#6456 = EDGE_CURVE('',#1993,#6457,#6459,.T.);
#6457 = VERTEX_POINT('',#6458);
#6458 = CARTESIAN_POINT('',(-12.5,73.3,10.45));
#6459 = SURFACE_CURVE('',#6460,(#6464,#6471),.PCURVE_S1.);
#6460 = LINE('',#6461,#6462);
#6461 = CARTESIAN_POINT('',(-12.5,73.3,4.5));
#6462 = VECTOR('',#6463,1.);
#6463 = DIRECTION('',(0.,0.,1.));
#6464 = PCURVE('',#2007,#6465);
#6465 = DEFINITIONAL_REPRESENTATION('',(#6466),#6470);
#6466 = LINE('',#6467,#6468);
#6467 = CARTESIAN_POINT('',(0.,-2.));
#6468 = VECTOR('',#6469,1.);
#6469 = DIRECTION('',(1.,0.));
#6470 = ( GEOMETRIC_REPRESENTATION_CONTEXT(2) 
PARAMETRIC_REPRESENTATION_CONTEXT() REPRESENTATION_CONTEXT('2D SPACE',''
  ) );
#6471 = PCURVE('',#2033,#6472);
#6472 = DEFINITIONAL_REPRESENTATION('',(#6473),#6477);
#6473 = LINE('',#6474,#6475);
#6474 = CARTESIAN_POINT('',(0.,0.));
#6475 = VECTOR('',#6476,1.);
#6476 = DIRECTION('',(1.,0.));
#6477 = ( GEOMETRIC_REPRESENTATION_CONTEXT(2) 
PARAMETRIC_REPRESENTATION_CONTEXT() REPRESENTATION_CONTEXT('2D SPACE',''
  ) );
#6478 = ORIENTED_EDGE('',*,*,#6479,.F.);
#6479 = EDGE_CURVE('',#6315,#6457,#6480,.T.);
#6480 = SURFACE_CURVE('',#6481,(#6485,#6492),.PCURVE_S1.);
#6481 = LINE('',#6482,#6483);
#6482 = CARTESIAN_POINT('',(-12.5,71.3,10.45));
#6483 = VECTOR('',#6484,1.);
#6484 = DIRECTION('',(-0.,1.,0.));
#6485 = PCURVE('',#2007,#6486);
#6486 = DEFINITIONAL_REPRESENTATION('',(#6487),#6491);
#6487 = LINE('',#6488,#6489);
#6488 = CARTESIAN_POINT('',(5.95,0.));
#6489 = VECTOR('',#6490,1.);
#6490 = DIRECTION('',(0.,-1.));
#6491 = ( GEOMETRIC_REPRESENTATION_CONTEXT(2) 
PARAMETRIC_REPRESENTATION_CONTEXT() REPRESENTATION_CONTEXT('2D SPACE',''
  ) );
#6492 = PCURVE('',#6356,#6493);
#6493 = DEFINITIONAL_REPRESENTATION('',(#6494),#6498);
#6494 = LINE('',#6495,#6496);
#6495 = CARTESIAN_POINT('',(3.14159265359,2.));
#6496 = VECTOR('',#6497,1.);
#6497 = DIRECTION('',(0.,-1.));
#6498 = ( GEOMETRIC_REPRESENTATION_CONTEXT(2) 
PARAMETRIC_REPRESENTATION_CONTEXT() REPRESENTATION_CONTEXT('2D SPACE',''
  ) );
#6499 = ADVANCED_FACE('',(#6500,#6531),#2033,.T.);
#6500 = FACE_BOUND('',#6501,.T.);
#6501 = EDGE_LOOP('',(#6502,#6503,#6504,#6505));
#6502 = ORIENTED_EDGE('',*,*,#6408,.F.);
#6503 = ORIENTED_EDGE('',*,*,#2018,.T.);
#6504 = ORIENTED_EDGE('',*,*,#6456,.T.);
#6505 = ORIENTED_EDGE('',*,*,#6506,.F.);
#6506 = EDGE_CURVE('',#6409,#6457,#6507,.T.);
#6507 = SURFACE_CURVE('',#6508,(#6513,#6524),.PCURVE_S1.);
#6508 = CIRCLE('',#6509,2.);
#6509 = AXIS2_PLACEMENT_3D('',#6510,#6511,#6512);
#6510 = CARTESIAN_POINT('',(-10.5,73.3,10.45));
#6511 = DIRECTION('',(0.,-1.,2.22044604925E-16));
#6512 = DIRECTION('',(1.,0.,0.));
#6513 = PCURVE('',#2033,#6514);
#6514 = DEFINITIONAL_REPRESENTATION('',(#6515),#6523);
#6515 = ( BOUNDED_CURVE() B_SPLINE_CURVE(2,(#6516,#6517,#6518,#6519,
#6520,#6521,#6522),.UNSPECIFIED.,.T.,.F.) B_SPLINE_CURVE_WITH_KNOTS((1,2
    ,2,2,2,1),(-2.094395102393,0.,2.094395102393,4.188790204786,
6.28318530718,8.377580409573),.UNSPECIFIED.) CURVE() 
GEOMETRIC_REPRESENTATION_ITEM() RATIONAL_B_SPLINE_CURVE((1.,0.5,1.,0.5,
1.,0.5,1.)) REPRESENTATION_ITEM('') );
#6516 = CARTESIAN_POINT('',(5.95,4.));
#6517 = CARTESIAN_POINT('',(9.414101615138,4.));
#6518 = CARTESIAN_POINT('',(7.682050807569,1.));
#6519 = CARTESIAN_POINT('',(5.95,-2.));
#6520 = CARTESIAN_POINT('',(4.217949192431,1.));
#6521 = CARTESIAN_POINT('',(2.485898384862,4.));
#6522 = CARTESIAN_POINT('',(5.95,4.));
#6523 = ( GEOMETRIC_REPRESENTATION_CONTEXT(2) 
PARAMETRIC_REPRESENTATION_CONTEXT() REPRESENTATION_CONTEXT('2D SPACE',''
  ) );
#6524 = PCURVE('',#6356,#6525);
#6525 = DEFINITIONAL_REPRESENTATION('',(#6526),#6530);
#6526 = LINE('',#6527,#6528);
#6527 = CARTESIAN_POINT('',(0.,0.));
#6528 = VECTOR('',#6529,1.);
#6529 = DIRECTION('',(1.,0.));
#6530 = ( GEOMETRIC_REPRESENTATION_CONTEXT(2) 
PARAMETRIC_REPRESENTATION_CONTEXT() REPRESENTATION_CONTEXT('2D SPACE',''
  ) );
#6531 = FACE_BOUND('',#6532,.T.);
#6532 = EDGE_LOOP('',(#6533));
#6533 = ORIENTED_EDGE('',*,*,#6534,.T.);
#6534 = EDGE_CURVE('',#6535,#6535,#6537,.T.);
#6535 = VERTEX_POINT('',#6536);
#6536 = CARTESIAN_POINT('',(-9.5,73.3,10.45));
#6537 = SURFACE_CURVE('',#6538,(#6543,#6554),.PCURVE_S1.);
#6538 = CIRCLE('',#6539,1.);
#6539 = AXIS2_PLACEMENT_3D('',#6540,#6541,#6542);
#6540 = CARTESIAN_POINT('',(-10.5,73.3,10.45));
#6541 = DIRECTION('',(0.,-1.,2.22044604925E-16));
#6542 = DIRECTION('',(1.,0.,0.));
#6543 = PCURVE('',#2033,#6544);
#6544 = DEFINITIONAL_REPRESENTATION('',(#6545),#6553);
#6545 = ( BOUNDED_CURVE() B_SPLINE_CURVE(2,(#6546,#6547,#6548,#6549,
#6550,#6551,#6552),.UNSPECIFIED.,.T.,.F.) B_SPLINE_CURVE_WITH_KNOTS((1,2
    ,2,2,2,1),(-2.094395102393,0.,2.094395102393,4.188790204786,
6.28318530718,8.377580409573),.UNSPECIFIED.) CURVE() 
GEOMETRIC_REPRESENTATION_ITEM() RATIONAL_B_SPLINE_CURVE((1.,0.5,1.,0.5,
1.,0.5,1.)) REPRESENTATION_ITEM('') );
#6546 = CARTESIAN_POINT('',(5.95,3.));
#6547 = CARTESIAN_POINT('',(7.682050807569,3.));
#6548 = CARTESIAN_POINT('',(6.816025403784,1.5));
#6549 = CARTESIAN_POINT('',(5.95,4.440892098501E-16));
#6550 = CARTESIAN_POINT('',(5.083974596216,1.5));
#6551 = CARTESIAN_POINT('',(4.217949192431,3.));
#6552 = CARTESIAN_POINT('',(5.95,3.));
#6553 = ( GEOMETRIC_REPRESENTATION_CONTEXT(2) 
PARAMETRIC_REPRESENTATION_CONTEXT() REPRESENTATION_CONTEXT('2D SPACE',''
  ) );
#6554 = PCURVE('',#6391,#6555);
#6555 = DEFINITIONAL_REPRESENTATION('',(#6556),#6560);
#6556 = LINE('',#6557,#6558);
#6557 = CARTESIAN_POINT('',(0.,9.999999999999E-02));
#6558 = VECTOR('',#6559,1.);
#6559 = DIRECTION('',(1.,0.));
#6560 = ( GEOMETRIC_REPRESENTATION_CONTEXT(2) 
PARAMETRIC_REPRESENTATION_CONTEXT() REPRESENTATION_CONTEXT('2D SPACE',''
  ) );
#6561 = ADVANCED_FACE('',(#6562,#6642),#2087,.F.);
#6562 = FACE_BOUND('',#6563,.F.);
#6563 = EDGE_LOOP('',(#6564,#6587,#6588,#6611));
#6564 = ORIENTED_EDGE('',*,*,#6565,.F.);
#6565 = EDGE_CURVE('',#2071,#6566,#6568,.T.);
#6566 = VERTEX_POINT('',#6567);
#6567 = CARTESIAN_POINT('',(-8.5,79.7,10.45));
#6568 = SURFACE_CURVE('',#6569,(#6573,#6580),.PCURVE_S1.);
#6569 = LINE('',#6570,#6571);
#6570 = CARTESIAN_POINT('',(-8.5,79.7,4.5));
#6571 = VECTOR('',#6572,1.);
#6572 = DIRECTION('',(0.,0.,1.));
#6573 = PCURVE('',#2087,#6574);
#6574 = DEFINITIONAL_REPRESENTATION('',(#6575),#6579);
#6575 = LINE('',#6576,#6577);
#6576 = CARTESIAN_POINT('',(0.,4.));
#6577 = VECTOR('',#6578,1.);
#6578 = DIRECTION('',(1.,0.));
#6579 = ( GEOMETRIC_REPRESENTATION_CONTEXT(2) 
PARAMETRIC_REPRESENTATION_CONTEXT() REPRESENTATION_CONTEXT('2D SPACE',''
  ) );
#6580 = PCURVE('',#2163,#6581);
#6581 = DEFINITIONAL_REPRESENTATION('',(#6582),#6586);
#6582 = LINE('',#6583,#6584);
#6583 = CARTESIAN_POINT('',(0.,0.));
#6584 = VECTOR('',#6585,1.);
#6585 = DIRECTION('',(1.,0.));
#6586 = ( GEOMETRIC_REPRESENTATION_CONTEXT(2) 
PARAMETRIC_REPRESENTATION_CONTEXT() REPRESENTATION_CONTEXT('2D SPACE',''
  ) );
#6587 = ORIENTED_EDGE('',*,*,#2070,.T.);
#6588 = ORIENTED_EDGE('',*,*,#6589,.T.);
#6589 = EDGE_CURVE('',#2073,#6590,#6592,.T.);
#6590 = VERTEX_POINT('',#6591);
#6591 = CARTESIAN_POINT('',(-12.5,79.7,10.45));
#6592 = SURFACE_CURVE('',#6593,(#6597,#6604),.PCURVE_S1.);
#6593 = LINE('',#6594,#6595);
#6594 = CARTESIAN_POINT('',(-12.5,79.7,4.5));
#6595 = VECTOR('',#6596,1.);
#6596 = DIRECTION('',(0.,0.,1.));
#6597 = PCURVE('',#2087,#6598);
#6598 = DEFINITIONAL_REPRESENTATION('',(#6599),#6603);
#6599 = LINE('',#6600,#6601);
#6600 = CARTESIAN_POINT('',(0.,0.));
#6601 = VECTOR('',#6602,1.);
#6602 = DIRECTION('',(1.,0.));
#6603 = ( GEOMETRIC_REPRESENTATION_CONTEXT(2) 
PARAMETRIC_REPRESENTATION_CONTEXT() REPRESENTATION_CONTEXT('2D SPACE',''
  ) );
#6604 = PCURVE('',#2113,#6605);
#6605 = DEFINITIONAL_REPRESENTATION('',(#6606),#6610);
#6606 = LINE('',#6607,#6608);
#6607 = CARTESIAN_POINT('',(0.,0.));
#6608 = VECTOR('',#6609,1.);
#6609 = DIRECTION('',(1.,0.));
#6610 = ( GEOMETRIC_REPRESENTATION_CONTEXT(2) 
PARAMETRIC_REPRESENTATION_CONTEXT() REPRESENTATION_CONTEXT('2D SPACE',''
  ) );
#6611 = ORIENTED_EDGE('',*,*,#6612,.F.);
#6612 = EDGE_CURVE('',#6566,#6590,#6613,.T.);
#6613 = SURFACE_CURVE('',#6614,(#6619,#6630),.PCURVE_S1.);
#6614 = CIRCLE('',#6615,2.);
#6615 = AXIS2_PLACEMENT_3D('',#6616,#6617,#6618);
#6616 = CARTESIAN_POINT('',(-10.5,79.7,10.45));
#6617 = DIRECTION('',(0.,-1.,2.22044604925E-16));
#6618 = DIRECTION('',(1.,0.,0.));
#6619 = PCURVE('',#2087,#6620);
#6620 = DEFINITIONAL_REPRESENTATION('',(#6621),#6629);
#6621 = ( BOUNDED_CURVE() B_SPLINE_CURVE(2,(#6622,#6623,#6624,#6625,
#6626,#6627,#6628),.UNSPECIFIED.,.T.,.F.) B_SPLINE_CURVE_WITH_KNOTS((1,2
    ,2,2,2,1),(-2.094395102393,0.,2.094395102393,4.188790204786,
6.28318530718,8.377580409573),.UNSPECIFIED.) CURVE() 
GEOMETRIC_REPRESENTATION_ITEM() RATIONAL_B_SPLINE_CURVE((1.,0.5,1.,0.5,
1.,0.5,1.)) REPRESENTATION_ITEM('') );
#6622 = CARTESIAN_POINT('',(5.95,4.));
#6623 = CARTESIAN_POINT('',(9.414101615138,4.));
#6624 = CARTESIAN_POINT('',(7.682050807569,1.));
#6625 = CARTESIAN_POINT('',(5.95,-2.));
#6626 = CARTESIAN_POINT('',(4.217949192431,1.));
#6627 = CARTESIAN_POINT('',(2.485898384862,4.));
#6628 = CARTESIAN_POINT('',(5.95,4.));
#6629 = ( GEOMETRIC_REPRESENTATION_CONTEXT(2) 
PARAMETRIC_REPRESENTATION_CONTEXT() REPRESENTATION_CONTEXT('2D SPACE',''
  ) );
#6630 = PCURVE('',#6631,#6636);
#6631 = CYLINDRICAL_SURFACE('',#6632,2.);
#6632 = AXIS2_PLACEMENT_3D('',#6633,#6634,#6635);
#6633 = CARTESIAN_POINT('',(-10.5,81.7,10.45));
#6634 = DIRECTION('',(0.,-1.,2.22044604925E-16));
#6635 = DIRECTION('',(1.,0.,0.));
#6636 = DEFINITIONAL_REPRESENTATION('',(#6637),#6641);
#6637 = LINE('',#6638,#6639);
#6638 = CARTESIAN_POINT('',(0.,2.));
#6639 = VECTOR('',#6640,1.);
#6640 = DIRECTION('',(1.,0.));
#6641 = ( GEOMETRIC_REPRESENTATION_CONTEXT(2) 
PARAMETRIC_REPRESENTATION_CONTEXT() REPRESENTATION_CONTEXT('2D SPACE',''
  ) );
#6642 = FACE_BOUND('',#6643,.F.);
#6643 = EDGE_LOOP('',(#6644));
#6644 = ORIENTED_EDGE('',*,*,#6645,.T.);
#6645 = EDGE_CURVE('',#6646,#6646,#6648,.T.);
#6646 = VERTEX_POINT('',#6647);
#6647 = CARTESIAN_POINT('',(-9.5,79.7,10.45));
#6648 = SURFACE_CURVE('',#6649,(#6654,#6665),.PCURVE_S1.);
#6649 = CIRCLE('',#6650,1.);
#6650 = AXIS2_PLACEMENT_3D('',#6651,#6652,#6653);
#6651 = CARTESIAN_POINT('',(-10.5,79.7,10.45));
#6652 = DIRECTION('',(0.,-1.,2.22044604925E-16));
#6653 = DIRECTION('',(1.,0.,0.));
#6654 = PCURVE('',#2087,#6655);
#6655 = DEFINITIONAL_REPRESENTATION('',(#6656),#6664);
#6656 = ( BOUNDED_CURVE() B_SPLINE_CURVE(2,(#6657,#6658,#6659,#6660,
#6661,#6662,#6663),.UNSPECIFIED.,.T.,.F.) B_SPLINE_CURVE_WITH_KNOTS((1,2
    ,2,2,2,1),(-2.094395102393,0.,2.094395102393,4.188790204786,
6.28318530718,8.377580409573),.UNSPECIFIED.) CURVE() 
GEOMETRIC_REPRESENTATION_ITEM() RATIONAL_B_SPLINE_CURVE((1.,0.5,1.,0.5,
1.,0.5,1.)) REPRESENTATION_ITEM('') );
#6657 = CARTESIAN_POINT('',(5.95,3.));
#6658 = CARTESIAN_POINT('',(7.682050807569,3.));
#6659 = CARTESIAN_POINT('',(6.816025403784,1.5));
#6660 = CARTESIAN_POINT('',(5.95,4.440892098501E-16));
#6661 = CARTESIAN_POINT('',(5.083974596216,1.5));
#6662 = CARTESIAN_POINT('',(4.217949192431,3.));
#6663 = CARTESIAN_POINT('',(5.95,3.));
#6664 = ( GEOMETRIC_REPRESENTATION_CONTEXT(2) 
PARAMETRIC_REPRESENTATION_CONTEXT() REPRESENTATION_CONTEXT('2D SPACE',''
  ) );
#6665 = PCURVE('',#6666,#6671);
#6666 = CYLINDRICAL_SURFACE('',#6667,1.);
#6667 = AXIS2_PLACEMENT_3D('',#6668,#6669,#6670);
#6668 = CARTESIAN_POINT('',(-10.5,81.8,10.45));
#6669 = DIRECTION('',(0.,-1.,2.22044604925E-16));
#6670 = DIRECTION('',(1.,0.,0.));
#6671 = DEFINITIONAL_REPRESENTATION('',(#6672),#6676);
#6672 = LINE('',#6673,#6674);
#6673 = CARTESIAN_POINT('',(0.,2.1));
#6674 = VECTOR('',#6675,1.);
#6675 = DIRECTION('',(1.,0.));
#6676 = ( GEOMETRIC_REPRESENTATION_CONTEXT(2) 
PARAMETRIC_REPRESENTATION_CONTEXT() REPRESENTATION_CONTEXT('2D SPACE',''
  ) );
#6677 = ADVANCED_FACE('',(#6678),#2163,.T.);
#6678 = FACE_BOUND('',#6679,.T.);
#6679 = EDGE_LOOP('',(#6680,#6681,#6682,#6705));
#6680 = ORIENTED_EDGE('',*,*,#6565,.F.);
#6681 = ORIENTED_EDGE('',*,*,#2150,.T.);
#6682 = ORIENTED_EDGE('',*,*,#6683,.T.);
#6683 = EDGE_CURVE('',#2125,#6684,#6686,.T.);
#6684 = VERTEX_POINT('',#6685);
#6685 = CARTESIAN_POINT('',(-8.5,81.7,10.45));
#6686 = SURFACE_CURVE('',#6687,(#6691,#6698),.PCURVE_S1.);
#6687 = LINE('',#6688,#6689);
#6688 = CARTESIAN_POINT('',(-8.5,81.7,4.5));
#6689 = VECTOR('',#6690,1.);
#6690 = DIRECTION('',(0.,0.,1.));
#6691 = PCURVE('',#2163,#6692);
#6692 = DEFINITIONAL_REPRESENTATION('',(#6693),#6697);
#6693 = LINE('',#6694,#6695);
#6694 = CARTESIAN_POINT('',(0.,-2.));
#6695 = VECTOR('',#6696,1.);
#6696 = DIRECTION('',(1.,0.));
#6697 = ( GEOMETRIC_REPRESENTATION_CONTEXT(2) 
PARAMETRIC_REPRESENTATION_CONTEXT() REPRESENTATION_CONTEXT('2D SPACE',''
  ) );
#6698 = PCURVE('',#2139,#6699);
#6699 = DEFINITIONAL_REPRESENTATION('',(#6700),#6704);
#6700 = LINE('',#6701,#6702);
#6701 = CARTESIAN_POINT('',(0.,4.));
#6702 = VECTOR('',#6703,1.);
#6703 = DIRECTION('',(1.,0.));
#6704 = ( GEOMETRIC_REPRESENTATION_CONTEXT(2) 
PARAMETRIC_REPRESENTATION_CONTEXT() REPRESENTATION_CONTEXT('2D SPACE',''
  ) );
#6705 = ORIENTED_EDGE('',*,*,#6706,.F.);
#6706 = EDGE_CURVE('',#6566,#6684,#6707,.T.);
#6707 = SURFACE_CURVE('',#6708,(#6712,#6719),.PCURVE_S1.);
#6708 = LINE('',#6709,#6710);
#6709 = CARTESIAN_POINT('',(-8.5,79.7,10.45));
#6710 = VECTOR('',#6711,1.);
#6711 = DIRECTION('',(-0.,1.,0.));
#6712 = PCURVE('',#2163,#6713);
#6713 = DEFINITIONAL_REPRESENTATION('',(#6714),#6718);
#6714 = LINE('',#6715,#6716);
#6715 = CARTESIAN_POINT('',(5.95,0.));
#6716 = VECTOR('',#6717,1.);
#6717 = DIRECTION('',(0.,-1.));
#6718 = ( GEOMETRIC_REPRESENTATION_CONTEXT(2) 
PARAMETRIC_REPRESENTATION_CONTEXT() REPRESENTATION_CONTEXT('2D SPACE',''
  ) );
#6719 = PCURVE('',#6631,#6720);
#6720 = DEFINITIONAL_REPRESENTATION('',(#6721),#6724);
#6721 = B_SPLINE_CURVE_WITH_KNOTS('',1,(#6722,#6723),.UNSPECIFIED.,.F.,
  .F.,(2,2),(0.,2.),.PIECEWISE_BEZIER_KNOTS.);
#6722 = CARTESIAN_POINT('',(0.,2.));
#6723 = CARTESIAN_POINT('',(0.,0.));
#6724 = ( GEOMETRIC_REPRESENTATION_CONTEXT(2) 
PARAMETRIC_REPRESENTATION_CONTEXT() REPRESENTATION_CONTEXT('2D SPACE',''
  ) );
#6725 = ADVANCED_FACE('',(#6726),#2113,.F.);
#6726 = FACE_BOUND('',#6727,.F.);
#6727 = EDGE_LOOP('',(#6728,#6729,#6730,#6753));
#6728 = ORIENTED_EDGE('',*,*,#6589,.F.);
#6729 = ORIENTED_EDGE('',*,*,#2098,.T.);
#6730 = ORIENTED_EDGE('',*,*,#6731,.T.);
#6731 = EDGE_CURVE('',#2099,#6732,#6734,.T.);
#6732 = VERTEX_POINT('',#6733);
#6733 = CARTESIAN_POINT('',(-12.5,81.7,10.45));
#6734 = SURFACE_CURVE('',#6735,(#6739,#6746),.PCURVE_S1.);
#6735 = LINE('',#6736,#6737);
#6736 = CARTESIAN_POINT('',(-12.5,81.7,4.5));
#6737 = VECTOR('',#6738,1.);
#6738 = DIRECTION('',(0.,0.,1.));
#6739 = PCURVE('',#2113,#6740);
#6740 = DEFINITIONAL_REPRESENTATION('',(#6741),#6745);
#6741 = LINE('',#6742,#6743);
#6742 = CARTESIAN_POINT('',(0.,-2.));
#6743 = VECTOR('',#6744,1.);
#6744 = DIRECTION('',(1.,0.));
#6745 = ( GEOMETRIC_REPRESENTATION_CONTEXT(2) 
PARAMETRIC_REPRESENTATION_CONTEXT() REPRESENTATION_CONTEXT('2D SPACE',''
  ) );
#6746 = PCURVE('',#2139,#6747);
#6747 = DEFINITIONAL_REPRESENTATION('',(#6748),#6752);
#6748 = LINE('',#6749,#6750);
#6749 = CARTESIAN_POINT('',(0.,0.));
#6750 = VECTOR('',#6751,1.);
#6751 = DIRECTION('',(1.,0.));
#6752 = ( GEOMETRIC_REPRESENTATION_CONTEXT(2) 
PARAMETRIC_REPRESENTATION_CONTEXT() REPRESENTATION_CONTEXT('2D SPACE',''
  ) );
#6753 = ORIENTED_EDGE('',*,*,#6754,.F.);
#6754 = EDGE_CURVE('',#6590,#6732,#6755,.T.);
#6755 = SURFACE_CURVE('',#6756,(#6760,#6767),.PCURVE_S1.);
#6756 = LINE('',#6757,#6758);
#6757 = CARTESIAN_POINT('',(-12.5,79.7,10.45));
#6758 = VECTOR('',#6759,1.);
#6759 = DIRECTION('',(-0.,1.,0.));
#6760 = PCURVE('',#2113,#6761);
#6761 = DEFINITIONAL_REPRESENTATION('',(#6762),#6766);
#6762 = LINE('',#6763,#6764);
#6763 = CARTESIAN_POINT('',(5.95,0.));
#6764 = VECTOR('',#6765,1.);
#6765 = DIRECTION('',(0.,-1.));
#6766 = ( GEOMETRIC_REPRESENTATION_CONTEXT(2) 
PARAMETRIC_REPRESENTATION_CONTEXT() REPRESENTATION_CONTEXT('2D SPACE',''
  ) );
#6767 = PCURVE('',#6631,#6768);
#6768 = DEFINITIONAL_REPRESENTATION('',(#6769),#6773);
#6769 = LINE('',#6770,#6771);
#6770 = CARTESIAN_POINT('',(3.14159265359,2.));
#6771 = VECTOR('',#6772,1.);
#6772 = DIRECTION('',(0.,-1.));
#6773 = ( GEOMETRIC_REPRESENTATION_CONTEXT(2) 
PARAMETRIC_REPRESENTATION_CONTEXT() REPRESENTATION_CONTEXT('2D SPACE',''
  ) );
#6774 = ADVANCED_FACE('',(#6775,#6806),#2139,.T.);
#6775 = FACE_BOUND('',#6776,.T.);
#6776 = EDGE_LOOP('',(#6777,#6778,#6779,#6780));
#6777 = ORIENTED_EDGE('',*,*,#6683,.F.);
#6778 = ORIENTED_EDGE('',*,*,#2124,.T.);
#6779 = ORIENTED_EDGE('',*,*,#6731,.T.);
#6780 = ORIENTED_EDGE('',*,*,#6781,.F.);
#6781 = EDGE_CURVE('',#6684,#6732,#6782,.T.);
#6782 = SURFACE_CURVE('',#6783,(#6788,#6799),.PCURVE_S1.);
#6783 = CIRCLE('',#6784,2.);
#6784 = AXIS2_PLACEMENT_3D('',#6785,#6786,#6787);
#6785 = CARTESIAN_POINT('',(-10.5,81.7,10.45));
#6786 = DIRECTION('',(0.,-1.,2.22044604925E-16));
#6787 = DIRECTION('',(1.,0.,0.));
#6788 = PCURVE('',#2139,#6789);
#6789 = DEFINITIONAL_REPRESENTATION('',(#6790),#6798);
#6790 = ( BOUNDED_CURVE() B_SPLINE_CURVE(2,(#6791,#6792,#6793,#6794,
#6795,#6796,#6797),.UNSPECIFIED.,.T.,.F.) B_SPLINE_CURVE_WITH_KNOTS((1,2
    ,2,2,2,1),(-2.094395102393,0.,2.094395102393,4.188790204786,
6.28318530718,8.377580409573),.UNSPECIFIED.) CURVE() 
GEOMETRIC_REPRESENTATION_ITEM() RATIONAL_B_SPLINE_CURVE((1.,0.5,1.,0.5,
1.,0.5,1.)) REPRESENTATION_ITEM('') );
#6791 = CARTESIAN_POINT('',(5.95,4.));
#6792 = CARTESIAN_POINT('',(9.414101615138,4.));
#6793 = CARTESIAN_POINT('',(7.682050807569,1.));
#6794 = CARTESIAN_POINT('',(5.95,-2.));
#6795 = CARTESIAN_POINT('',(4.217949192431,1.));
#6796 = CARTESIAN_POINT('',(2.485898384862,4.));
#6797 = CARTESIAN_POINT('',(5.95,4.));
#6798 = ( GEOMETRIC_REPRESENTATION_CONTEXT(2) 
PARAMETRIC_REPRESENTATION_CONTEXT() REPRESENTATION_CONTEXT('2D SPACE',''
  ) );
#6799 = PCURVE('',#6631,#6800);
#6800 = DEFINITIONAL_REPRESENTATION('',(#6801),#6805);
#6801 = LINE('',#6802,#6803);
#6802 = CARTESIAN_POINT('',(0.,0.));
#6803 = VECTOR('',#6804,1.);
#6804 = DIRECTION('',(1.,0.));
#6805 = ( GEOMETRIC_REPRESENTATION_CONTEXT(2) 
PARAMETRIC_REPRESENTATION_CONTEXT() REPRESENTATION_CONTEXT('2D SPACE',''
  ) );
#6806 = FACE_BOUND('',#6807,.T.);
#6807 = EDGE_LOOP('',(#6808));
#6808 = ORIENTED_EDGE('',*,*,#6809,.T.);
#6809 = EDGE_CURVE('',#6810,#6810,#6812,.T.);
#6810 = VERTEX_POINT('',#6811);
#6811 = CARTESIAN_POINT('',(-9.5,81.7,10.45));
#6812 = SURFACE_CURVE('',#6813,(#6818,#6829),.PCURVE_S1.);
#6813 = CIRCLE('',#6814,1.);
#6814 = AXIS2_PLACEMENT_3D('',#6815,#6816,#6817);
#6815 = CARTESIAN_POINT('',(-10.5,81.7,10.45));
#6816 = DIRECTION('',(0.,-1.,2.22044604925E-16));
#6817 = DIRECTION('',(1.,0.,0.));
#6818 = PCURVE('',#2139,#6819);
#6819 = DEFINITIONAL_REPRESENTATION('',(#6820),#6828);
#6820 = ( BOUNDED_CURVE() B_SPLINE_CURVE(2,(#6821,#6822,#6823,#6824,
#6825,#6826,#6827),.UNSPECIFIED.,.T.,.F.) B_SPLINE_CURVE_WITH_KNOTS((1,2
    ,2,2,2,1),(-2.094395102393,0.,2.094395102393,4.188790204786,
6.28318530718,8.377580409573),.UNSPECIFIED.) CURVE() 
GEOMETRIC_REPRESENTATION_ITEM() RATIONAL_B_SPLINE_CURVE((1.,0.5,1.,0.5,
1.,0.5,1.)) REPRESENTATION_ITEM('') );
#6821 = CARTESIAN_POINT('',(5.95,3.));
#6822 = CARTESIAN_POINT('',(7.682050807569,3.));
#6823 = CARTESIAN_POINT('',(6.816025403784,1.5));
#6824 = CARTESIAN_POINT('',(5.95,4.440892098501E-16));
#6825 = CARTESIAN_POINT('',(5.083974596216,1.5));
#6826 = CARTESIAN_POINT('',(4.217949192431,3.));
#6827 = CARTESIAN_POINT('',(5.95,3.));
#6828 = ( GEOMETRIC_REPRESENTATION_CONTEXT(2) 
PARAMETRIC_REPRESENTATION_CONTEXT() REPRESENTATION_CONTEXT('2D SPACE',''
  ) );
#6829 = PCURVE('',#6666,#6830);
#6830 = DEFINITIONAL_REPRESENTATION('',(#6831),#6835);
#6831 = LINE('',#6832,#6833);
#6832 = CARTESIAN_POINT('',(0.,9.999999999999E-02));
#6833 = VECTOR('',#6834,1.);
#6834 = DIRECTION('',(1.,0.));
#6835 = ( GEOMETRIC_REPRESENTATION_CONTEXT(2) 
PARAMETRIC_REPRESENTATION_CONTEXT() REPRESENTATION_CONTEXT('2D SPACE',''
  ) );
#6836 = ADVANCED_FACE('',(#6837,#6917),#2193,.F.);
#6837 = FACE_BOUND('',#6838,.F.);
#6838 = EDGE_LOOP('',(#6839,#6862,#6863,#6886));
#6839 = ORIENTED_EDGE('',*,*,#6840,.F.);
#6840 = EDGE_CURVE('',#2177,#6841,#6843,.T.);
#6841 = VERTEX_POINT('',#6842);
#6842 = CARTESIAN_POINT('',(-8.5,88.3,10.45));
#6843 = SURFACE_CURVE('',#6844,(#6848,#6855),.PCURVE_S1.);
#6844 = LINE('',#6845,#6846);
#6845 = CARTESIAN_POINT('',(-8.5,88.3,4.5));
#6846 = VECTOR('',#6847,1.);
#6847 = DIRECTION('',(0.,0.,1.));
#6848 = PCURVE('',#2193,#6849);
#6849 = DEFINITIONAL_REPRESENTATION('',(#6850),#6854);
#6850 = LINE('',#6851,#6852);
#6851 = CARTESIAN_POINT('',(0.,4.));
#6852 = VECTOR('',#6853,1.);
#6853 = DIRECTION('',(1.,0.));
#6854 = ( GEOMETRIC_REPRESENTATION_CONTEXT(2) 
PARAMETRIC_REPRESENTATION_CONTEXT() REPRESENTATION_CONTEXT('2D SPACE',''
  ) );
#6855 = PCURVE('',#2269,#6856);
#6856 = DEFINITIONAL_REPRESENTATION('',(#6857),#6861);
#6857 = LINE('',#6858,#6859);
#6858 = CARTESIAN_POINT('',(0.,0.));
#6859 = VECTOR('',#6860,1.);
#6860 = DIRECTION('',(1.,0.));
#6861 = ( GEOMETRIC_REPRESENTATION_CONTEXT(2) 
PARAMETRIC_REPRESENTATION_CONTEXT() REPRESENTATION_CONTEXT('2D SPACE',''
  ) );
#6862 = ORIENTED_EDGE('',*,*,#2176,.T.);
#6863 = ORIENTED_EDGE('',*,*,#6864,.T.);
#6864 = EDGE_CURVE('',#2179,#6865,#6867,.T.);
#6865 = VERTEX_POINT('',#6866);
#6866 = CARTESIAN_POINT('',(-12.5,88.3,10.45));
#6867 = SURFACE_CURVE('',#6868,(#6872,#6879),.PCURVE_S1.);
#6868 = LINE('',#6869,#6870);
#6869 = CARTESIAN_POINT('',(-12.5,88.3,4.5));
#6870 = VECTOR('',#6871,1.);
#6871 = DIRECTION('',(0.,0.,1.));
#6872 = PCURVE('',#2193,#6873);
#6873 = DEFINITIONAL_REPRESENTATION('',(#6874),#6878);
#6874 = LINE('',#6875,#6876);
#6875 = CARTESIAN_POINT('',(0.,0.));
#6876 = VECTOR('',#6877,1.);
#6877 = DIRECTION('',(1.,0.));
#6878 = ( GEOMETRIC_REPRESENTATION_CONTEXT(2) 
PARAMETRIC_REPRESENTATION_CONTEXT() REPRESENTATION_CONTEXT('2D SPACE',''
  ) );
#6879 = PCURVE('',#2219,#6880);
#6880 = DEFINITIONAL_REPRESENTATION('',(#6881),#6885);
#6881 = LINE('',#6882,#6883);
#6882 = CARTESIAN_POINT('',(0.,0.));
#6883 = VECTOR('',#6884,1.);
#6884 = DIRECTION('',(1.,0.));
#6885 = ( GEOMETRIC_REPRESENTATION_CONTEXT(2) 
PARAMETRIC_REPRESENTATION_CONTEXT() REPRESENTATION_CONTEXT('2D SPACE',''
  ) );
#6886 = ORIENTED_EDGE('',*,*,#6887,.F.);
#6887 = EDGE_CURVE('',#6841,#6865,#6888,.T.);
#6888 = SURFACE_CURVE('',#6889,(#6894,#6905),.PCURVE_S1.);
#6889 = CIRCLE('',#6890,2.);
#6890 = AXIS2_PLACEMENT_3D('',#6891,#6892,#6893);
#6891 = CARTESIAN_POINT('',(-10.5,88.3,10.45));
#6892 = DIRECTION('',(0.,-1.,2.22044604925E-16));
#6893 = DIRECTION('',(1.,0.,0.));
#6894 = PCURVE('',#2193,#6895);
#6895 = DEFINITIONAL_REPRESENTATION('',(#6896),#6904);
#6896 = ( BOUNDED_CURVE() B_SPLINE_CURVE(2,(#6897,#6898,#6899,#6900,
#6901,#6902,#6903),.UNSPECIFIED.,.T.,.F.) B_SPLINE_CURVE_WITH_KNOTS((1,2
    ,2,2,2,1),(-2.094395102393,0.,2.094395102393,4.188790204786,
6.28318530718,8.377580409573),.UNSPECIFIED.) CURVE() 
GEOMETRIC_REPRESENTATION_ITEM() RATIONAL_B_SPLINE_CURVE((1.,0.5,1.,0.5,
1.,0.5,1.)) REPRESENTATION_ITEM('') );
#6897 = CARTESIAN_POINT('',(5.95,4.));
#6898 = CARTESIAN_POINT('',(9.414101615138,4.));
#6899 = CARTESIAN_POINT('',(7.682050807569,1.));
#6900 = CARTESIAN_POINT('',(5.95,-2.));
#6901 = CARTESIAN_POINT('',(4.217949192431,1.));
#6902 = CARTESIAN_POINT('',(2.485898384862,4.));
#6903 = CARTESIAN_POINT('',(5.95,4.));
#6904 = ( GEOMETRIC_REPRESENTATION_CONTEXT(2) 
PARAMETRIC_REPRESENTATION_CONTEXT() REPRESENTATION_CONTEXT('2D SPACE',''
  ) );
#6905 = PCURVE('',#6906,#6911);
#6906 = CYLINDRICAL_SURFACE('',#6907,2.);
#6907 = AXIS2_PLACEMENT_3D('',#6908,#6909,#6910);
#6908 = CARTESIAN_POINT('',(-10.5,90.3,10.45));
#6909 = DIRECTION('',(0.,-1.,2.22044604925E-16));
#6910 = DIRECTION('',(1.,0.,0.));
#6911 = DEFINITIONAL_REPRESENTATION('',(#6912),#6916);
#6912 = LINE('',#6913,#6914);
#6913 = CARTESIAN_POINT('',(0.,2.));
#6914 = VECTOR('',#6915,1.);
#6915 = DIRECTION('',(1.,0.));
#6916 = ( GEOMETRIC_REPRESENTATION_CONTEXT(2) 
PARAMETRIC_REPRESENTATION_CONTEXT() REPRESENTATION_CONTEXT('2D SPACE',''
  ) );
#6917 = FACE_BOUND('',#6918,.F.);
#6918 = EDGE_LOOP('',(#6919));
#6919 = ORIENTED_EDGE('',*,*,#6920,.T.);
#6920 = EDGE_CURVE('',#6921,#6921,#6923,.T.);
#6921 = VERTEX_POINT('',#6922);
#6922 = CARTESIAN_POINT('',(-9.5,88.3,10.45));
#6923 = SURFACE_CURVE('',#6924,(#6929,#6940),.PCURVE_S1.);
#6924 = CIRCLE('',#6925,1.);
#6925 = AXIS2_PLACEMENT_3D('',#6926,#6927,#6928);
#6926 = CARTESIAN_POINT('',(-10.5,88.3,10.45));
#6927 = DIRECTION('',(0.,-1.,2.22044604925E-16));
#6928 = DIRECTION('',(1.,0.,0.));
#6929 = PCURVE('',#2193,#6930);
#6930 = DEFINITIONAL_REPRESENTATION('',(#6931),#6939);
#6931 = ( BOUNDED_CURVE() B_SPLINE_CURVE(2,(#6932,#6933,#6934,#6935,
#6936,#6937,#6938),.UNSPECIFIED.,.T.,.F.) B_SPLINE_CURVE_WITH_KNOTS((1,2
    ,2,2,2,1),(-2.094395102393,0.,2.094395102393,4.188790204786,
6.28318530718,8.377580409573),.UNSPECIFIED.) CURVE() 
GEOMETRIC_REPRESENTATION_ITEM() RATIONAL_B_SPLINE_CURVE((1.,0.5,1.,0.5,
1.,0.5,1.)) REPRESENTATION_ITEM('') );
#6932 = CARTESIAN_POINT('',(5.95,3.));
#6933 = CARTESIAN_POINT('',(7.682050807569,3.));
#6934 = CARTESIAN_POINT('',(6.816025403784,1.5));
#6935 = CARTESIAN_POINT('',(5.95,4.440892098501E-16));
#6936 = CARTESIAN_POINT('',(5.083974596216,1.5));
#6937 = CARTESIAN_POINT('',(4.217949192431,3.));
#6938 = CARTESIAN_POINT('',(5.95,3.));
#6939 = ( GEOMETRIC_REPRESENTATION_CONTEXT(2) 
PARAMETRIC_REPRESENTATION_CONTEXT() REPRESENTATION_CONTEXT('2D SPACE',''
  ) );
#6940 = PCURVE('',#6941,#6946);
#6941 = CYLINDRICAL_SURFACE('',#6942,1.);
#6942 = AXIS2_PLACEMENT_3D('',#6943,#6944,#6945);
#6943 = CARTESIAN_POINT('',(-10.5,90.4,10.45));
#6944 = DIRECTION('',(0.,-1.,2.22044604925E-16));
#6945 = DIRECTION('',(1.,0.,0.));
#6946 = DEFINITIONAL_REPRESENTATION('',(#6947),#6951);
#6947 = LINE('',#6948,#6949);
#6948 = CARTESIAN_POINT('',(0.,2.1));
#6949 = VECTOR('',#6950,1.);
#6950 = DIRECTION('',(1.,0.));
#6951 = ( GEOMETRIC_REPRESENTATION_CONTEXT(2) 
PARAMETRIC_REPRESENTATION_CONTEXT() REPRESENTATION_CONTEXT('2D SPACE',''
  ) );
#6952 = ADVANCED_FACE('',(#6953),#2269,.T.);
#6953 = FACE_BOUND('',#6954,.T.);
#6954 = EDGE_LOOP('',(#6955,#6956,#6957,#6980));
#6955 = ORIENTED_EDGE('',*,*,#6840,.F.);
#6956 = ORIENTED_EDGE('',*,*,#2256,.T.);
#6957 = ORIENTED_EDGE('',*,*,#6958,.T.);
#6958 = EDGE_CURVE('',#2231,#6959,#6961,.T.);
#6959 = VERTEX_POINT('',#6960);
#6960 = CARTESIAN_POINT('',(-8.5,90.3,10.45));
#6961 = SURFACE_CURVE('',#6962,(#6966,#6973),.PCURVE_S1.);
#6962 = LINE('',#6963,#6964);
#6963 = CARTESIAN_POINT('',(-8.5,90.3,4.5));
#6964 = VECTOR('',#6965,1.);
#6965 = DIRECTION('',(0.,0.,1.));
#6966 = PCURVE('',#2269,#6967);
#6967 = DEFINITIONAL_REPRESENTATION('',(#6968),#6972);
#6968 = LINE('',#6969,#6970);
#6969 = CARTESIAN_POINT('',(0.,-2.));
#6970 = VECTOR('',#6971,1.);
#6971 = DIRECTION('',(1.,0.));
#6972 = ( GEOMETRIC_REPRESENTATION_CONTEXT(2) 
PARAMETRIC_REPRESENTATION_CONTEXT() REPRESENTATION_CONTEXT('2D SPACE',''
  ) );
#6973 = PCURVE('',#2245,#6974);
#6974 = DEFINITIONAL_REPRESENTATION('',(#6975),#6979);
#6975 = LINE('',#6976,#6977);
#6976 = CARTESIAN_POINT('',(0.,4.));
#6977 = VECTOR('',#6978,1.);
#6978 = DIRECTION('',(1.,0.));
#6979 = ( GEOMETRIC_REPRESENTATION_CONTEXT(2) 
PARAMETRIC_REPRESENTATION_CONTEXT() REPRESENTATION_CONTEXT('2D SPACE',''
  ) );
#6980 = ORIENTED_EDGE('',*,*,#6981,.F.);
#6981 = EDGE_CURVE('',#6841,#6959,#6982,.T.);
#6982 = SURFACE_CURVE('',#6983,(#6987,#6994),.PCURVE_S1.);
#6983 = LINE('',#6984,#6985);
#6984 = CARTESIAN_POINT('',(-8.5,88.3,10.45));
#6985 = VECTOR('',#6986,1.);
#6986 = DIRECTION('',(-0.,1.,0.));
#6987 = PCURVE('',#2269,#6988);
#6988 = DEFINITIONAL_REPRESENTATION('',(#6989),#6993);
#6989 = LINE('',#6990,#6991);
#6990 = CARTESIAN_POINT('',(5.95,0.));
#6991 = VECTOR('',#6992,1.);
#6992 = DIRECTION('',(0.,-1.));
#6993 = ( GEOMETRIC_REPRESENTATION_CONTEXT(2) 
PARAMETRIC_REPRESENTATION_CONTEXT() REPRESENTATION_CONTEXT('2D SPACE',''
  ) );
#6994 = PCURVE('',#6906,#6995);
#6995 = DEFINITIONAL_REPRESENTATION('',(#6996),#6999);
#6996 = B_SPLINE_CURVE_WITH_KNOTS('',1,(#6997,#6998),.UNSPECIFIED.,.F.,
  .F.,(2,2),(0.,2.),.PIECEWISE_BEZIER_KNOTS.);
#6997 = CARTESIAN_POINT('',(0.,2.));
#6998 = CARTESIAN_POINT('',(0.,0.));
#6999 = ( GEOMETRIC_REPRESENTATION_CONTEXT(2) 
PARAMETRIC_REPRESENTATION_CONTEXT() REPRESENTATION_CONTEXT('2D SPACE',''
  ) );
#7000 = ADVANCED_FACE('',(#7001),#2219,.F.);
#7001 = FACE_BOUND('',#7002,.F.);
#7002 = EDGE_LOOP('',(#7003,#7004,#7005,#7028));
#7003 = ORIENTED_EDGE('',*,*,#6864,.F.);
#7004 = ORIENTED_EDGE('',*,*,#2204,.T.);
#7005 = ORIENTED_EDGE('',*,*,#7006,.T.);
#7006 = EDGE_CURVE('',#2205,#7007,#7009,.T.);
#7007 = VERTEX_POINT('',#7008);
#7008 = CARTESIAN_POINT('',(-12.5,90.3,10.45));
#7009 = SURFACE_CURVE('',#7010,(#7014,#7021),.PCURVE_S1.);
#7010 = LINE('',#7011,#7012);
#7011 = CARTESIAN_POINT('',(-12.5,90.3,4.5));
#7012 = VECTOR('',#7013,1.);
#7013 = DIRECTION('',(0.,0.,1.));
#7014 = PCURVE('',#2219,#7015);
#7015 = DEFINITIONAL_REPRESENTATION('',(#7016),#7020);
#7016 = LINE('',#7017,#7018);
#7017 = CARTESIAN_POINT('',(0.,-2.));
#7018 = VECTOR('',#7019,1.);
#7019 = DIRECTION('',(1.,0.));
#7020 = ( GEOMETRIC_REPRESENTATION_CONTEXT(2) 
PARAMETRIC_REPRESENTATION_CONTEXT() REPRESENTATION_CONTEXT('2D SPACE',''
  ) );
#7021 = PCURVE('',#2245,#7022);
#7022 = DEFINITIONAL_REPRESENTATION('',(#7023),#7027);
#7023 = LINE('',#7024,#7025);
#7024 = CARTESIAN_POINT('',(0.,0.));
#7025 = VECTOR('',#7026,1.);
#7026 = DIRECTION('',(1.,0.));
#7027 = ( GEOMETRIC_REPRESENTATION_CONTEXT(2) 
PARAMETRIC_REPRESENTATION_CONTEXT() REPRESENTATION_CONTEXT('2D SPACE',''
  ) );
#7028 = ORIENTED_EDGE('',*,*,#7029,.F.);
#7029 = EDGE_CURVE('',#6865,#7007,#7030,.T.);
#7030 = SURFACE_CURVE('',#7031,(#7035,#7042),.PCURVE_S1.);
#7031 = LINE('',#7032,#7033);
#7032 = CARTESIAN_POINT('',(-12.5,88.3,10.45));
#7033 = VECTOR('',#7034,1.);
#7034 = DIRECTION('',(-0.,1.,0.));
#7035 = PCURVE('',#2219,#7036);
#7036 = DEFINITIONAL_REPRESENTATION('',(#7037),#7041);
#7037 = LINE('',#7038,#7039);
#7038 = CARTESIAN_POINT('',(5.95,0.));
#7039 = VECTOR('',#7040,1.);
#7040 = DIRECTION('',(0.,-1.));
#7041 = ( GEOMETRIC_REPRESENTATION_CONTEXT(2) 
PARAMETRIC_REPRESENTATION_CONTEXT() REPRESENTATION_CONTEXT('2D SPACE',''
  ) );
#7042 = PCURVE('',#6906,#7043);
#7043 = DEFINITIONAL_REPRESENTATION('',(#7044),#7048);
#7044 = LINE('',#7045,#7046);
#7045 = CARTESIAN_POINT('',(3.14159265359,2.));
#7046 = VECTOR('',#7047,1.);
#7047 = DIRECTION('',(0.,-1.));
#7048 = ( GEOMETRIC_REPRESENTATION_CONTEXT(2) 
PARAMETRIC_REPRESENTATION_CONTEXT() REPRESENTATION_CONTEXT('2D SPACE',''
  ) );
#7049 = ADVANCED_FACE('',(#7050,#7081),#2245,.T.);
#7050 = FACE_BOUND('',#7051,.T.);
#7051 = EDGE_LOOP('',(#7052,#7053,#7054,#7055));
#7052 = ORIENTED_EDGE('',*,*,#6958,.F.);
#7053 = ORIENTED_EDGE('',*,*,#2230,.T.);
#7054 = ORIENTED_EDGE('',*,*,#7006,.T.);
#7055 = ORIENTED_EDGE('',*,*,#7056,.F.);
#7056 = EDGE_CURVE('',#6959,#7007,#7057,.T.);
#7057 = SURFACE_CURVE('',#7058,(#7063,#7074),.PCURVE_S1.);
#7058 = CIRCLE('',#7059,2.);
#7059 = AXIS2_PLACEMENT_3D('',#7060,#7061,#7062);
#7060 = CARTESIAN_POINT('',(-10.5,90.3,10.45));
#7061 = DIRECTION('',(0.,-1.,2.22044604925E-16));
#7062 = DIRECTION('',(1.,0.,0.));
#7063 = PCURVE('',#2245,#7064);
#7064 = DEFINITIONAL_REPRESENTATION('',(#7065),#7073);
#7065 = ( BOUNDED_CURVE() B_SPLINE_CURVE(2,(#7066,#7067,#7068,#7069,
#7070,#7071,#7072),.UNSPECIFIED.,.T.,.F.) B_SPLINE_CURVE_WITH_KNOTS((1,2
    ,2,2,2,1),(-2.094395102393,0.,2.094395102393,4.188790204786,
6.28318530718,8.377580409573),.UNSPECIFIED.) CURVE() 
GEOMETRIC_REPRESENTATION_ITEM() RATIONAL_B_SPLINE_CURVE((1.,0.5,1.,0.5,
1.,0.5,1.)) REPRESENTATION_ITEM('') );
#7066 = CARTESIAN_POINT('',(5.95,4.));
#7067 = CARTESIAN_POINT('',(9.414101615138,4.));
#7068 = CARTESIAN_POINT('',(7.682050807569,1.));
#7069 = CARTESIAN_POINT('',(5.95,-2.));
#7070 = CARTESIAN_POINT('',(4.217949192431,1.));
#7071 = CARTESIAN_POINT('',(2.485898384862,4.));
#7072 = CARTESIAN_POINT('',(5.95,4.));
#7073 = ( GEOMETRIC_REPRESENTATION_CONTEXT(2) 
PARAMETRIC_REPRESENTATION_CONTEXT() REPRESENTATION_CONTEXT('2D SPACE',''
  ) );
#7074 = PCURVE('',#6906,#7075);
#7075 = DEFINITIONAL_REPRESENTATION('',(#7076),#7080);
#7076 = LINE('',#7077,#7078);
#7077 = CARTESIAN_POINT('',(0.,0.));
#7078 = VECTOR('',#7079,1.);
#7079 = DIRECTION('',(1.,0.));
#7080 = ( GEOMETRIC_REPRESENTATION_CONTEXT(2) 
PARAMETRIC_REPRESENTATION_CONTEXT() REPRESENTATION_CONTEXT('2D SPACE',''
  ) );
#7081 = FACE_BOUND('',#7082,.T.);
#7082 = EDGE_LOOP('',(#7083));
#7083 = ORIENTED_EDGE('',*,*,#7084,.T.);
#7084 = EDGE_CURVE('',#7085,#7085,#7087,.T.);
#7085 = VERTEX_POINT('',#7086);
#7086 = CARTESIAN_POINT('',(-9.5,90.3,10.45));
#7087 = SURFACE_CURVE('',#7088,(#7093,#7104),.PCURVE_S1.);
#7088 = CIRCLE('',#7089,1.);
#7089 = AXIS2_PLACEMENT_3D('',#7090,#7091,#7092);
#7090 = CARTESIAN_POINT('',(-10.5,90.3,10.45));
#7091 = DIRECTION('',(0.,-1.,2.22044604925E-16));
#7092 = DIRECTION('',(1.,0.,0.));
#7093 = PCURVE('',#2245,#7094);
#7094 = DEFINITIONAL_REPRESENTATION('',(#7095),#7103);
#7095 = ( BOUNDED_CURVE() B_SPLINE_CURVE(2,(#7096,#7097,#7098,#7099,
#7100,#7101,#7102),.UNSPECIFIED.,.T.,.F.) B_SPLINE_CURVE_WITH_KNOTS((1,2
    ,2,2,2,1),(-2.094395102393,0.,2.094395102393,4.188790204786,
6.28318530718,8.377580409573),.UNSPECIFIED.) CURVE() 
GEOMETRIC_REPRESENTATION_ITEM() RATIONAL_B_SPLINE_CURVE((1.,0.5,1.,0.5,
1.,0.5,1.)) REPRESENTATION_ITEM('') );
#7096 = CARTESIAN_POINT('',(5.95,3.));
#7097 = CARTESIAN_POINT('',(7.682050807569,3.));
#7098 = CARTESIAN_POINT('',(6.816025403784,1.5));
#7099 = CARTESIAN_POINT('',(5.95,4.440892098501E-16));
#7100 = CARTESIAN_POINT('',(5.083974596216,1.5));
#7101 = CARTESIAN_POINT('',(4.217949192431,3.));
#7102 = CARTESIAN_POINT('',(5.95,3.));
#7103 = ( GEOMETRIC_REPRESENTATION_CONTEXT(2) 
PARAMETRIC_REPRESENTATION_CONTEXT() REPRESENTATION_CONTEXT('2D SPACE',''
  ) );
#7104 = PCURVE('',#6941,#7105);
#7105 = DEFINITIONAL_REPRESENTATION('',(#7106),#7110);
#7106 = LINE('',#7107,#7108);
#7107 = CARTESIAN_POINT('',(0.,9.999999999999E-02));
#7108 = VECTOR('',#7109,1.);
#7109 = DIRECTION('',(1.,0.));
#7110 = ( GEOMETRIC_REPRESENTATION_CONTEXT(2) 
PARAMETRIC_REPRESENTATION_CONTEXT() REPRESENTATION_CONTEXT('2D SPACE',''
  ) );
#7111 = ADVANCED_FACE('',(#7112),#2322,.F.);
#7112 = FACE_BOUND('',#7113,.F.);
#7113 = EDGE_LOOP('',(#7114,#7115,#7116,#7117));
#7114 = ORIENTED_EDGE('',*,*,#2943,.F.);
#7115 = ORIENTED_EDGE('',*,*,#2306,.F.);
#7116 = ORIENTED_EDGE('',*,*,#2654,.F.);
#7117 = ORIENTED_EDGE('',*,*,#2727,.F.);
#7118 = ADVANCED_FACE('',(#7119),#2372,.T.);
#7119 = FACE_BOUND('',#7120,.T.);
#7120 = EDGE_LOOP('',(#7121,#7122,#7123,#7146));
#7121 = ORIENTED_EDGE('',*,*,#2921,.T.);
#7122 = ORIENTED_EDGE('',*,*,#2356,.F.);
#7123 = ORIENTED_EDGE('',*,*,#7124,.F.);
#7124 = EDGE_CURVE('',#7125,#2357,#7127,.T.);
#7125 = VERTEX_POINT('',#7126);
#7126 = CARTESIAN_POINT('',(-14.35,95.,3.9));
#7127 = SURFACE_CURVE('',#7128,(#7132,#7139),.PCURVE_S1.);
#7128 = LINE('',#7129,#7130);
#7129 = CARTESIAN_POINT('',(-14.35,95.,3.9));
#7130 = VECTOR('',#7131,1.);
#7131 = DIRECTION('',(1.,0.,-0.));
#7132 = PCURVE('',#2372,#7133);
#7133 = DEFINITIONAL_REPRESENTATION('',(#7134),#7138);
#7134 = LINE('',#7135,#7136);
#7135 = CARTESIAN_POINT('',(-14.35,3.9));
#7136 = VECTOR('',#7137,1.);
#7137 = DIRECTION('',(1.,0.));
#7138 = ( GEOMETRIC_REPRESENTATION_CONTEXT(2) 
PARAMETRIC_REPRESENTATION_CONTEXT() REPRESENTATION_CONTEXT('2D SPACE',''
  ) );
#7139 = PCURVE('',#2399,#7140);
#7140 = DEFINITIONAL_REPRESENTATION('',(#7141),#7145);
#7141 = LINE('',#7142,#7143);
#7142 = CARTESIAN_POINT('',(0.,0.));
#7143 = VECTOR('',#7144,1.);
#7144 = DIRECTION('',(1.,0.));
#7145 = ( GEOMETRIC_REPRESENTATION_CONTEXT(2) 
PARAMETRIC_REPRESENTATION_CONTEXT() REPRESENTATION_CONTEXT('2D SPACE',''
  ) );
#7146 = ORIENTED_EDGE('',*,*,#7147,.F.);
#7147 = EDGE_CURVE('',#2894,#7125,#7148,.T.);
#7148 = SURFACE_CURVE('',#7149,(#7153,#7160),.PCURVE_S1.);
#7149 = LINE('',#7150,#7151);
#7150 = CARTESIAN_POINT('',(-14.35,95.,0.4));
#7151 = VECTOR('',#7152,1.);
#7152 = DIRECTION('',(0.,0.,1.));
#7153 = PCURVE('',#2372,#7154);
#7154 = DEFINITIONAL_REPRESENTATION('',(#7155),#7159);
#7155 = LINE('',#7156,#7157);
#7156 = CARTESIAN_POINT('',(-14.35,0.4));
#7157 = VECTOR('',#7158,1.);
#7158 = DIRECTION('',(0.,1.));
#7159 = ( GEOMETRIC_REPRESENTATION_CONTEXT(2) 
PARAMETRIC_REPRESENTATION_CONTEXT() REPRESENTATION_CONTEXT('2D SPACE',''
  ) );
#7160 = PCURVE('',#2909,#7161);
#7161 = DEFINITIONAL_REPRESENTATION('',(#7162),#7166);
#7162 = LINE('',#7163,#7164);
#7163 = CARTESIAN_POINT('',(0.,0.));
#7164 = VECTOR('',#7165,1.);
#7165 = DIRECTION('',(1.,0.));
#7166 = ( GEOMETRIC_REPRESENTATION_CONTEXT(2) 
PARAMETRIC_REPRESENTATION_CONTEXT() REPRESENTATION_CONTEXT('2D SPACE',''
  ) );
#7167 = ADVANCED_FACE('',(#7168),#2399,.T.);
#7168 = FACE_BOUND('',#7169,.T.);
#7169 = EDGE_LOOP('',(#7170,#7171,#7192,#7193));
#7170 = ORIENTED_EDGE('',*,*,#3371,.F.);
#7171 = ORIENTED_EDGE('',*,*,#7172,.F.);
#7172 = EDGE_CURVE('',#7125,#3349,#7173,.T.);
#7173 = SURFACE_CURVE('',#7174,(#7178,#7185),.PCURVE_S1.);
#7174 = LINE('',#7175,#7176);
#7175 = CARTESIAN_POINT('',(-14.35,95.,3.9));
#7176 = VECTOR('',#7177,1.);
#7177 = DIRECTION('',(-0.,1.,0.));
#7178 = PCURVE('',#2399,#7179);
#7179 = DEFINITIONAL_REPRESENTATION('',(#7180),#7184);
#7180 = LINE('',#7181,#7182);
#7181 = CARTESIAN_POINT('',(0.,0.));
#7182 = VECTOR('',#7183,1.);
#7183 = DIRECTION('',(0.,1.));
#7184 = ( GEOMETRIC_REPRESENTATION_CONTEXT(2) 
PARAMETRIC_REPRESENTATION_CONTEXT() REPRESENTATION_CONTEXT('2D SPACE',''
  ) );
#7185 = PCURVE('',#2909,#7186);
#7186 = DEFINITIONAL_REPRESENTATION('',(#7187),#7191);
#7187 = LINE('',#7188,#7189);
#7188 = CARTESIAN_POINT('',(3.5,0.));
#7189 = VECTOR('',#7190,1.);
#7190 = DIRECTION('',(0.,-1.));
#7191 = ( GEOMETRIC_REPRESENTATION_CONTEXT(2) 
PARAMETRIC_REPRESENTATION_CONTEXT() REPRESENTATION_CONTEXT('2D SPACE',''
  ) );
#7192 = ORIENTED_EDGE('',*,*,#7124,.T.);
#7193 = ORIENTED_EDGE('',*,*,#2383,.F.);
#7194 = ADVANCED_FACE('',(#7195),#2471,.T.);
#7195 = FACE_BOUND('',#7196,.T.);
#7196 = EDGE_LOOP('',(#7197,#7198,#7199,#7200));
#7197 = ORIENTED_EDGE('',*,*,#2455,.F.);
#7198 = ORIENTED_EDGE('',*,*,#5311,.T.);
#7199 = ORIENTED_EDGE('',*,*,#5360,.T.);
#7200 = ORIENTED_EDGE('',*,*,#5387,.F.);
#7201 = ADVANCED_FACE('',(#7202),#2544,.T.);
#7202 = FACE_BOUND('',#7203,.T.);
#7203 = EDGE_LOOP('',(#7204,#7205,#7206,#7207));
#7204 = ORIENTED_EDGE('',*,*,#2528,.F.);
#7205 = ORIENTED_EDGE('',*,*,#5186,.T.);
#7206 = ORIENTED_EDGE('',*,*,#5235,.T.);
#7207 = ORIENTED_EDGE('',*,*,#5262,.F.);
#7208 = ADVANCED_FACE('',(#7209),#2617,.T.);
#7209 = FACE_BOUND('',#7210,.T.);
#7210 = EDGE_LOOP('',(#7211,#7212,#7213,#7214));
#7211 = ORIENTED_EDGE('',*,*,#2601,.F.);
#7212 = ORIENTED_EDGE('',*,*,#5061,.T.);
#7213 = ORIENTED_EDGE('',*,*,#5110,.T.);
#7214 = ORIENTED_EDGE('',*,*,#5137,.F.);
#7215 = ADVANCED_FACE('',(#7216),#2859,.F.);
#7216 = FACE_BOUND('',#7217,.F.);
#7217 = EDGE_LOOP('',(#7218,#7219,#7239,#7240));
#7218 = ORIENTED_EDGE('',*,*,#3535,.F.);
#7219 = ORIENTED_EDGE('',*,*,#7220,.F.);
#7220 = EDGE_CURVE('',#3294,#3536,#7221,.T.);
#7221 = SURFACE_CURVE('',#7222,(#7226,#7232),.PCURVE_S1.);
#7222 = LINE('',#7223,#7224);
#7223 = CARTESIAN_POINT('',(6.838311195025,102.,0.4));
#7224 = VECTOR('',#7225,1.);
#7225 = DIRECTION('',(0.,-1.,2.22044604925E-16));
#7226 = PCURVE('',#2859,#7227);
#7227 = DEFINITIONAL_REPRESENTATION('',(#7228),#7231);
#7228 = B_SPLINE_CURVE_WITH_KNOTS('',1,(#7229,#7230),.UNSPECIFIED.,.F.,
  .F.,(2,2),(0.9999994,7.0000006),.PIECEWISE_BEZIER_KNOTS.);
#7229 = CARTESIAN_POINT('',(5.842739777037E-02,0.9999994));
#7230 = CARTESIAN_POINT('',(5.842739777037E-02,7.0000006));
#7231 = ( GEOMETRIC_REPRESENTATION_CONTEXT(2) 
PARAMETRIC_REPRESENTATION_CONTEXT() REPRESENTATION_CONTEXT('2D SPACE',''
  ) );
#7232 = PCURVE('',#3309,#7233);
#7233 = DEFINITIONAL_REPRESENTATION('',(#7234),#7238);
#7234 = LINE('',#7235,#7236);
#7235 = CARTESIAN_POINT('',(26.838311195025,10.));
#7236 = VECTOR('',#7237,1.);
#7237 = DIRECTION('',(0.,-1.));
#7238 = ( GEOMETRIC_REPRESENTATION_CONTEXT(2) 
PARAMETRIC_REPRESENTATION_CONTEXT() REPRESENTATION_CONTEXT('2D SPACE',''
  ) );
#7239 = ORIENTED_EDGE('',*,*,#3321,.T.);
#7240 = ORIENTED_EDGE('',*,*,#2843,.T.);
#7241 = ADVANCED_FACE('',(#7242),#2909,.F.);
#7242 = FACE_BOUND('',#7243,.F.);
#7243 = EDGE_LOOP('',(#7244,#7245,#7246,#7247));
#7244 = ORIENTED_EDGE('',*,*,#7147,.F.);
#7245 = ORIENTED_EDGE('',*,*,#2893,.T.);
#7246 = ORIENTED_EDGE('',*,*,#3348,.T.);
#7247 = ORIENTED_EDGE('',*,*,#7172,.F.);
#7248 = ADVANCED_FACE('',(#7249),#3225,.F.);
#7249 = FACE_BOUND('',#7250,.F.);
#7250 = EDGE_LOOP('',(#7251,#7252,#7253,#7254));
#7251 = ORIENTED_EDGE('',*,*,#3492,.F.);
#7252 = ORIENTED_EDGE('',*,*,#3420,.F.);
#7253 = ORIENTED_EDGE('',*,*,#3209,.T.);
#7254 = ORIENTED_EDGE('',*,*,#7255,.F.);
#7255 = EDGE_CURVE('',#3470,#3210,#7256,.T.);
#7256 = SURFACE_CURVE('',#7257,(#7261,#7268),.PCURVE_S1.);
#7257 = LINE('',#7258,#7259);
#7258 = CARTESIAN_POINT('',(9.35,95.,3.9));
#7259 = VECTOR('',#7260,1.);
#7260 = DIRECTION('',(-0.,1.,0.));
#7261 = PCURVE('',#3225,#7262);
#7262 = DEFINITIONAL_REPRESENTATION('',(#7263),#7267);
#7263 = LINE('',#7264,#7265);
#7264 = CARTESIAN_POINT('',(3.5,0.));
#7265 = VECTOR('',#7266,1.);
#7266 = DIRECTION('',(0.,-1.));
#7267 = ( GEOMETRIC_REPRESENTATION_CONTEXT(2) 
PARAMETRIC_REPRESENTATION_CONTEXT() REPRESENTATION_CONTEXT('2D SPACE',''
  ) );
#7268 = PCURVE('',#3253,#7269);
#7269 = DEFINITIONAL_REPRESENTATION('',(#7270),#7274);
#7270 = LINE('',#7271,#7272);
#7271 = CARTESIAN_POINT('',(0.,0.));
#7272 = VECTOR('',#7273,1.);
#7273 = DIRECTION('',(0.,1.));
#7274 = ( GEOMETRIC_REPRESENTATION_CONTEXT(2) 
PARAMETRIC_REPRESENTATION_CONTEXT() REPRESENTATION_CONTEXT('2D SPACE',''
  ) );
#7275 = ADVANCED_FACE('',(#7276,#7302),#3253,.T.);
#7276 = FACE_BOUND('',#7277,.T.);
#7277 = EDGE_LOOP('',(#7278,#7279,#7280,#7301));
#7278 = ORIENTED_EDGE('',*,*,#7255,.F.);
#7279 = ORIENTED_EDGE('',*,*,#3469,.T.);
#7280 = ORIENTED_EDGE('',*,*,#7281,.T.);
#7281 = EDGE_CURVE('',#3447,#3238,#7282,.T.);
#7282 = SURFACE_CURVE('',#7283,(#7287,#7294),.PCURVE_S1.);
#7283 = LINE('',#7284,#7285);
#7284 = CARTESIAN_POINT('',(14.35,95.,3.9));
#7285 = VECTOR('',#7286,1.);
#7286 = DIRECTION('',(-0.,1.,0.));
#7287 = PCURVE('',#3253,#7288);
#7288 = DEFINITIONAL_REPRESENTATION('',(#7289),#7293);
#7289 = LINE('',#7290,#7291);
#7290 = CARTESIAN_POINT('',(5.,0.));
#7291 = VECTOR('',#7292,1.);
#7292 = DIRECTION('',(0.,1.));
#7293 = ( GEOMETRIC_REPRESENTATION_CONTEXT(2) 
PARAMETRIC_REPRESENTATION_CONTEXT() REPRESENTATION_CONTEXT('2D SPACE',''
  ) );
#7294 = PCURVE('',#3281,#7295);
#7295 = DEFINITIONAL_REPRESENTATION('',(#7296),#7300);
#7296 = LINE('',#7297,#7298);
#7297 = CARTESIAN_POINT('',(3.5,0.));
#7298 = VECTOR('',#7299,1.);
#7299 = DIRECTION('',(0.,-1.));
#7300 = ( GEOMETRIC_REPRESENTATION_CONTEXT(2) 
PARAMETRIC_REPRESENTATION_CONTEXT() REPRESENTATION_CONTEXT('2D SPACE',''
  ) );
#7301 = ORIENTED_EDGE('',*,*,#3237,.F.);
#7302 = FACE_BOUND('',#7303,.T.);
#7303 = EDGE_LOOP('',(#7304));
#7304 = ORIENTED_EDGE('',*,*,#7305,.F.);
#7305 = EDGE_CURVE('',#7306,#7306,#7308,.T.);
#7306 = VERTEX_POINT('',#7307);
#7307 = CARTESIAN_POINT('',(13.05,98.,3.9));
#7308 = SURFACE_CURVE('',#7309,(#7314,#7321),.PCURVE_S1.);
#7309 = CIRCLE('',#7310,1.2);
#7310 = AXIS2_PLACEMENT_3D('',#7311,#7312,#7313);
#7311 = CARTESIAN_POINT('',(11.85,98.,3.9));
#7312 = DIRECTION('',(0.,0.,1.));
#7313 = DIRECTION('',(1.,0.,-0.));
#7314 = PCURVE('',#3253,#7315);
#7315 = DEFINITIONAL_REPRESENTATION('',(#7316),#7320);
#7316 = CIRCLE('',#7317,1.2);
#7317 = AXIS2_PLACEMENT_2D('',#7318,#7319);
#7318 = CARTESIAN_POINT('',(2.5,3.));
#7319 = DIRECTION('',(1.,0.));
#7320 = ( GEOMETRIC_REPRESENTATION_CONTEXT(2) 
PARAMETRIC_REPRESENTATION_CONTEXT() REPRESENTATION_CONTEXT('2D SPACE',''
  ) );
#7321 = PCURVE('',#7322,#7327);
#7322 = CYLINDRICAL_SURFACE('',#7323,1.2);
#7323 = AXIS2_PLACEMENT_3D('',#7324,#7325,#7326);
#7324 = CARTESIAN_POINT('',(11.85,98.,-15.));
#7325 = DIRECTION('',(0.,0.,1.));
#7326 = DIRECTION('',(1.,0.,-0.));
#7327 = DEFINITIONAL_REPRESENTATION('',(#7328),#7332);
#7328 = LINE('',#7329,#7330);
#7329 = CARTESIAN_POINT('',(0.,18.9));
#7330 = VECTOR('',#7331,1.);
#7331 = DIRECTION('',(1.,0.));
#7332 = ( GEOMETRIC_REPRESENTATION_CONTEXT(2) 
PARAMETRIC_REPRESENTATION_CONTEXT() REPRESENTATION_CONTEXT('2D SPACE',''
  ) );
#7333 = ADVANCED_FACE('',(#7334),#3281,.T.);
#7334 = FACE_BOUND('',#7335,.T.);
#7335 = EDGE_LOOP('',(#7336,#7337,#7358,#7359));
#7336 = ORIENTED_EDGE('',*,*,#3444,.F.);
#7337 = ORIENTED_EDGE('',*,*,#7338,.T.);
#7338 = EDGE_CURVE('',#3445,#3266,#7339,.T.);
#7339 = SURFACE_CURVE('',#7340,(#7344,#7351),.PCURVE_S1.);
#7340 = LINE('',#7341,#7342);
#7341 = CARTESIAN_POINT('',(14.35,95.,0.4));
#7342 = VECTOR('',#7343,1.);
#7343 = DIRECTION('',(-0.,1.,0.));
#7344 = PCURVE('',#3281,#7345);
#7345 = DEFINITIONAL_REPRESENTATION('',(#7346),#7350);
#7346 = LINE('',#7347,#7348);
#7347 = CARTESIAN_POINT('',(0.,0.));
#7348 = VECTOR('',#7349,1.);
#7349 = DIRECTION('',(0.,-1.));
#7350 = ( GEOMETRIC_REPRESENTATION_CONTEXT(2) 
PARAMETRIC_REPRESENTATION_CONTEXT() REPRESENTATION_CONTEXT('2D SPACE',''
  ) );
#7351 = PCURVE('',#3309,#7352);
#7352 = DEFINITIONAL_REPRESENTATION('',(#7353),#7357);
#7353 = LINE('',#7354,#7355);
#7354 = CARTESIAN_POINT('',(34.35,3.));
#7355 = VECTOR('',#7356,1.);
#7356 = DIRECTION('',(0.,1.));
#7357 = ( GEOMETRIC_REPRESENTATION_CONTEXT(2) 
PARAMETRIC_REPRESENTATION_CONTEXT() REPRESENTATION_CONTEXT('2D SPACE',''
  ) );
#7358 = ORIENTED_EDGE('',*,*,#3265,.T.);
#7359 = ORIENTED_EDGE('',*,*,#7281,.F.);
#7360 = ADVANCED_FACE('',(#7361,#7367),#3309,.F.);
#7361 = FACE_BOUND('',#7362,.F.);
#7362 = EDGE_LOOP('',(#7363,#7364,#7365,#7366));
#7363 = ORIENTED_EDGE('',*,*,#7338,.T.);
#7364 = ORIENTED_EDGE('',*,*,#3293,.F.);
#7365 = ORIENTED_EDGE('',*,*,#7220,.T.);
#7366 = ORIENTED_EDGE('',*,*,#3559,.T.);
#7367 = FACE_BOUND('',#7368,.F.);
#7368 = EDGE_LOOP('',(#7369));
#7369 = ORIENTED_EDGE('',*,*,#7370,.F.);
#7370 = EDGE_CURVE('',#7371,#7371,#7373,.T.);
#7371 = VERTEX_POINT('',#7372);
#7372 = CARTESIAN_POINT('',(13.05,98.,0.4));
#7373 = SURFACE_CURVE('',#7374,(#7379,#7386),.PCURVE_S1.);
#7374 = CIRCLE('',#7375,1.2);
#7375 = AXIS2_PLACEMENT_3D('',#7376,#7377,#7378);
#7376 = CARTESIAN_POINT('',(11.85,98.,0.4));
#7377 = DIRECTION('',(0.,0.,1.));
#7378 = DIRECTION('',(1.,0.,-0.));
#7379 = PCURVE('',#3309,#7380);
#7380 = DEFINITIONAL_REPRESENTATION('',(#7381),#7385);
#7381 = CIRCLE('',#7382,1.2);
#7382 = AXIS2_PLACEMENT_2D('',#7383,#7384);
#7383 = CARTESIAN_POINT('',(31.85,6.));
#7384 = DIRECTION('',(1.,0.));
#7385 = ( GEOMETRIC_REPRESENTATION_CONTEXT(2) 
PARAMETRIC_REPRESENTATION_CONTEXT() REPRESENTATION_CONTEXT('2D SPACE',''
  ) );
#7386 = PCURVE('',#7322,#7387);
#7387 = DEFINITIONAL_REPRESENTATION('',(#7388),#7392);
#7388 = LINE('',#7389,#7390);
#7389 = CARTESIAN_POINT('',(0.,15.4));
#7390 = VECTOR('',#7391,1.);
#7391 = DIRECTION('',(1.,0.));
#7392 = ( GEOMETRIC_REPRESENTATION_CONTEXT(2) 
PARAMETRIC_REPRESENTATION_CONTEXT() REPRESENTATION_CONTEXT('2D SPACE',''
  ) );
#7393 = ADVANCED_FACE('',(#7394),#3914,.F.);
#7394 = FACE_BOUND('',#7395,.F.);
#7395 = EDGE_LOOP('',(#7396,#7419,#7420,#7421,#7444));
#7396 = ORIENTED_EDGE('',*,*,#7397,.F.);
#7397 = EDGE_CURVE('',#3874,#7398,#7400,.T.);
#7398 = VERTEX_POINT('',#7399);
#7399 = CARTESIAN_POINT('',(-5.,45.5,4.78023436887));
#7400 = SURFACE_CURVE('',#7401,(#7405,#7412),.PCURVE_S1.);
#7401 = LINE('',#7402,#7403);
#7402 = CARTESIAN_POINT('',(-9.5,45.5,4.78023436887));
#7403 = VECTOR('',#7404,1.);
#7404 = DIRECTION('',(1.,0.,-0.));
#7405 = PCURVE('',#3914,#7406);
#7406 = DEFINITIONAL_REPRESENTATION('',(#7407),#7411);
#7407 = LINE('',#7408,#7409);
#7408 = CARTESIAN_POINT('',(0.,5.));
#7409 = VECTOR('',#7410,1.);
#7410 = DIRECTION('',(1.,0.));
#7411 = ( GEOMETRIC_REPRESENTATION_CONTEXT(2) 
PARAMETRIC_REPRESENTATION_CONTEXT() REPRESENTATION_CONTEXT('2D SPACE',''
  ) );
#7412 = PCURVE('',#3888,#7413);
#7413 = DEFINITIONAL_REPRESENTATION('',(#7414),#7418);
#7414 = LINE('',#7415,#7416);
#7415 = CARTESIAN_POINT('',(0.28023436887,-2.2));
#7416 = VECTOR('',#7417,1.);
#7417 = DIRECTION('',(0.,1.));
#7418 = ( GEOMETRIC_REPRESENTATION_CONTEXT(2) 
PARAMETRIC_REPRESENTATION_CONTEXT() REPRESENTATION_CONTEXT('2D SPACE',''
  ) );
#7419 = ORIENTED_EDGE('',*,*,#3899,.T.);
#7420 = ORIENTED_EDGE('',*,*,#4958,.T.);
#7421 = ORIENTED_EDGE('',*,*,#7422,.T.);
#7422 = EDGE_CURVE('',#4959,#7423,#7425,.T.);
#7423 = VERTEX_POINT('',#7424);
#7424 = CARTESIAN_POINT('',(-4.5,45.5,4.78023436887));
#7425 = SURFACE_CURVE('',#7426,(#7430,#7437),.PCURVE_S1.);
#7426 = LINE('',#7427,#7428);
#7427 = CARTESIAN_POINT('',(-4.5,40.5,4.78023436887));
#7428 = VECTOR('',#7429,1.);
#7429 = DIRECTION('',(-0.,1.,0.));
#7430 = PCURVE('',#3914,#7431);
#7431 = DEFINITIONAL_REPRESENTATION('',(#7432),#7436);
#7432 = LINE('',#7433,#7434);
#7433 = CARTESIAN_POINT('',(5.,0.));
#7434 = VECTOR('',#7435,1.);
#7435 = DIRECTION('',(0.,1.));
#7436 = ( GEOMETRIC_REPRESENTATION_CONTEXT(2) 
PARAMETRIC_REPRESENTATION_CONTEXT() REPRESENTATION_CONTEXT('2D SPACE',''
  ) );
#7437 = PCURVE('',#5021,#7438);
#7438 = DEFINITIONAL_REPRESENTATION('',(#7439),#7443);
#7439 = LINE('',#7440,#7441);
#7440 = CARTESIAN_POINT('',(0.,0.));
#7441 = VECTOR('',#7442,1.);
#7442 = DIRECTION('',(0.,-1.));
#7443 = ( GEOMETRIC_REPRESENTATION_CONTEXT(2) 
PARAMETRIC_REPRESENTATION_CONTEXT() REPRESENTATION_CONTEXT('2D SPACE',''
  ) );
#7444 = ORIENTED_EDGE('',*,*,#7445,.F.);
#7445 = EDGE_CURVE('',#7398,#7423,#7446,.T.);
#7446 = SURFACE_CURVE('',#7447,(#7451,#7458),.PCURVE_S1.);
#7447 = LINE('',#7448,#7449);
#7448 = CARTESIAN_POINT('',(-9.5,45.5,4.78023436887));
#7449 = VECTOR('',#7450,1.);
#7450 = DIRECTION('',(1.,0.,-0.));
#7451 = PCURVE('',#3914,#7452);
#7452 = DEFINITIONAL_REPRESENTATION('',(#7453),#7457);
#7453 = LINE('',#7454,#7455);
#7454 = CARTESIAN_POINT('',(0.,5.));
#7455 = VECTOR('',#7456,1.);
#7456 = DIRECTION('',(1.,0.));
#7457 = ( GEOMETRIC_REPRESENTATION_CONTEXT(2) 
PARAMETRIC_REPRESENTATION_CONTEXT() REPRESENTATION_CONTEXT('2D SPACE',''
  ) );
#7458 = PCURVE('',#7459,#7464);
#7459 = PLANE('',#7460);
#7460 = AXIS2_PLACEMENT_3D('',#7461,#7462,#7463);
#7461 = CARTESIAN_POINT('',(-9.5,45.5,4.78023436887));
#7462 = DIRECTION('',(-0.,1.,0.));
#7463 = DIRECTION('',(0.,0.,1.));
#7464 = DEFINITIONAL_REPRESENTATION('',(#7465),#7469);
#7465 = LINE('',#7466,#7467);
#7466 = CARTESIAN_POINT('',(0.,0.));
#7467 = VECTOR('',#7468,1.);
#7468 = DIRECTION('',(0.,1.));
#7469 = ( GEOMETRIC_REPRESENTATION_CONTEXT(2) 
PARAMETRIC_REPRESENTATION_CONTEXT() REPRESENTATION_CONTEXT('2D SPACE',''
  ) );
#7470 = ADVANCED_FACE('',(#7471),#3888,.F.);
#7471 = FACE_BOUND('',#7472,.F.);
#7472 = EDGE_LOOP('',(#7473,#7496,#7497,#7498));
#7473 = ORIENTED_EDGE('',*,*,#7474,.F.);
#7474 = EDGE_CURVE('',#3848,#7475,#7477,.T.);
#7475 = VERTEX_POINT('',#7476);
#7476 = CARTESIAN_POINT('',(-5.,45.5,4.5));
#7477 = SURFACE_CURVE('',#7478,(#7482,#7489),.PCURVE_S1.);
#7478 = LINE('',#7479,#7480);
#7479 = CARTESIAN_POINT('',(-7.3,45.5,4.5));
#7480 = VECTOR('',#7481,1.);
#7481 = DIRECTION('',(1.,0.,-0.));
#7482 = PCURVE('',#3888,#7483);
#7483 = DEFINITIONAL_REPRESENTATION('',(#7484),#7488);
#7484 = LINE('',#7485,#7486);
#7485 = CARTESIAN_POINT('',(0.,0.));
#7486 = VECTOR('',#7487,1.);
#7487 = DIRECTION('',(0.,1.));
#7488 = ( GEOMETRIC_REPRESENTATION_CONTEXT(2) 
PARAMETRIC_REPRESENTATION_CONTEXT() REPRESENTATION_CONTEXT('2D SPACE',''
  ) );
#7489 = PCURVE('',#3862,#7490);
#7490 = DEFINITIONAL_REPRESENTATION('',(#7491),#7495);
#7491 = LINE('',#7492,#7493);
#7492 = CARTESIAN_POINT('',(0.,0.));
#7493 = VECTOR('',#7494,1.);
#7494 = DIRECTION('',(1.,0.));
#7495 = ( GEOMETRIC_REPRESENTATION_CONTEXT(2) 
PARAMETRIC_REPRESENTATION_CONTEXT() REPRESENTATION_CONTEXT('2D SPACE',''
  ) );
#7496 = ORIENTED_EDGE('',*,*,#3873,.T.);
#7497 = ORIENTED_EDGE('',*,*,#7397,.T.);
#7498 = ORIENTED_EDGE('',*,*,#7499,.F.);
#7499 = EDGE_CURVE('',#7475,#7398,#7500,.T.);
#7500 = SURFACE_CURVE('',#7501,(#7505,#7512),.PCURVE_S1.);
#7501 = LINE('',#7502,#7503);
#7502 = CARTESIAN_POINT('',(-5.,45.5,4.5));
#7503 = VECTOR('',#7504,1.);
#7504 = DIRECTION('',(0.,0.,1.));
#7505 = PCURVE('',#3888,#7506);
#7506 = DEFINITIONAL_REPRESENTATION('',(#7507),#7511);
#7507 = LINE('',#7508,#7509);
#7508 = CARTESIAN_POINT('',(0.,2.3));
#7509 = VECTOR('',#7510,1.);
#7510 = DIRECTION('',(1.,0.));
#7511 = ( GEOMETRIC_REPRESENTATION_CONTEXT(2) 
PARAMETRIC_REPRESENTATION_CONTEXT() REPRESENTATION_CONTEXT('2D SPACE',''
  ) );
#7512 = PCURVE('',#4763,#7513);
#7513 = DEFINITIONAL_REPRESENTATION('',(#7514),#7518);
#7514 = LINE('',#7515,#7516);
#7515 = CARTESIAN_POINT('',(0.,0.));
#7516 = VECTOR('',#7517,1.);
#7517 = DIRECTION('',(1.,0.));
#7518 = ( GEOMETRIC_REPRESENTATION_CONTEXT(2) 
PARAMETRIC_REPRESENTATION_CONTEXT() REPRESENTATION_CONTEXT('2D SPACE',''
  ) );
#7519 = ADVANCED_FACE('',(#7520),#3862,.F.);
#7520 = FACE_BOUND('',#7521,.F.);
#7521 = EDGE_LOOP('',(#7522,#7523,#7524,#7525));
#7522 = ORIENTED_EDGE('',*,*,#4673,.F.);
#7523 = ORIENTED_EDGE('',*,*,#3847,.T.);
#7524 = ORIENTED_EDGE('',*,*,#7474,.T.);
#7525 = ORIENTED_EDGE('',*,*,#7526,.T.);
#7526 = EDGE_CURVE('',#7475,#4674,#7527,.T.);
#7527 = SURFACE_CURVE('',#7528,(#7532,#7539),.PCURVE_S1.);
#7528 = LINE('',#7529,#7530);
#7529 = CARTESIAN_POINT('',(-5.,45.5,4.5));
#7530 = VECTOR('',#7531,1.);
#7531 = DIRECTION('',(-0.,1.,0.));
#7532 = PCURVE('',#3862,#7533);
#7533 = DEFINITIONAL_REPRESENTATION('',(#7534),#7538);
#7534 = LINE('',#7535,#7536);
#7535 = CARTESIAN_POINT('',(2.3,0.));
#7536 = VECTOR('',#7537,1.);
#7537 = DIRECTION('',(0.,1.));
#7538 = ( GEOMETRIC_REPRESENTATION_CONTEXT(2) 
PARAMETRIC_REPRESENTATION_CONTEXT() REPRESENTATION_CONTEXT('2D SPACE',''
  ) );
#7539 = PCURVE('',#4763,#7540);
#7540 = DEFINITIONAL_REPRESENTATION('',(#7541),#7545);
#7541 = LINE('',#7542,#7543);
#7542 = CARTESIAN_POINT('',(0.,0.));
#7543 = VECTOR('',#7544,1.);
#7544 = DIRECTION('',(0.,-1.));
#7545 = ( GEOMETRIC_REPRESENTATION_CONTEXT(2) 
PARAMETRIC_REPRESENTATION_CONTEXT() REPRESENTATION_CONTEXT('2D SPACE',''
  ) );
#7546 = ADVANCED_FACE('',(#7547),#3795,.F.);
#7547 = FACE_BOUND('',#7548,.F.);
#7548 = EDGE_LOOP('',(#7549,#7572,#7573,#7574,#7597));
#7549 = ORIENTED_EDGE('',*,*,#7550,.F.);
#7550 = EDGE_CURVE('',#3755,#7551,#7553,.T.);
#7551 = VERTEX_POINT('',#7552);
#7552 = CARTESIAN_POINT('',(-5.,70.5,4.78023436887));
#7553 = SURFACE_CURVE('',#7554,(#7558,#7565),.PCURVE_S1.);
#7554 = LINE('',#7555,#7556);
#7555 = CARTESIAN_POINT('',(-9.5,70.5,4.78023436887));
#7556 = VECTOR('',#7557,1.);
#7557 = DIRECTION('',(1.,0.,-0.));
#7558 = PCURVE('',#3795,#7559);
#7559 = DEFINITIONAL_REPRESENTATION('',(#7560),#7564);
#7560 = LINE('',#7561,#7562);
#7561 = CARTESIAN_POINT('',(0.,5.));
#7562 = VECTOR('',#7563,1.);
#7563 = DIRECTION('',(1.,0.));
#7564 = ( GEOMETRIC_REPRESENTATION_CONTEXT(2) 
PARAMETRIC_REPRESENTATION_CONTEXT() REPRESENTATION_CONTEXT('2D SPACE',''
  ) );
#7565 = PCURVE('',#3769,#7566);
#7566 = DEFINITIONAL_REPRESENTATION('',(#7567),#7571);
#7567 = LINE('',#7568,#7569);
#7568 = CARTESIAN_POINT('',(0.28023436887,-2.2));
#7569 = VECTOR('',#7570,1.);
#7570 = DIRECTION('',(0.,1.));
#7571 = ( GEOMETRIC_REPRESENTATION_CONTEXT(2) 
PARAMETRIC_REPRESENTATION_CONTEXT() REPRESENTATION_CONTEXT('2D SPACE',''
  ) );
#7572 = ORIENTED_EDGE('',*,*,#3780,.T.);
#7573 = ORIENTED_EDGE('',*,*,#4595,.T.);
#7574 = ORIENTED_EDGE('',*,*,#7575,.T.);
#7575 = EDGE_CURVE('',#4596,#7576,#7578,.T.);
#7576 = VERTEX_POINT('',#7577);
#7577 = CARTESIAN_POINT('',(-4.5,70.5,4.78023436887));
#7578 = SURFACE_CURVE('',#7579,(#7583,#7590),.PCURVE_S1.);
#7579 = LINE('',#7580,#7581);
#7580 = CARTESIAN_POINT('',(-4.5,65.5,4.78023436887));
#7581 = VECTOR('',#7582,1.);
#7582 = DIRECTION('',(-0.,1.,0.));
#7583 = PCURVE('',#3795,#7584);
#7584 = DEFINITIONAL_REPRESENTATION('',(#7585),#7589);
#7585 = LINE('',#7586,#7587);
#7586 = CARTESIAN_POINT('',(5.,0.));
#7587 = VECTOR('',#7588,1.);
#7588 = DIRECTION('',(0.,1.));
#7589 = ( GEOMETRIC_REPRESENTATION_CONTEXT(2) 
PARAMETRIC_REPRESENTATION_CONTEXT() REPRESENTATION_CONTEXT('2D SPACE',''
  ) );
#7590 = PCURVE('',#4658,#7591);
#7591 = DEFINITIONAL_REPRESENTATION('',(#7592),#7596);
#7592 = LINE('',#7593,#7594);
#7593 = CARTESIAN_POINT('',(0.,0.));
#7594 = VECTOR('',#7595,1.);
#7595 = DIRECTION('',(0.,-1.));
#7596 = ( GEOMETRIC_REPRESENTATION_CONTEXT(2) 
PARAMETRIC_REPRESENTATION_CONTEXT() REPRESENTATION_CONTEXT('2D SPACE',''
  ) );
#7597 = ORIENTED_EDGE('',*,*,#7598,.F.);
#7598 = EDGE_CURVE('',#7551,#7576,#7599,.T.);
#7599 = SURFACE_CURVE('',#7600,(#7604,#7611),.PCURVE_S1.);
#7600 = LINE('',#7601,#7602);
#7601 = CARTESIAN_POINT('',(-9.5,70.5,4.78023436887));
#7602 = VECTOR('',#7603,1.);
#7603 = DIRECTION('',(1.,0.,-0.));
#7604 = PCURVE('',#3795,#7605);
#7605 = DEFINITIONAL_REPRESENTATION('',(#7606),#7610);
#7606 = LINE('',#7607,#7608);
#7607 = CARTESIAN_POINT('',(0.,5.));
#7608 = VECTOR('',#7609,1.);
#7609 = DIRECTION('',(1.,0.));
#7610 = ( GEOMETRIC_REPRESENTATION_CONTEXT(2) 
PARAMETRIC_REPRESENTATION_CONTEXT() REPRESENTATION_CONTEXT('2D SPACE',''
  ) );
#7611 = PCURVE('',#7612,#7617);
#7612 = PLANE('',#7613);
#7613 = AXIS2_PLACEMENT_3D('',#7614,#7615,#7616);
#7614 = CARTESIAN_POINT('',(-9.5,70.5,4.78023436887));
#7615 = DIRECTION('',(-0.,1.,0.));
#7616 = DIRECTION('',(0.,0.,1.));
#7617 = DEFINITIONAL_REPRESENTATION('',(#7618),#7622);
#7618 = LINE('',#7619,#7620);
#7619 = CARTESIAN_POINT('',(0.,0.));
#7620 = VECTOR('',#7621,1.);
#7621 = DIRECTION('',(0.,1.));
#7622 = ( GEOMETRIC_REPRESENTATION_CONTEXT(2) 
PARAMETRIC_REPRESENTATION_CONTEXT() REPRESENTATION_CONTEXT('2D SPACE',''
  ) );
#7623 = ADVANCED_FACE('',(#7624),#3769,.F.);
#7624 = FACE_BOUND('',#7625,.F.);
#7625 = EDGE_LOOP('',(#7626,#7649,#7650,#7651));
#7626 = ORIENTED_EDGE('',*,*,#7627,.F.);
#7627 = EDGE_CURVE('',#3729,#7628,#7630,.T.);
#7628 = VERTEX_POINT('',#7629);
#7629 = CARTESIAN_POINT('',(-5.,70.5,4.5));
#7630 = SURFACE_CURVE('',#7631,(#7635,#7642),.PCURVE_S1.);
#7631 = LINE('',#7632,#7633);
#7632 = CARTESIAN_POINT('',(-7.3,70.5,4.5));
#7633 = VECTOR('',#7634,1.);
#7634 = DIRECTION('',(1.,0.,-0.));
#7635 = PCURVE('',#3769,#7636);
#7636 = DEFINITIONAL_REPRESENTATION('',(#7637),#7641);
#7637 = LINE('',#7638,#7639);
#7638 = CARTESIAN_POINT('',(0.,0.));
#7639 = VECTOR('',#7640,1.);
#7640 = DIRECTION('',(0.,1.));
#7641 = ( GEOMETRIC_REPRESENTATION_CONTEXT(2) 
PARAMETRIC_REPRESENTATION_CONTEXT() REPRESENTATION_CONTEXT('2D SPACE',''
  ) );
#7642 = PCURVE('',#3743,#7643);
#7643 = DEFINITIONAL_REPRESENTATION('',(#7644),#7648);
#7644 = LINE('',#7645,#7646);
#7645 = CARTESIAN_POINT('',(0.,0.));
#7646 = VECTOR('',#7647,1.);
#7647 = DIRECTION('',(1.,0.));
#7648 = ( GEOMETRIC_REPRESENTATION_CONTEXT(2) 
PARAMETRIC_REPRESENTATION_CONTEXT() REPRESENTATION_CONTEXT('2D SPACE',''
  ) );
#7649 = ORIENTED_EDGE('',*,*,#3754,.T.);
#7650 = ORIENTED_EDGE('',*,*,#7550,.T.);
#7651 = ORIENTED_EDGE('',*,*,#7652,.F.);
#7652 = EDGE_CURVE('',#7628,#7551,#7653,.T.);
#7653 = SURFACE_CURVE('',#7654,(#7658,#7665),.PCURVE_S1.);
#7654 = LINE('',#7655,#7656);
#7655 = CARTESIAN_POINT('',(-5.,70.5,4.5));
#7656 = VECTOR('',#7657,1.);
#7657 = DIRECTION('',(0.,0.,1.));
#7658 = PCURVE('',#3769,#7659);
#7659 = DEFINITIONAL_REPRESENTATION('',(#7660),#7664);
#7660 = LINE('',#7661,#7662);
#7661 = CARTESIAN_POINT('',(0.,2.3));
#7662 = VECTOR('',#7663,1.);
#7663 = DIRECTION('',(1.,0.));
#7664 = ( GEOMETRIC_REPRESENTATION_CONTEXT(2) 
PARAMETRIC_REPRESENTATION_CONTEXT() REPRESENTATION_CONTEXT('2D SPACE',''
  ) );
#7665 = PCURVE('',#4400,#7666);
#7666 = DEFINITIONAL_REPRESENTATION('',(#7667),#7671);
#7667 = LINE('',#7668,#7669);
#7668 = CARTESIAN_POINT('',(0.,0.));
#7669 = VECTOR('',#7670,1.);
#7670 = DIRECTION('',(1.,0.));
#7671 = ( GEOMETRIC_REPRESENTATION_CONTEXT(2) 
PARAMETRIC_REPRESENTATION_CONTEXT() REPRESENTATION_CONTEXT('2D SPACE',''
  ) );
#7672 = ADVANCED_FACE('',(#7673),#3743,.F.);
#7673 = FACE_BOUND('',#7674,.F.);
#7674 = EDGE_LOOP('',(#7675,#7676,#7677,#7678));
#7675 = ORIENTED_EDGE('',*,*,#4310,.F.);
#7676 = ORIENTED_EDGE('',*,*,#3728,.T.);
#7677 = ORIENTED_EDGE('',*,*,#7627,.T.);
#7678 = ORIENTED_EDGE('',*,*,#7679,.T.);
#7679 = EDGE_CURVE('',#7628,#4311,#7680,.T.);
#7680 = SURFACE_CURVE('',#7681,(#7685,#7692),.PCURVE_S1.);
#7681 = LINE('',#7682,#7683);
#7682 = CARTESIAN_POINT('',(-5.,70.5,4.5));
#7683 = VECTOR('',#7684,1.);
#7684 = DIRECTION('',(-0.,1.,0.));
#7685 = PCURVE('',#3743,#7686);
#7686 = DEFINITIONAL_REPRESENTATION('',(#7687),#7691);
#7687 = LINE('',#7688,#7689);
#7688 = CARTESIAN_POINT('',(2.3,0.));
#7689 = VECTOR('',#7690,1.);
#7690 = DIRECTION('',(0.,1.));
#7691 = ( GEOMETRIC_REPRESENTATION_CONTEXT(2) 
PARAMETRIC_REPRESENTATION_CONTEXT() REPRESENTATION_CONTEXT('2D SPACE',''
  ) );
#7692 = PCURVE('',#4400,#7693);
#7693 = DEFINITIONAL_REPRESENTATION('',(#7694),#7698);
#7694 = LINE('',#7695,#7696);
#7695 = CARTESIAN_POINT('',(0.,0.));
#7696 = VECTOR('',#7697,1.);
#7697 = DIRECTION('',(0.,-1.));
#7698 = ( GEOMETRIC_REPRESENTATION_CONTEXT(2) 
PARAMETRIC_REPRESENTATION_CONTEXT() REPRESENTATION_CONTEXT('2D SPACE',''
  ) );
#7699 = ADVANCED_FACE('',(#7700),#3676,.F.);
#7700 = FACE_BOUND('',#7701,.F.);
#7701 = EDGE_LOOP('',(#7702,#7725,#7726,#7727,#7750));
#7702 = ORIENTED_EDGE('',*,*,#7703,.F.);
#7703 = EDGE_CURVE('',#3636,#7704,#7706,.T.);
#7704 = VERTEX_POINT('',#7705);
#7705 = CARTESIAN_POINT('',(-5.,87.5,4.78023436887));
#7706 = SURFACE_CURVE('',#7707,(#7711,#7718),.PCURVE_S1.);
#7707 = LINE('',#7708,#7709);
#7708 = CARTESIAN_POINT('',(-9.5,87.5,4.78023436887));
#7709 = VECTOR('',#7710,1.);
#7710 = DIRECTION('',(1.,0.,-0.));
#7711 = PCURVE('',#3676,#7712);
#7712 = DEFINITIONAL_REPRESENTATION('',(#7713),#7717);
#7713 = LINE('',#7714,#7715);
#7714 = CARTESIAN_POINT('',(0.,5.));
#7715 = VECTOR('',#7716,1.);
#7716 = DIRECTION('',(1.,0.));
#7717 = ( GEOMETRIC_REPRESENTATION_CONTEXT(2) 
PARAMETRIC_REPRESENTATION_CONTEXT() REPRESENTATION_CONTEXT('2D SPACE',''
  ) );
#7718 = PCURVE('',#3650,#7719);
#7719 = DEFINITIONAL_REPRESENTATION('',(#7720),#7724);
#7720 = LINE('',#7721,#7722);
#7721 = CARTESIAN_POINT('',(0.28023436887,-2.2));
#7722 = VECTOR('',#7723,1.);
#7723 = DIRECTION('',(0.,1.));
#7724 = ( GEOMETRIC_REPRESENTATION_CONTEXT(2) 
PARAMETRIC_REPRESENTATION_CONTEXT() REPRESENTATION_CONTEXT('2D SPACE',''
  ) );
#7725 = ORIENTED_EDGE('',*,*,#3661,.T.);
#7726 = ORIENTED_EDGE('',*,*,#4232,.T.);
#7727 = ORIENTED_EDGE('',*,*,#7728,.T.);
#7728 = EDGE_CURVE('',#4233,#7729,#7731,.T.);
#7729 = VERTEX_POINT('',#7730);
#7730 = CARTESIAN_POINT('',(-4.5,87.5,4.78023436887));
#7731 = SURFACE_CURVE('',#7732,(#7736,#7743),.PCURVE_S1.);
#7732 = LINE('',#7733,#7734);
#7733 = CARTESIAN_POINT('',(-4.5,82.5,4.78023436887));
#7734 = VECTOR('',#7735,1.);
#7735 = DIRECTION('',(-0.,1.,0.));
#7736 = PCURVE('',#3676,#7737);
#7737 = DEFINITIONAL_REPRESENTATION('',(#7738),#7742);
#7738 = LINE('',#7739,#7740);
#7739 = CARTESIAN_POINT('',(5.,0.));
#7740 = VECTOR('',#7741,1.);
#7741 = DIRECTION('',(0.,1.));
#7742 = ( GEOMETRIC_REPRESENTATION_CONTEXT(2) 
PARAMETRIC_REPRESENTATION_CONTEXT() REPRESENTATION_CONTEXT('2D SPACE',''
  ) );
#7743 = PCURVE('',#4295,#7744);
#7744 = DEFINITIONAL_REPRESENTATION('',(#7745),#7749);
#7745 = LINE('',#7746,#7747);
#7746 = CARTESIAN_POINT('',(0.,0.));
#7747 = VECTOR('',#7748,1.);
#7748 = DIRECTION('',(0.,-1.));
#7749 = ( GEOMETRIC_REPRESENTATION_CONTEXT(2) 
PARAMETRIC_REPRESENTATION_CONTEXT() REPRESENTATION_CONTEXT('2D SPACE',''
  ) );
#7750 = ORIENTED_EDGE('',*,*,#7751,.F.);
#7751 = EDGE_CURVE('',#7704,#7729,#7752,.T.);
#7752 = SURFACE_CURVE('',#7753,(#7757,#7764),.PCURVE_S1.);
#7753 = LINE('',#7754,#7755);
#7754 = CARTESIAN_POINT('',(-9.5,87.5,4.78023436887));
#7755 = VECTOR('',#7756,1.);
#7756 = DIRECTION('',(1.,0.,-0.));
#7757 = PCURVE('',#3676,#7758);
#7758 = DEFINITIONAL_REPRESENTATION('',(#7759),#7763);
#7759 = LINE('',#7760,#7761);
#7760 = CARTESIAN_POINT('',(0.,5.));
#7761 = VECTOR('',#7762,1.);
#7762 = DIRECTION('',(1.,0.));
#7763 = ( GEOMETRIC_REPRESENTATION_CONTEXT(2) 
PARAMETRIC_REPRESENTATION_CONTEXT() REPRESENTATION_CONTEXT('2D SPACE',''
  ) );
#7764 = PCURVE('',#7765,#7770);
#7765 = PLANE('',#7766);
#7766 = AXIS2_PLACEMENT_3D('',#7767,#7768,#7769);
#7767 = CARTESIAN_POINT('',(-9.5,87.5,4.78023436887));
#7768 = DIRECTION('',(-0.,1.,0.));
#7769 = DIRECTION('',(0.,0.,1.));
#7770 = DEFINITIONAL_REPRESENTATION('',(#7771),#7775);
#7771 = LINE('',#7772,#7773);
#7772 = CARTESIAN_POINT('',(0.,0.));
#7773 = VECTOR('',#7774,1.);
#7774 = DIRECTION('',(0.,1.));
#7775 = ( GEOMETRIC_REPRESENTATION_CONTEXT(2) 
PARAMETRIC_REPRESENTATION_CONTEXT() REPRESENTATION_CONTEXT('2D SPACE',''
  ) );
#7776 = ADVANCED_FACE('',(#7777),#3650,.F.);
#7777 = FACE_BOUND('',#7778,.F.);
#7778 = EDGE_LOOP('',(#7779,#7802,#7803,#7804));
#7779 = ORIENTED_EDGE('',*,*,#7780,.F.);
#7780 = EDGE_CURVE('',#3610,#7781,#7783,.T.);
#7781 = VERTEX_POINT('',#7782);
#7782 = CARTESIAN_POINT('',(-5.,87.5,4.5));
#7783 = SURFACE_CURVE('',#7784,(#7788,#7795),.PCURVE_S1.);
#7784 = LINE('',#7785,#7786);
#7785 = CARTESIAN_POINT('',(-7.3,87.5,4.5));
#7786 = VECTOR('',#7787,1.);
#7787 = DIRECTION('',(1.,0.,-0.));
#7788 = PCURVE('',#3650,#7789);
#7789 = DEFINITIONAL_REPRESENTATION('',(#7790),#7794);
#7790 = LINE('',#7791,#7792);
#7791 = CARTESIAN_POINT('',(0.,0.));
#7792 = VECTOR('',#7793,1.);
#7793 = DIRECTION('',(0.,1.));
#7794 = ( GEOMETRIC_REPRESENTATION_CONTEXT(2) 
PARAMETRIC_REPRESENTATION_CONTEXT() REPRESENTATION_CONTEXT('2D SPACE',''
  ) );
#7795 = PCURVE('',#3624,#7796);
#7796 = DEFINITIONAL_REPRESENTATION('',(#7797),#7801);
#7797 = LINE('',#7798,#7799);
#7798 = CARTESIAN_POINT('',(0.,0.));
#7799 = VECTOR('',#7800,1.);
#7800 = DIRECTION('',(1.,0.));
#7801 = ( GEOMETRIC_REPRESENTATION_CONTEXT(2) 
PARAMETRIC_REPRESENTATION_CONTEXT() REPRESENTATION_CONTEXT('2D SPACE',''
  ) );
#7802 = ORIENTED_EDGE('',*,*,#3635,.T.);
#7803 = ORIENTED_EDGE('',*,*,#7703,.T.);
#7804 = ORIENTED_EDGE('',*,*,#7805,.F.);
#7805 = EDGE_CURVE('',#7781,#7704,#7806,.T.);
#7806 = SURFACE_CURVE('',#7807,(#7811,#7818),.PCURVE_S1.);
#7807 = LINE('',#7808,#7809);
#7808 = CARTESIAN_POINT('',(-5.,87.5,4.5));
#7809 = VECTOR('',#7810,1.);
#7810 = DIRECTION('',(0.,0.,1.));
#7811 = PCURVE('',#3650,#7812);
#7812 = DEFINITIONAL_REPRESENTATION('',(#7813),#7817);
#7813 = LINE('',#7814,#7815);
#7814 = CARTESIAN_POINT('',(0.,2.3));
#7815 = VECTOR('',#7816,1.);
#7816 = DIRECTION('',(1.,0.));
#7817 = ( GEOMETRIC_REPRESENTATION_CONTEXT(2) 
PARAMETRIC_REPRESENTATION_CONTEXT() REPRESENTATION_CONTEXT('2D SPACE',''
  ) );
#7818 = PCURVE('',#4037,#7819);
#7819 = DEFINITIONAL_REPRESENTATION('',(#7820),#7824);
#7820 = LINE('',#7821,#7822);
#7821 = CARTESIAN_POINT('',(0.,0.));
#7822 = VECTOR('',#7823,1.);
#7823 = DIRECTION('',(1.,0.));
#7824 = ( GEOMETRIC_REPRESENTATION_CONTEXT(2) 
PARAMETRIC_REPRESENTATION_CONTEXT() REPRESENTATION_CONTEXT('2D SPACE',''
  ) );
#7825 = ADVANCED_FACE('',(#7826),#3624,.F.);
#7826 = FACE_BOUND('',#7827,.F.);
#7827 = EDGE_LOOP('',(#7828,#7829,#7830,#7831));
#7828 = ORIENTED_EDGE('',*,*,#3947,.F.);
#7829 = ORIENTED_EDGE('',*,*,#3609,.T.);
#7830 = ORIENTED_EDGE('',*,*,#7780,.T.);
#7831 = ORIENTED_EDGE('',*,*,#7832,.T.);
#7832 = EDGE_CURVE('',#7781,#3948,#7833,.T.);
#7833 = SURFACE_CURVE('',#7834,(#7838,#7845),.PCURVE_S1.);
#7834 = LINE('',#7835,#7836);
#7835 = CARTESIAN_POINT('',(-5.,87.5,4.5));
#7836 = VECTOR('',#7837,1.);
#7837 = DIRECTION('',(-0.,1.,0.));
#7838 = PCURVE('',#3624,#7839);
#7839 = DEFINITIONAL_REPRESENTATION('',(#7840),#7844);
#7840 = LINE('',#7841,#7842);
#7841 = CARTESIAN_POINT('',(2.3,0.));
#7842 = VECTOR('',#7843,1.);
#7843 = DIRECTION('',(0.,1.));
#7844 = ( GEOMETRIC_REPRESENTATION_CONTEXT(2) 
PARAMETRIC_REPRESENTATION_CONTEXT() REPRESENTATION_CONTEXT('2D SPACE',''
  ) );
#7845 = PCURVE('',#4037,#7846);
#7846 = DEFINITIONAL_REPRESENTATION('',(#7847),#7851);
#7847 = LINE('',#7848,#7849);
#7848 = CARTESIAN_POINT('',(0.,0.));
#7849 = VECTOR('',#7850,1.);
#7850 = DIRECTION('',(0.,-1.));
#7851 = ( GEOMETRIC_REPRESENTATION_CONTEXT(2) 
PARAMETRIC_REPRESENTATION_CONTEXT() REPRESENTATION_CONTEXT('2D SPACE',''
  ) );
#7852 = ADVANCED_FACE('',(#7853),#4037,.T.);
#7853 = FACE_BOUND('',#7854,.T.);
#7854 = EDGE_LOOP('',(#7855,#7856,#7857,#7858,#7881,#7904));
#7855 = ORIENTED_EDGE('',*,*,#7805,.F.);
#7856 = ORIENTED_EDGE('',*,*,#7832,.T.);
#7857 = ORIENTED_EDGE('',*,*,#4023,.T.);
#7858 = ORIENTED_EDGE('',*,*,#7859,.F.);
#7859 = EDGE_CURVE('',#7860,#3996,#7862,.T.);
#7860 = VERTEX_POINT('',#7861);
#7861 = CARTESIAN_POINT('',(-5.,87.5,8.95));
#7862 = SURFACE_CURVE('',#7863,(#7867,#7874),.PCURVE_S1.);
#7863 = LINE('',#7864,#7865);
#7864 = CARTESIAN_POINT('',(-5.,87.5,8.95));
#7865 = VECTOR('',#7866,1.);
#7866 = DIRECTION('',(-0.,1.,0.));
#7867 = PCURVE('',#4037,#7868);
#7868 = DEFINITIONAL_REPRESENTATION('',(#7869),#7873);
#7869 = LINE('',#7870,#7871);
#7870 = CARTESIAN_POINT('',(4.45,0.));
#7871 = VECTOR('',#7872,1.);
#7872 = DIRECTION('',(0.,-1.));
#7873 = ( GEOMETRIC_REPRESENTATION_CONTEXT(2) 
PARAMETRIC_REPRESENTATION_CONTEXT() REPRESENTATION_CONTEXT('2D SPACE',''
  ) );
#7874 = PCURVE('',#4011,#7875);
#7875 = DEFINITIONAL_REPRESENTATION('',(#7876),#7880);
#7876 = LINE('',#7877,#7878);
#7877 = CARTESIAN_POINT('',(2.3,0.));
#7878 = VECTOR('',#7879,1.);
#7879 = DIRECTION('',(0.,1.));
#7880 = ( GEOMETRIC_REPRESENTATION_CONTEXT(2) 
PARAMETRIC_REPRESENTATION_CONTEXT() REPRESENTATION_CONTEXT('2D SPACE',''
  ) );
#7881 = ORIENTED_EDGE('',*,*,#7882,.F.);
#7882 = EDGE_CURVE('',#7883,#7860,#7885,.T.);
#7883 = VERTEX_POINT('',#7884);
#7884 = CARTESIAN_POINT('',(-5.,87.5,6.28023436887));
#7885 = SURFACE_CURVE('',#7886,(#7890,#7897),.PCURVE_S1.);
#7886 = LINE('',#7887,#7888);
#7887 = CARTESIAN_POINT('',(-5.,87.5,4.5));
#7888 = VECTOR('',#7889,1.);
#7889 = DIRECTION('',(0.,0.,1.));
#7890 = PCURVE('',#4037,#7891);
#7891 = DEFINITIONAL_REPRESENTATION('',(#7892),#7896);
#7892 = LINE('',#7893,#7894);
#7893 = CARTESIAN_POINT('',(0.,0.));
#7894 = VECTOR('',#7895,1.);
#7895 = DIRECTION('',(1.,0.));
#7896 = ( GEOMETRIC_REPRESENTATION_CONTEXT(2) 
PARAMETRIC_REPRESENTATION_CONTEXT() REPRESENTATION_CONTEXT('2D SPACE',''
  ) );
#7897 = PCURVE('',#4114,#7898);
#7898 = DEFINITIONAL_REPRESENTATION('',(#7899),#7903);
#7899 = LINE('',#7900,#7901);
#7900 = CARTESIAN_POINT('',(0.,2.3));
#7901 = VECTOR('',#7902,1.);
#7902 = DIRECTION('',(1.,0.));
#7903 = ( GEOMETRIC_REPRESENTATION_CONTEXT(2) 
PARAMETRIC_REPRESENTATION_CONTEXT() REPRESENTATION_CONTEXT('2D SPACE',''
  ) );
#7904 = ORIENTED_EDGE('',*,*,#7905,.F.);
#7905 = EDGE_CURVE('',#7704,#7883,#7906,.T.);
#7906 = SURFACE_CURVE('',#7907,(#7911,#7918),.PCURVE_S1.);
#7907 = LINE('',#7908,#7909);
#7908 = CARTESIAN_POINT('',(-5.,87.5,4.5));
#7909 = VECTOR('',#7910,1.);
#7910 = DIRECTION('',(0.,0.,1.));
#7911 = PCURVE('',#4037,#7912);
#7912 = DEFINITIONAL_REPRESENTATION('',(#7913),#7917);
#7913 = LINE('',#7914,#7915);
#7914 = CARTESIAN_POINT('',(0.,0.));
#7915 = VECTOR('',#7916,1.);
#7916 = DIRECTION('',(1.,0.));
#7917 = ( GEOMETRIC_REPRESENTATION_CONTEXT(2) 
PARAMETRIC_REPRESENTATION_CONTEXT() REPRESENTATION_CONTEXT('2D SPACE',''
  ) );
#7918 = PCURVE('',#7765,#7919);
#7919 = DEFINITIONAL_REPRESENTATION('',(#7920),#7924);
#7920 = LINE('',#7921,#7922);
#7921 = CARTESIAN_POINT('',(-0.28023436887,4.5));
#7922 = VECTOR('',#7923,1.);
#7923 = DIRECTION('',(1.,0.));
#7924 = ( GEOMETRIC_REPRESENTATION_CONTEXT(2) 
PARAMETRIC_REPRESENTATION_CONTEXT() REPRESENTATION_CONTEXT('2D SPACE',''
  ) );
#7925 = ADVANCED_FACE('',(#7926),#4011,.T.);
#7926 = FACE_BOUND('',#7927,.T.);
#7927 = EDGE_LOOP('',(#7928,#7929,#7950,#7951));
#7928 = ORIENTED_EDGE('',*,*,#4077,.F.);
#7929 = ORIENTED_EDGE('',*,*,#7930,.T.);
#7930 = EDGE_CURVE('',#4078,#7860,#7931,.T.);
#7931 = SURFACE_CURVE('',#7932,(#7936,#7943),.PCURVE_S1.);
#7932 = LINE('',#7933,#7934);
#7933 = CARTESIAN_POINT('',(-7.3,87.5,8.95));
#7934 = VECTOR('',#7935,1.);
#7935 = DIRECTION('',(1.,0.,-0.));
#7936 = PCURVE('',#4011,#7937);
#7937 = DEFINITIONAL_REPRESENTATION('',(#7938),#7942);
#7938 = LINE('',#7939,#7940);
#7939 = CARTESIAN_POINT('',(0.,0.));
#7940 = VECTOR('',#7941,1.);
#7941 = DIRECTION('',(1.,0.));
#7942 = ( GEOMETRIC_REPRESENTATION_CONTEXT(2) 
PARAMETRIC_REPRESENTATION_CONTEXT() REPRESENTATION_CONTEXT('2D SPACE',''
  ) );
#7943 = PCURVE('',#4114,#7944);
#7944 = DEFINITIONAL_REPRESENTATION('',(#7945),#7949);
#7945 = LINE('',#7946,#7947);
#7946 = CARTESIAN_POINT('',(4.45,0.));
#7947 = VECTOR('',#7948,1.);
#7948 = DIRECTION('',(0.,1.));
#7949 = ( GEOMETRIC_REPRESENTATION_CONTEXT(2) 
PARAMETRIC_REPRESENTATION_CONTEXT() REPRESENTATION_CONTEXT('2D SPACE',''
  ) );
#7950 = ORIENTED_EDGE('',*,*,#7859,.T.);
#7951 = ORIENTED_EDGE('',*,*,#3995,.F.);
#7952 = ADVANCED_FACE('',(#7953),#4114,.F.);
#7953 = FACE_BOUND('',#7954,.F.);
#7954 = EDGE_LOOP('',(#7955,#7956,#7977,#7978));
#7955 = ORIENTED_EDGE('',*,*,#7882,.F.);
#7956 = ORIENTED_EDGE('',*,*,#7957,.F.);
#7957 = EDGE_CURVE('',#4053,#7883,#7958,.T.);
#7958 = SURFACE_CURVE('',#7959,(#7963,#7970),.PCURVE_S1.);
#7959 = LINE('',#7960,#7961);
#7960 = CARTESIAN_POINT('',(-9.5,87.5,6.28023436887));
#7961 = VECTOR('',#7962,1.);
#7962 = DIRECTION('',(1.,0.,-0.));
#7963 = PCURVE('',#4114,#7964);
#7964 = DEFINITIONAL_REPRESENTATION('',(#7965),#7969);
#7965 = LINE('',#7966,#7967);
#7966 = CARTESIAN_POINT('',(1.78023436887,-2.2));
#7967 = VECTOR('',#7968,1.);
#7968 = DIRECTION('',(0.,1.));
#7969 = ( GEOMETRIC_REPRESENTATION_CONTEXT(2) 
PARAMETRIC_REPRESENTATION_CONTEXT() REPRESENTATION_CONTEXT('2D SPACE',''
  ) );
#7970 = PCURVE('',#4167,#7971);
#7971 = DEFINITIONAL_REPRESENTATION('',(#7972),#7976);
#7972 = LINE('',#7973,#7974);
#7973 = CARTESIAN_POINT('',(0.,5.));
#7974 = VECTOR('',#7975,1.);
#7975 = DIRECTION('',(1.,0.));
#7976 = ( GEOMETRIC_REPRESENTATION_CONTEXT(2) 
PARAMETRIC_REPRESENTATION_CONTEXT() REPRESENTATION_CONTEXT('2D SPACE',''
  ) );
#7977 = ORIENTED_EDGE('',*,*,#4100,.T.);
#7978 = ORIENTED_EDGE('',*,*,#7930,.T.);
#7979 = ADVANCED_FACE('',(#7980,#8030),#4167,.T.);
#7980 = FACE_BOUND('',#7981,.T.);
#7981 = EDGE_LOOP('',(#7982,#7983,#7984,#8007,#8028,#8029));
#7982 = ORIENTED_EDGE('',*,*,#4208,.F.);
#7983 = ORIENTED_EDGE('',*,*,#4258,.T.);
#7984 = ORIENTED_EDGE('',*,*,#7985,.T.);
#7985 = EDGE_CURVE('',#4259,#7986,#7988,.T.);
#7986 = VERTEX_POINT('',#7987);
#7987 = CARTESIAN_POINT('',(-4.5,87.5,6.28023436887));
#7988 = SURFACE_CURVE('',#7989,(#7993,#8000),.PCURVE_S1.);
#7989 = LINE('',#7990,#7991);
#7990 = CARTESIAN_POINT('',(-4.5,82.5,6.28023436887));
#7991 = VECTOR('',#7992,1.);
#7992 = DIRECTION('',(-0.,1.,0.));
#7993 = PCURVE('',#4167,#7994);
#7994 = DEFINITIONAL_REPRESENTATION('',(#7995),#7999);
#7995 = LINE('',#7996,#7997);
#7996 = CARTESIAN_POINT('',(5.,0.));
#7997 = VECTOR('',#7998,1.);
#7998 = DIRECTION('',(0.,1.));
#7999 = ( GEOMETRIC_REPRESENTATION_CONTEXT(2) 
PARAMETRIC_REPRESENTATION_CONTEXT() REPRESENTATION_CONTEXT('2D SPACE',''
  ) );
#8000 = PCURVE('',#4295,#8001);
#8001 = DEFINITIONAL_REPRESENTATION('',(#8002),#8006);
#8002 = LINE('',#8003,#8004);
#8003 = CARTESIAN_POINT('',(1.5,0.));
#8004 = VECTOR('',#8005,1.);
#8005 = DIRECTION('',(0.,-1.));
#8006 = ( GEOMETRIC_REPRESENTATION_CONTEXT(2) 
PARAMETRIC_REPRESENTATION_CONTEXT() REPRESENTATION_CONTEXT('2D SPACE',''
  ) );
#8007 = ORIENTED_EDGE('',*,*,#8008,.F.);
#8008 = EDGE_CURVE('',#7883,#7986,#8009,.T.);
#8009 = SURFACE_CURVE('',#8010,(#8014,#8021),.PCURVE_S1.);
#8010 = LINE('',#8011,#8012);
#8011 = CARTESIAN_POINT('',(-9.5,87.5,6.28023436887));
#8012 = VECTOR('',#8013,1.);
#8013 = DIRECTION('',(1.,0.,-0.));
#8014 = PCURVE('',#4167,#8015);
#8015 = DEFINITIONAL_REPRESENTATION('',(#8016),#8020);
#8016 = LINE('',#8017,#8018);
#8017 = CARTESIAN_POINT('',(0.,5.));
#8018 = VECTOR('',#8019,1.);
#8019 = DIRECTION('',(1.,0.));
#8020 = ( GEOMETRIC_REPRESENTATION_CONTEXT(2) 
PARAMETRIC_REPRESENTATION_CONTEXT() REPRESENTATION_CONTEXT('2D SPACE',''
  ) );
#8021 = PCURVE('',#7765,#8022);
#8022 = DEFINITIONAL_REPRESENTATION('',(#8023),#8027);
#8023 = LINE('',#8024,#8025);
#8024 = CARTESIAN_POINT('',(1.5,0.));
#8025 = VECTOR('',#8026,1.);
#8026 = DIRECTION('',(0.,1.));
#8027 = ( GEOMETRIC_REPRESENTATION_CONTEXT(2) 
PARAMETRIC_REPRESENTATION_CONTEXT() REPRESENTATION_CONTEXT('2D SPACE',''
  ) );
#8028 = ORIENTED_EDGE('',*,*,#7957,.F.);
#8029 = ORIENTED_EDGE('',*,*,#4153,.F.);
#8030 = FACE_BOUND('',#8031,.T.);
#8031 = EDGE_LOOP('',(#8032));
#8032 = ORIENTED_EDGE('',*,*,#8033,.F.);
#8033 = EDGE_CURVE('',#8034,#8034,#8036,.T.);
#8034 = VERTEX_POINT('',#8035);
#8035 = CARTESIAN_POINT('',(-5.6,85.,6.28023436887));
#8036 = SURFACE_CURVE('',#8037,(#8042,#8049),.PCURVE_S1.);
#8037 = CIRCLE('',#8038,1.4);
#8038 = AXIS2_PLACEMENT_3D('',#8039,#8040,#8041);
#8039 = CARTESIAN_POINT('',(-7.,85.,6.28023436887));
#8040 = DIRECTION('',(0.,0.,1.));
#8041 = DIRECTION('',(1.,0.,-0.));
#8042 = PCURVE('',#4167,#8043);
#8043 = DEFINITIONAL_REPRESENTATION('',(#8044),#8048);
#8044 = CIRCLE('',#8045,1.4);
#8045 = AXIS2_PLACEMENT_2D('',#8046,#8047);
#8046 = CARTESIAN_POINT('',(2.5,2.5));
#8047 = DIRECTION('',(1.,0.));
#8048 = ( GEOMETRIC_REPRESENTATION_CONTEXT(2) 
PARAMETRIC_REPRESENTATION_CONTEXT() REPRESENTATION_CONTEXT('2D SPACE',''
  ) );
#8049 = PCURVE('',#8050,#8055);
#8050 = CYLINDRICAL_SURFACE('',#8051,1.4);
#8051 = AXIS2_PLACEMENT_3D('',#8052,#8053,#8054);
#8052 = CARTESIAN_POINT('',(-7.,85.,5.78023436887));
#8053 = DIRECTION('',(0.,0.,1.));
#8054 = DIRECTION('',(1.,0.,-0.));
#8055 = DEFINITIONAL_REPRESENTATION('',(#8056),#8060);
#8056 = LINE('',#8057,#8058);
#8057 = CARTESIAN_POINT('',(0.,0.5));
#8058 = VECTOR('',#8059,1.);
#8059 = DIRECTION('',(1.,0.));
#8060 = ( GEOMETRIC_REPRESENTATION_CONTEXT(2) 
PARAMETRIC_REPRESENTATION_CONTEXT() REPRESENTATION_CONTEXT('2D SPACE',''
  ) );
#8061 = ADVANCED_FACE('',(#8062),#4295,.T.);
#8062 = FACE_BOUND('',#8063,.T.);
#8063 = EDGE_LOOP('',(#8064,#8065,#8066,#8087));
#8064 = ORIENTED_EDGE('',*,*,#4281,.F.);
#8065 = ORIENTED_EDGE('',*,*,#7728,.T.);
#8066 = ORIENTED_EDGE('',*,*,#8067,.T.);
#8067 = EDGE_CURVE('',#7729,#7986,#8068,.T.);
#8068 = SURFACE_CURVE('',#8069,(#8073,#8080),.PCURVE_S1.);
#8069 = LINE('',#8070,#8071);
#8070 = CARTESIAN_POINT('',(-4.5,87.5,4.78023436887));
#8071 = VECTOR('',#8072,1.);
#8072 = DIRECTION('',(0.,0.,1.));
#8073 = PCURVE('',#4295,#8074);
#8074 = DEFINITIONAL_REPRESENTATION('',(#8075),#8079);
#8075 = LINE('',#8076,#8077);
#8076 = CARTESIAN_POINT('',(0.,-5.));
#8077 = VECTOR('',#8078,1.);
#8078 = DIRECTION('',(1.,0.));
#8079 = ( GEOMETRIC_REPRESENTATION_CONTEXT(2) 
PARAMETRIC_REPRESENTATION_CONTEXT() REPRESENTATION_CONTEXT('2D SPACE',''
  ) );
#8080 = PCURVE('',#7765,#8081);
#8081 = DEFINITIONAL_REPRESENTATION('',(#8082),#8086);
#8082 = LINE('',#8083,#8084);
#8083 = CARTESIAN_POINT('',(0.,5.));
#8084 = VECTOR('',#8085,1.);
#8085 = DIRECTION('',(1.,0.));
#8086 = ( GEOMETRIC_REPRESENTATION_CONTEXT(2) 
PARAMETRIC_REPRESENTATION_CONTEXT() REPRESENTATION_CONTEXT('2D SPACE',''
  ) );
#8087 = ORIENTED_EDGE('',*,*,#7985,.F.);
#8088 = ADVANCED_FACE('',(#8089),#4400,.T.);
#8089 = FACE_BOUND('',#8090,.T.);
#8090 = EDGE_LOOP('',(#8091,#8092,#8093,#8094,#8117,#8140));
#8091 = ORIENTED_EDGE('',*,*,#7652,.F.);
#8092 = ORIENTED_EDGE('',*,*,#7679,.T.);
#8093 = ORIENTED_EDGE('',*,*,#4386,.T.);
#8094 = ORIENTED_EDGE('',*,*,#8095,.F.);
#8095 = EDGE_CURVE('',#8096,#4359,#8098,.T.);
#8096 = VERTEX_POINT('',#8097);
#8097 = CARTESIAN_POINT('',(-5.,70.5,8.95));
#8098 = SURFACE_CURVE('',#8099,(#8103,#8110),.PCURVE_S1.);
#8099 = LINE('',#8100,#8101);
#8100 = CARTESIAN_POINT('',(-5.,70.5,8.95));
#8101 = VECTOR('',#8102,1.);
#8102 = DIRECTION('',(-0.,1.,0.));
#8103 = PCURVE('',#4400,#8104);
#8104 = DEFINITIONAL_REPRESENTATION('',(#8105),#8109);
#8105 = LINE('',#8106,#8107);
#8106 = CARTESIAN_POINT('',(4.45,0.));
#8107 = VECTOR('',#8108,1.);
#8108 = DIRECTION('',(0.,-1.));
#8109 = ( GEOMETRIC_REPRESENTATION_CONTEXT(2) 
PARAMETRIC_REPRESENTATION_CONTEXT() REPRESENTATION_CONTEXT('2D SPACE',''
  ) );
#8110 = PCURVE('',#4374,#8111);
#8111 = DEFINITIONAL_REPRESENTATION('',(#8112),#8116);
#8112 = LINE('',#8113,#8114);
#8113 = CARTESIAN_POINT('',(2.3,0.));
#8114 = VECTOR('',#8115,1.);
#8115 = DIRECTION('',(0.,1.));
#8116 = ( GEOMETRIC_REPRESENTATION_CONTEXT(2) 
PARAMETRIC_REPRESENTATION_CONTEXT() REPRESENTATION_CONTEXT('2D SPACE',''
  ) );
#8117 = ORIENTED_EDGE('',*,*,#8118,.F.);
#8118 = EDGE_CURVE('',#8119,#8096,#8121,.T.);
#8119 = VERTEX_POINT('',#8120);
#8120 = CARTESIAN_POINT('',(-5.,70.5,6.28023436887));
#8121 = SURFACE_CURVE('',#8122,(#8126,#8133),.PCURVE_S1.);
#8122 = LINE('',#8123,#8124);
#8123 = CARTESIAN_POINT('',(-5.,70.5,4.5));
#8124 = VECTOR('',#8125,1.);
#8125 = DIRECTION('',(0.,0.,1.));
#8126 = PCURVE('',#4400,#8127);
#8127 = DEFINITIONAL_REPRESENTATION('',(#8128),#8132);
#8128 = LINE('',#8129,#8130);
#8129 = CARTESIAN_POINT('',(0.,0.));
#8130 = VECTOR('',#8131,1.);
#8131 = DIRECTION('',(1.,0.));
#8132 = ( GEOMETRIC_REPRESENTATION_CONTEXT(2) 
PARAMETRIC_REPRESENTATION_CONTEXT() REPRESENTATION_CONTEXT('2D SPACE',''
  ) );
#8133 = PCURVE('',#4477,#8134);
#8134 = DEFINITIONAL_REPRESENTATION('',(#8135),#8139);
#8135 = LINE('',#8136,#8137);
#8136 = CARTESIAN_POINT('',(0.,2.3));
#8137 = VECTOR('',#8138,1.);
#8138 = DIRECTION('',(1.,0.));
#8139 = ( GEOMETRIC_REPRESENTATION_CONTEXT(2) 
PARAMETRIC_REPRESENTATION_CONTEXT() REPRESENTATION_CONTEXT('2D SPACE',''
  ) );
#8140 = ORIENTED_EDGE('',*,*,#8141,.F.);
#8141 = EDGE_CURVE('',#7551,#8119,#8142,.T.);
#8142 = SURFACE_CURVE('',#8143,(#8147,#8154),.PCURVE_S1.);
#8143 = LINE('',#8144,#8145);
#8144 = CARTESIAN_POINT('',(-5.,70.5,4.5));
#8145 = VECTOR('',#8146,1.);
#8146 = DIRECTION('',(0.,0.,1.));
#8147 = PCURVE('',#4400,#8148);
#8148 = DEFINITIONAL_REPRESENTATION('',(#8149),#8153);
#8149 = LINE('',#8150,#8151);
#8150 = CARTESIAN_POINT('',(0.,0.));
#8151 = VECTOR('',#8152,1.);
#8152 = DIRECTION('',(1.,0.));
#8153 = ( GEOMETRIC_REPRESENTATION_CONTEXT(2) 
PARAMETRIC_REPRESENTATION_CONTEXT() REPRESENTATION_CONTEXT('2D SPACE',''
  ) );
#8154 = PCURVE('',#7612,#8155);
#8155 = DEFINITIONAL_REPRESENTATION('',(#8156),#8160);
#8156 = LINE('',#8157,#8158);
#8157 = CARTESIAN_POINT('',(-0.28023436887,4.5));
#8158 = VECTOR('',#8159,1.);
#8159 = DIRECTION('',(1.,0.));
#8160 = ( GEOMETRIC_REPRESENTATION_CONTEXT(2) 
PARAMETRIC_REPRESENTATION_CONTEXT() REPRESENTATION_CONTEXT('2D SPACE',''
  ) );
#8161 = ADVANCED_FACE('',(#8162),#4374,.T.);
#8162 = FACE_BOUND('',#8163,.T.);
#8163 = EDGE_LOOP('',(#8164,#8165,#8186,#8187));
#8164 = ORIENTED_EDGE('',*,*,#4440,.F.);
#8165 = ORIENTED_EDGE('',*,*,#8166,.T.);
#8166 = EDGE_CURVE('',#4441,#8096,#8167,.T.);
#8167 = SURFACE_CURVE('',#8168,(#8172,#8179),.PCURVE_S1.);
#8168 = LINE('',#8169,#8170);
#8169 = CARTESIAN_POINT('',(-7.3,70.5,8.95));
#8170 = VECTOR('',#8171,1.);
#8171 = DIRECTION('',(1.,0.,-0.));
#8172 = PCURVE('',#4374,#8173);
#8173 = DEFINITIONAL_REPRESENTATION('',(#8174),#8178);
#8174 = LINE('',#8175,#8176);
#8175 = CARTESIAN_POINT('',(0.,0.));
#8176 = VECTOR('',#8177,1.);
#8177 = DIRECTION('',(1.,0.));
#8178 = ( GEOMETRIC_REPRESENTATION_CONTEXT(2) 
PARAMETRIC_REPRESENTATION_CONTEXT() REPRESENTATION_CONTEXT('2D SPACE',''
  ) );
#8179 = PCURVE('',#4477,#8180);
#8180 = DEFINITIONAL_REPRESENTATION('',(#8181),#8185);
#8181 = LINE('',#8182,#8183);
#8182 = CARTESIAN_POINT('',(4.45,0.));
#8183 = VECTOR('',#8184,1.);
#8184 = DIRECTION('',(0.,1.));
#8185 = ( GEOMETRIC_REPRESENTATION_CONTEXT(2) 
PARAMETRIC_REPRESENTATION_CONTEXT() REPRESENTATION_CONTEXT('2D SPACE',''
  ) );
#8186 = ORIENTED_EDGE('',*,*,#8095,.T.);
#8187 = ORIENTED_EDGE('',*,*,#4358,.F.);
#8188 = ADVANCED_FACE('',(#8189),#4477,.F.);
#8189 = FACE_BOUND('',#8190,.F.);
#8190 = EDGE_LOOP('',(#8191,#8192,#8213,#8214));
#8191 = ORIENTED_EDGE('',*,*,#8118,.F.);
#8192 = ORIENTED_EDGE('',*,*,#8193,.F.);
#8193 = EDGE_CURVE('',#4416,#8119,#8194,.T.);
#8194 = SURFACE_CURVE('',#8195,(#8199,#8206),.PCURVE_S1.);
#8195 = LINE('',#8196,#8197);
#8196 = CARTESIAN_POINT('',(-9.5,70.5,6.28023436887));
#8197 = VECTOR('',#8198,1.);
#8198 = DIRECTION('',(1.,0.,-0.));
#8199 = PCURVE('',#4477,#8200);
#8200 = DEFINITIONAL_REPRESENTATION('',(#8201),#8205);
#8201 = LINE('',#8202,#8203);
#8202 = CARTESIAN_POINT('',(1.78023436887,-2.2));
#8203 = VECTOR('',#8204,1.);
#8204 = DIRECTION('',(0.,1.));
#8205 = ( GEOMETRIC_REPRESENTATION_CONTEXT(2) 
PARAMETRIC_REPRESENTATION_CONTEXT() REPRESENTATION_CONTEXT('2D SPACE',''
  ) );
#8206 = PCURVE('',#4530,#8207);
#8207 = DEFINITIONAL_REPRESENTATION('',(#8208),#8212);
#8208 = LINE('',#8209,#8210);
#8209 = CARTESIAN_POINT('',(0.,5.));
#8210 = VECTOR('',#8211,1.);
#8211 = DIRECTION('',(1.,0.));
#8212 = ( GEOMETRIC_REPRESENTATION_CONTEXT(2) 
PARAMETRIC_REPRESENTATION_CONTEXT() REPRESENTATION_CONTEXT('2D SPACE',''
  ) );
#8213 = ORIENTED_EDGE('',*,*,#4463,.T.);
#8214 = ORIENTED_EDGE('',*,*,#8166,.T.);
#8215 = ADVANCED_FACE('',(#8216,#8266),#4530,.T.);
#8216 = FACE_BOUND('',#8217,.T.);
#8217 = EDGE_LOOP('',(#8218,#8219,#8220,#8243,#8264,#8265));
#8218 = ORIENTED_EDGE('',*,*,#4571,.F.);
#8219 = ORIENTED_EDGE('',*,*,#4621,.T.);
#8220 = ORIENTED_EDGE('',*,*,#8221,.T.);
#8221 = EDGE_CURVE('',#4622,#8222,#8224,.T.);
#8222 = VERTEX_POINT('',#8223);
#8223 = CARTESIAN_POINT('',(-4.5,70.5,6.28023436887));
#8224 = SURFACE_CURVE('',#8225,(#8229,#8236),.PCURVE_S1.);
#8225 = LINE('',#8226,#8227);
#8226 = CARTESIAN_POINT('',(-4.5,65.5,6.28023436887));
#8227 = VECTOR('',#8228,1.);
#8228 = DIRECTION('',(-0.,1.,0.));
#8229 = PCURVE('',#4530,#8230);
#8230 = DEFINITIONAL_REPRESENTATION('',(#8231),#8235);
#8231 = LINE('',#8232,#8233);
#8232 = CARTESIAN_POINT('',(5.,0.));
#8233 = VECTOR('',#8234,1.);
#8234 = DIRECTION('',(0.,1.));
#8235 = ( GEOMETRIC_REPRESENTATION_CONTEXT(2) 
PARAMETRIC_REPRESENTATION_CONTEXT() REPRESENTATION_CONTEXT('2D SPACE',''
  ) );
#8236 = PCURVE('',#4658,#8237);
#8237 = DEFINITIONAL_REPRESENTATION('',(#8238),#8242);
#8238 = LINE('',#8239,#8240);
#8239 = CARTESIAN_POINT('',(1.5,0.));
#8240 = VECTOR('',#8241,1.);
#8241 = DIRECTION('',(0.,-1.));
#8242 = ( GEOMETRIC_REPRESENTATION_CONTEXT(2) 
PARAMETRIC_REPRESENTATION_CONTEXT() REPRESENTATION_CONTEXT('2D SPACE',''
  ) );
#8243 = ORIENTED_EDGE('',*,*,#8244,.F.);
#8244 = EDGE_CURVE('',#8119,#8222,#8245,.T.);
#8245 = SURFACE_CURVE('',#8246,(#8250,#8257),.PCURVE_S1.);
#8246 = LINE('',#8247,#8248);
#8247 = CARTESIAN_POINT('',(-9.5,70.5,6.28023436887));
#8248 = VECTOR('',#8249,1.);
#8249 = DIRECTION('',(1.,0.,-0.));
#8250 = PCURVE('',#4530,#8251);
#8251 = DEFINITIONAL_REPRESENTATION('',(#8252),#8256);
#8252 = LINE('',#8253,#8254);
#8253 = CARTESIAN_POINT('',(0.,5.));
#8254 = VECTOR('',#8255,1.);
#8255 = DIRECTION('',(1.,0.));
#8256 = ( GEOMETRIC_REPRESENTATION_CONTEXT(2) 
PARAMETRIC_REPRESENTATION_CONTEXT() REPRESENTATION_CONTEXT('2D SPACE',''
  ) );
#8257 = PCURVE('',#7612,#8258);
#8258 = DEFINITIONAL_REPRESENTATION('',(#8259),#8263);
#8259 = LINE('',#8260,#8261);
#8260 = CARTESIAN_POINT('',(1.5,0.));
#8261 = VECTOR('',#8262,1.);
#8262 = DIRECTION('',(0.,1.));
#8263 = ( GEOMETRIC_REPRESENTATION_CONTEXT(2) 
PARAMETRIC_REPRESENTATION_CONTEXT() REPRESENTATION_CONTEXT('2D SPACE',''
  ) );
#8264 = ORIENTED_EDGE('',*,*,#8193,.F.);
#8265 = ORIENTED_EDGE('',*,*,#4516,.F.);
#8266 = FACE_BOUND('',#8267,.T.);
#8267 = EDGE_LOOP('',(#8268));
#8268 = ORIENTED_EDGE('',*,*,#8269,.F.);
#8269 = EDGE_CURVE('',#8270,#8270,#8272,.T.);
#8270 = VERTEX_POINT('',#8271);
#8271 = CARTESIAN_POINT('',(-5.6,68.,6.28023436887));
#8272 = SURFACE_CURVE('',#8273,(#8278,#8285),.PCURVE_S1.);
#8273 = CIRCLE('',#8274,1.4);
#8274 = AXIS2_PLACEMENT_3D('',#8275,#8276,#8277);
#8275 = CARTESIAN_POINT('',(-7.,68.,6.28023436887));
#8276 = DIRECTION('',(0.,0.,1.));
#8277 = DIRECTION('',(1.,0.,-0.));
#8278 = PCURVE('',#4530,#8279);
#8279 = DEFINITIONAL_REPRESENTATION('',(#8280),#8284);
#8280 = CIRCLE('',#8281,1.4);
#8281 = AXIS2_PLACEMENT_2D('',#8282,#8283);
#8282 = CARTESIAN_POINT('',(2.5,2.5));
#8283 = DIRECTION('',(1.,0.));
#8284 = ( GEOMETRIC_REPRESENTATION_CONTEXT(2) 
PARAMETRIC_REPRESENTATION_CONTEXT() REPRESENTATION_CONTEXT('2D SPACE',''
  ) );
#8285 = PCURVE('',#8286,#8291);
#8286 = CYLINDRICAL_SURFACE('',#8287,1.4);
#8287 = AXIS2_PLACEMENT_3D('',#8288,#8289,#8290);
#8288 = CARTESIAN_POINT('',(-7.,68.,5.78023436887));
#8289 = DIRECTION('',(0.,0.,1.));
#8290 = DIRECTION('',(1.,0.,-0.));
#8291 = DEFINITIONAL_REPRESENTATION('',(#8292),#8296);
#8292 = LINE('',#8293,#8294);
#8293 = CARTESIAN_POINT('',(0.,0.5));
#8294 = VECTOR('',#8295,1.);
#8295 = DIRECTION('',(1.,0.));
#8296 = ( GEOMETRIC_REPRESENTATION_CONTEXT(2) 
PARAMETRIC_REPRESENTATION_CONTEXT() REPRESENTATION_CONTEXT('2D SPACE',''
  ) );
#8297 = ADVANCED_FACE('',(#8298),#4658,.T.);
#8298 = FACE_BOUND('',#8299,.T.);
#8299 = EDGE_LOOP('',(#8300,#8301,#8302,#8323));
#8300 = ORIENTED_EDGE('',*,*,#4644,.F.);
#8301 = ORIENTED_EDGE('',*,*,#7575,.T.);
#8302 = ORIENTED_EDGE('',*,*,#8303,.T.);
#8303 = EDGE_CURVE('',#7576,#8222,#8304,.T.);
#8304 = SURFACE_CURVE('',#8305,(#8309,#8316),.PCURVE_S1.);
#8305 = LINE('',#8306,#8307);
#8306 = CARTESIAN_POINT('',(-4.5,70.5,4.78023436887));
#8307 = VECTOR('',#8308,1.);
#8308 = DIRECTION('',(0.,0.,1.));
#8309 = PCURVE('',#4658,#8310);
#8310 = DEFINITIONAL_REPRESENTATION('',(#8311),#8315);
#8311 = LINE('',#8312,#8313);
#8312 = CARTESIAN_POINT('',(0.,-5.));
#8313 = VECTOR('',#8314,1.);
#8314 = DIRECTION('',(1.,0.));
#8315 = ( GEOMETRIC_REPRESENTATION_CONTEXT(2) 
PARAMETRIC_REPRESENTATION_CONTEXT() REPRESENTATION_CONTEXT('2D SPACE',''
  ) );
#8316 = PCURVE('',#7612,#8317);
#8317 = DEFINITIONAL_REPRESENTATION('',(#8318),#8322);
#8318 = LINE('',#8319,#8320);
#8319 = CARTESIAN_POINT('',(0.,5.));
#8320 = VECTOR('',#8321,1.);
#8321 = DIRECTION('',(1.,0.));
#8322 = ( GEOMETRIC_REPRESENTATION_CONTEXT(2) 
PARAMETRIC_REPRESENTATION_CONTEXT() REPRESENTATION_CONTEXT('2D SPACE',''
  ) );
#8323 = ORIENTED_EDGE('',*,*,#8221,.F.);
#8324 = ADVANCED_FACE('',(#8325),#4763,.T.);
#8325 = FACE_BOUND('',#8326,.T.);
#8326 = EDGE_LOOP('',(#8327,#8328,#8329,#8330,#8353,#8376));
#8327 = ORIENTED_EDGE('',*,*,#7499,.F.);
#8328 = ORIENTED_EDGE('',*,*,#7526,.T.);
#8329 = ORIENTED_EDGE('',*,*,#4749,.T.);
#8330 = ORIENTED_EDGE('',*,*,#8331,.F.);
#8331 = EDGE_CURVE('',#8332,#4722,#8334,.T.);
#8332 = VERTEX_POINT('',#8333);
#8333 = CARTESIAN_POINT('',(-5.,45.5,8.95));
#8334 = SURFACE_CURVE('',#8335,(#8339,#8346),.PCURVE_S1.);
#8335 = LINE('',#8336,#8337);
#8336 = CARTESIAN_POINT('',(-5.,45.5,8.95));
#8337 = VECTOR('',#8338,1.);
#8338 = DIRECTION('',(-0.,1.,0.));
#8339 = PCURVE('',#4763,#8340);
#8340 = DEFINITIONAL_REPRESENTATION('',(#8341),#8345);
#8341 = LINE('',#8342,#8343);
#8342 = CARTESIAN_POINT('',(4.45,0.));
#8343 = VECTOR('',#8344,1.);
#8344 = DIRECTION('',(0.,-1.));
#8345 = ( GEOMETRIC_REPRESENTATION_CONTEXT(2) 
PARAMETRIC_REPRESENTATION_CONTEXT() REPRESENTATION_CONTEXT('2D SPACE',''
  ) );
#8346 = PCURVE('',#4737,#8347);
#8347 = DEFINITIONAL_REPRESENTATION('',(#8348),#8352);
#8348 = LINE('',#8349,#8350);
#8349 = CARTESIAN_POINT('',(2.3,0.));
#8350 = VECTOR('',#8351,1.);
#8351 = DIRECTION('',(0.,1.));
#8352 = ( GEOMETRIC_REPRESENTATION_CONTEXT(2) 
PARAMETRIC_REPRESENTATION_CONTEXT() REPRESENTATION_CONTEXT('2D SPACE',''
  ) );
#8353 = ORIENTED_EDGE('',*,*,#8354,.F.);
#8354 = EDGE_CURVE('',#8355,#8332,#8357,.T.);
#8355 = VERTEX_POINT('',#8356);
#8356 = CARTESIAN_POINT('',(-5.,45.5,6.28023436887));
#8357 = SURFACE_CURVE('',#8358,(#8362,#8369),.PCURVE_S1.);
#8358 = LINE('',#8359,#8360);
#8359 = CARTESIAN_POINT('',(-5.,45.5,4.5));
#8360 = VECTOR('',#8361,1.);
#8361 = DIRECTION('',(0.,0.,1.));
#8362 = PCURVE('',#4763,#8363);
#8363 = DEFINITIONAL_REPRESENTATION('',(#8364),#8368);
#8364 = LINE('',#8365,#8366);
#8365 = CARTESIAN_POINT('',(0.,0.));
#8366 = VECTOR('',#8367,1.);
#8367 = DIRECTION('',(1.,0.));
#8368 = ( GEOMETRIC_REPRESENTATION_CONTEXT(2) 
PARAMETRIC_REPRESENTATION_CONTEXT() REPRESENTATION_CONTEXT('2D SPACE',''
  ) );
#8369 = PCURVE('',#4840,#8370);
#8370 = DEFINITIONAL_REPRESENTATION('',(#8371),#8375);
#8371 = LINE('',#8372,#8373);
#8372 = CARTESIAN_POINT('',(0.,2.3));
#8373 = VECTOR('',#8374,1.);
#8374 = DIRECTION('',(1.,0.));
#8375 = ( GEOMETRIC_REPRESENTATION_CONTEXT(2) 
PARAMETRIC_REPRESENTATION_CONTEXT() REPRESENTATION_CONTEXT('2D SPACE',''
  ) );
#8376 = ORIENTED_EDGE('',*,*,#8377,.F.);
#8377 = EDGE_CURVE('',#7398,#8355,#8378,.T.);
#8378 = SURFACE_CURVE('',#8379,(#8383,#8390),.PCURVE_S1.);
#8379 = LINE('',#8380,#8381);
#8380 = CARTESIAN_POINT('',(-5.,45.5,4.5));
#8381 = VECTOR('',#8382,1.);
#8382 = DIRECTION('',(0.,0.,1.));
#8383 = PCURVE('',#4763,#8384);
#8384 = DEFINITIONAL_REPRESENTATION('',(#8385),#8389);
#8385 = LINE('',#8386,#8387);
#8386 = CARTESIAN_POINT('',(0.,0.));
#8387 = VECTOR('',#8388,1.);
#8388 = DIRECTION('',(1.,0.));
#8389 = ( GEOMETRIC_REPRESENTATION_CONTEXT(2) 
PARAMETRIC_REPRESENTATION_CONTEXT() REPRESENTATION_CONTEXT('2D SPACE',''
  ) );
#8390 = PCURVE('',#7459,#8391);
#8391 = DEFINITIONAL_REPRESENTATION('',(#8392),#8396);
#8392 = LINE('',#8393,#8394);
#8393 = CARTESIAN_POINT('',(-0.28023436887,4.5));
#8394 = VECTOR('',#8395,1.);
#8395 = DIRECTION('',(1.,0.));
#8396 = ( GEOMETRIC_REPRESENTATION_CONTEXT(2) 
PARAMETRIC_REPRESENTATION_CONTEXT() REPRESENTATION_CONTEXT('2D SPACE',''
  ) );
#8397 = ADVANCED_FACE('',(#8398),#4737,.T.);
#8398 = FACE_BOUND('',#8399,.T.);
#8399 = EDGE_LOOP('',(#8400,#8401,#8422,#8423));
#8400 = ORIENTED_EDGE('',*,*,#4803,.F.);
#8401 = ORIENTED_EDGE('',*,*,#8402,.T.);
#8402 = EDGE_CURVE('',#4804,#8332,#8403,.T.);
#8403 = SURFACE_CURVE('',#8404,(#8408,#8415),.PCURVE_S1.);
#8404 = LINE('',#8405,#8406);
#8405 = CARTESIAN_POINT('',(-7.3,45.5,8.95));
#8406 = VECTOR('',#8407,1.);
#8407 = DIRECTION('',(1.,0.,-0.));
#8408 = PCURVE('',#4737,#8409);
#8409 = DEFINITIONAL_REPRESENTATION('',(#8410),#8414);
#8410 = LINE('',#8411,#8412);
#8411 = CARTESIAN_POINT('',(0.,0.));
#8412 = VECTOR('',#8413,1.);
#8413 = DIRECTION('',(1.,0.));
#8414 = ( GEOMETRIC_REPRESENTATION_CONTEXT(2) 
PARAMETRIC_REPRESENTATION_CONTEXT() REPRESENTATION_CONTEXT('2D SPACE',''
  ) );
#8415 = PCURVE('',#4840,#8416);
#8416 = DEFINITIONAL_REPRESENTATION('',(#8417),#8421);
#8417 = LINE('',#8418,#8419);
#8418 = CARTESIAN_POINT('',(4.45,0.));
#8419 = VECTOR('',#8420,1.);
#8420 = DIRECTION('',(0.,1.));
#8421 = ( GEOMETRIC_REPRESENTATION_CONTEXT(2) 
PARAMETRIC_REPRESENTATION_CONTEXT() REPRESENTATION_CONTEXT('2D SPACE',''
  ) );
#8422 = ORIENTED_EDGE('',*,*,#8331,.T.);
#8423 = ORIENTED_EDGE('',*,*,#4721,.F.);
#8424 = ADVANCED_FACE('',(#8425),#4840,.F.);
#8425 = FACE_BOUND('',#8426,.F.);
#8426 = EDGE_LOOP('',(#8427,#8428,#8449,#8450));
#8427 = ORIENTED_EDGE('',*,*,#8354,.F.);
#8428 = ORIENTED_EDGE('',*,*,#8429,.F.);
#8429 = EDGE_CURVE('',#4779,#8355,#8430,.T.);
#8430 = SURFACE_CURVE('',#8431,(#8435,#8442),.PCURVE_S1.);
#8431 = LINE('',#8432,#8433);
#8432 = CARTESIAN_POINT('',(-9.5,45.5,6.28023436887));
#8433 = VECTOR('',#8434,1.);
#8434 = DIRECTION('',(1.,0.,-0.));
#8435 = PCURVE('',#4840,#8436);
#8436 = DEFINITIONAL_REPRESENTATION('',(#8437),#8441);
#8437 = LINE('',#8438,#8439);
#8438 = CARTESIAN_POINT('',(1.78023436887,-2.2));
#8439 = VECTOR('',#8440,1.);
#8440 = DIRECTION('',(0.,1.));
#8441 = ( GEOMETRIC_REPRESENTATION_CONTEXT(2) 
PARAMETRIC_REPRESENTATION_CONTEXT() REPRESENTATION_CONTEXT('2D SPACE',''
  ) );
#8442 = PCURVE('',#4893,#8443);
#8443 = DEFINITIONAL_REPRESENTATION('',(#8444),#8448);
#8444 = LINE('',#8445,#8446);
#8445 = CARTESIAN_POINT('',(0.,5.));
#8446 = VECTOR('',#8447,1.);
#8447 = DIRECTION('',(1.,0.));
#8448 = ( GEOMETRIC_REPRESENTATION_CONTEXT(2) 
PARAMETRIC_REPRESENTATION_CONTEXT() REPRESENTATION_CONTEXT('2D SPACE',''
  ) );
#8449 = ORIENTED_EDGE('',*,*,#4826,.T.);
#8450 = ORIENTED_EDGE('',*,*,#8402,.T.);
#8451 = ADVANCED_FACE('',(#8452,#8502),#4893,.T.);
#8452 = FACE_BOUND('',#8453,.T.);
#8453 = EDGE_LOOP('',(#8454,#8455,#8456,#8479,#8500,#8501));
#8454 = ORIENTED_EDGE('',*,*,#4934,.F.);
#8455 = ORIENTED_EDGE('',*,*,#4984,.T.);
#8456 = ORIENTED_EDGE('',*,*,#8457,.T.);
#8457 = EDGE_CURVE('',#4985,#8458,#8460,.T.);
#8458 = VERTEX_POINT('',#8459);
#8459 = CARTESIAN_POINT('',(-4.5,45.5,6.28023436887));
#8460 = SURFACE_CURVE('',#8461,(#8465,#8472),.PCURVE_S1.);
#8461 = LINE('',#8462,#8463);
#8462 = CARTESIAN_POINT('',(-4.5,40.5,6.28023436887));
#8463 = VECTOR('',#8464,1.);
#8464 = DIRECTION('',(-0.,1.,0.));
#8465 = PCURVE('',#4893,#8466);
#8466 = DEFINITIONAL_REPRESENTATION('',(#8467),#8471);
#8467 = LINE('',#8468,#8469);
#8468 = CARTESIAN_POINT('',(5.,0.));
#8469 = VECTOR('',#8470,1.);
#8470 = DIRECTION('',(0.,1.));
#8471 = ( GEOMETRIC_REPRESENTATION_CONTEXT(2) 
PARAMETRIC_REPRESENTATION_CONTEXT() REPRESENTATION_CONTEXT('2D SPACE',''
  ) );
#8472 = PCURVE('',#5021,#8473);
#8473 = DEFINITIONAL_REPRESENTATION('',(#8474),#8478);
#8474 = LINE('',#8475,#8476);
#8475 = CARTESIAN_POINT('',(1.5,0.));
#8476 = VECTOR('',#8477,1.);
#8477 = DIRECTION('',(0.,-1.));
#8478 = ( GEOMETRIC_REPRESENTATION_CONTEXT(2) 
PARAMETRIC_REPRESENTATION_CONTEXT() REPRESENTATION_CONTEXT('2D SPACE',''
  ) );
#8479 = ORIENTED_EDGE('',*,*,#8480,.F.);
#8480 = EDGE_CURVE('',#8355,#8458,#8481,.T.);
#8481 = SURFACE_CURVE('',#8482,(#8486,#8493),.PCURVE_S1.);
#8482 = LINE('',#8483,#8484);
#8483 = CARTESIAN_POINT('',(-9.5,45.5,6.28023436887));
#8484 = VECTOR('',#8485,1.);
#8485 = DIRECTION('',(1.,0.,-0.));
#8486 = PCURVE('',#4893,#8487);
#8487 = DEFINITIONAL_REPRESENTATION('',(#8488),#8492);
#8488 = LINE('',#8489,#8490);
#8489 = CARTESIAN_POINT('',(0.,5.));
#8490 = VECTOR('',#8491,1.);
#8491 = DIRECTION('',(1.,0.));
#8492 = ( GEOMETRIC_REPRESENTATION_CONTEXT(2) 
PARAMETRIC_REPRESENTATION_CONTEXT() REPRESENTATION_CONTEXT('2D SPACE',''
  ) );
#8493 = PCURVE('',#7459,#8494);
#8494 = DEFINITIONAL_REPRESENTATION('',(#8495),#8499);
#8495 = LINE('',#8496,#8497);
#8496 = CARTESIAN_POINT('',(1.5,0.));
#8497 = VECTOR('',#8498,1.);
#8498 = DIRECTION('',(0.,1.));
#8499 = ( GEOMETRIC_REPRESENTATION_CONTEXT(2) 
PARAMETRIC_REPRESENTATION_CONTEXT() REPRESENTATION_CONTEXT('2D SPACE',''
  ) );
#8500 = ORIENTED_EDGE('',*,*,#8429,.F.);
#8501 = ORIENTED_EDGE('',*,*,#4879,.F.);
#8502 = FACE_BOUND('',#8503,.T.);
#8503 = EDGE_LOOP('',(#8504));
#8504 = ORIENTED_EDGE('',*,*,#8505,.F.);
#8505 = EDGE_CURVE('',#8506,#8506,#8508,.T.);
#8506 = VERTEX_POINT('',#8507);
#8507 = CARTESIAN_POINT('',(-5.6,43.,6.28023436887));
#8508 = SURFACE_CURVE('',#8509,(#8514,#8521),.PCURVE_S1.);
#8509 = CIRCLE('',#8510,1.4);
#8510 = AXIS2_PLACEMENT_3D('',#8511,#8512,#8513);
#8511 = CARTESIAN_POINT('',(-7.,43.,6.28023436887));
#8512 = DIRECTION('',(0.,0.,1.));
#8513 = DIRECTION('',(1.,0.,-0.));
#8514 = PCURVE('',#4893,#8515);
#8515 = DEFINITIONAL_REPRESENTATION('',(#8516),#8520);
#8516 = CIRCLE('',#8517,1.4);
#8517 = AXIS2_PLACEMENT_2D('',#8518,#8519);
#8518 = CARTESIAN_POINT('',(2.5,2.5));
#8519 = DIRECTION('',(1.,0.));
#8520 = ( GEOMETRIC_REPRESENTATION_CONTEXT(2) 
PARAMETRIC_REPRESENTATION_CONTEXT() REPRESENTATION_CONTEXT('2D SPACE',''
  ) );
#8521 = PCURVE('',#8522,#8527);
#8522 = CYLINDRICAL_SURFACE('',#8523,1.4);
#8523 = AXIS2_PLACEMENT_3D('',#8524,#8525,#8526);
#8524 = CARTESIAN_POINT('',(-7.,43.,5.78023436887));
#8525 = DIRECTION('',(0.,0.,1.));
#8526 = DIRECTION('',(1.,0.,-0.));
#8527 = DEFINITIONAL_REPRESENTATION('',(#8528),#8532);
#8528 = LINE('',#8529,#8530);
#8529 = CARTESIAN_POINT('',(0.,0.5));
#8530 = VECTOR('',#8531,1.);
#8531 = DIRECTION('',(1.,0.));
#8532 = ( GEOMETRIC_REPRESENTATION_CONTEXT(2) 
PARAMETRIC_REPRESENTATION_CONTEXT() REPRESENTATION_CONTEXT('2D SPACE',''
  ) );
#8533 = ADVANCED_FACE('',(#8534),#5021,.T.);
#8534 = FACE_BOUND('',#8535,.T.);
#8535 = EDGE_LOOP('',(#8536,#8537,#8538,#8559));
#8536 = ORIENTED_EDGE('',*,*,#5007,.F.);
#8537 = ORIENTED_EDGE('',*,*,#7422,.T.);
#8538 = ORIENTED_EDGE('',*,*,#8539,.T.);
#8539 = EDGE_CURVE('',#7423,#8458,#8540,.T.);
#8540 = SURFACE_CURVE('',#8541,(#8545,#8552),.PCURVE_S1.);
#8541 = LINE('',#8542,#8543);
#8542 = CARTESIAN_POINT('',(-4.5,45.5,4.78023436887));
#8543 = VECTOR('',#8544,1.);
#8544 = DIRECTION('',(0.,0.,1.));
#8545 = PCURVE('',#5021,#8546);
#8546 = DEFINITIONAL_REPRESENTATION('',(#8547),#8551);
#8547 = LINE('',#8548,#8549);
#8548 = CARTESIAN_POINT('',(0.,-5.));
#8549 = VECTOR('',#8550,1.);
#8550 = DIRECTION('',(1.,0.));
#8551 = ( GEOMETRIC_REPRESENTATION_CONTEXT(2) 
PARAMETRIC_REPRESENTATION_CONTEXT() REPRESENTATION_CONTEXT('2D SPACE',''
  ) );
#8552 = PCURVE('',#7459,#8553);
#8553 = DEFINITIONAL_REPRESENTATION('',(#8554),#8558);
#8554 = LINE('',#8555,#8556);
#8555 = CARTESIAN_POINT('',(0.,5.));
#8556 = VECTOR('',#8557,1.);
#8557 = DIRECTION('',(1.,0.));
#8558 = ( GEOMETRIC_REPRESENTATION_CONTEXT(2) 
PARAMETRIC_REPRESENTATION_CONTEXT() REPRESENTATION_CONTEXT('2D SPACE',''
  ) );
#8559 = ORIENTED_EDGE('',*,*,#8457,.F.);
#8560 = ADVANCED_FACE('',(#8561),#5504,.T.);
#8561 = FACE_BOUND('',#8562,.T.);
#8562 = EDGE_LOOP('',(#8563,#8564,#8565,#8566));
#8563 = ORIENTED_EDGE('',*,*,#5485,.F.);
#8564 = ORIENTED_EDGE('',*,*,#5579,.T.);
#8565 = ORIENTED_EDGE('',*,*,#5654,.T.);
#8566 = ORIENTED_EDGE('',*,*,#5627,.F.);
#8567 = ADVANCED_FACE('',(#8568),#5539,.F.);
#8568 = FACE_BOUND('',#8569,.F.);
#8569 = EDGE_LOOP('',(#8570,#8571,#8592,#8593));
#8570 = ORIENTED_EDGE('',*,*,#5518,.F.);
#8571 = ORIENTED_EDGE('',*,*,#8572,.F.);
#8572 = EDGE_CURVE('',#5683,#5519,#8573,.T.);
#8573 = SEAM_CURVE('',#8574,(#8578,#8585),.PCURVE_S1.);
#8574 = LINE('',#8575,#8576);
#8575 = CARTESIAN_POINT('',(-9.5,39.8,10.45));
#8576 = VECTOR('',#8577,1.);
#8577 = DIRECTION('',(0.,-1.,2.22044604925E-16));
#8578 = PCURVE('',#5539,#8579);
#8579 = DEFINITIONAL_REPRESENTATION('',(#8580),#8584);
#8580 = LINE('',#8581,#8582);
#8581 = CARTESIAN_POINT('',(6.28318530718,-0.));
#8582 = VECTOR('',#8583,1.);
#8583 = DIRECTION('',(0.,1.));
#8584 = ( GEOMETRIC_REPRESENTATION_CONTEXT(2) 
PARAMETRIC_REPRESENTATION_CONTEXT() REPRESENTATION_CONTEXT('2D SPACE',''
  ) );
#8585 = PCURVE('',#5539,#8586);
#8586 = DEFINITIONAL_REPRESENTATION('',(#8587),#8591);
#8587 = LINE('',#8588,#8589);
#8588 = CARTESIAN_POINT('',(0.,-0.));
#8589 = VECTOR('',#8590,1.);
#8590 = DIRECTION('',(0.,1.));
#8591 = ( GEOMETRIC_REPRESENTATION_CONTEXT(2) 
PARAMETRIC_REPRESENTATION_CONTEXT() REPRESENTATION_CONTEXT('2D SPACE',''
  ) );
#8592 = ORIENTED_EDGE('',*,*,#5682,.T.);
#8593 = ORIENTED_EDGE('',*,*,#8572,.T.);
#8594 = ADVANCED_FACE('',(#8595),#5779,.T.);
#8595 = FACE_BOUND('',#8596,.T.);
#8596 = EDGE_LOOP('',(#8597,#8598,#8599,#8600));
#8597 = ORIENTED_EDGE('',*,*,#5760,.F.);
#8598 = ORIENTED_EDGE('',*,*,#5854,.T.);
#8599 = ORIENTED_EDGE('',*,*,#5929,.T.);
#8600 = ORIENTED_EDGE('',*,*,#5902,.F.);
#8601 = ADVANCED_FACE('',(#8602),#5814,.F.);
#8602 = FACE_BOUND('',#8603,.F.);
#8603 = EDGE_LOOP('',(#8604,#8605,#8626,#8627));
#8604 = ORIENTED_EDGE('',*,*,#5793,.F.);
#8605 = ORIENTED_EDGE('',*,*,#8606,.F.);
#8606 = EDGE_CURVE('',#5958,#5794,#8607,.T.);
#8607 = SEAM_CURVE('',#8608,(#8612,#8619),.PCURVE_S1.);
#8608 = LINE('',#8609,#8610);
#8609 = CARTESIAN_POINT('',(-9.5,48.4,10.45));
#8610 = VECTOR('',#8611,1.);
#8611 = DIRECTION('',(0.,-1.,2.22044604925E-16));
#8612 = PCURVE('',#5814,#8613);
#8613 = DEFINITIONAL_REPRESENTATION('',(#8614),#8618);
#8614 = LINE('',#8615,#8616);
#8615 = CARTESIAN_POINT('',(6.28318530718,-0.));
#8616 = VECTOR('',#8617,1.);
#8617 = DIRECTION('',(0.,1.));
#8618 = ( GEOMETRIC_REPRESENTATION_CONTEXT(2) 
PARAMETRIC_REPRESENTATION_CONTEXT() REPRESENTATION_CONTEXT('2D SPACE',''
  ) );
#8619 = PCURVE('',#5814,#8620);
#8620 = DEFINITIONAL_REPRESENTATION('',(#8621),#8625);
#8621 = LINE('',#8622,#8623);
#8622 = CARTESIAN_POINT('',(0.,-0.));
#8623 = VECTOR('',#8624,1.);
#8624 = DIRECTION('',(0.,1.));
#8625 = ( GEOMETRIC_REPRESENTATION_CONTEXT(2) 
PARAMETRIC_REPRESENTATION_CONTEXT() REPRESENTATION_CONTEXT('2D SPACE',''
  ) );
#8626 = ORIENTED_EDGE('',*,*,#5957,.T.);
#8627 = ORIENTED_EDGE('',*,*,#8606,.T.);
#8628 = ADVANCED_FACE('',(#8629),#6054,.T.);
#8629 = FACE_BOUND('',#8630,.T.);
#8630 = EDGE_LOOP('',(#8631,#8632,#8633,#8634));
#8631 = ORIENTED_EDGE('',*,*,#6035,.F.);
#8632 = ORIENTED_EDGE('',*,*,#6129,.T.);
#8633 = ORIENTED_EDGE('',*,*,#6204,.T.);
#8634 = ORIENTED_EDGE('',*,*,#6177,.F.);
#8635 = ADVANCED_FACE('',(#8636),#6089,.F.);
#8636 = FACE_BOUND('',#8637,.F.);
#8637 = EDGE_LOOP('',(#8638,#8639,#8660,#8661));
#8638 = ORIENTED_EDGE('',*,*,#6068,.F.);
#8639 = ORIENTED_EDGE('',*,*,#8640,.F.);
#8640 = EDGE_CURVE('',#6233,#6069,#8641,.T.);
#8641 = SEAM_CURVE('',#8642,(#8646,#8653),.PCURVE_S1.);
#8642 = LINE('',#8643,#8644);
#8643 = CARTESIAN_POINT('',(-9.5,64.8,10.45));
#8644 = VECTOR('',#8645,1.);
#8645 = DIRECTION('',(0.,-1.,2.22044604925E-16));
#8646 = PCURVE('',#6089,#8647);
#8647 = DEFINITIONAL_REPRESENTATION('',(#8648),#8652);
#8648 = LINE('',#8649,#8650);
#8649 = CARTESIAN_POINT('',(6.28318530718,-0.));
#8650 = VECTOR('',#8651,1.);
#8651 = DIRECTION('',(0.,1.));
#8652 = ( GEOMETRIC_REPRESENTATION_CONTEXT(2) 
PARAMETRIC_REPRESENTATION_CONTEXT() REPRESENTATION_CONTEXT('2D SPACE',''
  ) );
#8653 = PCURVE('',#6089,#8654);
#8654 = DEFINITIONAL_REPRESENTATION('',(#8655),#8659);
#8655 = LINE('',#8656,#8657);
#8656 = CARTESIAN_POINT('',(0.,-0.));
#8657 = VECTOR('',#8658,1.);
#8658 = DIRECTION('',(0.,1.));
#8659 = ( GEOMETRIC_REPRESENTATION_CONTEXT(2) 
PARAMETRIC_REPRESENTATION_CONTEXT() REPRESENTATION_CONTEXT('2D SPACE',''
  ) );
#8660 = ORIENTED_EDGE('',*,*,#6232,.T.);
#8661 = ORIENTED_EDGE('',*,*,#8640,.T.);
#8662 = ADVANCED_FACE('',(#8663),#6356,.T.);
#8663 = FACE_BOUND('',#8664,.T.);
#8664 = EDGE_LOOP('',(#8665,#8666,#8667,#8668));
#8665 = ORIENTED_EDGE('',*,*,#6337,.F.);
#8666 = ORIENTED_EDGE('',*,*,#6431,.T.);
#8667 = ORIENTED_EDGE('',*,*,#6506,.T.);
#8668 = ORIENTED_EDGE('',*,*,#6479,.F.);
#8669 = ADVANCED_FACE('',(#8670),#6391,.F.);
#8670 = FACE_BOUND('',#8671,.F.);
#8671 = EDGE_LOOP('',(#8672,#8673,#8694,#8695));
#8672 = ORIENTED_EDGE('',*,*,#6370,.F.);
#8673 = ORIENTED_EDGE('',*,*,#8674,.F.);
#8674 = EDGE_CURVE('',#6535,#6371,#8675,.T.);
#8675 = SEAM_CURVE('',#8676,(#8680,#8687),.PCURVE_S1.);
#8676 = LINE('',#8677,#8678);
#8677 = CARTESIAN_POINT('',(-9.5,73.4,10.45));
#8678 = VECTOR('',#8679,1.);
#8679 = DIRECTION('',(0.,-1.,2.22044604925E-16));
#8680 = PCURVE('',#6391,#8681);
#8681 = DEFINITIONAL_REPRESENTATION('',(#8682),#8686);
#8682 = LINE('',#8683,#8684);
#8683 = CARTESIAN_POINT('',(6.28318530718,-0.));
#8684 = VECTOR('',#8685,1.);
#8685 = DIRECTION('',(0.,1.));
#8686 = ( GEOMETRIC_REPRESENTATION_CONTEXT(2) 
PARAMETRIC_REPRESENTATION_CONTEXT() REPRESENTATION_CONTEXT('2D SPACE',''
  ) );
#8687 = PCURVE('',#6391,#8688);
#8688 = DEFINITIONAL_REPRESENTATION('',(#8689),#8693);
#8689 = LINE('',#8690,#8691);
#8690 = CARTESIAN_POINT('',(0.,-0.));
#8691 = VECTOR('',#8692,1.);
#8692 = DIRECTION('',(0.,1.));
#8693 = ( GEOMETRIC_REPRESENTATION_CONTEXT(2) 
PARAMETRIC_REPRESENTATION_CONTEXT() REPRESENTATION_CONTEXT('2D SPACE',''
  ) );
#8694 = ORIENTED_EDGE('',*,*,#6534,.T.);
#8695 = ORIENTED_EDGE('',*,*,#8674,.T.);
#8696 = ADVANCED_FACE('',(#8697),#6631,.T.);
#8697 = FACE_BOUND('',#8698,.T.);
#8698 = EDGE_LOOP('',(#8699,#8700,#8701,#8702));
#8699 = ORIENTED_EDGE('',*,*,#6612,.F.);
#8700 = ORIENTED_EDGE('',*,*,#6706,.T.);
#8701 = ORIENTED_EDGE('',*,*,#6781,.T.);
#8702 = ORIENTED_EDGE('',*,*,#6754,.F.);
#8703 = ADVANCED_FACE('',(#8704),#6666,.F.);
#8704 = FACE_BOUND('',#8705,.F.);
#8705 = EDGE_LOOP('',(#8706,#8707,#8728,#8729));
#8706 = ORIENTED_EDGE('',*,*,#6645,.F.);
#8707 = ORIENTED_EDGE('',*,*,#8708,.F.);
#8708 = EDGE_CURVE('',#6810,#6646,#8709,.T.);
#8709 = SEAM_CURVE('',#8710,(#8714,#8721),.PCURVE_S1.);
#8710 = LINE('',#8711,#8712);
#8711 = CARTESIAN_POINT('',(-9.5,81.8,10.45));
#8712 = VECTOR('',#8713,1.);
#8713 = DIRECTION('',(0.,-1.,2.22044604925E-16));
#8714 = PCURVE('',#6666,#8715);
#8715 = DEFINITIONAL_REPRESENTATION('',(#8716),#8720);
#8716 = LINE('',#8717,#8718);
#8717 = CARTESIAN_POINT('',(6.28318530718,-0.));
#8718 = VECTOR('',#8719,1.);
#8719 = DIRECTION('',(0.,1.));
#8720 = ( GEOMETRIC_REPRESENTATION_CONTEXT(2) 
PARAMETRIC_REPRESENTATION_CONTEXT() REPRESENTATION_CONTEXT('2D SPACE',''
  ) );
#8721 = PCURVE('',#6666,#8722);
#8722 = DEFINITIONAL_REPRESENTATION('',(#8723),#8727);
#8723 = LINE('',#8724,#8725);
#8724 = CARTESIAN_POINT('',(0.,-0.));
#8725 = VECTOR('',#8726,1.);
#8726 = DIRECTION('',(0.,1.));
#8727 = ( GEOMETRIC_REPRESENTATION_CONTEXT(2) 
PARAMETRIC_REPRESENTATION_CONTEXT() REPRESENTATION_CONTEXT('2D SPACE',''
  ) );
#8728 = ORIENTED_EDGE('',*,*,#6809,.T.);
#8729 = ORIENTED_EDGE('',*,*,#8708,.T.);
#8730 = ADVANCED_FACE('',(#8731),#6906,.T.);
#8731 = FACE_BOUND('',#8732,.T.);
#8732 = EDGE_LOOP('',(#8733,#8734,#8735,#8736));
#8733 = ORIENTED_EDGE('',*,*,#6887,.F.);
#8734 = ORIENTED_EDGE('',*,*,#6981,.T.);
#8735 = ORIENTED_EDGE('',*,*,#7056,.T.);
#8736 = ORIENTED_EDGE('',*,*,#7029,.F.);
#8737 = ADVANCED_FACE('',(#8738),#6941,.F.);
#8738 = FACE_BOUND('',#8739,.F.);
#8739 = EDGE_LOOP('',(#8740,#8741,#8762,#8763));
#8740 = ORIENTED_EDGE('',*,*,#6920,.F.);
#8741 = ORIENTED_EDGE('',*,*,#8742,.F.);
#8742 = EDGE_CURVE('',#7085,#6921,#8743,.T.);
#8743 = SEAM_CURVE('',#8744,(#8748,#8755),.PCURVE_S1.);
#8744 = LINE('',#8745,#8746);
#8745 = CARTESIAN_POINT('',(-9.5,90.4,10.45));
#8746 = VECTOR('',#8747,1.);
#8747 = DIRECTION('',(0.,-1.,2.22044604925E-16));
#8748 = PCURVE('',#6941,#8749);
#8749 = DEFINITIONAL_REPRESENTATION('',(#8750),#8754);
#8750 = LINE('',#8751,#8752);
#8751 = CARTESIAN_POINT('',(6.28318530718,-0.));
#8752 = VECTOR('',#8753,1.);
#8753 = DIRECTION('',(0.,1.));
#8754 = ( GEOMETRIC_REPRESENTATION_CONTEXT(2) 
PARAMETRIC_REPRESENTATION_CONTEXT() REPRESENTATION_CONTEXT('2D SPACE',''
  ) );
#8755 = PCURVE('',#6941,#8756);
#8756 = DEFINITIONAL_REPRESENTATION('',(#8757),#8761);
#8757 = LINE('',#8758,#8759);
#8758 = CARTESIAN_POINT('',(0.,-0.));
#8759 = VECTOR('',#8760,1.);
#8760 = DIRECTION('',(0.,1.));
#8761 = ( GEOMETRIC_REPRESENTATION_CONTEXT(2) 
PARAMETRIC_REPRESENTATION_CONTEXT() REPRESENTATION_CONTEXT('2D SPACE',''
  ) );
#8762 = ORIENTED_EDGE('',*,*,#7084,.T.);
#8763 = ORIENTED_EDGE('',*,*,#8742,.T.);
#8764 = ADVANCED_FACE('',(#8765),#7322,.F.);
#8765 = FACE_BOUND('',#8766,.F.);
#8766 = EDGE_LOOP('',(#8767,#8768,#8789,#8790));
#8767 = ORIENTED_EDGE('',*,*,#7305,.F.);
#8768 = ORIENTED_EDGE('',*,*,#8769,.F.);
#8769 = EDGE_CURVE('',#7371,#7306,#8770,.T.);
#8770 = SEAM_CURVE('',#8771,(#8775,#8782),.PCURVE_S1.);
#8771 = LINE('',#8772,#8773);
#8772 = CARTESIAN_POINT('',(13.05,98.,-15.));
#8773 = VECTOR('',#8774,1.);
#8774 = DIRECTION('',(0.,0.,1.));
#8775 = PCURVE('',#7322,#8776);
#8776 = DEFINITIONAL_REPRESENTATION('',(#8777),#8781);
#8777 = LINE('',#8778,#8779);
#8778 = CARTESIAN_POINT('',(6.28318530718,-0.));
#8779 = VECTOR('',#8780,1.);
#8780 = DIRECTION('',(0.,1.));
#8781 = ( GEOMETRIC_REPRESENTATION_CONTEXT(2) 
PARAMETRIC_REPRESENTATION_CONTEXT() REPRESENTATION_CONTEXT('2D SPACE',''
  ) );
#8782 = PCURVE('',#7322,#8783);
#8783 = DEFINITIONAL_REPRESENTATION('',(#8784),#8788);
#8784 = LINE('',#8785,#8786);
#8785 = CARTESIAN_POINT('',(0.,-0.));
#8786 = VECTOR('',#8787,1.);
#8787 = DIRECTION('',(0.,1.));
#8788 = ( GEOMETRIC_REPRESENTATION_CONTEXT(2) 
PARAMETRIC_REPRESENTATION_CONTEXT() REPRESENTATION_CONTEXT('2D SPACE',''
  ) );
#8789 = ORIENTED_EDGE('',*,*,#7370,.T.);
#8790 = ORIENTED_EDGE('',*,*,#8769,.T.);
#8791 = ADVANCED_FACE('',(#8792),#7459,.T.);
#8792 = FACE_BOUND('',#8793,.T.);
#8793 = EDGE_LOOP('',(#8794,#8795,#8796,#8797));
#8794 = ORIENTED_EDGE('',*,*,#7445,.F.);
#8795 = ORIENTED_EDGE('',*,*,#8377,.T.);
#8796 = ORIENTED_EDGE('',*,*,#8480,.T.);
#8797 = ORIENTED_EDGE('',*,*,#8539,.F.);
#8798 = ADVANCED_FACE('',(#8799),#7612,.T.);
#8799 = FACE_BOUND('',#8800,.T.);
#8800 = EDGE_LOOP('',(#8801,#8802,#8803,#8804));
#8801 = ORIENTED_EDGE('',*,*,#7598,.F.);
#8802 = ORIENTED_EDGE('',*,*,#8141,.T.);
#8803 = ORIENTED_EDGE('',*,*,#8244,.T.);
#8804 = ORIENTED_EDGE('',*,*,#8303,.F.);
#8805 = ADVANCED_FACE('',(#8806),#7765,.T.);
#8806 = FACE_BOUND('',#8807,.T.);
#8807 = EDGE_LOOP('',(#8808,#8809,#8810,#8811));
#8808 = ORIENTED_EDGE('',*,*,#7751,.F.);
#8809 = ORIENTED_EDGE('',*,*,#7905,.T.);
#8810 = ORIENTED_EDGE('',*,*,#8008,.T.);
#8811 = ORIENTED_EDGE('',*,*,#8067,.F.);
#8812 = ADVANCED_FACE('',(#8813),#8050,.F.);
#8813 = FACE_BOUND('',#8814,.F.);
#8814 = EDGE_LOOP('',(#8815,#8816,#8839,#8866));
#8815 = ORIENTED_EDGE('',*,*,#8033,.F.);
#8816 = ORIENTED_EDGE('',*,*,#8817,.F.);
#8817 = EDGE_CURVE('',#8818,#8034,#8820,.T.);
#8818 = VERTEX_POINT('',#8819);
#8819 = CARTESIAN_POINT('',(-5.6,85.,5.78023436887));
#8820 = SEAM_CURVE('',#8821,(#8825,#8832),.PCURVE_S1.);
#8821 = LINE('',#8822,#8823);
#8822 = CARTESIAN_POINT('',(-5.6,85.,5.78023436887));
#8823 = VECTOR('',#8824,1.);
#8824 = DIRECTION('',(0.,0.,1.));
#8825 = PCURVE('',#8050,#8826);
#8826 = DEFINITIONAL_REPRESENTATION('',(#8827),#8831);
#8827 = LINE('',#8828,#8829);
#8828 = CARTESIAN_POINT('',(6.28318530718,-0.));
#8829 = VECTOR('',#8830,1.);
#8830 = DIRECTION('',(0.,1.));
#8831 = ( GEOMETRIC_REPRESENTATION_CONTEXT(2) 
PARAMETRIC_REPRESENTATION_CONTEXT() REPRESENTATION_CONTEXT('2D SPACE',''
  ) );
#8832 = PCURVE('',#8050,#8833);
#8833 = DEFINITIONAL_REPRESENTATION('',(#8834),#8838);
#8834 = LINE('',#8835,#8836);
#8835 = CARTESIAN_POINT('',(0.,-0.));
#8836 = VECTOR('',#8837,1.);
#8837 = DIRECTION('',(0.,1.));
#8838 = ( GEOMETRIC_REPRESENTATION_CONTEXT(2) 
PARAMETRIC_REPRESENTATION_CONTEXT() REPRESENTATION_CONTEXT('2D SPACE',''
  ) );
#8839 = ORIENTED_EDGE('',*,*,#8840,.T.);
#8840 = EDGE_CURVE('',#8818,#8818,#8841,.T.);
#8841 = SURFACE_CURVE('',#8842,(#8847,#8854),.PCURVE_S1.);
#8842 = CIRCLE('',#8843,1.4);
#8843 = AXIS2_PLACEMENT_3D('',#8844,#8845,#8846);
#8844 = CARTESIAN_POINT('',(-7.,85.,5.78023436887));
#8845 = DIRECTION('',(0.,0.,1.));
#8846 = DIRECTION('',(1.,0.,-0.));
#8847 = PCURVE('',#8050,#8848);
#8848 = DEFINITIONAL_REPRESENTATION('',(#8849),#8853);
#8849 = LINE('',#8850,#8851);
#8850 = CARTESIAN_POINT('',(0.,0.));
#8851 = VECTOR('',#8852,1.);
#8852 = DIRECTION('',(1.,0.));
#8853 = ( GEOMETRIC_REPRESENTATION_CONTEXT(2) 
PARAMETRIC_REPRESENTATION_CONTEXT() REPRESENTATION_CONTEXT('2D SPACE',''
  ) );
#8854 = PCURVE('',#8855,#8860);
#8855 = PLANE('',#8856);
#8856 = AXIS2_PLACEMENT_3D('',#8857,#8858,#8859);
#8857 = CARTESIAN_POINT('',(-7.,85.,5.78023436887));
#8858 = DIRECTION('',(0.,0.,1.));
#8859 = DIRECTION('',(1.,0.,-0.));
#8860 = DEFINITIONAL_REPRESENTATION('',(#8861),#8865);
#8861 = CIRCLE('',#8862,1.4);
#8862 = AXIS2_PLACEMENT_2D('',#8863,#8864);
#8863 = CARTESIAN_POINT('',(0.,0.));
#8864 = DIRECTION('',(1.,0.));
#8865 = ( GEOMETRIC_REPRESENTATION_CONTEXT(2) 
PARAMETRIC_REPRESENTATION_CONTEXT() REPRESENTATION_CONTEXT('2D SPACE',''
  ) );
#8866 = ORIENTED_EDGE('',*,*,#8817,.T.);
#8867 = ADVANCED_FACE('',(#8868),#8286,.F.);
#8868 = FACE_BOUND('',#8869,.F.);
#8869 = EDGE_LOOP('',(#8870,#8871,#8894,#8921));
#8870 = ORIENTED_EDGE('',*,*,#8269,.F.);
#8871 = ORIENTED_EDGE('',*,*,#8872,.F.);
#8872 = EDGE_CURVE('',#8873,#8270,#8875,.T.);
#8873 = VERTEX_POINT('',#8874);
#8874 = CARTESIAN_POINT('',(-5.6,68.,5.78023436887));
#8875 = SEAM_CURVE('',#8876,(#8880,#8887),.PCURVE_S1.);
#8876 = LINE('',#8877,#8878);
#8877 = CARTESIAN_POINT('',(-5.6,68.,5.78023436887));
#8878 = VECTOR('',#8879,1.);
#8879 = DIRECTION('',(0.,0.,1.));
#8880 = PCURVE('',#8286,#8881);
#8881 = DEFINITIONAL_REPRESENTATION('',(#8882),#8886);
#8882 = LINE('',#8883,#8884);
#8883 = CARTESIAN_POINT('',(6.28318530718,-0.));
#8884 = VECTOR('',#8885,1.);
#8885 = DIRECTION('',(0.,1.));
#8886 = ( GEOMETRIC_REPRESENTATION_CONTEXT(2) 
PARAMETRIC_REPRESENTATION_CONTEXT() REPRESENTATION_CONTEXT('2D SPACE',''
  ) );
#8887 = PCURVE('',#8286,#8888);
#8888 = DEFINITIONAL_REPRESENTATION('',(#8889),#8893);
#8889 = LINE('',#8890,#8891);
#8890 = CARTESIAN_POINT('',(0.,-0.));
#8891 = VECTOR('',#8892,1.);
#8892 = DIRECTION('',(0.,1.));
#8893 = ( GEOMETRIC_REPRESENTATION_CONTEXT(2) 
PARAMETRIC_REPRESENTATION_CONTEXT() REPRESENTATION_CONTEXT('2D SPACE',''
  ) );
#8894 = ORIENTED_EDGE('',*,*,#8895,.T.);
#8895 = EDGE_CURVE('',#8873,#8873,#8896,.T.);
#8896 = SURFACE_CURVE('',#8897,(#8902,#8909),.PCURVE_S1.);
#8897 = CIRCLE('',#8898,1.4);
#8898 = AXIS2_PLACEMENT_3D('',#8899,#8900,#8901);
#8899 = CARTESIAN_POINT('',(-7.,68.,5.78023436887));
#8900 = DIRECTION('',(0.,0.,1.));
#8901 = DIRECTION('',(1.,0.,-0.));
#8902 = PCURVE('',#8286,#8903);
#8903 = DEFINITIONAL_REPRESENTATION('',(#8904),#8908);
#8904 = LINE('',#8905,#8906);
#8905 = CARTESIAN_POINT('',(0.,0.));
#8906 = VECTOR('',#8907,1.);
#8907 = DIRECTION('',(1.,0.));
#8908 = ( GEOMETRIC_REPRESENTATION_CONTEXT(2) 
PARAMETRIC_REPRESENTATION_CONTEXT() REPRESENTATION_CONTEXT('2D SPACE',''
  ) );
#8909 = PCURVE('',#8910,#8915);
#8910 = PLANE('',#8911);
#8911 = AXIS2_PLACEMENT_3D('',#8912,#8913,#8914);
#8912 = CARTESIAN_POINT('',(-7.,68.,5.78023436887));
#8913 = DIRECTION('',(0.,0.,1.));
#8914 = DIRECTION('',(1.,0.,-0.));
#8915 = DEFINITIONAL_REPRESENTATION('',(#8916),#8920);
#8916 = CIRCLE('',#8917,1.4);
#8917 = AXIS2_PLACEMENT_2D('',#8918,#8919);
#8918 = CARTESIAN_POINT('',(0.,0.));
#8919 = DIRECTION('',(1.,0.));
#8920 = ( GEOMETRIC_REPRESENTATION_CONTEXT(2) 
PARAMETRIC_REPRESENTATION_CONTEXT() REPRESENTATION_CONTEXT('2D SPACE',''
  ) );
#8921 = ORIENTED_EDGE('',*,*,#8872,.T.);
#8922 = ADVANCED_FACE('',(#8923),#8522,.F.);
#8923 = FACE_BOUND('',#8924,.F.);
#8924 = EDGE_LOOP('',(#8925,#8926,#8949,#8976));
#8925 = ORIENTED_EDGE('',*,*,#8505,.F.);
#8926 = ORIENTED_EDGE('',*,*,#8927,.F.);
#8927 = EDGE_CURVE('',#8928,#8506,#8930,.T.);
#8928 = VERTEX_POINT('',#8929);
#8929 = CARTESIAN_POINT('',(-5.6,43.,5.78023436887));
#8930 = SEAM_CURVE('',#8931,(#8935,#8942),.PCURVE_S1.);
#8931 = LINE('',#8932,#8933);
#8932 = CARTESIAN_POINT('',(-5.6,43.,5.78023436887));
#8933 = VECTOR('',#8934,1.);
#8934 = DIRECTION('',(0.,0.,1.));
#8935 = PCURVE('',#8522,#8936);
#8936 = DEFINITIONAL_REPRESENTATION('',(#8937),#8941);
#8937 = LINE('',#8938,#8939);
#8938 = CARTESIAN_POINT('',(6.28318530718,-0.));
#8939 = VECTOR('',#8940,1.);
#8940 = DIRECTION('',(0.,1.));
#8941 = ( GEOMETRIC_REPRESENTATION_CONTEXT(2) 
PARAMETRIC_REPRESENTATION_CONTEXT() REPRESENTATION_CONTEXT('2D SPACE',''
  ) );
#8942 = PCURVE('',#8522,#8943);
#8943 = DEFINITIONAL_REPRESENTATION('',(#8944),#8948);
#8944 = LINE('',#8945,#8946);
#8945 = CARTESIAN_POINT('',(0.,-0.));
#8946 = VECTOR('',#8947,1.);
#8947 = DIRECTION('',(0.,1.));
#8948 = ( GEOMETRIC_REPRESENTATION_CONTEXT(2) 
PARAMETRIC_REPRESENTATION_CONTEXT() REPRESENTATION_CONTEXT('2D SPACE',''
  ) );
#8949 = ORIENTED_EDGE('',*,*,#8950,.T.);
#8950 = EDGE_CURVE('',#8928,#8928,#8951,.T.);
#8951 = SURFACE_CURVE('',#8952,(#8957,#8964),.PCURVE_S1.);
#8952 = CIRCLE('',#8953,1.4);
#8953 = AXIS2_PLACEMENT_3D('',#8954,#8955,#8956);
#8954 = CARTESIAN_POINT('',(-7.,43.,5.78023436887));
#8955 = DIRECTION('',(0.,0.,1.));
#8956 = DIRECTION('',(1.,0.,-0.));
#8957 = PCURVE('',#8522,#8958);
#8958 = DEFINITIONAL_REPRESENTATION('',(#8959),#8963);
#8959 = LINE('',#8960,#8961);
#8960 = CARTESIAN_POINT('',(0.,0.));
#8961 = VECTOR('',#8962,1.);
#8962 = DIRECTION('',(1.,0.));
#8963 = ( GEOMETRIC_REPRESENTATION_CONTEXT(2) 
PARAMETRIC_REPRESENTATION_CONTEXT() REPRESENTATION_CONTEXT('2D SPACE',''
  ) );
#8964 = PCURVE('',#8965,#8970);
#8965 = PLANE('',#8966);
#8966 = AXIS2_PLACEMENT_3D('',#8967,#8968,#8969);
#8967 = CARTESIAN_POINT('',(-7.,43.,5.78023436887));
#8968 = DIRECTION('',(0.,0.,1.));
#8969 = DIRECTION('',(1.,0.,-0.));
#8970 = DEFINITIONAL_REPRESENTATION('',(#8971),#8975);
#8971 = CIRCLE('',#8972,1.4);
#8972 = AXIS2_PLACEMENT_2D('',#8973,#8974);
#8973 = CARTESIAN_POINT('',(0.,0.));
#8974 = DIRECTION('',(1.,0.));
#8975 = ( GEOMETRIC_REPRESENTATION_CONTEXT(2) 
PARAMETRIC_REPRESENTATION_CONTEXT() REPRESENTATION_CONTEXT('2D SPACE',''
  ) );
#8976 = ORIENTED_EDGE('',*,*,#8927,.T.);
#8977 = ADVANCED_FACE('',(#8978),#8855,.T.);
#8978 = FACE_BOUND('',#8979,.F.);
#8979 = EDGE_LOOP('',(#8980));
#8980 = ORIENTED_EDGE('',*,*,#8840,.F.);
#8981 = ADVANCED_FACE('',(#8982),#8910,.T.);
#8982 = FACE_BOUND('',#8983,.F.);
#8983 = EDGE_LOOP('',(#8984));
#8984 = ORIENTED_EDGE('',*,*,#8895,.F.);
#8985 = ADVANCED_FACE('',(#8986),#8965,.T.);
#8986 = FACE_BOUND('',#8987,.F.);
#8987 = EDGE_LOOP('',(#8988));
#8988 = ORIENTED_EDGE('',*,*,#8950,.F.);
#8989 = ( GEOMETRIC_REPRESENTATION_CONTEXT(3) 
GLOBAL_UNCERTAINTY_ASSIGNED_CONTEXT((#8993)) 
GLOBAL_UNIT_ASSIGNED_CONTEXT((#8990,#8991,#8992)) REPRESENTATION_CONTEXT
('Context #1','3D Context with UNIT and UNCERTAINTY') );
#8990 = ( LENGTH_UNIT() NAMED_UNIT(*) SI_UNIT(.MILLI.,.METRE.) );
#8991 = ( NAMED_UNIT(*) PLANE_ANGLE_UNIT() SI_UNIT($,.RADIAN.) );
#8992 = ( NAMED_UNIT(*) SI_UNIT($,.STERADIAN.) SOLID_ANGLE_UNIT() );
#8993 = UNCERTAINTY_MEASURE_WITH_UNIT(LENGTH_MEASURE(1.E-07),#8990,
  'distance_accuracy_value','confusion accuracy');
#8994 = CONTEXT_DEPENDENT_SHAPE_REPRESENTATION(#8995,#8997);
#8995 = ( REPRESENTATION_RELATIONSHIP('','',#92,#10) 
REPRESENTATION_RELATIONSHIP_WITH_TRANSFORMATION(#8996) 
SHAPE_REPRESENTATION_RELATIONSHIP() );
#8996 = ITEM_DEFINED_TRANSFORMATION('','',#11,#15);
#8997 = PRODUCT_DEFINITION_SHAPE('Placement','Placement of an item',
  #8998);
#8998 = NEXT_ASSEMBLY_USAGE_OCCURRENCE('19','=>[0:1:1:2]','',#5,#87,$);
#8999 = PRODUCT_RELATED_PRODUCT_CATEGORY('part',$,(#89));
#9000 = SHAPE_DEFINITION_REPRESENTATION(#9001,#9007);
#9001 = PRODUCT_DEFINITION_SHAPE('','',#9002);
#9002 = PRODUCT_DEFINITION('design','',#9003,#9006);
#9003 = PRODUCT_DEFINITION_FORMATION('','',#9004);
#9004 = PRODUCT('SOLID','SOLID','',(#9005));
#9005 = PRODUCT_CONTEXT('',#2,'mechanical');
#9006 = PRODUCT_DEFINITION_CONTEXT('part definition',#2,'design');
#9007 = ADVANCED_BREP_SHAPE_REPRESENTATION('',(#11,#9008),#9972);
#9008 = MANIFOLD_SOLID_BREP('',#9009);
#9009 = CLOSED_SHELL('',(#9010,#9300,#9406,#9455,#9530,#9577,#9625,#9674
    ,#9754,#9803,#9877,#9905,#9918,#9945));
#9010 = ADVANCED_FACE('',(#9011),#9025,.T.);
#9011 = FACE_BOUND('',#9012,.T.);
#9012 = EDGE_LOOP('',(#9013,#9048,#9076,#9104,#9132,#9161,#9189,#9217,
    #9245,#9273));
#9013 = ORIENTED_EDGE('',*,*,#9014,.T.);
#9014 = EDGE_CURVE('',#9015,#9017,#9019,.T.);
#9015 = VERTEX_POINT('',#9016);
#9016 = CARTESIAN_POINT('',(-6.838311195025,27.,-0.4));
#9017 = VERTEX_POINT('',#9018);
#9018 = CARTESIAN_POINT('',(-14.35,27.,-0.4));
#9019 = SURFACE_CURVE('',#9020,(#9024,#9036),.PCURVE_S1.);
#9020 = LINE('',#9021,#9022);
#9021 = CARTESIAN_POINT('',(-6.838311195025,27.,-0.4));
#9022 = VECTOR('',#9023,1.);
#9023 = DIRECTION('',(-1.,0.,-4.360082010419E-16));
#9024 = PCURVE('',#9025,#9030);
#9025 = PLANE('',#9026);
#9026 = AXIS2_PLACEMENT_3D('',#9027,#9028,#9029);
#9027 = CARTESIAN_POINT('',(0.,27.,6.661338147751E-16));
#9028 = DIRECTION('',(0.,-1.,2.22044604925E-16));
#9029 = DIRECTION('',(1.,0.,0.));
#9030 = DEFINITIONAL_REPRESENTATION('',(#9031),#9035);
#9031 = LINE('',#9032,#9033);
#9032 = CARTESIAN_POINT('',(-6.838311195025,-0.4));
#9033 = VECTOR('',#9034,1.);
#9034 = DIRECTION('',(-1.,-4.360082010419E-16));
#9035 = ( GEOMETRIC_REPRESENTATION_CONTEXT(2) 
PARAMETRIC_REPRESENTATION_CONTEXT() REPRESENTATION_CONTEXT('2D SPACE',''
  ) );
#9036 = PCURVE('',#9037,#9042);
#9037 = PLANE('',#9038);
#9038 = AXIS2_PLACEMENT_3D('',#9039,#9040,#9041);
#9039 = CARTESIAN_POINT('',(-20.,24.,-0.4));
#9040 = DIRECTION('',(0.,0.,1.));
#9041 = DIRECTION('',(1.,0.,-0.));
#9042 = DEFINITIONAL_REPRESENTATION('',(#9043),#9047);
#9043 = LINE('',#9044,#9045);
#9044 = CARTESIAN_POINT('',(13.161688804975,3.));
#9045 = VECTOR('',#9046,1.);
#9046 = DIRECTION('',(-1.,0.));
#9047 = ( GEOMETRIC_REPRESENTATION_CONTEXT(2) 
PARAMETRIC_REPRESENTATION_CONTEXT() REPRESENTATION_CONTEXT('2D SPACE',''
  ) );
#9048 = ORIENTED_EDGE('',*,*,#9049,.F.);
#9049 = EDGE_CURVE('',#9050,#9017,#9052,.T.);
#9050 = VERTEX_POINT('',#9051);
#9051 = CARTESIAN_POINT('',(-14.35,27.,-3.9));
#9052 = SURFACE_CURVE('',#9053,(#9057,#9064),.PCURVE_S1.);
#9053 = LINE('',#9054,#9055);
#9054 = CARTESIAN_POINT('',(-14.35,27.,-3.9));
#9055 = VECTOR('',#9056,1.);
#9056 = DIRECTION('',(0.,0.,1.));
#9057 = PCURVE('',#9025,#9058);
#9058 = DEFINITIONAL_REPRESENTATION('',(#9059),#9063);
#9059 = LINE('',#9060,#9061);
#9060 = CARTESIAN_POINT('',(-14.35,-3.9));
#9061 = VECTOR('',#9062,1.);
#9062 = DIRECTION('',(0.,1.));
#9063 = ( GEOMETRIC_REPRESENTATION_CONTEXT(2) 
PARAMETRIC_REPRESENTATION_CONTEXT() REPRESENTATION_CONTEXT('2D SPACE',''
  ) );
#9064 = PCURVE('',#9065,#9070);
#9065 = PLANE('',#9066);
#9066 = AXIS2_PLACEMENT_3D('',#9067,#9068,#9069);
#9067 = CARTESIAN_POINT('',(-14.35,27.,-3.9));
#9068 = DIRECTION('',(1.,0.,-0.));
#9069 = DIRECTION('',(0.,0.,1.));
#9070 = DEFINITIONAL_REPRESENTATION('',(#9071),#9075);
#9071 = LINE('',#9072,#9073);
#9072 = CARTESIAN_POINT('',(0.,0.));
#9073 = VECTOR('',#9074,1.);
#9074 = DIRECTION('',(1.,0.));
#9075 = ( GEOMETRIC_REPRESENTATION_CONTEXT(2) 
PARAMETRIC_REPRESENTATION_CONTEXT() REPRESENTATION_CONTEXT('2D SPACE',''
  ) );
#9076 = ORIENTED_EDGE('',*,*,#9077,.T.);
#9077 = EDGE_CURVE('',#9050,#9078,#9080,.T.);
#9078 = VERTEX_POINT('',#9079);
#9079 = CARTESIAN_POINT('',(-9.35,27.,-3.9));
#9080 = SURFACE_CURVE('',#9081,(#9085,#9092),.PCURVE_S1.);
#9081 = LINE('',#9082,#9083);
#9082 = CARTESIAN_POINT('',(-14.35,27.,-3.9));
#9083 = VECTOR('',#9084,1.);
#9084 = DIRECTION('',(1.,0.,-0.));
#9085 = PCURVE('',#9025,#9086);
#9086 = DEFINITIONAL_REPRESENTATION('',(#9087),#9091);
#9087 = LINE('',#9088,#9089);
#9088 = CARTESIAN_POINT('',(-14.35,-3.9));
#9089 = VECTOR('',#9090,1.);
#9090 = DIRECTION('',(1.,0.));
#9091 = ( GEOMETRIC_REPRESENTATION_CONTEXT(2) 
PARAMETRIC_REPRESENTATION_CONTEXT() REPRESENTATION_CONTEXT('2D SPACE',''
  ) );
#9092 = PCURVE('',#9093,#9098);
#9093 = PLANE('',#9094);
#9094 = AXIS2_PLACEMENT_3D('',#9095,#9096,#9097);
#9095 = CARTESIAN_POINT('',(-14.35,27.,-3.9));
#9096 = DIRECTION('',(0.,0.,1.));
#9097 = DIRECTION('',(1.,0.,-0.));
#9098 = DEFINITIONAL_REPRESENTATION('',(#9099),#9103);
#9099 = LINE('',#9100,#9101);
#9100 = CARTESIAN_POINT('',(0.,0.));
#9101 = VECTOR('',#9102,1.);
#9102 = DIRECTION('',(1.,0.));
#9103 = ( GEOMETRIC_REPRESENTATION_CONTEXT(2) 
PARAMETRIC_REPRESENTATION_CONTEXT() REPRESENTATION_CONTEXT('2D SPACE',''
  ) );
#9104 = ORIENTED_EDGE('',*,*,#9105,.T.);
#9105 = EDGE_CURVE('',#9078,#9106,#9108,.T.);
#9106 = VERTEX_POINT('',#9107);
#9107 = CARTESIAN_POINT('',(-9.35,27.,-3.098386676966));
#9108 = SURFACE_CURVE('',#9109,(#9113,#9120),.PCURVE_S1.);
#9109 = LINE('',#9110,#9111);
#9110 = CARTESIAN_POINT('',(-9.35,27.,-3.9));
#9111 = VECTOR('',#9112,1.);
#9112 = DIRECTION('',(0.,0.,1.));
#9113 = PCURVE('',#9025,#9114);
#9114 = DEFINITIONAL_REPRESENTATION('',(#9115),#9119);
#9115 = LINE('',#9116,#9117);
#9116 = CARTESIAN_POINT('',(-9.35,-3.9));
#9117 = VECTOR('',#9118,1.);
#9118 = DIRECTION('',(0.,1.));
#9119 = ( GEOMETRIC_REPRESENTATION_CONTEXT(2) 
PARAMETRIC_REPRESENTATION_CONTEXT() REPRESENTATION_CONTEXT('2D SPACE',''
  ) );
#9120 = PCURVE('',#9121,#9126);
#9121 = PLANE('',#9122);
#9122 = AXIS2_PLACEMENT_3D('',#9123,#9124,#9125);
#9123 = CARTESIAN_POINT('',(-9.35,27.,-3.9));
#9124 = DIRECTION('',(1.,0.,-0.));
#9125 = DIRECTION('',(0.,0.,1.));
#9126 = DEFINITIONAL_REPRESENTATION('',(#9127),#9131);
#9127 = LINE('',#9128,#9129);
#9128 = CARTESIAN_POINT('',(0.,0.));
#9129 = VECTOR('',#9130,1.);
#9130 = DIRECTION('',(1.,0.));
#9131 = ( GEOMETRIC_REPRESENTATION_CONTEXT(2) 
PARAMETRIC_REPRESENTATION_CONTEXT() REPRESENTATION_CONTEXT('2D SPACE',''
  ) );
#9132 = ORIENTED_EDGE('',*,*,#9133,.T.);
#9133 = EDGE_CURVE('',#9106,#9134,#9136,.T.);
#9134 = VERTEX_POINT('',#9135);
#9135 = CARTESIAN_POINT('',(9.35,27.,-3.098386676966));
#9136 = SURFACE_CURVE('',#9137,(#9142,#9149),.PCURVE_S1.);
#9137 = CIRCLE('',#9138,9.85);
#9138 = AXIS2_PLACEMENT_3D('',#9139,#9140,#9141);
#9139 = CARTESIAN_POINT('',(0.,27.,6.661338147751E-16));
#9140 = DIRECTION('',(0.,-1.,2.22044604925E-16));
#9141 = DIRECTION('',(1.,0.,0.));
#9142 = PCURVE('',#9025,#9143);
#9143 = DEFINITIONAL_REPRESENTATION('',(#9144),#9148);
#9144 = CIRCLE('',#9145,9.85);
#9145 = AXIS2_PLACEMENT_2D('',#9146,#9147);
#9146 = CARTESIAN_POINT('',(0.,0.));
#9147 = DIRECTION('',(1.,0.));
#9148 = ( GEOMETRIC_REPRESENTATION_CONTEXT(2) 
PARAMETRIC_REPRESENTATION_CONTEXT() REPRESENTATION_CONTEXT('2D SPACE',''
  ) );
#9149 = PCURVE('',#9150,#9155);
#9150 = CYLINDRICAL_SURFACE('',#9151,9.85);
#9151 = AXIS2_PLACEMENT_3D('',#9152,#9153,#9154);
#9152 = CARTESIAN_POINT('',(0.,33.,-6.661338147751E-16));
#9153 = DIRECTION('',(0.,-1.,2.22044604925E-16));
#9154 = DIRECTION('',(1.,0.,0.));
#9155 = DEFINITIONAL_REPRESENTATION('',(#9156),#9160);
#9156 = LINE('',#9157,#9158);
#9157 = CARTESIAN_POINT('',(0.,6.));
#9158 = VECTOR('',#9159,1.);
#9159 = DIRECTION('',(1.,0.));
#9160 = ( GEOMETRIC_REPRESENTATION_CONTEXT(2) 
PARAMETRIC_REPRESENTATION_CONTEXT() REPRESENTATION_CONTEXT('2D SPACE',''
  ) );
#9161 = ORIENTED_EDGE('',*,*,#9162,.F.);
#9162 = EDGE_CURVE('',#9163,#9134,#9165,.T.);
#9163 = VERTEX_POINT('',#9164);
#9164 = CARTESIAN_POINT('',(9.35,27.,-3.9));
#9165 = SURFACE_CURVE('',#9166,(#9170,#9177),.PCURVE_S1.);
#9166 = LINE('',#9167,#9168);
#9167 = CARTESIAN_POINT('',(9.35,27.,-3.9));
#9168 = VECTOR('',#9169,1.);
#9169 = DIRECTION('',(0.,0.,1.));
#9170 = PCURVE('',#9025,#9171);
#9171 = DEFINITIONAL_REPRESENTATION('',(#9172),#9176);
#9172 = LINE('',#9173,#9174);
#9173 = CARTESIAN_POINT('',(9.35,-3.9));
#9174 = VECTOR('',#9175,1.);
#9175 = DIRECTION('',(0.,1.));
#9176 = ( GEOMETRIC_REPRESENTATION_CONTEXT(2) 
PARAMETRIC_REPRESENTATION_CONTEXT() REPRESENTATION_CONTEXT('2D SPACE',''
  ) );
#9177 = PCURVE('',#9178,#9183);
#9178 = PLANE('',#9179);
#9179 = AXIS2_PLACEMENT_3D('',#9180,#9181,#9182);
#9180 = CARTESIAN_POINT('',(9.35,27.,-3.9));
#9181 = DIRECTION('',(1.,0.,-0.));
#9182 = DIRECTION('',(0.,0.,1.));
#9183 = DEFINITIONAL_REPRESENTATION('',(#9184),#9188);
#9184 = LINE('',#9185,#9186);
#9185 = CARTESIAN_POINT('',(0.,0.));
#9186 = VECTOR('',#9187,1.);
#9187 = DIRECTION('',(1.,0.));
#9188 = ( GEOMETRIC_REPRESENTATION_CONTEXT(2) 
PARAMETRIC_REPRESENTATION_CONTEXT() REPRESENTATION_CONTEXT('2D SPACE',''
  ) );
#9189 = ORIENTED_EDGE('',*,*,#9190,.T.);
#9190 = EDGE_CURVE('',#9163,#9191,#9193,.T.);
#9191 = VERTEX_POINT('',#9192);
#9192 = CARTESIAN_POINT('',(14.35,27.,-3.9));
#9193 = SURFACE_CURVE('',#9194,(#9198,#9205),.PCURVE_S1.);
#9194 = LINE('',#9195,#9196);
#9195 = CARTESIAN_POINT('',(9.35,27.,-3.9));
#9196 = VECTOR('',#9197,1.);
#9197 = DIRECTION('',(1.,0.,-0.));
#9198 = PCURVE('',#9025,#9199);
#9199 = DEFINITIONAL_REPRESENTATION('',(#9200),#9204);
#9200 = LINE('',#9201,#9202);
#9201 = CARTESIAN_POINT('',(9.35,-3.9));
#9202 = VECTOR('',#9203,1.);
#9203 = DIRECTION('',(1.,0.));
#9204 = ( GEOMETRIC_REPRESENTATION_CONTEXT(2) 
PARAMETRIC_REPRESENTATION_CONTEXT() REPRESENTATION_CONTEXT('2D SPACE',''
  ) );
#9205 = PCURVE('',#9206,#9211);
#9206 = PLANE('',#9207);
#9207 = AXIS2_PLACEMENT_3D('',#9208,#9209,#9210);
#9208 = CARTESIAN_POINT('',(9.35,27.,-3.9));
#9209 = DIRECTION('',(0.,0.,1.));
#9210 = DIRECTION('',(1.,0.,-0.));
#9211 = DEFINITIONAL_REPRESENTATION('',(#9212),#9216);
#9212 = LINE('',#9213,#9214);
#9213 = CARTESIAN_POINT('',(0.,0.));
#9214 = VECTOR('',#9215,1.);
#9215 = DIRECTION('',(1.,0.));
#9216 = ( GEOMETRIC_REPRESENTATION_CONTEXT(2) 
PARAMETRIC_REPRESENTATION_CONTEXT() REPRESENTATION_CONTEXT('2D SPACE',''
  ) );
#9217 = ORIENTED_EDGE('',*,*,#9218,.T.);
#9218 = EDGE_CURVE('',#9191,#9219,#9221,.T.);
#9219 = VERTEX_POINT('',#9220);
#9220 = CARTESIAN_POINT('',(14.35,27.,-0.4));
#9221 = SURFACE_CURVE('',#9222,(#9226,#9233),.PCURVE_S1.);
#9222 = LINE('',#9223,#9224);
#9223 = CARTESIAN_POINT('',(14.35,27.,-3.9));
#9224 = VECTOR('',#9225,1.);
#9225 = DIRECTION('',(0.,0.,1.));
#9226 = PCURVE('',#9025,#9227);
#9227 = DEFINITIONAL_REPRESENTATION('',(#9228),#9232);
#9228 = LINE('',#9229,#9230);
#9229 = CARTESIAN_POINT('',(14.35,-3.9));
#9230 = VECTOR('',#9231,1.);
#9231 = DIRECTION('',(0.,1.));
#9232 = ( GEOMETRIC_REPRESENTATION_CONTEXT(2) 
PARAMETRIC_REPRESENTATION_CONTEXT() REPRESENTATION_CONTEXT('2D SPACE',''
  ) );
#9233 = PCURVE('',#9234,#9239);
#9234 = PLANE('',#9235);
#9235 = AXIS2_PLACEMENT_3D('',#9236,#9237,#9238);
#9236 = CARTESIAN_POINT('',(14.35,27.,-3.9));
#9237 = DIRECTION('',(1.,0.,-0.));
#9238 = DIRECTION('',(0.,0.,1.));
#9239 = DEFINITIONAL_REPRESENTATION('',(#9240),#9244);
#9240 = LINE('',#9241,#9242);
#9241 = CARTESIAN_POINT('',(0.,0.));
#9242 = VECTOR('',#9243,1.);
#9243 = DIRECTION('',(1.,0.));
#9244 = ( GEOMETRIC_REPRESENTATION_CONTEXT(2) 
PARAMETRIC_REPRESENTATION_CONTEXT() REPRESENTATION_CONTEXT('2D SPACE',''
  ) );
#9245 = ORIENTED_EDGE('',*,*,#9246,.T.);
#9246 = EDGE_CURVE('',#9219,#9247,#9249,.T.);
#9247 = VERTEX_POINT('',#9248);
#9248 = CARTESIAN_POINT('',(6.838311195025,27.,-0.4));
#9249 = SURFACE_CURVE('',#9250,(#9254,#9261),.PCURVE_S1.);
#9250 = LINE('',#9251,#9252);
#9251 = CARTESIAN_POINT('',(14.35,27.,-0.4));
#9252 = VECTOR('',#9253,1.);
#9253 = DIRECTION('',(-1.,0.,-2.955987803674E-16));
#9254 = PCURVE('',#9025,#9255);
#9255 = DEFINITIONAL_REPRESENTATION('',(#9256),#9260);
#9256 = LINE('',#9257,#9258);
#9257 = CARTESIAN_POINT('',(14.35,-0.4));
#9258 = VECTOR('',#9259,1.);
#9259 = DIRECTION('',(-1.,-2.955987803674E-16));
#9260 = ( GEOMETRIC_REPRESENTATION_CONTEXT(2) 
PARAMETRIC_REPRESENTATION_CONTEXT() REPRESENTATION_CONTEXT('2D SPACE',''
  ) );
#9261 = PCURVE('',#9262,#9267);
#9262 = PLANE('',#9263);
#9263 = AXIS2_PLACEMENT_3D('',#9264,#9265,#9266);
#9264 = CARTESIAN_POINT('',(-20.,24.,-0.4));
#9265 = DIRECTION('',(0.,0.,1.));
#9266 = DIRECTION('',(1.,0.,-0.));
#9267 = DEFINITIONAL_REPRESENTATION('',(#9268),#9272);
#9268 = LINE('',#9269,#9270);
#9269 = CARTESIAN_POINT('',(34.35,3.));
#9270 = VECTOR('',#9271,1.);
#9271 = DIRECTION('',(-1.,0.));
#9272 = ( GEOMETRIC_REPRESENTATION_CONTEXT(2) 
PARAMETRIC_REPRESENTATION_CONTEXT() REPRESENTATION_CONTEXT('2D SPACE',''
  ) );
#9273 = ORIENTED_EDGE('',*,*,#9274,.F.);
#9274 = EDGE_CURVE('',#9015,#9247,#9275,.T.);
#9275 = SURFACE_CURVE('',#9276,(#9281,#9288),.PCURVE_S1.);
#9276 = CIRCLE('',#9277,6.85);
#9277 = AXIS2_PLACEMENT_3D('',#9278,#9279,#9280);
#9278 = CARTESIAN_POINT('',(0.,27.,6.661338147751E-16));
#9279 = DIRECTION('',(0.,-1.,2.22044604925E-16));
#9280 = DIRECTION('',(1.,0.,0.));
#9281 = PCURVE('',#9025,#9282);
#9282 = DEFINITIONAL_REPRESENTATION('',(#9283),#9287);
#9283 = CIRCLE('',#9284,6.85);
#9284 = AXIS2_PLACEMENT_2D('',#9285,#9286);
#9285 = CARTESIAN_POINT('',(0.,0.));
#9286 = DIRECTION('',(1.,0.));
#9287 = ( GEOMETRIC_REPRESENTATION_CONTEXT(2) 
PARAMETRIC_REPRESENTATION_CONTEXT() REPRESENTATION_CONTEXT('2D SPACE',''
  ) );
#9288 = PCURVE('',#9289,#9294);
#9289 = CYLINDRICAL_SURFACE('',#9290,6.85);
#9290 = AXIS2_PLACEMENT_3D('',#9291,#9292,#9293);
#9291 = CARTESIAN_POINT('',(0.,34.,-8.881784197001E-16));
#9292 = DIRECTION('',(0.,-1.,2.22044604925E-16));
#9293 = DIRECTION('',(1.,0.,0.));
#9294 = DEFINITIONAL_REPRESENTATION('',(#9295),#9299);
#9295 = LINE('',#9296,#9297);
#9296 = CARTESIAN_POINT('',(0.,7.));
#9297 = VECTOR('',#9298,1.);
#9298 = DIRECTION('',(1.,0.));
#9299 = ( GEOMETRIC_REPRESENTATION_CONTEXT(2) 
PARAMETRIC_REPRESENTATION_CONTEXT() REPRESENTATION_CONTEXT('2D SPACE',''
  ) );
#9300 = ADVANCED_FACE('',(#9301,#9375),#9037,.T.);
#9301 = FACE_BOUND('',#9302,.T.);
#9302 = EDGE_LOOP('',(#9303,#9304,#9326,#9354));
#9303 = ORIENTED_EDGE('',*,*,#9014,.F.);
#9304 = ORIENTED_EDGE('',*,*,#9305,.F.);
#9305 = EDGE_CURVE('',#9306,#9015,#9308,.T.);
#9306 = VERTEX_POINT('',#9307);
#9307 = CARTESIAN_POINT('',(-6.838311195025,33.,-0.4));
#9308 = SURFACE_CURVE('',#9309,(#9313,#9320),.PCURVE_S1.);
#9309 = LINE('',#9310,#9311);
#9310 = CARTESIAN_POINT('',(-6.838311195025,34.,-0.4));
#9311 = VECTOR('',#9312,1.);
#9312 = DIRECTION('',(0.,-1.,2.22044604925E-16));
#9313 = PCURVE('',#9037,#9314);
#9314 = DEFINITIONAL_REPRESENTATION('',(#9315),#9319);
#9315 = LINE('',#9316,#9317);
#9316 = CARTESIAN_POINT('',(13.161688804975,10.));
#9317 = VECTOR('',#9318,1.);
#9318 = DIRECTION('',(0.,-1.));
#9319 = ( GEOMETRIC_REPRESENTATION_CONTEXT(2) 
PARAMETRIC_REPRESENTATION_CONTEXT() REPRESENTATION_CONTEXT('2D SPACE',''
  ) );
#9320 = PCURVE('',#9289,#9321);
#9321 = DEFINITIONAL_REPRESENTATION('',(#9322),#9325);
#9322 = B_SPLINE_CURVE_WITH_KNOTS('',1,(#9323,#9324),.UNSPECIFIED.,.F.,
  .F.,(2,2),(0.9999994,7.0000006),.PIECEWISE_BEZIER_KNOTS.);
#9323 = CARTESIAN_POINT('',(3.20002005136,0.9999994));
#9324 = CARTESIAN_POINT('',(3.20002005136,7.0000006));
#9325 = ( GEOMETRIC_REPRESENTATION_CONTEXT(2) 
PARAMETRIC_REPRESENTATION_CONTEXT() REPRESENTATION_CONTEXT('2D SPACE',''
  ) );
#9326 = ORIENTED_EDGE('',*,*,#9327,.T.);
#9327 = EDGE_CURVE('',#9306,#9328,#9330,.T.);
#9328 = VERTEX_POINT('',#9329);
#9329 = CARTESIAN_POINT('',(-14.35,33.,-0.4));
#9330 = SURFACE_CURVE('',#9331,(#9335,#9342),.PCURVE_S1.);
#9331 = LINE('',#9332,#9333);
#9332 = CARTESIAN_POINT('',(-6.838311195025,33.,-0.4));
#9333 = VECTOR('',#9334,1.);
#9334 = DIRECTION('',(-1.,0.,-2.586489328215E-16));
#9335 = PCURVE('',#9037,#9336);
#9336 = DEFINITIONAL_REPRESENTATION('',(#9337),#9341);
#9337 = LINE('',#9338,#9339);
#9338 = CARTESIAN_POINT('',(13.161688804975,9.));
#9339 = VECTOR('',#9340,1.);
#9340 = DIRECTION('',(-1.,0.));
#9341 = ( GEOMETRIC_REPRESENTATION_CONTEXT(2) 
PARAMETRIC_REPRESENTATION_CONTEXT() REPRESENTATION_CONTEXT('2D SPACE',''
  ) );
#9342 = PCURVE('',#9343,#9348);
#9343 = PLANE('',#9344);
#9344 = AXIS2_PLACEMENT_3D('',#9345,#9346,#9347);
#9345 = CARTESIAN_POINT('',(0.,33.,-6.661338147751E-16));
#9346 = DIRECTION('',(0.,-1.,2.22044604925E-16));
#9347 = DIRECTION('',(1.,0.,0.));
#9348 = DEFINITIONAL_REPRESENTATION('',(#9349),#9353);
#9349 = LINE('',#9350,#9351);
#9350 = CARTESIAN_POINT('',(-6.838311195025,-0.4));
#9351 = VECTOR('',#9352,1.);
#9352 = DIRECTION('',(-1.,-2.586489328215E-16));
#9353 = ( GEOMETRIC_REPRESENTATION_CONTEXT(2) 
PARAMETRIC_REPRESENTATION_CONTEXT() REPRESENTATION_CONTEXT('2D SPACE',''
  ) );
#9354 = ORIENTED_EDGE('',*,*,#9355,.F.);
#9355 = EDGE_CURVE('',#9017,#9328,#9356,.T.);
#9356 = SURFACE_CURVE('',#9357,(#9361,#9368),.PCURVE_S1.);
#9357 = LINE('',#9358,#9359);
#9358 = CARTESIAN_POINT('',(-14.35,27.,-0.4));
#9359 = VECTOR('',#9360,1.);
#9360 = DIRECTION('',(-0.,1.,0.));
#9361 = PCURVE('',#9037,#9362);
#9362 = DEFINITIONAL_REPRESENTATION('',(#9363),#9367);
#9363 = LINE('',#9364,#9365);
#9364 = CARTESIAN_POINT('',(5.65,3.));
#9365 = VECTOR('',#9366,1.);
#9366 = DIRECTION('',(0.,1.));
#9367 = ( GEOMETRIC_REPRESENTATION_CONTEXT(2) 
PARAMETRIC_REPRESENTATION_CONTEXT() REPRESENTATION_CONTEXT('2D SPACE',''
  ) );
#9368 = PCURVE('',#9065,#9369);
#9369 = DEFINITIONAL_REPRESENTATION('',(#9370),#9374);
#9370 = LINE('',#9371,#9372);
#9371 = CARTESIAN_POINT('',(3.5,0.));
#9372 = VECTOR('',#9373,1.);
#9373 = DIRECTION('',(0.,-1.));
#9374 = ( GEOMETRIC_REPRESENTATION_CONTEXT(2) 
PARAMETRIC_REPRESENTATION_CONTEXT() REPRESENTATION_CONTEXT('2D SPACE',''
  ) );
#9375 = FACE_BOUND('',#9376,.T.);
#9376 = EDGE_LOOP('',(#9377));
#9377 = ORIENTED_EDGE('',*,*,#9378,.F.);
#9378 = EDGE_CURVE('',#9379,#9379,#9381,.T.);
#9379 = VERTEX_POINT('',#9380);
#9380 = CARTESIAN_POINT('',(-10.65,30.,-0.4));
#9381 = SURFACE_CURVE('',#9382,(#9387,#9394),.PCURVE_S1.);
#9382 = CIRCLE('',#9383,1.2);
#9383 = AXIS2_PLACEMENT_3D('',#9384,#9385,#9386);
#9384 = CARTESIAN_POINT('',(-11.85,30.,-0.4));
#9385 = DIRECTION('',(0.,0.,1.));
#9386 = DIRECTION('',(1.,0.,-0.));
#9387 = PCURVE('',#9037,#9388);
#9388 = DEFINITIONAL_REPRESENTATION('',(#9389),#9393);
#9389 = CIRCLE('',#9390,1.2);
#9390 = AXIS2_PLACEMENT_2D('',#9391,#9392);
#9391 = CARTESIAN_POINT('',(8.15,6.));
#9392 = DIRECTION('',(1.,0.));
#9393 = ( GEOMETRIC_REPRESENTATION_CONTEXT(2) 
PARAMETRIC_REPRESENTATION_CONTEXT() REPRESENTATION_CONTEXT('2D SPACE',''
  ) );
#9394 = PCURVE('',#9395,#9400);
#9395 = CYLINDRICAL_SURFACE('',#9396,1.2);
#9396 = AXIS2_PLACEMENT_3D('',#9397,#9398,#9399);
#9397 = CARTESIAN_POINT('',(-11.85,30.,-15.));
#9398 = DIRECTION('',(0.,0.,1.));
#9399 = DIRECTION('',(1.,0.,-0.));
#9400 = DEFINITIONAL_REPRESENTATION('',(#9401),#9405);
#9401 = LINE('',#9402,#9403);
#9402 = CARTESIAN_POINT('',(0.,14.6));
#9403 = VECTOR('',#9404,1.);
#9404 = DIRECTION('',(1.,0.));
#9405 = ( GEOMETRIC_REPRESENTATION_CONTEXT(2) 
PARAMETRIC_REPRESENTATION_CONTEXT() REPRESENTATION_CONTEXT('2D SPACE',''
  ) );
#9406 = ADVANCED_FACE('',(#9407),#9065,.F.);
#9407 = FACE_BOUND('',#9408,.F.);
#9408 = EDGE_LOOP('',(#9409,#9410,#9433,#9454));
#9409 = ORIENTED_EDGE('',*,*,#9049,.F.);
#9410 = ORIENTED_EDGE('',*,*,#9411,.T.);
#9411 = EDGE_CURVE('',#9050,#9412,#9414,.T.);
#9412 = VERTEX_POINT('',#9413);
#9413 = CARTESIAN_POINT('',(-14.35,33.,-3.9));
#9414 = SURFACE_CURVE('',#9415,(#9419,#9426),.PCURVE_S1.);
#9415 = LINE('',#9416,#9417);
#9416 = CARTESIAN_POINT('',(-14.35,27.,-3.9));
#9417 = VECTOR('',#9418,1.);
#9418 = DIRECTION('',(-0.,1.,0.));
#9419 = PCURVE('',#9065,#9420);
#9420 = DEFINITIONAL_REPRESENTATION('',(#9421),#9425);
#9421 = LINE('',#9422,#9423);
#9422 = CARTESIAN_POINT('',(0.,0.));
#9423 = VECTOR('',#9424,1.);
#9424 = DIRECTION('',(0.,-1.));
#9425 = ( GEOMETRIC_REPRESENTATION_CONTEXT(2) 
PARAMETRIC_REPRESENTATION_CONTEXT() REPRESENTATION_CONTEXT('2D SPACE',''
  ) );
#9426 = PCURVE('',#9093,#9427);
#9427 = DEFINITIONAL_REPRESENTATION('',(#9428),#9432);
#9428 = LINE('',#9429,#9430);
#9429 = CARTESIAN_POINT('',(0.,0.));
#9430 = VECTOR('',#9431,1.);
#9431 = DIRECTION('',(0.,1.));
#9432 = ( GEOMETRIC_REPRESENTATION_CONTEXT(2) 
PARAMETRIC_REPRESENTATION_CONTEXT() REPRESENTATION_CONTEXT('2D SPACE',''
  ) );
#9433 = ORIENTED_EDGE('',*,*,#9434,.T.);
#9434 = EDGE_CURVE('',#9412,#9328,#9435,.T.);
#9435 = SURFACE_CURVE('',#9436,(#9440,#9447),.PCURVE_S1.);
#9436 = LINE('',#9437,#9438);
#9437 = CARTESIAN_POINT('',(-14.35,33.,-3.9));
#9438 = VECTOR('',#9439,1.);
#9439 = DIRECTION('',(0.,0.,1.));
#9440 = PCURVE('',#9065,#9441);
#9441 = DEFINITIONAL_REPRESENTATION('',(#9442),#9446);
#9442 = LINE('',#9443,#9444);
#9443 = CARTESIAN_POINT('',(0.,-6.));
#9444 = VECTOR('',#9445,1.);
#9445 = DIRECTION('',(1.,0.));
#9446 = ( GEOMETRIC_REPRESENTATION_CONTEXT(2) 
PARAMETRIC_REPRESENTATION_CONTEXT() REPRESENTATION_CONTEXT('2D SPACE',''
  ) );
#9447 = PCURVE('',#9343,#9448);
#9448 = DEFINITIONAL_REPRESENTATION('',(#9449),#9453);
#9449 = LINE('',#9450,#9451);
#9450 = CARTESIAN_POINT('',(-14.35,-3.9));
#9451 = VECTOR('',#9452,1.);
#9452 = DIRECTION('',(0.,1.));
#9453 = ( GEOMETRIC_REPRESENTATION_CONTEXT(2) 
PARAMETRIC_REPRESENTATION_CONTEXT() REPRESENTATION_CONTEXT('2D SPACE',''
  ) );
#9454 = ORIENTED_EDGE('',*,*,#9355,.F.);
#9455 = ADVANCED_FACE('',(#9456,#9504),#9093,.F.);
#9456 = FACE_BOUND('',#9457,.F.);
#9457 = EDGE_LOOP('',(#9458,#9459,#9460,#9483));
#9458 = ORIENTED_EDGE('',*,*,#9411,.F.);
#9459 = ORIENTED_EDGE('',*,*,#9077,.T.);
#9460 = ORIENTED_EDGE('',*,*,#9461,.T.);
#9461 = EDGE_CURVE('',#9078,#9462,#9464,.T.);
#9462 = VERTEX_POINT('',#9463);
#9463 = CARTESIAN_POINT('',(-9.35,33.,-3.9));
#9464 = SURFACE_CURVE('',#9465,(#9469,#9476),.PCURVE_S1.);
#9465 = LINE('',#9466,#9467);
#9466 = CARTESIAN_POINT('',(-9.35,27.,-3.9));
#9467 = VECTOR('',#9468,1.);
#9468 = DIRECTION('',(-0.,1.,0.));
#9469 = PCURVE('',#9093,#9470);
#9470 = DEFINITIONAL_REPRESENTATION('',(#9471),#9475);
#9471 = LINE('',#9472,#9473);
#9472 = CARTESIAN_POINT('',(5.,0.));
#9473 = VECTOR('',#9474,1.);
#9474 = DIRECTION('',(0.,1.));
#9475 = ( GEOMETRIC_REPRESENTATION_CONTEXT(2) 
PARAMETRIC_REPRESENTATION_CONTEXT() REPRESENTATION_CONTEXT('2D SPACE',''
  ) );
#9476 = PCURVE('',#9121,#9477);
#9477 = DEFINITIONAL_REPRESENTATION('',(#9478),#9482);
#9478 = LINE('',#9479,#9480);
#9479 = CARTESIAN_POINT('',(0.,0.));
#9480 = VECTOR('',#9481,1.);
#9481 = DIRECTION('',(0.,-1.));
#9482 = ( GEOMETRIC_REPRESENTATION_CONTEXT(2) 
PARAMETRIC_REPRESENTATION_CONTEXT() REPRESENTATION_CONTEXT('2D SPACE',''
  ) );
#9483 = ORIENTED_EDGE('',*,*,#9484,.F.);
#9484 = EDGE_CURVE('',#9412,#9462,#9485,.T.);
#9485 = SURFACE_CURVE('',#9486,(#9490,#9497),.PCURVE_S1.);
#9486 = LINE('',#9487,#9488);
#9487 = CARTESIAN_POINT('',(-14.35,33.,-3.9));
#9488 = VECTOR('',#9489,1.);
#9489 = DIRECTION('',(1.,0.,-0.));
#9490 = PCURVE('',#9093,#9491);
#9491 = DEFINITIONAL_REPRESENTATION('',(#9492),#9496);
#9492 = LINE('',#9493,#9494);
#9493 = CARTESIAN_POINT('',(0.,6.));
#9494 = VECTOR('',#9495,1.);
#9495 = DIRECTION('',(1.,0.));
#9496 = ( GEOMETRIC_REPRESENTATION_CONTEXT(2) 
PARAMETRIC_REPRESENTATION_CONTEXT() REPRESENTATION_CONTEXT('2D SPACE',''
  ) );
#9497 = PCURVE('',#9343,#9498);
#9498 = DEFINITIONAL_REPRESENTATION('',(#9499),#9503);
#9499 = LINE('',#9500,#9501);
#9500 = CARTESIAN_POINT('',(-14.35,-3.9));
#9501 = VECTOR('',#9502,1.);
#9502 = DIRECTION('',(1.,0.));
#9503 = ( GEOMETRIC_REPRESENTATION_CONTEXT(2) 
PARAMETRIC_REPRESENTATION_CONTEXT() REPRESENTATION_CONTEXT('2D SPACE',''
  ) );
#9504 = FACE_BOUND('',#9505,.F.);
#9505 = EDGE_LOOP('',(#9506));
#9506 = ORIENTED_EDGE('',*,*,#9507,.F.);
#9507 = EDGE_CURVE('',#9508,#9508,#9510,.T.);
#9508 = VERTEX_POINT('',#9509);
#9509 = CARTESIAN_POINT('',(-10.65,30.,-3.9));
#9510 = SURFACE_CURVE('',#9511,(#9516,#9523),.PCURVE_S1.);
#9511 = CIRCLE('',#9512,1.2);
#9512 = AXIS2_PLACEMENT_3D('',#9513,#9514,#9515);
#9513 = CARTESIAN_POINT('',(-11.85,30.,-3.9));
#9514 = DIRECTION('',(0.,0.,1.));
#9515 = DIRECTION('',(1.,0.,-0.));
#9516 = PCURVE('',#9093,#9517);
#9517 = DEFINITIONAL_REPRESENTATION('',(#9518),#9522);
#9518 = CIRCLE('',#9519,1.2);
#9519 = AXIS2_PLACEMENT_2D('',#9520,#9521);
#9520 = CARTESIAN_POINT('',(2.5,3.));
#9521 = DIRECTION('',(1.,0.));
#9522 = ( GEOMETRIC_REPRESENTATION_CONTEXT(2) 
PARAMETRIC_REPRESENTATION_CONTEXT() REPRESENTATION_CONTEXT('2D SPACE',''
  ) );
#9523 = PCURVE('',#9395,#9524);
#9524 = DEFINITIONAL_REPRESENTATION('',(#9525),#9529);
#9525 = LINE('',#9526,#9527);
#9526 = CARTESIAN_POINT('',(0.,11.1));
#9527 = VECTOR('',#9528,1.);
#9528 = DIRECTION('',(1.,0.));
#9529 = ( GEOMETRIC_REPRESENTATION_CONTEXT(2) 
PARAMETRIC_REPRESENTATION_CONTEXT() REPRESENTATION_CONTEXT('2D SPACE',''
  ) );
#9530 = ADVANCED_FACE('',(#9531),#9121,.T.);
#9531 = FACE_BOUND('',#9532,.T.);
#9532 = EDGE_LOOP('',(#9533,#9534,#9535,#9558));
#9533 = ORIENTED_EDGE('',*,*,#9105,.F.);
#9534 = ORIENTED_EDGE('',*,*,#9461,.T.);
#9535 = ORIENTED_EDGE('',*,*,#9536,.T.);
#9536 = EDGE_CURVE('',#9462,#9537,#9539,.T.);
#9537 = VERTEX_POINT('',#9538);
#9538 = CARTESIAN_POINT('',(-9.35,33.,-3.098386676966));
#9539 = SURFACE_CURVE('',#9540,(#9544,#9551),.PCURVE_S1.);
#9540 = LINE('',#9541,#9542);
#9541 = CARTESIAN_POINT('',(-9.35,33.,-3.9));
#9542 = VECTOR('',#9543,1.);
#9543 = DIRECTION('',(0.,0.,1.));
#9544 = PCURVE('',#9121,#9545);
#9545 = DEFINITIONAL_REPRESENTATION('',(#9546),#9550);
#9546 = LINE('',#9547,#9548);
#9547 = CARTESIAN_POINT('',(0.,-6.));
#9548 = VECTOR('',#9549,1.);
#9549 = DIRECTION('',(1.,0.));
#9550 = ( GEOMETRIC_REPRESENTATION_CONTEXT(2) 
PARAMETRIC_REPRESENTATION_CONTEXT() REPRESENTATION_CONTEXT('2D SPACE',''
  ) );
#9551 = PCURVE('',#9343,#9552);
#9552 = DEFINITIONAL_REPRESENTATION('',(#9553),#9557);
#9553 = LINE('',#9554,#9555);
#9554 = CARTESIAN_POINT('',(-9.35,-3.9));
#9555 = VECTOR('',#9556,1.);
#9556 = DIRECTION('',(0.,1.));
#9557 = ( GEOMETRIC_REPRESENTATION_CONTEXT(2) 
PARAMETRIC_REPRESENTATION_CONTEXT() REPRESENTATION_CONTEXT('2D SPACE',''
  ) );
#9558 = ORIENTED_EDGE('',*,*,#9559,.T.);
#9559 = EDGE_CURVE('',#9537,#9106,#9560,.T.);
#9560 = SURFACE_CURVE('',#9561,(#9565,#9571),.PCURVE_S1.);
#9561 = LINE('',#9562,#9563);
#9562 = CARTESIAN_POINT('',(-9.35,33.,-3.098386676966));
#9563 = VECTOR('',#9564,1.);
#9564 = DIRECTION('',(0.,-1.,2.22044604925E-16));
#9565 = PCURVE('',#9121,#9566);
#9566 = DEFINITIONAL_REPRESENTATION('',(#9567),#9570);
#9567 = B_SPLINE_CURVE_WITH_KNOTS('',1,(#9568,#9569),.UNSPECIFIED.,.F.,
  .F.,(2,2),(-5.999999999062E-07,6.0000006),.PIECEWISE_BEZIER_KNOTS.);
#9568 = CARTESIAN_POINT('',(0.801613323034,-6.0000006));
#9569 = CARTESIAN_POINT('',(0.801613323034,5.999999999062E-07));
#9570 = ( GEOMETRIC_REPRESENTATION_CONTEXT(2) 
PARAMETRIC_REPRESENTATION_CONTEXT() REPRESENTATION_CONTEXT('2D SPACE',''
  ) );
#9571 = PCURVE('',#9150,#9572);
#9572 = DEFINITIONAL_REPRESENTATION('',(#9573),#9576);
#9573 = B_SPLINE_CURVE_WITH_KNOTS('',1,(#9574,#9575),.UNSPECIFIED.,.F.,
  .F.,(2,2),(-5.999999999062E-07,6.0000006),.PIECEWISE_BEZIER_KNOTS.);
#9574 = CARTESIAN_POINT('',(3.461582605968,-6.000000005942E-07));
#9575 = CARTESIAN_POINT('',(3.461582605968,6.0000006));
#9576 = ( GEOMETRIC_REPRESENTATION_CONTEXT(2) 
PARAMETRIC_REPRESENTATION_CONTEXT() REPRESENTATION_CONTEXT('2D SPACE',''
  ) );
#9577 = ADVANCED_FACE('',(#9578),#9150,.T.);
#9578 = FACE_BOUND('',#9579,.T.);
#9579 = EDGE_LOOP('',(#9580,#9581,#9582,#9606));
#9580 = ORIENTED_EDGE('',*,*,#9133,.F.);
#9581 = ORIENTED_EDGE('',*,*,#9559,.F.);
#9582 = ORIENTED_EDGE('',*,*,#9583,.T.);
#9583 = EDGE_CURVE('',#9537,#9584,#9586,.T.);
#9584 = VERTEX_POINT('',#9585);
#9585 = CARTESIAN_POINT('',(9.35,33.,-3.098386676966));
#9586 = SURFACE_CURVE('',#9587,(#9592,#9599),.PCURVE_S1.);
#9587 = CIRCLE('',#9588,9.85);
#9588 = AXIS2_PLACEMENT_3D('',#9589,#9590,#9591);
#9589 = CARTESIAN_POINT('',(0.,33.,-6.661338147751E-16));
#9590 = DIRECTION('',(0.,-1.,2.22044604925E-16));
#9591 = DIRECTION('',(1.,0.,0.));
#9592 = PCURVE('',#9150,#9593);
#9593 = DEFINITIONAL_REPRESENTATION('',(#9594),#9598);
#9594 = LINE('',#9595,#9596);
#9595 = CARTESIAN_POINT('',(0.,0.));
#9596 = VECTOR('',#9597,1.);
#9597 = DIRECTION('',(1.,0.));
#9598 = ( GEOMETRIC_REPRESENTATION_CONTEXT(2) 
PARAMETRIC_REPRESENTATION_CONTEXT() REPRESENTATION_CONTEXT('2D SPACE',''
  ) );
#9599 = PCURVE('',#9343,#9600);
#9600 = DEFINITIONAL_REPRESENTATION('',(#9601),#9605);
#9601 = CIRCLE('',#9602,9.85);
#9602 = AXIS2_PLACEMENT_2D('',#9603,#9604);
#9603 = CARTESIAN_POINT('',(0.,0.));
#9604 = DIRECTION('',(1.,0.));
#9605 = ( GEOMETRIC_REPRESENTATION_CONTEXT(2) 
PARAMETRIC_REPRESENTATION_CONTEXT() REPRESENTATION_CONTEXT('2D SPACE',''
  ) );
#9606 = ORIENTED_EDGE('',*,*,#9607,.T.);
#9607 = EDGE_CURVE('',#9584,#9134,#9608,.T.);
#9608 = SURFACE_CURVE('',#9609,(#9613,#9619),.PCURVE_S1.);
#9609 = LINE('',#9610,#9611);
#9610 = CARTESIAN_POINT('',(9.35,33.,-3.098386676966));
#9611 = VECTOR('',#9612,1.);
#9612 = DIRECTION('',(0.,-1.,2.22044604925E-16));
#9613 = PCURVE('',#9150,#9614);
#9614 = DEFINITIONAL_REPRESENTATION('',(#9615),#9618);
#9615 = B_SPLINE_CURVE_WITH_KNOTS('',1,(#9616,#9617),.UNSPECIFIED.,.F.,
  .F.,(2,2),(-5.999999999062E-07,6.0000006),.PIECEWISE_BEZIER_KNOTS.);
#9616 = CARTESIAN_POINT('',(5.963195354801,-6.000000005942E-07));
#9617 = CARTESIAN_POINT('',(5.963195354801,6.0000006));
#9618 = ( GEOMETRIC_REPRESENTATION_CONTEXT(2) 
PARAMETRIC_REPRESENTATION_CONTEXT() REPRESENTATION_CONTEXT('2D SPACE',''
  ) );
#9619 = PCURVE('',#9178,#9620);
#9620 = DEFINITIONAL_REPRESENTATION('',(#9621),#9624);
#9621 = B_SPLINE_CURVE_WITH_KNOTS('',1,(#9622,#9623),.UNSPECIFIED.,.F.,
  .F.,(2,2),(-5.999999999062E-07,6.0000006),.PIECEWISE_BEZIER_KNOTS.);
#9622 = CARTESIAN_POINT('',(0.801613323034,-6.0000006));
#9623 = CARTESIAN_POINT('',(0.801613323034,5.999999999062E-07));
#9624 = ( GEOMETRIC_REPRESENTATION_CONTEXT(2) 
PARAMETRIC_REPRESENTATION_CONTEXT() REPRESENTATION_CONTEXT('2D SPACE',''
  ) );
#9625 = ADVANCED_FACE('',(#9626),#9178,.F.);
#9626 = FACE_BOUND('',#9627,.F.);
#9627 = EDGE_LOOP('',(#9628,#9629,#9652,#9673));
#9628 = ORIENTED_EDGE('',*,*,#9162,.F.);
#9629 = ORIENTED_EDGE('',*,*,#9630,.T.);
#9630 = EDGE_CURVE('',#9163,#9631,#9633,.T.);
#9631 = VERTEX_POINT('',#9632);
#9632 = CARTESIAN_POINT('',(9.35,33.,-3.9));
#9633 = SURFACE_CURVE('',#9634,(#9638,#9645),.PCURVE_S1.);
#9634 = LINE('',#9635,#9636);
#9635 = CARTESIAN_POINT('',(9.35,27.,-3.9));
#9636 = VECTOR('',#9637,1.);
#9637 = DIRECTION('',(-0.,1.,0.));
#9638 = PCURVE('',#9178,#9639);
#9639 = DEFINITIONAL_REPRESENTATION('',(#9640),#9644);
#9640 = LINE('',#9641,#9642);
#9641 = CARTESIAN_POINT('',(0.,0.));
#9642 = VECTOR('',#9643,1.);
#9643 = DIRECTION('',(0.,-1.));
#9644 = ( GEOMETRIC_REPRESENTATION_CONTEXT(2) 
PARAMETRIC_REPRESENTATION_CONTEXT() REPRESENTATION_CONTEXT('2D SPACE',''
  ) );
#9645 = PCURVE('',#9206,#9646);
#9646 = DEFINITIONAL_REPRESENTATION('',(#9647),#9651);
#9647 = LINE('',#9648,#9649);
#9648 = CARTESIAN_POINT('',(0.,0.));
#9649 = VECTOR('',#9650,1.);
#9650 = DIRECTION('',(0.,1.));
#9651 = ( GEOMETRIC_REPRESENTATION_CONTEXT(2) 
PARAMETRIC_REPRESENTATION_CONTEXT() REPRESENTATION_CONTEXT('2D SPACE',''
  ) );
#9652 = ORIENTED_EDGE('',*,*,#9653,.T.);
#9653 = EDGE_CURVE('',#9631,#9584,#9654,.T.);
#9654 = SURFACE_CURVE('',#9655,(#9659,#9666),.PCURVE_S1.);
#9655 = LINE('',#9656,#9657);
#9656 = CARTESIAN_POINT('',(9.35,33.,-3.9));
#9657 = VECTOR('',#9658,1.);
#9658 = DIRECTION('',(0.,0.,1.));
#9659 = PCURVE('',#9178,#9660);
#9660 = DEFINITIONAL_REPRESENTATION('',(#9661),#9665);
#9661 = LINE('',#9662,#9663);
#9662 = CARTESIAN_POINT('',(0.,-6.));
#9663 = VECTOR('',#9664,1.);
#9664 = DIRECTION('',(1.,0.));
#9665 = ( GEOMETRIC_REPRESENTATION_CONTEXT(2) 
PARAMETRIC_REPRESENTATION_CONTEXT() REPRESENTATION_CONTEXT('2D SPACE',''
  ) );
#9666 = PCURVE('',#9343,#9667);
#9667 = DEFINITIONAL_REPRESENTATION('',(#9668),#9672);
#9668 = LINE('',#9669,#9670);
#9669 = CARTESIAN_POINT('',(9.35,-3.9));
#9670 = VECTOR('',#9671,1.);
#9671 = DIRECTION('',(0.,1.));
#9672 = ( GEOMETRIC_REPRESENTATION_CONTEXT(2) 
PARAMETRIC_REPRESENTATION_CONTEXT() REPRESENTATION_CONTEXT('2D SPACE',''
  ) );
#9673 = ORIENTED_EDGE('',*,*,#9607,.T.);
#9674 = ADVANCED_FACE('',(#9675,#9723),#9206,.F.);
#9675 = FACE_BOUND('',#9676,.F.);
#9676 = EDGE_LOOP('',(#9677,#9678,#9679,#9702));
#9677 = ORIENTED_EDGE('',*,*,#9630,.F.);
#9678 = ORIENTED_EDGE('',*,*,#9190,.T.);
#9679 = ORIENTED_EDGE('',*,*,#9680,.T.);
#9680 = EDGE_CURVE('',#9191,#9681,#9683,.T.);
#9681 = VERTEX_POINT('',#9682);
#9682 = CARTESIAN_POINT('',(14.35,33.,-3.9));
#9683 = SURFACE_CURVE('',#9684,(#9688,#9695),.PCURVE_S1.);
#9684 = LINE('',#9685,#9686);
#9685 = CARTESIAN_POINT('',(14.35,27.,-3.9));
#9686 = VECTOR('',#9687,1.);
#9687 = DIRECTION('',(-0.,1.,0.));
#9688 = PCURVE('',#9206,#9689);
#9689 = DEFINITIONAL_REPRESENTATION('',(#9690),#9694);
#9690 = LINE('',#9691,#9692);
#9691 = CARTESIAN_POINT('',(5.,0.));
#9692 = VECTOR('',#9693,1.);
#9693 = DIRECTION('',(0.,1.));
#9694 = ( GEOMETRIC_REPRESENTATION_CONTEXT(2) 
PARAMETRIC_REPRESENTATION_CONTEXT() REPRESENTATION_CONTEXT('2D SPACE',''
  ) );
#9695 = PCURVE('',#9234,#9696);
#9696 = DEFINITIONAL_REPRESENTATION('',(#9697),#9701);
#9697 = LINE('',#9698,#9699);
#9698 = CARTESIAN_POINT('',(0.,0.));
#9699 = VECTOR('',#9700,1.);
#9700 = DIRECTION('',(0.,-1.));
#9701 = ( GEOMETRIC_REPRESENTATION_CONTEXT(2) 
PARAMETRIC_REPRESENTATION_CONTEXT() REPRESENTATION_CONTEXT('2D SPACE',''
  ) );
#9702 = ORIENTED_EDGE('',*,*,#9703,.F.);
#9703 = EDGE_CURVE('',#9631,#9681,#9704,.T.);
#9704 = SURFACE_CURVE('',#9705,(#9709,#9716),.PCURVE_S1.);
#9705 = LINE('',#9706,#9707);
#9706 = CARTESIAN_POINT('',(9.35,33.,-3.9));
#9707 = VECTOR('',#9708,1.);
#9708 = DIRECTION('',(1.,0.,-0.));
#9709 = PCURVE('',#9206,#9710);
#9710 = DEFINITIONAL_REPRESENTATION('',(#9711),#9715);
#9711 = LINE('',#9712,#9713);
#9712 = CARTESIAN_POINT('',(0.,6.));
#9713 = VECTOR('',#9714,1.);
#9714 = DIRECTION('',(1.,0.));
#9715 = ( GEOMETRIC_REPRESENTATION_CONTEXT(2) 
PARAMETRIC_REPRESENTATION_CONTEXT() REPRESENTATION_CONTEXT('2D SPACE',''
  ) );
#9716 = PCURVE('',#9343,#9717);
#9717 = DEFINITIONAL_REPRESENTATION('',(#9718),#9722);
#9718 = LINE('',#9719,#9720);
#9719 = CARTESIAN_POINT('',(9.35,-3.9));
#9720 = VECTOR('',#9721,1.);
#9721 = DIRECTION('',(1.,0.));
#9722 = ( GEOMETRIC_REPRESENTATION_CONTEXT(2) 
PARAMETRIC_REPRESENTATION_CONTEXT() REPRESENTATION_CONTEXT('2D SPACE',''
  ) );
#9723 = FACE_BOUND('',#9724,.F.);
#9724 = EDGE_LOOP('',(#9725));
#9725 = ORIENTED_EDGE('',*,*,#9726,.F.);
#9726 = EDGE_CURVE('',#9727,#9727,#9729,.T.);
#9727 = VERTEX_POINT('',#9728);
#9728 = CARTESIAN_POINT('',(13.05,30.,-3.9));
#9729 = SURFACE_CURVE('',#9730,(#9735,#9742),.PCURVE_S1.);
#9730 = CIRCLE('',#9731,1.2);
#9731 = AXIS2_PLACEMENT_3D('',#9732,#9733,#9734);
#9732 = CARTESIAN_POINT('',(11.85,30.,-3.9));
#9733 = DIRECTION('',(0.,0.,1.));
#9734 = DIRECTION('',(1.,0.,-0.));
#9735 = PCURVE('',#9206,#9736);
#9736 = DEFINITIONAL_REPRESENTATION('',(#9737),#9741);
#9737 = CIRCLE('',#9738,1.2);
#9738 = AXIS2_PLACEMENT_2D('',#9739,#9740);
#9739 = CARTESIAN_POINT('',(2.5,3.));
#9740 = DIRECTION('',(1.,0.));
#9741 = ( GEOMETRIC_REPRESENTATION_CONTEXT(2) 
PARAMETRIC_REPRESENTATION_CONTEXT() REPRESENTATION_CONTEXT('2D SPACE',''
  ) );
#9742 = PCURVE('',#9743,#9748);
#9743 = CYLINDRICAL_SURFACE('',#9744,1.2);
#9744 = AXIS2_PLACEMENT_3D('',#9745,#9746,#9747);
#9745 = CARTESIAN_POINT('',(11.85,30.,-15.));
#9746 = DIRECTION('',(0.,0.,1.));
#9747 = DIRECTION('',(1.,0.,-0.));
#9748 = DEFINITIONAL_REPRESENTATION('',(#9749),#9753);
#9749 = LINE('',#9750,#9751);
#9750 = CARTESIAN_POINT('',(0.,11.1));
#9751 = VECTOR('',#9752,1.);
#9752 = DIRECTION('',(1.,0.));
#9753 = ( GEOMETRIC_REPRESENTATION_CONTEXT(2) 
PARAMETRIC_REPRESENTATION_CONTEXT() REPRESENTATION_CONTEXT('2D SPACE',''
  ) );
#9754 = ADVANCED_FACE('',(#9755),#9234,.T.);
#9755 = FACE_BOUND('',#9756,.T.);
#9756 = EDGE_LOOP('',(#9757,#9758,#9759,#9782));
#9757 = ORIENTED_EDGE('',*,*,#9218,.F.);
#9758 = ORIENTED_EDGE('',*,*,#9680,.T.);
#9759 = ORIENTED_EDGE('',*,*,#9760,.T.);
#9760 = EDGE_CURVE('',#9681,#9761,#9763,.T.);
#9761 = VERTEX_POINT('',#9762);
#9762 = CARTESIAN_POINT('',(14.35,33.,-0.4));
#9763 = SURFACE_CURVE('',#9764,(#9768,#9775),.PCURVE_S1.);
#9764 = LINE('',#9765,#9766);
#9765 = CARTESIAN_POINT('',(14.35,33.,-3.9));
#9766 = VECTOR('',#9767,1.);
#9767 = DIRECTION('',(0.,0.,1.));
#9768 = PCURVE('',#9234,#9769);
#9769 = DEFINITIONAL_REPRESENTATION('',(#9770),#9774);
#9770 = LINE('',#9771,#9772);
#9771 = CARTESIAN_POINT('',(0.,-6.));
#9772 = VECTOR('',#9773,1.);
#9773 = DIRECTION('',(1.,0.));
#9774 = ( GEOMETRIC_REPRESENTATION_CONTEXT(2) 
PARAMETRIC_REPRESENTATION_CONTEXT() REPRESENTATION_CONTEXT('2D SPACE',''
  ) );
#9775 = PCURVE('',#9343,#9776);
#9776 = DEFINITIONAL_REPRESENTATION('',(#9777),#9781);
#9777 = LINE('',#9778,#9779);
#9778 = CARTESIAN_POINT('',(14.35,-3.9));
#9779 = VECTOR('',#9780,1.);
#9780 = DIRECTION('',(0.,1.));
#9781 = ( GEOMETRIC_REPRESENTATION_CONTEXT(2) 
PARAMETRIC_REPRESENTATION_CONTEXT() REPRESENTATION_CONTEXT('2D SPACE',''
  ) );
#9782 = ORIENTED_EDGE('',*,*,#9783,.F.);
#9783 = EDGE_CURVE('',#9219,#9761,#9784,.T.);
#9784 = SURFACE_CURVE('',#9785,(#9789,#9796),.PCURVE_S1.);
#9785 = LINE('',#9786,#9787);
#9786 = CARTESIAN_POINT('',(14.35,27.,-0.4));
#9787 = VECTOR('',#9788,1.);
#9788 = DIRECTION('',(-0.,1.,0.));
#9789 = PCURVE('',#9234,#9790);
#9790 = DEFINITIONAL_REPRESENTATION('',(#9791),#9795);
#9791 = LINE('',#9792,#9793);
#9792 = CARTESIAN_POINT('',(3.5,0.));
#9793 = VECTOR('',#9794,1.);
#9794 = DIRECTION('',(0.,-1.));
#9795 = ( GEOMETRIC_REPRESENTATION_CONTEXT(2) 
PARAMETRIC_REPRESENTATION_CONTEXT() REPRESENTATION_CONTEXT('2D SPACE',''
  ) );
#9796 = PCURVE('',#9262,#9797);
#9797 = DEFINITIONAL_REPRESENTATION('',(#9798),#9802);
#9798 = LINE('',#9799,#9800);
#9799 = CARTESIAN_POINT('',(34.35,3.));
#9800 = VECTOR('',#9801,1.);
#9801 = DIRECTION('',(0.,1.));
#9802 = ( GEOMETRIC_REPRESENTATION_CONTEXT(2) 
PARAMETRIC_REPRESENTATION_CONTEXT() REPRESENTATION_CONTEXT('2D SPACE',''
  ) );
#9803 = ADVANCED_FACE('',(#9804,#9851),#9262,.T.);
#9804 = FACE_BOUND('',#9805,.T.);
#9805 = EDGE_LOOP('',(#9806,#9807,#9808,#9831));
#9806 = ORIENTED_EDGE('',*,*,#9246,.F.);
#9807 = ORIENTED_EDGE('',*,*,#9783,.T.);
#9808 = ORIENTED_EDGE('',*,*,#9809,.T.);
#9809 = EDGE_CURVE('',#9761,#9810,#9812,.T.);
#9810 = VERTEX_POINT('',#9811);
#9811 = CARTESIAN_POINT('',(6.838311195025,33.,-0.4));
#9812 = SURFACE_CURVE('',#9813,(#9817,#9824),.PCURVE_S1.);
#9813 = LINE('',#9814,#9815);
#9814 = CARTESIAN_POINT('',(14.35,33.,-0.4));
#9815 = VECTOR('',#9816,1.);
#9816 = DIRECTION('',(-1.,0.,3.251586584042E-16));
#9817 = PCURVE('',#9262,#9818);
#9818 = DEFINITIONAL_REPRESENTATION('',(#9819),#9823);
#9819 = LINE('',#9820,#9821);
#9820 = CARTESIAN_POINT('',(34.35,9.));
#9821 = VECTOR('',#9822,1.);
#9822 = DIRECTION('',(-1.,0.));
#9823 = ( GEOMETRIC_REPRESENTATION_CONTEXT(2) 
PARAMETRIC_REPRESENTATION_CONTEXT() REPRESENTATION_CONTEXT('2D SPACE',''
  ) );
#9824 = PCURVE('',#9343,#9825);
#9825 = DEFINITIONAL_REPRESENTATION('',(#9826),#9830);
#9826 = LINE('',#9827,#9828);
#9827 = CARTESIAN_POINT('',(14.35,-0.4));
#9828 = VECTOR('',#9829,1.);
#9829 = DIRECTION('',(-1.,3.251586584042E-16));
#9830 = ( GEOMETRIC_REPRESENTATION_CONTEXT(2) 
PARAMETRIC_REPRESENTATION_CONTEXT() REPRESENTATION_CONTEXT('2D SPACE',''
  ) );
#9831 = ORIENTED_EDGE('',*,*,#9832,.T.);
#9832 = EDGE_CURVE('',#9810,#9247,#9833,.T.);
#9833 = SURFACE_CURVE('',#9834,(#9838,#9845),.PCURVE_S1.);
#9834 = LINE('',#9835,#9836);
#9835 = CARTESIAN_POINT('',(6.838311195025,34.,-0.4));
#9836 = VECTOR('',#9837,1.);
#9837 = DIRECTION('',(0.,-1.,2.22044604925E-16));
#9838 = PCURVE('',#9262,#9839);
#9839 = DEFINITIONAL_REPRESENTATION('',(#9840),#9844);
#9840 = LINE('',#9841,#9842);
#9841 = CARTESIAN_POINT('',(26.838311195025,10.));
#9842 = VECTOR('',#9843,1.);
#9843 = DIRECTION('',(0.,-1.));
#9844 = ( GEOMETRIC_REPRESENTATION_CONTEXT(2) 
PARAMETRIC_REPRESENTATION_CONTEXT() REPRESENTATION_CONTEXT('2D SPACE',''
  ) );
#9845 = PCURVE('',#9289,#9846);
#9846 = DEFINITIONAL_REPRESENTATION('',(#9847),#9850);
#9847 = B_SPLINE_CURVE_WITH_KNOTS('',1,(#9848,#9849),.UNSPECIFIED.,.F.,
  .F.,(2,2),(0.9999994,7.0000006),.PIECEWISE_BEZIER_KNOTS.);
#9848 = CARTESIAN_POINT('',(6.224757909409,0.9999994));
#9849 = CARTESIAN_POINT('',(6.224757909409,7.0000006));
#9850 = ( GEOMETRIC_REPRESENTATION_CONTEXT(2) 
PARAMETRIC_REPRESENTATION_CONTEXT() REPRESENTATION_CONTEXT('2D SPACE',''
  ) );
#9851 = FACE_BOUND('',#9852,.T.);
#9852 = EDGE_LOOP('',(#9853));
#9853 = ORIENTED_EDGE('',*,*,#9854,.F.);
#9854 = EDGE_CURVE('',#9855,#9855,#9857,.T.);
#9855 = VERTEX_POINT('',#9856);
#9856 = CARTESIAN_POINT('',(13.05,30.,-0.4));
#9857 = SURFACE_CURVE('',#9858,(#9863,#9870),.PCURVE_S1.);
#9858 = CIRCLE('',#9859,1.2);
#9859 = AXIS2_PLACEMENT_3D('',#9860,#9861,#9862);
#9860 = CARTESIAN_POINT('',(11.85,30.,-0.4));
#9861 = DIRECTION('',(0.,0.,1.));
#9862 = DIRECTION('',(1.,0.,-0.));
#9863 = PCURVE('',#9262,#9864);
#9864 = DEFINITIONAL_REPRESENTATION('',(#9865),#9869);
#9865 = CIRCLE('',#9866,1.2);
#9866 = AXIS2_PLACEMENT_2D('',#9867,#9868);
#9867 = CARTESIAN_POINT('',(31.85,6.));
#9868 = DIRECTION('',(1.,0.));
#9869 = ( GEOMETRIC_REPRESENTATION_CONTEXT(2) 
PARAMETRIC_REPRESENTATION_CONTEXT() REPRESENTATION_CONTEXT('2D SPACE',''
  ) );
#9870 = PCURVE('',#9743,#9871);
#9871 = DEFINITIONAL_REPRESENTATION('',(#9872),#9876);
#9872 = LINE('',#9873,#9874);
#9873 = CARTESIAN_POINT('',(0.,14.6));
#9874 = VECTOR('',#9875,1.);
#9875 = DIRECTION('',(1.,0.));
#9876 = ( GEOMETRIC_REPRESENTATION_CONTEXT(2) 
PARAMETRIC_REPRESENTATION_CONTEXT() REPRESENTATION_CONTEXT('2D SPACE',''
  ) );
#9877 = ADVANCED_FACE('',(#9878),#9289,.F.);
#9878 = FACE_BOUND('',#9879,.F.);
#9879 = EDGE_LOOP('',(#9880,#9881,#9882,#9904));
#9880 = ORIENTED_EDGE('',*,*,#9274,.F.);
#9881 = ORIENTED_EDGE('',*,*,#9305,.F.);
#9882 = ORIENTED_EDGE('',*,*,#9883,.T.);
#9883 = EDGE_CURVE('',#9306,#9810,#9884,.T.);
#9884 = SURFACE_CURVE('',#9885,(#9890,#9897),.PCURVE_S1.);
#9885 = CIRCLE('',#9886,6.85);
#9886 = AXIS2_PLACEMENT_3D('',#9887,#9888,#9889);
#9887 = CARTESIAN_POINT('',(0.,33.,-6.661338147751E-16));
#9888 = DIRECTION('',(0.,-1.,2.22044604925E-16));
#9889 = DIRECTION('',(1.,0.,0.));
#9890 = PCURVE('',#9289,#9891);
#9891 = DEFINITIONAL_REPRESENTATION('',(#9892),#9896);
#9892 = LINE('',#9893,#9894);
#9893 = CARTESIAN_POINT('',(0.,1.));
#9894 = VECTOR('',#9895,1.);
#9895 = DIRECTION('',(1.,0.));
#9896 = ( GEOMETRIC_REPRESENTATION_CONTEXT(2) 
PARAMETRIC_REPRESENTATION_CONTEXT() REPRESENTATION_CONTEXT('2D SPACE',''
  ) );
#9897 = PCURVE('',#9343,#9898);
#9898 = DEFINITIONAL_REPRESENTATION('',(#9899),#9903);
#9899 = CIRCLE('',#9900,6.85);
#9900 = AXIS2_PLACEMENT_2D('',#9901,#9902);
#9901 = CARTESIAN_POINT('',(0.,0.));
#9902 = DIRECTION('',(1.,0.));
#9903 = ( GEOMETRIC_REPRESENTATION_CONTEXT(2) 
PARAMETRIC_REPRESENTATION_CONTEXT() REPRESENTATION_CONTEXT('2D SPACE',''
  ) );
#9904 = ORIENTED_EDGE('',*,*,#9832,.T.);
#9905 = ADVANCED_FACE('',(#9906),#9343,.F.);
#9906 = FACE_BOUND('',#9907,.F.);
#9907 = EDGE_LOOP('',(#9908,#9909,#9910,#9911,#9912,#9913,#9914,#9915,
    #9916,#9917));
#9908 = ORIENTED_EDGE('',*,*,#9327,.T.);
#9909 = ORIENTED_EDGE('',*,*,#9434,.F.);
#9910 = ORIENTED_EDGE('',*,*,#9484,.T.);
#9911 = ORIENTED_EDGE('',*,*,#9536,.T.);
#9912 = ORIENTED_EDGE('',*,*,#9583,.T.);
#9913 = ORIENTED_EDGE('',*,*,#9653,.F.);
#9914 = ORIENTED_EDGE('',*,*,#9703,.T.);
#9915 = ORIENTED_EDGE('',*,*,#9760,.T.);
#9916 = ORIENTED_EDGE('',*,*,#9809,.T.);
#9917 = ORIENTED_EDGE('',*,*,#9883,.F.);
#9918 = ADVANCED_FACE('',(#9919),#9395,.F.);
#9919 = FACE_BOUND('',#9920,.F.);
#9920 = EDGE_LOOP('',(#9921,#9922,#9943,#9944));
#9921 = ORIENTED_EDGE('',*,*,#9378,.F.);
#9922 = ORIENTED_EDGE('',*,*,#9923,.F.);
#9923 = EDGE_CURVE('',#9508,#9379,#9924,.T.);
#9924 = SEAM_CURVE('',#9925,(#9929,#9936),.PCURVE_S1.);
#9925 = LINE('',#9926,#9927);
#9926 = CARTESIAN_POINT('',(-10.65,30.,-15.));
#9927 = VECTOR('',#9928,1.);
#9928 = DIRECTION('',(0.,0.,1.));
#9929 = PCURVE('',#9395,#9930);
#9930 = DEFINITIONAL_REPRESENTATION('',(#9931),#9935);
#9931 = LINE('',#9932,#9933);
#9932 = CARTESIAN_POINT('',(6.28318530718,-0.));
#9933 = VECTOR('',#9934,1.);
#9934 = DIRECTION('',(0.,1.));
#9935 = ( GEOMETRIC_REPRESENTATION_CONTEXT(2) 
PARAMETRIC_REPRESENTATION_CONTEXT() REPRESENTATION_CONTEXT('2D SPACE',''
  ) );
#9936 = PCURVE('',#9395,#9937);
#9937 = DEFINITIONAL_REPRESENTATION('',(#9938),#9942);
#9938 = LINE('',#9939,#9940);
#9939 = CARTESIAN_POINT('',(0.,-0.));
#9940 = VECTOR('',#9941,1.);
#9941 = DIRECTION('',(0.,1.));
#9942 = ( GEOMETRIC_REPRESENTATION_CONTEXT(2) 
PARAMETRIC_REPRESENTATION_CONTEXT() REPRESENTATION_CONTEXT('2D SPACE',''
  ) );
#9943 = ORIENTED_EDGE('',*,*,#9507,.T.);
#9944 = ORIENTED_EDGE('',*,*,#9923,.T.);
#9945 = ADVANCED_FACE('',(#9946),#9743,.F.);
#9946 = FACE_BOUND('',#9947,.F.);
#9947 = EDGE_LOOP('',(#9948,#9949,#9970,#9971));
#9948 = ORIENTED_EDGE('',*,*,#9854,.F.);
#9949 = ORIENTED_EDGE('',*,*,#9950,.F.);
#9950 = EDGE_CURVE('',#9727,#9855,#9951,.T.);
#9951 = SEAM_CURVE('',#9952,(#9956,#9963),.PCURVE_S1.);
#9952 = LINE('',#9953,#9954);
#9953 = CARTESIAN_POINT('',(13.05,30.,-15.));
#9954 = VECTOR('',#9955,1.);
#9955 = DIRECTION('',(0.,0.,1.));
#9956 = PCURVE('',#9743,#9957);
#9957 = DEFINITIONAL_REPRESENTATION('',(#9958),#9962);
#9958 = LINE('',#9959,#9960);
#9959 = CARTESIAN_POINT('',(6.28318530718,-0.));
#9960 = VECTOR('',#9961,1.);
#9961 = DIRECTION('',(0.,1.));
#9962 = ( GEOMETRIC_REPRESENTATION_CONTEXT(2) 
PARAMETRIC_REPRESENTATION_CONTEXT() REPRESENTATION_CONTEXT('2D SPACE',''
  ) );
#9963 = PCURVE('',#9743,#9964);
#9964 = DEFINITIONAL_REPRESENTATION('',(#9965),#9969);
#9965 = LINE('',#9966,#9967);
#9966 = CARTESIAN_POINT('',(0.,-0.));
#9967 = VECTOR('',#9968,1.);
#9968 = DIRECTION('',(0.,1.));
#9969 = ( GEOMETRIC_REPRESENTATION_CONTEXT(2) 
PARAMETRIC_REPRESENTATION_CONTEXT() REPRESENTATION_CONTEXT('2D SPACE',''
  ) );
#9970 = ORIENTED_EDGE('',*,*,#9726,.T.);
#9971 = ORIENTED_EDGE('',*,*,#9950,.T.);
#9972 = ( GEOMETRIC_REPRESENTATION_CONTEXT(3) 
GLOBAL_UNCERTAINTY_ASSIGNED_CONTEXT((#9976)) 
GLOBAL_UNIT_ASSIGNED_CONTEXT((#9973,#9974,#9975)) REPRESENTATION_CONTEXT
('Context #1','3D Context with UNIT and UNCERTAINTY') );
#9973 = ( LENGTH_UNIT() NAMED_UNIT(*) SI_UNIT(.MILLI.,.METRE.) );
#9974 = ( NAMED_UNIT(*) PLANE_ANGLE_UNIT() SI_UNIT($,.RADIAN.) );
#9975 = ( NAMED_UNIT(*) SI_UNIT($,.STERADIAN.) SOLID_ANGLE_UNIT() );
#9976 = UNCERTAINTY_MEASURE_WITH_UNIT(LENGTH_MEASURE(1.E-07),#9973,
  'distance_accuracy_value','confusion accuracy');
#9977 = CONTEXT_DEPENDENT_SHAPE_REPRESENTATION(#9978,#9980);
#9978 = ( REPRESENTATION_RELATIONSHIP('','',#9007,#10) 
REPRESENTATION_RELATIONSHIP_WITH_TRANSFORMATION(#9979) 
SHAPE_REPRESENTATION_RELATIONSHIP() );
#9979 = ITEM_DEFINED_TRANSFORMATION('','',#11,#19);
#9980 = PRODUCT_DEFINITION_SHAPE('Placement','Placement of an item',
  #9981);
#9981 = NEXT_ASSEMBLY_USAGE_OCCURRENCE('20','=>[0:1:1:3]','',#5,#9002,$
  );
#9982 = PRODUCT_RELATED_PRODUCT_CATEGORY('part',$,(#9004));
#9983 = SHAPE_DEFINITION_REPRESENTATION(#9984,#9990);
#9984 = PRODUCT_DEFINITION_SHAPE('','',#9985);
#9985 = PRODUCT_DEFINITION('design','',#9986,#9989);
#9986 = PRODUCT_DEFINITION_FORMATION('','',#9987);
#9987 = PRODUCT('SOLID','SOLID','',(#9988));
#9988 = PRODUCT_CONTEXT('',#2,'mechanical');
#9989 = PRODUCT_DEFINITION_CONTEXT('part definition',#2,'design');
#9990 = ADVANCED_BREP_SHAPE_REPRESENTATION('',(#11,#9991),#10955);
#9991 = MANIFOLD_SOLID_BREP('',#9992);
#9992 = CLOSED_SHELL('',(#9993,#10283,#10389,#10438,#10513,#10560,#10608
    ,#10657,#10737,#10786,#10860,#10888,#10901,#10928));
#9993 = ADVANCED_FACE('',(#9994),#10008,.T.);
#9994 = FACE_BOUND('',#9995,.T.);
#9995 = EDGE_LOOP('',(#9996,#10031,#10059,#10087,#10115,#10144,#10172,
    #10200,#10228,#10256));
#9996 = ORIENTED_EDGE('',*,*,#9997,.T.);
#9997 = EDGE_CURVE('',#9998,#10000,#10002,.T.);
#9998 = VERTEX_POINT('',#9999);
#9999 = CARTESIAN_POINT('',(-6.838311195025,95.,-0.4));
#10000 = VERTEX_POINT('',#10001);
#10001 = CARTESIAN_POINT('',(-14.35,95.,-0.4));
#10002 = SURFACE_CURVE('',#10003,(#10007,#10019),.PCURVE_S1.);
#10003 = LINE('',#10004,#10005);
#10004 = CARTESIAN_POINT('',(-6.838311195025,95.,-0.4));
#10005 = VECTOR('',#10006,1.);
#10006 = DIRECTION('',(-1.,0.,-4.360082010419E-16));
#10007 = PCURVE('',#10008,#10013);
#10008 = PLANE('',#10009);
#10009 = AXIS2_PLACEMENT_3D('',#10010,#10011,#10012);
#10010 = CARTESIAN_POINT('',(0.,95.,6.661338147751E-16));
#10011 = DIRECTION('',(0.,-1.,2.22044604925E-16));
#10012 = DIRECTION('',(1.,0.,0.));
#10013 = DEFINITIONAL_REPRESENTATION('',(#10014),#10018);
#10014 = LINE('',#10015,#10016);
#10015 = CARTESIAN_POINT('',(-6.838311195025,-0.4));
#10016 = VECTOR('',#10017,1.);
#10017 = DIRECTION('',(-1.,-4.360082010419E-16));
#10018 = ( GEOMETRIC_REPRESENTATION_CONTEXT(2) 
PARAMETRIC_REPRESENTATION_CONTEXT() REPRESENTATION_CONTEXT('2D SPACE',''
  ) );
#10019 = PCURVE('',#10020,#10025);
#10020 = PLANE('',#10021);
#10021 = AXIS2_PLACEMENT_3D('',#10022,#10023,#10024);
#10022 = CARTESIAN_POINT('',(-20.,92.,-0.4));
#10023 = DIRECTION('',(0.,0.,1.));
#10024 = DIRECTION('',(1.,0.,-0.));
#10025 = DEFINITIONAL_REPRESENTATION('',(#10026),#10030);
#10026 = LINE('',#10027,#10028);
#10027 = CARTESIAN_POINT('',(13.161688804975,3.));
#10028 = VECTOR('',#10029,1.);
#10029 = DIRECTION('',(-1.,0.));
#10030 = ( GEOMETRIC_REPRESENTATION_CONTEXT(2) 
PARAMETRIC_REPRESENTATION_CONTEXT() REPRESENTATION_CONTEXT('2D SPACE',''
  ) );
#10031 = ORIENTED_EDGE('',*,*,#10032,.F.);
#10032 = EDGE_CURVE('',#10033,#10000,#10035,.T.);
#10033 = VERTEX_POINT('',#10034);
#10034 = CARTESIAN_POINT('',(-14.35,95.,-3.9));
#10035 = SURFACE_CURVE('',#10036,(#10040,#10047),.PCURVE_S1.);
#10036 = LINE('',#10037,#10038);
#10037 = CARTESIAN_POINT('',(-14.35,95.,-3.9));
#10038 = VECTOR('',#10039,1.);
#10039 = DIRECTION('',(0.,0.,1.));
#10040 = PCURVE('',#10008,#10041);
#10041 = DEFINITIONAL_REPRESENTATION('',(#10042),#10046);
#10042 = LINE('',#10043,#10044);
#10043 = CARTESIAN_POINT('',(-14.35,-3.9));
#10044 = VECTOR('',#10045,1.);
#10045 = DIRECTION('',(0.,1.));
#10046 = ( GEOMETRIC_REPRESENTATION_CONTEXT(2) 
PARAMETRIC_REPRESENTATION_CONTEXT() REPRESENTATION_CONTEXT('2D SPACE',''
  ) );
#10047 = PCURVE('',#10048,#10053);
#10048 = PLANE('',#10049);
#10049 = AXIS2_PLACEMENT_3D('',#10050,#10051,#10052);
#10050 = CARTESIAN_POINT('',(-14.35,95.,-3.9));
#10051 = DIRECTION('',(1.,0.,-0.));
#10052 = DIRECTION('',(0.,0.,1.));
#10053 = DEFINITIONAL_REPRESENTATION('',(#10054),#10058);
#10054 = LINE('',#10055,#10056);
#10055 = CARTESIAN_POINT('',(0.,0.));
#10056 = VECTOR('',#10057,1.);
#10057 = DIRECTION('',(1.,0.));
#10058 = ( GEOMETRIC_REPRESENTATION_CONTEXT(2) 
PARAMETRIC_REPRESENTATION_CONTEXT() REPRESENTATION_CONTEXT('2D SPACE',''
  ) );
#10059 = ORIENTED_EDGE('',*,*,#10060,.T.);
#10060 = EDGE_CURVE('',#10033,#10061,#10063,.T.);
#10061 = VERTEX_POINT('',#10062);
#10062 = CARTESIAN_POINT('',(-9.35,95.,-3.9));
#10063 = SURFACE_CURVE('',#10064,(#10068,#10075),.PCURVE_S1.);
#10064 = LINE('',#10065,#10066);
#10065 = CARTESIAN_POINT('',(-14.35,95.,-3.9));
#10066 = VECTOR('',#10067,1.);
#10067 = DIRECTION('',(1.,0.,-0.));
#10068 = PCURVE('',#10008,#10069);
#10069 = DEFINITIONAL_REPRESENTATION('',(#10070),#10074);
#10070 = LINE('',#10071,#10072);
#10071 = CARTESIAN_POINT('',(-14.35,-3.9));
#10072 = VECTOR('',#10073,1.);
#10073 = DIRECTION('',(1.,0.));
#10074 = ( GEOMETRIC_REPRESENTATION_CONTEXT(2) 
PARAMETRIC_REPRESENTATION_CONTEXT() REPRESENTATION_CONTEXT('2D SPACE',''
  ) );
#10075 = PCURVE('',#10076,#10081);
#10076 = PLANE('',#10077);
#10077 = AXIS2_PLACEMENT_3D('',#10078,#10079,#10080);
#10078 = CARTESIAN_POINT('',(-14.35,95.,-3.9));
#10079 = DIRECTION('',(0.,0.,1.));
#10080 = DIRECTION('',(1.,0.,-0.));
#10081 = DEFINITIONAL_REPRESENTATION('',(#10082),#10086);
#10082 = LINE('',#10083,#10084);
#10083 = CARTESIAN_POINT('',(0.,0.));
#10084 = VECTOR('',#10085,1.);
#10085 = DIRECTION('',(1.,0.));
#10086 = ( GEOMETRIC_REPRESENTATION_CONTEXT(2) 
PARAMETRIC_REPRESENTATION_CONTEXT() REPRESENTATION_CONTEXT('2D SPACE',''
  ) );
#10087 = ORIENTED_EDGE('',*,*,#10088,.T.);
#10088 = EDGE_CURVE('',#10061,#10089,#10091,.T.);
#10089 = VERTEX_POINT('',#10090);
#10090 = CARTESIAN_POINT('',(-9.35,95.,-3.098386676966));
#10091 = SURFACE_CURVE('',#10092,(#10096,#10103),.PCURVE_S1.);
#10092 = LINE('',#10093,#10094);
#10093 = CARTESIAN_POINT('',(-9.35,95.,-3.9));
#10094 = VECTOR('',#10095,1.);
#10095 = DIRECTION('',(0.,0.,1.));
#10096 = PCURVE('',#10008,#10097);
#10097 = DEFINITIONAL_REPRESENTATION('',(#10098),#10102);
#10098 = LINE('',#10099,#10100);
#10099 = CARTESIAN_POINT('',(-9.35,-3.9));
#10100 = VECTOR('',#10101,1.);
#10101 = DIRECTION('',(0.,1.));
#10102 = ( GEOMETRIC_REPRESENTATION_CONTEXT(2) 
PARAMETRIC_REPRESENTATION_CONTEXT() REPRESENTATION_CONTEXT('2D SPACE',''
  ) );
#10103 = PCURVE('',#10104,#10109);
#10104 = PLANE('',#10105);
#10105 = AXIS2_PLACEMENT_3D('',#10106,#10107,#10108);
#10106 = CARTESIAN_POINT('',(-9.35,95.,-3.9));
#10107 = DIRECTION('',(1.,0.,-0.));
#10108 = DIRECTION('',(0.,0.,1.));
#10109 = DEFINITIONAL_REPRESENTATION('',(#10110),#10114);
#10110 = LINE('',#10111,#10112);
#10111 = CARTESIAN_POINT('',(0.,0.));
#10112 = VECTOR('',#10113,1.);
#10113 = DIRECTION('',(1.,0.));
#10114 = ( GEOMETRIC_REPRESENTATION_CONTEXT(2) 
PARAMETRIC_REPRESENTATION_CONTEXT() REPRESENTATION_CONTEXT('2D SPACE',''
  ) );
#10115 = ORIENTED_EDGE('',*,*,#10116,.T.);
#10116 = EDGE_CURVE('',#10089,#10117,#10119,.T.);
#10117 = VERTEX_POINT('',#10118);
#10118 = CARTESIAN_POINT('',(9.35,95.,-3.098386676966));
#10119 = SURFACE_CURVE('',#10120,(#10125,#10132),.PCURVE_S1.);
#10120 = CIRCLE('',#10121,9.85);
#10121 = AXIS2_PLACEMENT_3D('',#10122,#10123,#10124);
#10122 = CARTESIAN_POINT('',(0.,95.,6.661338147751E-16));
#10123 = DIRECTION('',(0.,-1.,2.22044604925E-16));
#10124 = DIRECTION('',(1.,0.,0.));
#10125 = PCURVE('',#10008,#10126);
#10126 = DEFINITIONAL_REPRESENTATION('',(#10127),#10131);
#10127 = CIRCLE('',#10128,9.85);
#10128 = AXIS2_PLACEMENT_2D('',#10129,#10130);
#10129 = CARTESIAN_POINT('',(0.,0.));
#10130 = DIRECTION('',(1.,0.));
#10131 = ( GEOMETRIC_REPRESENTATION_CONTEXT(2) 
PARAMETRIC_REPRESENTATION_CONTEXT() REPRESENTATION_CONTEXT('2D SPACE',''
  ) );
#10132 = PCURVE('',#10133,#10138);
#10133 = CYLINDRICAL_SURFACE('',#10134,9.85);
#10134 = AXIS2_PLACEMENT_3D('',#10135,#10136,#10137);
#10135 = CARTESIAN_POINT('',(0.,101.,-6.661338147751E-16));
#10136 = DIRECTION('',(0.,-1.,2.22044604925E-16));
#10137 = DIRECTION('',(1.,0.,0.));
#10138 = DEFINITIONAL_REPRESENTATION('',(#10139),#10143);
#10139 = LINE('',#10140,#10141);
#10140 = CARTESIAN_POINT('',(0.,6.));
#10141 = VECTOR('',#10142,1.);
#10142 = DIRECTION('',(1.,0.));
#10143 = ( GEOMETRIC_REPRESENTATION_CONTEXT(2) 
PARAMETRIC_REPRESENTATION_CONTEXT() REPRESENTATION_CONTEXT('2D SPACE',''
  ) );
#10144 = ORIENTED_EDGE('',*,*,#10145,.F.);
#10145 = EDGE_CURVE('',#10146,#10117,#10148,.T.);
#10146 = VERTEX_POINT('',#10147);
#10147 = CARTESIAN_POINT('',(9.35,95.,-3.9));
#10148 = SURFACE_CURVE('',#10149,(#10153,#10160),.PCURVE_S1.);
#10149 = LINE('',#10150,#10151);
#10150 = CARTESIAN_POINT('',(9.35,95.,-3.9));
#10151 = VECTOR('',#10152,1.);
#10152 = DIRECTION('',(0.,0.,1.));
#10153 = PCURVE('',#10008,#10154);
#10154 = DEFINITIONAL_REPRESENTATION('',(#10155),#10159);
#10155 = LINE('',#10156,#10157);
#10156 = CARTESIAN_POINT('',(9.35,-3.9));
#10157 = VECTOR('',#10158,1.);
#10158 = DIRECTION('',(0.,1.));
#10159 = ( GEOMETRIC_REPRESENTATION_CONTEXT(2) 
PARAMETRIC_REPRESENTATION_CONTEXT() REPRESENTATION_CONTEXT('2D SPACE',''
  ) );
#10160 = PCURVE('',#10161,#10166);
#10161 = PLANE('',#10162);
#10162 = AXIS2_PLACEMENT_3D('',#10163,#10164,#10165);
#10163 = CARTESIAN_POINT('',(9.35,95.,-3.9));
#10164 = DIRECTION('',(1.,0.,-0.));
#10165 = DIRECTION('',(0.,0.,1.));
#10166 = DEFINITIONAL_REPRESENTATION('',(#10167),#10171);
#10167 = LINE('',#10168,#10169);
#10168 = CARTESIAN_POINT('',(0.,0.));
#10169 = VECTOR('',#10170,1.);
#10170 = DIRECTION('',(1.,0.));
#10171 = ( GEOMETRIC_REPRESENTATION_CONTEXT(2) 
PARAMETRIC_REPRESENTATION_CONTEXT() REPRESENTATION_CONTEXT('2D SPACE',''
  ) );
#10172 = ORIENTED_EDGE('',*,*,#10173,.T.);
#10173 = EDGE_CURVE('',#10146,#10174,#10176,.T.);
#10174 = VERTEX_POINT('',#10175);
#10175 = CARTESIAN_POINT('',(14.35,95.,-3.9));
#10176 = SURFACE_CURVE('',#10177,(#10181,#10188),.PCURVE_S1.);
#10177 = LINE('',#10178,#10179);
#10178 = CARTESIAN_POINT('',(9.35,95.,-3.9));
#10179 = VECTOR('',#10180,1.);
#10180 = DIRECTION('',(1.,0.,-0.));
#10181 = PCURVE('',#10008,#10182);
#10182 = DEFINITIONAL_REPRESENTATION('',(#10183),#10187);
#10183 = LINE('',#10184,#10185);
#10184 = CARTESIAN_POINT('',(9.35,-3.9));
#10185 = VECTOR('',#10186,1.);
#10186 = DIRECTION('',(1.,0.));
#10187 = ( GEOMETRIC_REPRESENTATION_CONTEXT(2) 
PARAMETRIC_REPRESENTATION_CONTEXT() REPRESENTATION_CONTEXT('2D SPACE',''
  ) );
#10188 = PCURVE('',#10189,#10194);
#10189 = PLANE('',#10190);
#10190 = AXIS2_PLACEMENT_3D('',#10191,#10192,#10193);
#10191 = CARTESIAN_POINT('',(9.35,95.,-3.9));
#10192 = DIRECTION('',(0.,0.,1.));
#10193 = DIRECTION('',(1.,0.,-0.));
#10194 = DEFINITIONAL_REPRESENTATION('',(#10195),#10199);
#10195 = LINE('',#10196,#10197);
#10196 = CARTESIAN_POINT('',(0.,0.));
#10197 = VECTOR('',#10198,1.);
#10198 = DIRECTION('',(1.,0.));
#10199 = ( GEOMETRIC_REPRESENTATION_CONTEXT(2) 
PARAMETRIC_REPRESENTATION_CONTEXT() REPRESENTATION_CONTEXT('2D SPACE',''
  ) );
#10200 = ORIENTED_EDGE('',*,*,#10201,.T.);
#10201 = EDGE_CURVE('',#10174,#10202,#10204,.T.);
#10202 = VERTEX_POINT('',#10203);
#10203 = CARTESIAN_POINT('',(14.35,95.,-0.4));
#10204 = SURFACE_CURVE('',#10205,(#10209,#10216),.PCURVE_S1.);
#10205 = LINE('',#10206,#10207);
#10206 = CARTESIAN_POINT('',(14.35,95.,-3.9));
#10207 = VECTOR('',#10208,1.);
#10208 = DIRECTION('',(0.,0.,1.));
#10209 = PCURVE('',#10008,#10210);
#10210 = DEFINITIONAL_REPRESENTATION('',(#10211),#10215);
#10211 = LINE('',#10212,#10213);
#10212 = CARTESIAN_POINT('',(14.35,-3.9));
#10213 = VECTOR('',#10214,1.);
#10214 = DIRECTION('',(0.,1.));
#10215 = ( GEOMETRIC_REPRESENTATION_CONTEXT(2) 
PARAMETRIC_REPRESENTATION_CONTEXT() REPRESENTATION_CONTEXT('2D SPACE',''
  ) );
#10216 = PCURVE('',#10217,#10222);
#10217 = PLANE('',#10218);
#10218 = AXIS2_PLACEMENT_3D('',#10219,#10220,#10221);
#10219 = CARTESIAN_POINT('',(14.35,95.,-3.9));
#10220 = DIRECTION('',(1.,0.,-0.));
#10221 = DIRECTION('',(0.,0.,1.));
#10222 = DEFINITIONAL_REPRESENTATION('',(#10223),#10227);
#10223 = LINE('',#10224,#10225);
#10224 = CARTESIAN_POINT('',(0.,0.));
#10225 = VECTOR('',#10226,1.);
#10226 = DIRECTION('',(1.,0.));
#10227 = ( GEOMETRIC_REPRESENTATION_CONTEXT(2) 
PARAMETRIC_REPRESENTATION_CONTEXT() REPRESENTATION_CONTEXT('2D SPACE',''
  ) );
#10228 = ORIENTED_EDGE('',*,*,#10229,.T.);
#10229 = EDGE_CURVE('',#10202,#10230,#10232,.T.);
#10230 = VERTEX_POINT('',#10231);
#10231 = CARTESIAN_POINT('',(6.838311195025,95.,-0.4));
#10232 = SURFACE_CURVE('',#10233,(#10237,#10244),.PCURVE_S1.);
#10233 = LINE('',#10234,#10235);
#10234 = CARTESIAN_POINT('',(14.35,95.,-0.4));
#10235 = VECTOR('',#10236,1.);
#10236 = DIRECTION('',(-1.,0.,-2.955987803674E-16));
#10237 = PCURVE('',#10008,#10238);
#10238 = DEFINITIONAL_REPRESENTATION('',(#10239),#10243);
#10239 = LINE('',#10240,#10241);
#10240 = CARTESIAN_POINT('',(14.35,-0.4));
#10241 = VECTOR('',#10242,1.);
#10242 = DIRECTION('',(-1.,-2.955987803674E-16));
#10243 = ( GEOMETRIC_REPRESENTATION_CONTEXT(2) 
PARAMETRIC_REPRESENTATION_CONTEXT() REPRESENTATION_CONTEXT('2D SPACE',''
  ) );
#10244 = PCURVE('',#10245,#10250);
#10245 = PLANE('',#10246);
#10246 = AXIS2_PLACEMENT_3D('',#10247,#10248,#10249);
#10247 = CARTESIAN_POINT('',(-20.,92.,-0.4));
#10248 = DIRECTION('',(0.,0.,1.));
#10249 = DIRECTION('',(1.,0.,-0.));
#10250 = DEFINITIONAL_REPRESENTATION('',(#10251),#10255);
#10251 = LINE('',#10252,#10253);
#10252 = CARTESIAN_POINT('',(34.35,3.));
#10253 = VECTOR('',#10254,1.);
#10254 = DIRECTION('',(-1.,0.));
#10255 = ( GEOMETRIC_REPRESENTATION_CONTEXT(2) 
PARAMETRIC_REPRESENTATION_CONTEXT() REPRESENTATION_CONTEXT('2D SPACE',''
  ) );
#10256 = ORIENTED_EDGE('',*,*,#10257,.F.);
#10257 = EDGE_CURVE('',#9998,#10230,#10258,.T.);
#10258 = SURFACE_CURVE('',#10259,(#10264,#10271),.PCURVE_S1.);
#10259 = CIRCLE('',#10260,6.85);
#10260 = AXIS2_PLACEMENT_3D('',#10261,#10262,#10263);
#10261 = CARTESIAN_POINT('',(0.,95.,6.661338147751E-16));
#10262 = DIRECTION('',(0.,-1.,2.22044604925E-16));
#10263 = DIRECTION('',(1.,0.,0.));
#10264 = PCURVE('',#10008,#10265);
#10265 = DEFINITIONAL_REPRESENTATION('',(#10266),#10270);
#10266 = CIRCLE('',#10267,6.85);
#10267 = AXIS2_PLACEMENT_2D('',#10268,#10269);
#10268 = CARTESIAN_POINT('',(0.,0.));
#10269 = DIRECTION('',(1.,0.));
#10270 = ( GEOMETRIC_REPRESENTATION_CONTEXT(2) 
PARAMETRIC_REPRESENTATION_CONTEXT() REPRESENTATION_CONTEXT('2D SPACE',''
  ) );
#10271 = PCURVE('',#10272,#10277);
#10272 = CYLINDRICAL_SURFACE('',#10273,6.85);
#10273 = AXIS2_PLACEMENT_3D('',#10274,#10275,#10276);
#10274 = CARTESIAN_POINT('',(0.,102.,-8.881784197001E-16));
#10275 = DIRECTION('',(0.,-1.,2.22044604925E-16));
#10276 = DIRECTION('',(1.,0.,0.));
#10277 = DEFINITIONAL_REPRESENTATION('',(#10278),#10282);
#10278 = LINE('',#10279,#10280);
#10279 = CARTESIAN_POINT('',(0.,7.));
#10280 = VECTOR('',#10281,1.);
#10281 = DIRECTION('',(1.,0.));
#10282 = ( GEOMETRIC_REPRESENTATION_CONTEXT(2) 
PARAMETRIC_REPRESENTATION_CONTEXT() REPRESENTATION_CONTEXT('2D SPACE',''
  ) );
#10283 = ADVANCED_FACE('',(#10284,#10358),#10020,.T.);
#10284 = FACE_BOUND('',#10285,.T.);
#10285 = EDGE_LOOP('',(#10286,#10287,#10309,#10337));
#10286 = ORIENTED_EDGE('',*,*,#9997,.F.);
#10287 = ORIENTED_EDGE('',*,*,#10288,.F.);
#10288 = EDGE_CURVE('',#10289,#9998,#10291,.T.);
#10289 = VERTEX_POINT('',#10290);
#10290 = CARTESIAN_POINT('',(-6.838311195025,101.,-0.4));
#10291 = SURFACE_CURVE('',#10292,(#10296,#10303),.PCURVE_S1.);
#10292 = LINE('',#10293,#10294);
#10293 = CARTESIAN_POINT('',(-6.838311195025,102.,-0.4));
#10294 = VECTOR('',#10295,1.);
#10295 = DIRECTION('',(0.,-1.,2.22044604925E-16));
#10296 = PCURVE('',#10020,#10297);
#10297 = DEFINITIONAL_REPRESENTATION('',(#10298),#10302);
#10298 = LINE('',#10299,#10300);
#10299 = CARTESIAN_POINT('',(13.161688804975,10.));
#10300 = VECTOR('',#10301,1.);
#10301 = DIRECTION('',(0.,-1.));
#10302 = ( GEOMETRIC_REPRESENTATION_CONTEXT(2) 
PARAMETRIC_REPRESENTATION_CONTEXT() REPRESENTATION_CONTEXT('2D SPACE',''
  ) );
#10303 = PCURVE('',#10272,#10304);
#10304 = DEFINITIONAL_REPRESENTATION('',(#10305),#10308);
#10305 = B_SPLINE_CURVE_WITH_KNOTS('',1,(#10306,#10307),.UNSPECIFIED.,
  .F.,.F.,(2,2),(0.9999994,7.0000006),.PIECEWISE_BEZIER_KNOTS.);
#10306 = CARTESIAN_POINT('',(3.20002005136,0.9999994));
#10307 = CARTESIAN_POINT('',(3.20002005136,7.0000006));
#10308 = ( GEOMETRIC_REPRESENTATION_CONTEXT(2) 
PARAMETRIC_REPRESENTATION_CONTEXT() REPRESENTATION_CONTEXT('2D SPACE',''
  ) );
#10309 = ORIENTED_EDGE('',*,*,#10310,.T.);
#10310 = EDGE_CURVE('',#10289,#10311,#10313,.T.);
#10311 = VERTEX_POINT('',#10312);
#10312 = CARTESIAN_POINT('',(-14.35,101.,-0.4));
#10313 = SURFACE_CURVE('',#10314,(#10318,#10325),.PCURVE_S1.);
#10314 = LINE('',#10315,#10316);
#10315 = CARTESIAN_POINT('',(-6.838311195025,101.,-0.4));
#10316 = VECTOR('',#10317,1.);
#10317 = DIRECTION('',(-1.,0.,-2.586489328215E-16));
#10318 = PCURVE('',#10020,#10319);
#10319 = DEFINITIONAL_REPRESENTATION('',(#10320),#10324);
#10320 = LINE('',#10321,#10322);
#10321 = CARTESIAN_POINT('',(13.161688804975,9.));
#10322 = VECTOR('',#10323,1.);
#10323 = DIRECTION('',(-1.,0.));
#10324 = ( GEOMETRIC_REPRESENTATION_CONTEXT(2) 
PARAMETRIC_REPRESENTATION_CONTEXT() REPRESENTATION_CONTEXT('2D SPACE',''
  ) );
#10325 = PCURVE('',#10326,#10331);
#10326 = PLANE('',#10327);
#10327 = AXIS2_PLACEMENT_3D('',#10328,#10329,#10330);
#10328 = CARTESIAN_POINT('',(0.,101.,-6.661338147751E-16));
#10329 = DIRECTION('',(0.,-1.,2.22044604925E-16));
#10330 = DIRECTION('',(1.,0.,0.));
#10331 = DEFINITIONAL_REPRESENTATION('',(#10332),#10336);
#10332 = LINE('',#10333,#10334);
#10333 = CARTESIAN_POINT('',(-6.838311195025,-0.4));
#10334 = VECTOR('',#10335,1.);
#10335 = DIRECTION('',(-1.,-2.586489328215E-16));
#10336 = ( GEOMETRIC_REPRESENTATION_CONTEXT(2) 
PARAMETRIC_REPRESENTATION_CONTEXT() REPRESENTATION_CONTEXT('2D SPACE',''
  ) );
#10337 = ORIENTED_EDGE('',*,*,#10338,.F.);
#10338 = EDGE_CURVE('',#10000,#10311,#10339,.T.);
#10339 = SURFACE_CURVE('',#10340,(#10344,#10351),.PCURVE_S1.);
#10340 = LINE('',#10341,#10342);
#10341 = CARTESIAN_POINT('',(-14.35,95.,-0.4));
#10342 = VECTOR('',#10343,1.);
#10343 = DIRECTION('',(-0.,1.,0.));
#10344 = PCURVE('',#10020,#10345);
#10345 = DEFINITIONAL_REPRESENTATION('',(#10346),#10350);
#10346 = LINE('',#10347,#10348);
#10347 = CARTESIAN_POINT('',(5.65,3.));
#10348 = VECTOR('',#10349,1.);
#10349 = DIRECTION('',(0.,1.));
#10350 = ( GEOMETRIC_REPRESENTATION_CONTEXT(2) 
PARAMETRIC_REPRESENTATION_CONTEXT() REPRESENTATION_CONTEXT('2D SPACE',''
  ) );
#10351 = PCURVE('',#10048,#10352);
#10352 = DEFINITIONAL_REPRESENTATION('',(#10353),#10357);
#10353 = LINE('',#10354,#10355);
#10354 = CARTESIAN_POINT('',(3.5,0.));
#10355 = VECTOR('',#10356,1.);
#10356 = DIRECTION('',(0.,-1.));
#10357 = ( GEOMETRIC_REPRESENTATION_CONTEXT(2) 
PARAMETRIC_REPRESENTATION_CONTEXT() REPRESENTATION_CONTEXT('2D SPACE',''
  ) );
#10358 = FACE_BOUND('',#10359,.T.);
#10359 = EDGE_LOOP('',(#10360));
#10360 = ORIENTED_EDGE('',*,*,#10361,.F.);
#10361 = EDGE_CURVE('',#10362,#10362,#10364,.T.);
#10362 = VERTEX_POINT('',#10363);
#10363 = CARTESIAN_POINT('',(-10.65,98.,-0.4));
#10364 = SURFACE_CURVE('',#10365,(#10370,#10377),.PCURVE_S1.);
#10365 = CIRCLE('',#10366,1.2);
#10366 = AXIS2_PLACEMENT_3D('',#10367,#10368,#10369);
#10367 = CARTESIAN_POINT('',(-11.85,98.,-0.4));
#10368 = DIRECTION('',(0.,0.,1.));
#10369 = DIRECTION('',(1.,0.,-0.));
#10370 = PCURVE('',#10020,#10371);
#10371 = DEFINITIONAL_REPRESENTATION('',(#10372),#10376);
#10372 = CIRCLE('',#10373,1.2);
#10373 = AXIS2_PLACEMENT_2D('',#10374,#10375);
#10374 = CARTESIAN_POINT('',(8.15,6.));
#10375 = DIRECTION('',(1.,0.));
#10376 = ( GEOMETRIC_REPRESENTATION_CONTEXT(2) 
PARAMETRIC_REPRESENTATION_CONTEXT() REPRESENTATION_CONTEXT('2D SPACE',''
  ) );
#10377 = PCURVE('',#10378,#10383);
#10378 = CYLINDRICAL_SURFACE('',#10379,1.2);
#10379 = AXIS2_PLACEMENT_3D('',#10380,#10381,#10382);
#10380 = CARTESIAN_POINT('',(-11.85,98.,-15.));
#10381 = DIRECTION('',(0.,0.,1.));
#10382 = DIRECTION('',(1.,0.,-0.));
#10383 = DEFINITIONAL_REPRESENTATION('',(#10384),#10388);
#10384 = LINE('',#10385,#10386);
#10385 = CARTESIAN_POINT('',(0.,14.6));
#10386 = VECTOR('',#10387,1.);
#10387 = DIRECTION('',(1.,0.));
#10388 = ( GEOMETRIC_REPRESENTATION_CONTEXT(2) 
PARAMETRIC_REPRESENTATION_CONTEXT() REPRESENTATION_CONTEXT('2D SPACE',''
  ) );
#10389 = ADVANCED_FACE('',(#10390),#10048,.F.);
#10390 = FACE_BOUND('',#10391,.F.);
#10391 = EDGE_LOOP('',(#10392,#10393,#10416,#10437));
#10392 = ORIENTED_EDGE('',*,*,#10032,.F.);
#10393 = ORIENTED_EDGE('',*,*,#10394,.T.);
#10394 = EDGE_CURVE('',#10033,#10395,#10397,.T.);
#10395 = VERTEX_POINT('',#10396);
#10396 = CARTESIAN_POINT('',(-14.35,101.,-3.9));
#10397 = SURFACE_CURVE('',#10398,(#10402,#10409),.PCURVE_S1.);
#10398 = LINE('',#10399,#10400);
#10399 = CARTESIAN_POINT('',(-14.35,95.,-3.9));
#10400 = VECTOR('',#10401,1.);
#10401 = DIRECTION('',(-0.,1.,0.));
#10402 = PCURVE('',#10048,#10403);
#10403 = DEFINITIONAL_REPRESENTATION('',(#10404),#10408);
#10404 = LINE('',#10405,#10406);
#10405 = CARTESIAN_POINT('',(0.,0.));
#10406 = VECTOR('',#10407,1.);
#10407 = DIRECTION('',(0.,-1.));
#10408 = ( GEOMETRIC_REPRESENTATION_CONTEXT(2) 
PARAMETRIC_REPRESENTATION_CONTEXT() REPRESENTATION_CONTEXT('2D SPACE',''
  ) );
#10409 = PCURVE('',#10076,#10410);
#10410 = DEFINITIONAL_REPRESENTATION('',(#10411),#10415);
#10411 = LINE('',#10412,#10413);
#10412 = CARTESIAN_POINT('',(0.,0.));
#10413 = VECTOR('',#10414,1.);
#10414 = DIRECTION('',(0.,1.));
#10415 = ( GEOMETRIC_REPRESENTATION_CONTEXT(2) 
PARAMETRIC_REPRESENTATION_CONTEXT() REPRESENTATION_CONTEXT('2D SPACE',''
  ) );
#10416 = ORIENTED_EDGE('',*,*,#10417,.T.);
#10417 = EDGE_CURVE('',#10395,#10311,#10418,.T.);
#10418 = SURFACE_CURVE('',#10419,(#10423,#10430),.PCURVE_S1.);
#10419 = LINE('',#10420,#10421);
#10420 = CARTESIAN_POINT('',(-14.35,101.,-3.9));
#10421 = VECTOR('',#10422,1.);
#10422 = DIRECTION('',(0.,0.,1.));
#10423 = PCURVE('',#10048,#10424);
#10424 = DEFINITIONAL_REPRESENTATION('',(#10425),#10429);
#10425 = LINE('',#10426,#10427);
#10426 = CARTESIAN_POINT('',(0.,-6.));
#10427 = VECTOR('',#10428,1.);
#10428 = DIRECTION('',(1.,0.));
#10429 = ( GEOMETRIC_REPRESENTATION_CONTEXT(2) 
PARAMETRIC_REPRESENTATION_CONTEXT() REPRESENTATION_CONTEXT('2D SPACE',''
  ) );
#10430 = PCURVE('',#10326,#10431);
#10431 = DEFINITIONAL_REPRESENTATION('',(#10432),#10436);
#10432 = LINE('',#10433,#10434);
#10433 = CARTESIAN_POINT('',(-14.35,-3.9));
#10434 = VECTOR('',#10435,1.);
#10435 = DIRECTION('',(0.,1.));
#10436 = ( GEOMETRIC_REPRESENTATION_CONTEXT(2) 
PARAMETRIC_REPRESENTATION_CONTEXT() REPRESENTATION_CONTEXT('2D SPACE',''
  ) );
#10437 = ORIENTED_EDGE('',*,*,#10338,.F.);
#10438 = ADVANCED_FACE('',(#10439,#10487),#10076,.F.);
#10439 = FACE_BOUND('',#10440,.F.);
#10440 = EDGE_LOOP('',(#10441,#10442,#10443,#10466));
#10441 = ORIENTED_EDGE('',*,*,#10394,.F.);
#10442 = ORIENTED_EDGE('',*,*,#10060,.T.);
#10443 = ORIENTED_EDGE('',*,*,#10444,.T.);
#10444 = EDGE_CURVE('',#10061,#10445,#10447,.T.);
#10445 = VERTEX_POINT('',#10446);
#10446 = CARTESIAN_POINT('',(-9.35,101.,-3.9));
#10447 = SURFACE_CURVE('',#10448,(#10452,#10459),.PCURVE_S1.);
#10448 = LINE('',#10449,#10450);
#10449 = CARTESIAN_POINT('',(-9.35,95.,-3.9));
#10450 = VECTOR('',#10451,1.);
#10451 = DIRECTION('',(-0.,1.,0.));
#10452 = PCURVE('',#10076,#10453);
#10453 = DEFINITIONAL_REPRESENTATION('',(#10454),#10458);
#10454 = LINE('',#10455,#10456);
#10455 = CARTESIAN_POINT('',(5.,0.));
#10456 = VECTOR('',#10457,1.);
#10457 = DIRECTION('',(0.,1.));
#10458 = ( GEOMETRIC_REPRESENTATION_CONTEXT(2) 
PARAMETRIC_REPRESENTATION_CONTEXT() REPRESENTATION_CONTEXT('2D SPACE',''
  ) );
#10459 = PCURVE('',#10104,#10460);
#10460 = DEFINITIONAL_REPRESENTATION('',(#10461),#10465);
#10461 = LINE('',#10462,#10463);
#10462 = CARTESIAN_POINT('',(0.,0.));
#10463 = VECTOR('',#10464,1.);
#10464 = DIRECTION('',(0.,-1.));
#10465 = ( GEOMETRIC_REPRESENTATION_CONTEXT(2) 
PARAMETRIC_REPRESENTATION_CONTEXT() REPRESENTATION_CONTEXT('2D SPACE',''
  ) );
#10466 = ORIENTED_EDGE('',*,*,#10467,.F.);
#10467 = EDGE_CURVE('',#10395,#10445,#10468,.T.);
#10468 = SURFACE_CURVE('',#10469,(#10473,#10480),.PCURVE_S1.);
#10469 = LINE('',#10470,#10471);
#10470 = CARTESIAN_POINT('',(-14.35,101.,-3.9));
#10471 = VECTOR('',#10472,1.);
#10472 = DIRECTION('',(1.,0.,-0.));
#10473 = PCURVE('',#10076,#10474);
#10474 = DEFINITIONAL_REPRESENTATION('',(#10475),#10479);
#10475 = LINE('',#10476,#10477);
#10476 = CARTESIAN_POINT('',(0.,6.));
#10477 = VECTOR('',#10478,1.);
#10478 = DIRECTION('',(1.,0.));
#10479 = ( GEOMETRIC_REPRESENTATION_CONTEXT(2) 
PARAMETRIC_REPRESENTATION_CONTEXT() REPRESENTATION_CONTEXT('2D SPACE',''
  ) );
#10480 = PCURVE('',#10326,#10481);
#10481 = DEFINITIONAL_REPRESENTATION('',(#10482),#10486);
#10482 = LINE('',#10483,#10484);
#10483 = CARTESIAN_POINT('',(-14.35,-3.9));
#10484 = VECTOR('',#10485,1.);
#10485 = DIRECTION('',(1.,0.));
#10486 = ( GEOMETRIC_REPRESENTATION_CONTEXT(2) 
PARAMETRIC_REPRESENTATION_CONTEXT() REPRESENTATION_CONTEXT('2D SPACE',''
  ) );
#10487 = FACE_BOUND('',#10488,.F.);
#10488 = EDGE_LOOP('',(#10489));
#10489 = ORIENTED_EDGE('',*,*,#10490,.F.);
#10490 = EDGE_CURVE('',#10491,#10491,#10493,.T.);
#10491 = VERTEX_POINT('',#10492);
#10492 = CARTESIAN_POINT('',(-10.65,98.,-3.9));
#10493 = SURFACE_CURVE('',#10494,(#10499,#10506),.PCURVE_S1.);
#10494 = CIRCLE('',#10495,1.2);
#10495 = AXIS2_PLACEMENT_3D('',#10496,#10497,#10498);
#10496 = CARTESIAN_POINT('',(-11.85,98.,-3.9));
#10497 = DIRECTION('',(0.,0.,1.));
#10498 = DIRECTION('',(1.,0.,-0.));
#10499 = PCURVE('',#10076,#10500);
#10500 = DEFINITIONAL_REPRESENTATION('',(#10501),#10505);
#10501 = CIRCLE('',#10502,1.2);
#10502 = AXIS2_PLACEMENT_2D('',#10503,#10504);
#10503 = CARTESIAN_POINT('',(2.5,3.));
#10504 = DIRECTION('',(1.,0.));
#10505 = ( GEOMETRIC_REPRESENTATION_CONTEXT(2) 
PARAMETRIC_REPRESENTATION_CONTEXT() REPRESENTATION_CONTEXT('2D SPACE',''
  ) );
#10506 = PCURVE('',#10378,#10507);
#10507 = DEFINITIONAL_REPRESENTATION('',(#10508),#10512);
#10508 = LINE('',#10509,#10510);
#10509 = CARTESIAN_POINT('',(0.,11.1));
#10510 = VECTOR('',#10511,1.);
#10511 = DIRECTION('',(1.,0.));
#10512 = ( GEOMETRIC_REPRESENTATION_CONTEXT(2) 
PARAMETRIC_REPRESENTATION_CONTEXT() REPRESENTATION_CONTEXT('2D SPACE',''
  ) );
#10513 = ADVANCED_FACE('',(#10514),#10104,.T.);
#10514 = FACE_BOUND('',#10515,.T.);
#10515 = EDGE_LOOP('',(#10516,#10517,#10518,#10541));
#10516 = ORIENTED_EDGE('',*,*,#10088,.F.);
#10517 = ORIENTED_EDGE('',*,*,#10444,.T.);
#10518 = ORIENTED_EDGE('',*,*,#10519,.T.);
#10519 = EDGE_CURVE('',#10445,#10520,#10522,.T.);
#10520 = VERTEX_POINT('',#10521);
#10521 = CARTESIAN_POINT('',(-9.35,101.,-3.098386676966));
#10522 = SURFACE_CURVE('',#10523,(#10527,#10534),.PCURVE_S1.);
#10523 = LINE('',#10524,#10525);
#10524 = CARTESIAN_POINT('',(-9.35,101.,-3.9));
#10525 = VECTOR('',#10526,1.);
#10526 = DIRECTION('',(0.,0.,1.));
#10527 = PCURVE('',#10104,#10528);
#10528 = DEFINITIONAL_REPRESENTATION('',(#10529),#10533);
#10529 = LINE('',#10530,#10531);
#10530 = CARTESIAN_POINT('',(0.,-6.));
#10531 = VECTOR('',#10532,1.);
#10532 = DIRECTION('',(1.,0.));
#10533 = ( GEOMETRIC_REPRESENTATION_CONTEXT(2) 
PARAMETRIC_REPRESENTATION_CONTEXT() REPRESENTATION_CONTEXT('2D SPACE',''
  ) );
#10534 = PCURVE('',#10326,#10535);
#10535 = DEFINITIONAL_REPRESENTATION('',(#10536),#10540);
#10536 = LINE('',#10537,#10538);
#10537 = CARTESIAN_POINT('',(-9.35,-3.9));
#10538 = VECTOR('',#10539,1.);
#10539 = DIRECTION('',(0.,1.));
#10540 = ( GEOMETRIC_REPRESENTATION_CONTEXT(2) 
PARAMETRIC_REPRESENTATION_CONTEXT() REPRESENTATION_CONTEXT('2D SPACE',''
  ) );
#10541 = ORIENTED_EDGE('',*,*,#10542,.T.);
#10542 = EDGE_CURVE('',#10520,#10089,#10543,.T.);
#10543 = SURFACE_CURVE('',#10544,(#10548,#10554),.PCURVE_S1.);
#10544 = LINE('',#10545,#10546);
#10545 = CARTESIAN_POINT('',(-9.35,101.,-3.098386676966));
#10546 = VECTOR('',#10547,1.);
#10547 = DIRECTION('',(0.,-1.,2.22044604925E-16));
#10548 = PCURVE('',#10104,#10549);
#10549 = DEFINITIONAL_REPRESENTATION('',(#10550),#10553);
#10550 = B_SPLINE_CURVE_WITH_KNOTS('',1,(#10551,#10552),.UNSPECIFIED.,
  .F.,.F.,(2,2),(-5.999999928008E-07,6.0000006),
  .PIECEWISE_BEZIER_KNOTS.);
#10551 = CARTESIAN_POINT('',(0.801613323034,-6.0000006));
#10552 = CARTESIAN_POINT('',(0.801613323034,6.000000070117E-07));
#10553 = ( GEOMETRIC_REPRESENTATION_CONTEXT(2) 
PARAMETRIC_REPRESENTATION_CONTEXT() REPRESENTATION_CONTEXT('2D SPACE',''
  ) );
#10554 = PCURVE('',#10133,#10555);
#10555 = DEFINITIONAL_REPRESENTATION('',(#10556),#10559);
#10556 = B_SPLINE_CURVE_WITH_KNOTS('',1,(#10557,#10558),.UNSPECIFIED.,
  .F.,.F.,(2,2),(-5.999999928008E-07,6.0000006),
  .PIECEWISE_BEZIER_KNOTS.);
#10557 = CARTESIAN_POINT('',(3.461582605968,-5.999999934888E-07));
#10558 = CARTESIAN_POINT('',(3.461582605968,6.0000006));
#10559 = ( GEOMETRIC_REPRESENTATION_CONTEXT(2) 
PARAMETRIC_REPRESENTATION_CONTEXT() REPRESENTATION_CONTEXT('2D SPACE',''
  ) );
#10560 = ADVANCED_FACE('',(#10561),#10133,.T.);
#10561 = FACE_BOUND('',#10562,.T.);
#10562 = EDGE_LOOP('',(#10563,#10564,#10565,#10589));
#10563 = ORIENTED_EDGE('',*,*,#10116,.F.);
#10564 = ORIENTED_EDGE('',*,*,#10542,.F.);
#10565 = ORIENTED_EDGE('',*,*,#10566,.T.);
#10566 = EDGE_CURVE('',#10520,#10567,#10569,.T.);
#10567 = VERTEX_POINT('',#10568);
#10568 = CARTESIAN_POINT('',(9.35,101.,-3.098386676966));
#10569 = SURFACE_CURVE('',#10570,(#10575,#10582),.PCURVE_S1.);
#10570 = CIRCLE('',#10571,9.85);
#10571 = AXIS2_PLACEMENT_3D('',#10572,#10573,#10574);
#10572 = CARTESIAN_POINT('',(0.,101.,-6.661338147751E-16));
#10573 = DIRECTION('',(0.,-1.,2.22044604925E-16));
#10574 = DIRECTION('',(1.,0.,0.));
#10575 = PCURVE('',#10133,#10576);
#10576 = DEFINITIONAL_REPRESENTATION('',(#10577),#10581);
#10577 = LINE('',#10578,#10579);
#10578 = CARTESIAN_POINT('',(0.,0.));
#10579 = VECTOR('',#10580,1.);
#10580 = DIRECTION('',(1.,0.));
#10581 = ( GEOMETRIC_REPRESENTATION_CONTEXT(2) 
PARAMETRIC_REPRESENTATION_CONTEXT() REPRESENTATION_CONTEXT('2D SPACE',''
  ) );
#10582 = PCURVE('',#10326,#10583);
#10583 = DEFINITIONAL_REPRESENTATION('',(#10584),#10588);
#10584 = CIRCLE('',#10585,9.85);
#10585 = AXIS2_PLACEMENT_2D('',#10586,#10587);
#10586 = CARTESIAN_POINT('',(0.,0.));
#10587 = DIRECTION('',(1.,0.));
#10588 = ( GEOMETRIC_REPRESENTATION_CONTEXT(2) 
PARAMETRIC_REPRESENTATION_CONTEXT() REPRESENTATION_CONTEXT('2D SPACE',''
  ) );
#10589 = ORIENTED_EDGE('',*,*,#10590,.T.);
#10590 = EDGE_CURVE('',#10567,#10117,#10591,.T.);
#10591 = SURFACE_CURVE('',#10592,(#10596,#10602),.PCURVE_S1.);
#10592 = LINE('',#10593,#10594);
#10593 = CARTESIAN_POINT('',(9.35,101.,-3.098386676966));
#10594 = VECTOR('',#10595,1.);
#10595 = DIRECTION('',(0.,-1.,2.22044604925E-16));
#10596 = PCURVE('',#10133,#10597);
#10597 = DEFINITIONAL_REPRESENTATION('',(#10598),#10601);
#10598 = B_SPLINE_CURVE_WITH_KNOTS('',1,(#10599,#10600),.UNSPECIFIED.,
  .F.,.F.,(2,2),(-6.000000070117E-07,6.0000006),
  .PIECEWISE_BEZIER_KNOTS.);
#10599 = CARTESIAN_POINT('',(5.963195354801,-6.000000076996E-07));
#10600 = CARTESIAN_POINT('',(5.963195354801,6.0000006));
#10601 = ( GEOMETRIC_REPRESENTATION_CONTEXT(2) 
PARAMETRIC_REPRESENTATION_CONTEXT() REPRESENTATION_CONTEXT('2D SPACE',''
  ) );
#10602 = PCURVE('',#10161,#10603);
#10603 = DEFINITIONAL_REPRESENTATION('',(#10604),#10607);
#10604 = B_SPLINE_CURVE_WITH_KNOTS('',1,(#10605,#10606),.UNSPECIFIED.,
  .F.,.F.,(2,2),(-6.000000070117E-07,6.0000006),
  .PIECEWISE_BEZIER_KNOTS.);
#10605 = CARTESIAN_POINT('',(0.801613323034,-6.0000006));
#10606 = CARTESIAN_POINT('',(0.801613323034,6.000000070117E-07));
#10607 = ( GEOMETRIC_REPRESENTATION_CONTEXT(2) 
PARAMETRIC_REPRESENTATION_CONTEXT() REPRESENTATION_CONTEXT('2D SPACE',''
  ) );
#10608 = ADVANCED_FACE('',(#10609),#10161,.F.);
#10609 = FACE_BOUND('',#10610,.F.);
#10610 = EDGE_LOOP('',(#10611,#10612,#10635,#10656));
#10611 = ORIENTED_EDGE('',*,*,#10145,.F.);
#10612 = ORIENTED_EDGE('',*,*,#10613,.T.);
#10613 = EDGE_CURVE('',#10146,#10614,#10616,.T.);
#10614 = VERTEX_POINT('',#10615);
#10615 = CARTESIAN_POINT('',(9.35,101.,-3.9));
#10616 = SURFACE_CURVE('',#10617,(#10621,#10628),.PCURVE_S1.);
#10617 = LINE('',#10618,#10619);
#10618 = CARTESIAN_POINT('',(9.35,95.,-3.9));
#10619 = VECTOR('',#10620,1.);
#10620 = DIRECTION('',(-0.,1.,0.));
#10621 = PCURVE('',#10161,#10622);
#10622 = DEFINITIONAL_REPRESENTATION('',(#10623),#10627);
#10623 = LINE('',#10624,#10625);
#10624 = CARTESIAN_POINT('',(0.,0.));
#10625 = VECTOR('',#10626,1.);
#10626 = DIRECTION('',(0.,-1.));
#10627 = ( GEOMETRIC_REPRESENTATION_CONTEXT(2) 
PARAMETRIC_REPRESENTATION_CONTEXT() REPRESENTATION_CONTEXT('2D SPACE',''
  ) );
#10628 = PCURVE('',#10189,#10629);
#10629 = DEFINITIONAL_REPRESENTATION('',(#10630),#10634);
#10630 = LINE('',#10631,#10632);
#10631 = CARTESIAN_POINT('',(0.,0.));
#10632 = VECTOR('',#10633,1.);
#10633 = DIRECTION('',(0.,1.));
#10634 = ( GEOMETRIC_REPRESENTATION_CONTEXT(2) 
PARAMETRIC_REPRESENTATION_CONTEXT() REPRESENTATION_CONTEXT('2D SPACE',''
  ) );
#10635 = ORIENTED_EDGE('',*,*,#10636,.T.);
#10636 = EDGE_CURVE('',#10614,#10567,#10637,.T.);
#10637 = SURFACE_CURVE('',#10638,(#10642,#10649),.PCURVE_S1.);
#10638 = LINE('',#10639,#10640);
#10639 = CARTESIAN_POINT('',(9.35,101.,-3.9));
#10640 = VECTOR('',#10641,1.);
#10641 = DIRECTION('',(0.,0.,1.));
#10642 = PCURVE('',#10161,#10643);
#10643 = DEFINITIONAL_REPRESENTATION('',(#10644),#10648);
#10644 = LINE('',#10645,#10646);
#10645 = CARTESIAN_POINT('',(0.,-6.));
#10646 = VECTOR('',#10647,1.);
#10647 = DIRECTION('',(1.,0.));
#10648 = ( GEOMETRIC_REPRESENTATION_CONTEXT(2) 
PARAMETRIC_REPRESENTATION_CONTEXT() REPRESENTATION_CONTEXT('2D SPACE',''
  ) );
#10649 = PCURVE('',#10326,#10650);
#10650 = DEFINITIONAL_REPRESENTATION('',(#10651),#10655);
#10651 = LINE('',#10652,#10653);
#10652 = CARTESIAN_POINT('',(9.35,-3.9));
#10653 = VECTOR('',#10654,1.);
#10654 = DIRECTION('',(0.,1.));
#10655 = ( GEOMETRIC_REPRESENTATION_CONTEXT(2) 
PARAMETRIC_REPRESENTATION_CONTEXT() REPRESENTATION_CONTEXT('2D SPACE',''
  ) );
#10656 = ORIENTED_EDGE('',*,*,#10590,.T.);
#10657 = ADVANCED_FACE('',(#10658,#10706),#10189,.F.);
#10658 = FACE_BOUND('',#10659,.F.);
#10659 = EDGE_LOOP('',(#10660,#10661,#10662,#10685));
#10660 = ORIENTED_EDGE('',*,*,#10613,.F.);
#10661 = ORIENTED_EDGE('',*,*,#10173,.T.);
#10662 = ORIENTED_EDGE('',*,*,#10663,.T.);
#10663 = EDGE_CURVE('',#10174,#10664,#10666,.T.);
#10664 = VERTEX_POINT('',#10665);
#10665 = CARTESIAN_POINT('',(14.35,101.,-3.9));
#10666 = SURFACE_CURVE('',#10667,(#10671,#10678),.PCURVE_S1.);
#10667 = LINE('',#10668,#10669);
#10668 = CARTESIAN_POINT('',(14.35,95.,-3.9));
#10669 = VECTOR('',#10670,1.);
#10670 = DIRECTION('',(-0.,1.,0.));
#10671 = PCURVE('',#10189,#10672);
#10672 = DEFINITIONAL_REPRESENTATION('',(#10673),#10677);
#10673 = LINE('',#10674,#10675);
#10674 = CARTESIAN_POINT('',(5.,0.));
#10675 = VECTOR('',#10676,1.);
#10676 = DIRECTION('',(0.,1.));
#10677 = ( GEOMETRIC_REPRESENTATION_CONTEXT(2) 
PARAMETRIC_REPRESENTATION_CONTEXT() REPRESENTATION_CONTEXT('2D SPACE',''
  ) );
#10678 = PCURVE('',#10217,#10679);
#10679 = DEFINITIONAL_REPRESENTATION('',(#10680),#10684);
#10680 = LINE('',#10681,#10682);
#10681 = CARTESIAN_POINT('',(0.,0.));
#10682 = VECTOR('',#10683,1.);
#10683 = DIRECTION('',(0.,-1.));
#10684 = ( GEOMETRIC_REPRESENTATION_CONTEXT(2) 
PARAMETRIC_REPRESENTATION_CONTEXT() REPRESENTATION_CONTEXT('2D SPACE',''
  ) );
#10685 = ORIENTED_EDGE('',*,*,#10686,.F.);
#10686 = EDGE_CURVE('',#10614,#10664,#10687,.T.);
#10687 = SURFACE_CURVE('',#10688,(#10692,#10699),.PCURVE_S1.);
#10688 = LINE('',#10689,#10690);
#10689 = CARTESIAN_POINT('',(9.35,101.,-3.9));
#10690 = VECTOR('',#10691,1.);
#10691 = DIRECTION('',(1.,0.,-0.));
#10692 = PCURVE('',#10189,#10693);
#10693 = DEFINITIONAL_REPRESENTATION('',(#10694),#10698);
#10694 = LINE('',#10695,#10696);
#10695 = CARTESIAN_POINT('',(0.,6.));
#10696 = VECTOR('',#10697,1.);
#10697 = DIRECTION('',(1.,0.));
#10698 = ( GEOMETRIC_REPRESENTATION_CONTEXT(2) 
PARAMETRIC_REPRESENTATION_CONTEXT() REPRESENTATION_CONTEXT('2D SPACE',''
  ) );
#10699 = PCURVE('',#10326,#10700);
#10700 = DEFINITIONAL_REPRESENTATION('',(#10701),#10705);
#10701 = LINE('',#10702,#10703);
#10702 = CARTESIAN_POINT('',(9.35,-3.9));
#10703 = VECTOR('',#10704,1.);
#10704 = DIRECTION('',(1.,0.));
#10705 = ( GEOMETRIC_REPRESENTATION_CONTEXT(2) 
PARAMETRIC_REPRESENTATION_CONTEXT() REPRESENTATION_CONTEXT('2D SPACE',''
  ) );
#10706 = FACE_BOUND('',#10707,.F.);
#10707 = EDGE_LOOP('',(#10708));
#10708 = ORIENTED_EDGE('',*,*,#10709,.F.);
#10709 = EDGE_CURVE('',#10710,#10710,#10712,.T.);
#10710 = VERTEX_POINT('',#10711);
#10711 = CARTESIAN_POINT('',(13.05,98.,-3.9));
#10712 = SURFACE_CURVE('',#10713,(#10718,#10725),.PCURVE_S1.);
#10713 = CIRCLE('',#10714,1.2);
#10714 = AXIS2_PLACEMENT_3D('',#10715,#10716,#10717);
#10715 = CARTESIAN_POINT('',(11.85,98.,-3.9));
#10716 = DIRECTION('',(0.,0.,1.));
#10717 = DIRECTION('',(1.,0.,-0.));
#10718 = PCURVE('',#10189,#10719);
#10719 = DEFINITIONAL_REPRESENTATION('',(#10720),#10724);
#10720 = CIRCLE('',#10721,1.2);
#10721 = AXIS2_PLACEMENT_2D('',#10722,#10723);
#10722 = CARTESIAN_POINT('',(2.5,3.));
#10723 = DIRECTION('',(1.,0.));
#10724 = ( GEOMETRIC_REPRESENTATION_CONTEXT(2) 
PARAMETRIC_REPRESENTATION_CONTEXT() REPRESENTATION_CONTEXT('2D SPACE',''
  ) );
#10725 = PCURVE('',#10726,#10731);
#10726 = CYLINDRICAL_SURFACE('',#10727,1.2);
#10727 = AXIS2_PLACEMENT_3D('',#10728,#10729,#10730);
#10728 = CARTESIAN_POINT('',(11.85,98.,-15.));
#10729 = DIRECTION('',(0.,0.,1.));
#10730 = DIRECTION('',(1.,0.,-0.));
#10731 = DEFINITIONAL_REPRESENTATION('',(#10732),#10736);
#10732 = LINE('',#10733,#10734);
#10733 = CARTESIAN_POINT('',(0.,11.1));
#10734 = VECTOR('',#10735,1.);
#10735 = DIRECTION('',(1.,0.));
#10736 = ( GEOMETRIC_REPRESENTATION_CONTEXT(2) 
PARAMETRIC_REPRESENTATION_CONTEXT() REPRESENTATION_CONTEXT('2D SPACE',''
  ) );
#10737 = ADVANCED_FACE('',(#10738),#10217,.T.);
#10738 = FACE_BOUND('',#10739,.T.);
#10739 = EDGE_LOOP('',(#10740,#10741,#10742,#10765));
#10740 = ORIENTED_EDGE('',*,*,#10201,.F.);
#10741 = ORIENTED_EDGE('',*,*,#10663,.T.);
#10742 = ORIENTED_EDGE('',*,*,#10743,.T.);
#10743 = EDGE_CURVE('',#10664,#10744,#10746,.T.);
#10744 = VERTEX_POINT('',#10745);
#10745 = CARTESIAN_POINT('',(14.35,101.,-0.4));
#10746 = SURFACE_CURVE('',#10747,(#10751,#10758),.PCURVE_S1.);
#10747 = LINE('',#10748,#10749);
#10748 = CARTESIAN_POINT('',(14.35,101.,-3.9));
#10749 = VECTOR('',#10750,1.);
#10750 = DIRECTION('',(0.,0.,1.));
#10751 = PCURVE('',#10217,#10752);
#10752 = DEFINITIONAL_REPRESENTATION('',(#10753),#10757);
#10753 = LINE('',#10754,#10755);
#10754 = CARTESIAN_POINT('',(0.,-6.));
#10755 = VECTOR('',#10756,1.);
#10756 = DIRECTION('',(1.,0.));
#10757 = ( GEOMETRIC_REPRESENTATION_CONTEXT(2) 
PARAMETRIC_REPRESENTATION_CONTEXT() REPRESENTATION_CONTEXT('2D SPACE',''
  ) );
#10758 = PCURVE('',#10326,#10759);
#10759 = DEFINITIONAL_REPRESENTATION('',(#10760),#10764);
#10760 = LINE('',#10761,#10762);
#10761 = CARTESIAN_POINT('',(14.35,-3.9));
#10762 = VECTOR('',#10763,1.);
#10763 = DIRECTION('',(0.,1.));
#10764 = ( GEOMETRIC_REPRESENTATION_CONTEXT(2) 
PARAMETRIC_REPRESENTATION_CONTEXT() REPRESENTATION_CONTEXT('2D SPACE',''
  ) );
#10765 = ORIENTED_EDGE('',*,*,#10766,.F.);
#10766 = EDGE_CURVE('',#10202,#10744,#10767,.T.);
#10767 = SURFACE_CURVE('',#10768,(#10772,#10779),.PCURVE_S1.);
#10768 = LINE('',#10769,#10770);
#10769 = CARTESIAN_POINT('',(14.35,95.,-0.4));
#10770 = VECTOR('',#10771,1.);
#10771 = DIRECTION('',(-0.,1.,0.));
#10772 = PCURVE('',#10217,#10773);
#10773 = DEFINITIONAL_REPRESENTATION('',(#10774),#10778);
#10774 = LINE('',#10775,#10776);
#10775 = CARTESIAN_POINT('',(3.5,0.));
#10776 = VECTOR('',#10777,1.);
#10777 = DIRECTION('',(0.,-1.));
#10778 = ( GEOMETRIC_REPRESENTATION_CONTEXT(2) 
PARAMETRIC_REPRESENTATION_CONTEXT() REPRESENTATION_CONTEXT('2D SPACE',''
  ) );
#10779 = PCURVE('',#10245,#10780);
#10780 = DEFINITIONAL_REPRESENTATION('',(#10781),#10785);
#10781 = LINE('',#10782,#10783);
#10782 = CARTESIAN_POINT('',(34.35,3.));
#10783 = VECTOR('',#10784,1.);
#10784 = DIRECTION('',(0.,1.));
#10785 = ( GEOMETRIC_REPRESENTATION_CONTEXT(2) 
PARAMETRIC_REPRESENTATION_CONTEXT() REPRESENTATION_CONTEXT('2D SPACE',''
  ) );
#10786 = ADVANCED_FACE('',(#10787,#10834),#10245,.T.);
#10787 = FACE_BOUND('',#10788,.T.);
#10788 = EDGE_LOOP('',(#10789,#10790,#10791,#10814));
#10789 = ORIENTED_EDGE('',*,*,#10229,.F.);
#10790 = ORIENTED_EDGE('',*,*,#10766,.T.);
#10791 = ORIENTED_EDGE('',*,*,#10792,.T.);
#10792 = EDGE_CURVE('',#10744,#10793,#10795,.T.);
#10793 = VERTEX_POINT('',#10794);
#10794 = CARTESIAN_POINT('',(6.838311195025,101.,-0.4));
#10795 = SURFACE_CURVE('',#10796,(#10800,#10807),.PCURVE_S1.);
#10796 = LINE('',#10797,#10798);
#10797 = CARTESIAN_POINT('',(14.35,101.,-0.4));
#10798 = VECTOR('',#10799,1.);
#10799 = DIRECTION('',(-1.,0.,3.251586584042E-16));
#10800 = PCURVE('',#10245,#10801);
#10801 = DEFINITIONAL_REPRESENTATION('',(#10802),#10806);
#10802 = LINE('',#10803,#10804);
#10803 = CARTESIAN_POINT('',(34.35,9.));
#10804 = VECTOR('',#10805,1.);
#10805 = DIRECTION('',(-1.,0.));
#10806 = ( GEOMETRIC_REPRESENTATION_CONTEXT(2) 
PARAMETRIC_REPRESENTATION_CONTEXT() REPRESENTATION_CONTEXT('2D SPACE',''
  ) );
#10807 = PCURVE('',#10326,#10808);
#10808 = DEFINITIONAL_REPRESENTATION('',(#10809),#10813);
#10809 = LINE('',#10810,#10811);
#10810 = CARTESIAN_POINT('',(14.35,-0.4));
#10811 = VECTOR('',#10812,1.);
#10812 = DIRECTION('',(-1.,3.251586584042E-16));
#10813 = ( GEOMETRIC_REPRESENTATION_CONTEXT(2) 
PARAMETRIC_REPRESENTATION_CONTEXT() REPRESENTATION_CONTEXT('2D SPACE',''
  ) );
#10814 = ORIENTED_EDGE('',*,*,#10815,.T.);
#10815 = EDGE_CURVE('',#10793,#10230,#10816,.T.);
#10816 = SURFACE_CURVE('',#10817,(#10821,#10828),.PCURVE_S1.);
#10817 = LINE('',#10818,#10819);
#10818 = CARTESIAN_POINT('',(6.838311195025,102.,-0.4));
#10819 = VECTOR('',#10820,1.);
#10820 = DIRECTION('',(0.,-1.,2.22044604925E-16));
#10821 = PCURVE('',#10245,#10822);
#10822 = DEFINITIONAL_REPRESENTATION('',(#10823),#10827);
#10823 = LINE('',#10824,#10825);
#10824 = CARTESIAN_POINT('',(26.838311195025,10.));
#10825 = VECTOR('',#10826,1.);
#10826 = DIRECTION('',(0.,-1.));
#10827 = ( GEOMETRIC_REPRESENTATION_CONTEXT(2) 
PARAMETRIC_REPRESENTATION_CONTEXT() REPRESENTATION_CONTEXT('2D SPACE',''
  ) );
#10828 = PCURVE('',#10272,#10829);
#10829 = DEFINITIONAL_REPRESENTATION('',(#10830),#10833);
#10830 = B_SPLINE_CURVE_WITH_KNOTS('',1,(#10831,#10832),.UNSPECIFIED.,
  .F.,.F.,(2,2),(0.9999994,7.0000006),.PIECEWISE_BEZIER_KNOTS.);
#10831 = CARTESIAN_POINT('',(6.224757909409,0.9999994));
#10832 = CARTESIAN_POINT('',(6.224757909409,7.0000006));
#10833 = ( GEOMETRIC_REPRESENTATION_CONTEXT(2) 
PARAMETRIC_REPRESENTATION_CONTEXT() REPRESENTATION_CONTEXT('2D SPACE',''
  ) );
#10834 = FACE_BOUND('',#10835,.T.);
#10835 = EDGE_LOOP('',(#10836));
#10836 = ORIENTED_EDGE('',*,*,#10837,.F.);
#10837 = EDGE_CURVE('',#10838,#10838,#10840,.T.);
#10838 = VERTEX_POINT('',#10839);
#10839 = CARTESIAN_POINT('',(13.05,98.,-0.4));
#10840 = SURFACE_CURVE('',#10841,(#10846,#10853),.PCURVE_S1.);
#10841 = CIRCLE('',#10842,1.2);
#10842 = AXIS2_PLACEMENT_3D('',#10843,#10844,#10845);
#10843 = CARTESIAN_POINT('',(11.85,98.,-0.4));
#10844 = DIRECTION('',(0.,0.,1.));
#10845 = DIRECTION('',(1.,0.,-0.));
#10846 = PCURVE('',#10245,#10847);
#10847 = DEFINITIONAL_REPRESENTATION('',(#10848),#10852);
#10848 = CIRCLE('',#10849,1.2);
#10849 = AXIS2_PLACEMENT_2D('',#10850,#10851);
#10850 = CARTESIAN_POINT('',(31.85,6.));
#10851 = DIRECTION('',(1.,0.));
#10852 = ( GEOMETRIC_REPRESENTATION_CONTEXT(2) 
PARAMETRIC_REPRESENTATION_CONTEXT() REPRESENTATION_CONTEXT('2D SPACE',''
  ) );
#10853 = PCURVE('',#10726,#10854);
#10854 = DEFINITIONAL_REPRESENTATION('',(#10855),#10859);
#10855 = LINE('',#10856,#10857);
#10856 = CARTESIAN_POINT('',(0.,14.6));
#10857 = VECTOR('',#10858,1.);
#10858 = DIRECTION('',(1.,0.));
#10859 = ( GEOMETRIC_REPRESENTATION_CONTEXT(2) 
PARAMETRIC_REPRESENTATION_CONTEXT() REPRESENTATION_CONTEXT('2D SPACE',''
  ) );
#10860 = ADVANCED_FACE('',(#10861),#10272,.F.);
#10861 = FACE_BOUND('',#10862,.F.);
#10862 = EDGE_LOOP('',(#10863,#10864,#10865,#10887));
#10863 = ORIENTED_EDGE('',*,*,#10257,.F.);
#10864 = ORIENTED_EDGE('',*,*,#10288,.F.);
#10865 = ORIENTED_EDGE('',*,*,#10866,.T.);
#10866 = EDGE_CURVE('',#10289,#10793,#10867,.T.);
#10867 = SURFACE_CURVE('',#10868,(#10873,#10880),.PCURVE_S1.);
#10868 = CIRCLE('',#10869,6.85);
#10869 = AXIS2_PLACEMENT_3D('',#10870,#10871,#10872);
#10870 = CARTESIAN_POINT('',(0.,101.,-6.661338147751E-16));
#10871 = DIRECTION('',(0.,-1.,2.22044604925E-16));
#10872 = DIRECTION('',(1.,0.,0.));
#10873 = PCURVE('',#10272,#10874);
#10874 = DEFINITIONAL_REPRESENTATION('',(#10875),#10879);
#10875 = LINE('',#10876,#10877);
#10876 = CARTESIAN_POINT('',(0.,1.));
#10877 = VECTOR('',#10878,1.);
#10878 = DIRECTION('',(1.,0.));
#10879 = ( GEOMETRIC_REPRESENTATION_CONTEXT(2) 
PARAMETRIC_REPRESENTATION_CONTEXT() REPRESENTATION_CONTEXT('2D SPACE',''
  ) );
#10880 = PCURVE('',#10326,#10881);
#10881 = DEFINITIONAL_REPRESENTATION('',(#10882),#10886);
#10882 = CIRCLE('',#10883,6.85);
#10883 = AXIS2_PLACEMENT_2D('',#10884,#10885);
#10884 = CARTESIAN_POINT('',(0.,0.));
#10885 = DIRECTION('',(1.,0.));
#10886 = ( GEOMETRIC_REPRESENTATION_CONTEXT(2) 
PARAMETRIC_REPRESENTATION_CONTEXT() REPRESENTATION_CONTEXT('2D SPACE',''
  ) );
#10887 = ORIENTED_EDGE('',*,*,#10815,.T.);
#10888 = ADVANCED_FACE('',(#10889),#10326,.F.);
#10889 = FACE_BOUND('',#10890,.F.);
#10890 = EDGE_LOOP('',(#10891,#10892,#10893,#10894,#10895,#10896,#10897,
    #10898,#10899,#10900));
#10891 = ORIENTED_EDGE('',*,*,#10310,.T.);
#10892 = ORIENTED_EDGE('',*,*,#10417,.F.);
#10893 = ORIENTED_EDGE('',*,*,#10467,.T.);
#10894 = ORIENTED_EDGE('',*,*,#10519,.T.);
#10895 = ORIENTED_EDGE('',*,*,#10566,.T.);
#10896 = ORIENTED_EDGE('',*,*,#10636,.F.);
#10897 = ORIENTED_EDGE('',*,*,#10686,.T.);
#10898 = ORIENTED_EDGE('',*,*,#10743,.T.);
#10899 = ORIENTED_EDGE('',*,*,#10792,.T.);
#10900 = ORIENTED_EDGE('',*,*,#10866,.F.);
#10901 = ADVANCED_FACE('',(#10902),#10378,.F.);
#10902 = FACE_BOUND('',#10903,.F.);
#10903 = EDGE_LOOP('',(#10904,#10905,#10926,#10927));
#10904 = ORIENTED_EDGE('',*,*,#10361,.F.);
#10905 = ORIENTED_EDGE('',*,*,#10906,.F.);
#10906 = EDGE_CURVE('',#10491,#10362,#10907,.T.);
#10907 = SEAM_CURVE('',#10908,(#10912,#10919),.PCURVE_S1.);
#10908 = LINE('',#10909,#10910);
#10909 = CARTESIAN_POINT('',(-10.65,98.,-15.));
#10910 = VECTOR('',#10911,1.);
#10911 = DIRECTION('',(0.,0.,1.));
#10912 = PCURVE('',#10378,#10913);
#10913 = DEFINITIONAL_REPRESENTATION('',(#10914),#10918);
#10914 = LINE('',#10915,#10916);
#10915 = CARTESIAN_POINT('',(6.28318530718,-0.));
#10916 = VECTOR('',#10917,1.);
#10917 = DIRECTION('',(0.,1.));
#10918 = ( GEOMETRIC_REPRESENTATION_CONTEXT(2) 
PARAMETRIC_REPRESENTATION_CONTEXT() REPRESENTATION_CONTEXT('2D SPACE',''
  ) );
#10919 = PCURVE('',#10378,#10920);
#10920 = DEFINITIONAL_REPRESENTATION('',(#10921),#10925);
#10921 = LINE('',#10922,#10923);
#10922 = CARTESIAN_POINT('',(0.,-0.));
#10923 = VECTOR('',#10924,1.);
#10924 = DIRECTION('',(0.,1.));
#10925 = ( GEOMETRIC_REPRESENTATION_CONTEXT(2) 
PARAMETRIC_REPRESENTATION_CONTEXT() REPRESENTATION_CONTEXT('2D SPACE',''
  ) );
#10926 = ORIENTED_EDGE('',*,*,#10490,.T.);
#10927 = ORIENTED_EDGE('',*,*,#10906,.T.);
#10928 = ADVANCED_FACE('',(#10929),#10726,.F.);
#10929 = FACE_BOUND('',#10930,.F.);
#10930 = EDGE_LOOP('',(#10931,#10932,#10953,#10954));
#10931 = ORIENTED_EDGE('',*,*,#10837,.F.);
#10932 = ORIENTED_EDGE('',*,*,#10933,.F.);
#10933 = EDGE_CURVE('',#10710,#10838,#10934,.T.);
#10934 = SEAM_CURVE('',#10935,(#10939,#10946),.PCURVE_S1.);
#10935 = LINE('',#10936,#10937);
#10936 = CARTESIAN_POINT('',(13.05,98.,-15.));
#10937 = VECTOR('',#10938,1.);
#10938 = DIRECTION('',(0.,0.,1.));
#10939 = PCURVE('',#10726,#10940);
#10940 = DEFINITIONAL_REPRESENTATION('',(#10941),#10945);
#10941 = LINE('',#10942,#10943);
#10942 = CARTESIAN_POINT('',(6.28318530718,-0.));
#10943 = VECTOR('',#10944,1.);
#10944 = DIRECTION('',(0.,1.));
#10945 = ( GEOMETRIC_REPRESENTATION_CONTEXT(2) 
PARAMETRIC_REPRESENTATION_CONTEXT() REPRESENTATION_CONTEXT('2D SPACE',''
  ) );
#10946 = PCURVE('',#10726,#10947);
#10947 = DEFINITIONAL_REPRESENTATION('',(#10948),#10952);
#10948 = LINE('',#10949,#10950);
#10949 = CARTESIAN_POINT('',(0.,-0.));
#10950 = VECTOR('',#10951,1.);
#10951 = DIRECTION('',(0.,1.));
#10952 = ( GEOMETRIC_REPRESENTATION_CONTEXT(2) 
PARAMETRIC_REPRESENTATION_CONTEXT() REPRESENTATION_CONTEXT('2D SPACE',''
  ) );
#10953 = ORIENTED_EDGE('',*,*,#10709,.T.);
#10954 = ORIENTED_EDGE('',*,*,#10933,.T.);
#10955 = ( GEOMETRIC_REPRESENTATION_CONTEXT(3) 
GLOBAL_UNCERTAINTY_ASSIGNED_CONTEXT((#10959)) 
GLOBAL_UNIT_ASSIGNED_CONTEXT((#10956,#10957,#10958)) 
REPRESENTATION_CONTEXT('Context #1',
  '3D Context with UNIT and UNCERTAINTY') );
#10956 = ( LENGTH_UNIT() NAMED_UNIT(*) SI_UNIT(.MILLI.,.METRE.) );
#10957 = ( NAMED_UNIT(*) PLANE_ANGLE_UNIT() SI_UNIT($,.RADIAN.) );
#10958 = ( NAMED_UNIT(*) SI_UNIT($,.STERADIAN.) SOLID_ANGLE_UNIT() );
#10959 = UNCERTAINTY_MEASURE_WITH_UNIT(LENGTH_MEASURE(1.E-07),#10956,
  'distance_accuracy_value','confusion accuracy');
#10960 = CONTEXT_DEPENDENT_SHAPE_REPRESENTATION(#10961,#10963);
#10961 = ( REPRESENTATION_RELATIONSHIP('','',#9990,#10) 
REPRESENTATION_RELATIONSHIP_WITH_TRANSFORMATION(#10962) 
SHAPE_REPRESENTATION_RELATIONSHIP() );
#10962 = ITEM_DEFINED_TRANSFORMATION('','',#11,#23);
#10963 = PRODUCT_DEFINITION_SHAPE('Placement','Placement of an item',
  #10964);
#10964 = NEXT_ASSEMBLY_USAGE_OCCURRENCE('21','=>[0:1:1:4]','',#5,#9985,$
  );
#10965 = PRODUCT_RELATED_PRODUCT_CATEGORY('part',$,(#9987));
#10966 = SHAPE_DEFINITION_REPRESENTATION(#10967,#10973);
#10967 = PRODUCT_DEFINITION_SHAPE('','',#10968);
#10968 = PRODUCT_DEFINITION('design','',#10969,#10972);
#10969 = PRODUCT_DEFINITION_FORMATION('','',#10970);
#10970 = PRODUCT('COMPOUND','COMPOUND','',(#10971));
#10971 = PRODUCT_CONTEXT('',#2,'mechanical');
#10972 = PRODUCT_DEFINITION_CONTEXT('part definition',#2,'design');
#10973 = ADVANCED_BREP_SHAPE_REPRESENTATION('',(#11,#10974),#13142);
#10974 = MANIFOLD_SOLID_BREP('',#10975);
#10975 = CLOSED_SHELL('',(#10976,#12039,#12074,#12104,#12420,#12736,
    #13106));
#10976 = ADVANCED_FACE('',(#10977,#11064,#11376,#11688),#10991,.T.);
#10977 = FACE_BOUND('',#10978,.T.);
#10978 = EDGE_LOOP('',(#10979,#11009,#11036,#11037));
#10979 = ORIENTED_EDGE('',*,*,#10980,.T.);
#10980 = EDGE_CURVE('',#10981,#10983,#10985,.T.);
#10981 = VERTEX_POINT('',#10982);
#10982 = CARTESIAN_POINT('',(6.35,120.,-1.487797773042E-14));
#10983 = VERTEX_POINT('',#10984);
#10984 = CARTESIAN_POINT('',(6.35,0.,1.176737486058E-14));
#10985 = SEAM_CURVE('',#10986,(#10990,#11002),.PCURVE_S1.);
#10986 = LINE('',#10987,#10988);
#10987 = CARTESIAN_POINT('',(6.35,120.,-1.487797773042E-14));
#10988 = VECTOR('',#10989,1.);
#10989 = DIRECTION('',(0.,-1.,2.22044604925E-16));
#10990 = PCURVE('',#10991,#10996);
#10991 = CYLINDRICAL_SURFACE('',#10992,6.35);
#10992 = AXIS2_PLACEMENT_3D('',#10993,#10994,#10995);
#10993 = CARTESIAN_POINT('',(0.,120.,-1.33226762955E-14));
#10994 = DIRECTION('',(0.,-1.,2.22044604925E-16));
#10995 = DIRECTION('',(1.,0.,0.));
#10996 = DEFINITIONAL_REPRESENTATION('',(#10997),#11001);
#10997 = LINE('',#10998,#10999);
#10998 = CARTESIAN_POINT('',(6.28318530718,-0.));
#10999 = VECTOR('',#11000,1.);
#11000 = DIRECTION('',(0.,1.));
#11001 = ( GEOMETRIC_REPRESENTATION_CONTEXT(2) 
PARAMETRIC_REPRESENTATION_CONTEXT() REPRESENTATION_CONTEXT('2D SPACE',''
  ) );
#11002 = PCURVE('',#10991,#11003);
#11003 = DEFINITIONAL_REPRESENTATION('',(#11004),#11008);
#11004 = LINE('',#11005,#11006);
#11005 = CARTESIAN_POINT('',(0.,-0.));
#11006 = VECTOR('',#11007,1.);
#11007 = DIRECTION('',(0.,1.));
#11008 = ( GEOMETRIC_REPRESENTATION_CONTEXT(2) 
PARAMETRIC_REPRESENTATION_CONTEXT() REPRESENTATION_CONTEXT('2D SPACE',''
  ) );
#11009 = ORIENTED_EDGE('',*,*,#11010,.F.);
#11010 = EDGE_CURVE('',#10983,#10983,#11011,.T.);
#11011 = SURFACE_CURVE('',#11012,(#11017,#11024),.PCURVE_S1.);
#11012 = CIRCLE('',#11013,6.35);
#11013 = AXIS2_PLACEMENT_3D('',#11014,#11015,#11016);
#11014 = CARTESIAN_POINT('',(0.,0.,1.33226762955E-14));
#11015 = DIRECTION('',(0.,-1.,2.22044604925E-16));
#11016 = DIRECTION('',(1.,0.,0.));
#11017 = PCURVE('',#10991,#11018);
#11018 = DEFINITIONAL_REPRESENTATION('',(#11019),#11023);
#11019 = LINE('',#11020,#11021);
#11020 = CARTESIAN_POINT('',(0.,120.));
#11021 = VECTOR('',#11022,1.);
#11022 = DIRECTION('',(1.,0.));
#11023 = ( GEOMETRIC_REPRESENTATION_CONTEXT(2) 
PARAMETRIC_REPRESENTATION_CONTEXT() REPRESENTATION_CONTEXT('2D SPACE',''
  ) );
#11024 = PCURVE('',#11025,#11030);
#11025 = PLANE('',#11026);
#11026 = AXIS2_PLACEMENT_3D('',#11027,#11028,#11029);
#11027 = CARTESIAN_POINT('',(0.,0.,1.33226762955E-14));
#11028 = DIRECTION('',(0.,-1.,2.22044604925E-16));
#11029 = DIRECTION('',(1.,0.,0.));
#11030 = DEFINITIONAL_REPRESENTATION('',(#11031),#11035);
#11031 = CIRCLE('',#11032,6.35);
#11032 = AXIS2_PLACEMENT_2D('',#11033,#11034);
#11033 = CARTESIAN_POINT('',(0.,0.));
#11034 = DIRECTION('',(1.,0.));
#11035 = ( GEOMETRIC_REPRESENTATION_CONTEXT(2) 
PARAMETRIC_REPRESENTATION_CONTEXT() REPRESENTATION_CONTEXT('2D SPACE',''
  ) );
#11036 = ORIENTED_EDGE('',*,*,#10980,.F.);
#11037 = ORIENTED_EDGE('',*,*,#11038,.T.);
#11038 = EDGE_CURVE('',#10981,#10981,#11039,.T.);
#11039 = SURFACE_CURVE('',#11040,(#11045,#11052),.PCURVE_S1.);
#11040 = CIRCLE('',#11041,6.35);
#11041 = AXIS2_PLACEMENT_3D('',#11042,#11043,#11044);
#11042 = CARTESIAN_POINT('',(0.,120.,-1.33226762955E-14));
#11043 = DIRECTION('',(0.,-1.,2.22044604925E-16));
#11044 = DIRECTION('',(1.,0.,0.));
#11045 = PCURVE('',#10991,#11046);
#11046 = DEFINITIONAL_REPRESENTATION('',(#11047),#11051);
#11047 = LINE('',#11048,#11049);
#11048 = CARTESIAN_POINT('',(0.,0.));
#11049 = VECTOR('',#11050,1.);
#11050 = DIRECTION('',(1.,0.));
#11051 = ( GEOMETRIC_REPRESENTATION_CONTEXT(2) 
PARAMETRIC_REPRESENTATION_CONTEXT() REPRESENTATION_CONTEXT('2D SPACE',''
  ) );
#11052 = PCURVE('',#11053,#11058);
#11053 = PLANE('',#11054);
#11054 = AXIS2_PLACEMENT_3D('',#11055,#11056,#11057);
#11055 = CARTESIAN_POINT('',(0.,120.,-1.33226762955E-14));
#11056 = DIRECTION('',(0.,-1.,2.22044604925E-16));
#11057 = DIRECTION('',(1.,0.,0.));
#11058 = DEFINITIONAL_REPRESENTATION('',(#11059),#11063);
#11059 = CIRCLE('',#11060,6.35);
#11060 = AXIS2_PLACEMENT_2D('',#11061,#11062);
#11061 = CARTESIAN_POINT('',(0.,0.));
#11062 = DIRECTION('',(1.,0.));
#11063 = ( GEOMETRIC_REPRESENTATION_CONTEXT(2) 
PARAMETRIC_REPRESENTATION_CONTEXT() REPRESENTATION_CONTEXT('2D SPACE',''
  ) );
#11064 = FACE_BOUND('',#11065,.T.);
#11065 = EDGE_LOOP('',(#11066));
#11066 = ORIENTED_EDGE('',*,*,#11067,.F.);
#11067 = EDGE_CURVE('',#11068,#11068,#11070,.T.);
#11068 = VERTEX_POINT('',#11069);
#11069 = CARTESIAN_POINT('',(3.,85.,5.596650784174));
#11070 = SURFACE_CURVE('',#11071,(#11169,#11270),.PCURVE_S1.);
#11071 = B_SPLINE_CURVE_WITH_KNOTS('',6,(#11072,#11073,#11074,#11075,
    #11076,#11077,#11078,#11079,#11080,#11081,#11082,#11083,#11084,
    #11085,#11086,#11087,#11088,#11089,#11090,#11091,#11092,#11093,
    #11094,#11095,#11096,#11097,#11098,#11099,#11100,#11101,#11102,
    #11103,#11104,#11105,#11106,#11107,#11108,#11109,#11110,#11111,
    #11112,#11113,#11114,#11115,#11116,#11117,#11118,#11119,#11120,
    #11121,#11122,#11123,#11124,#11125,#11126,#11127,#11128,#11129,
    #11130,#11131,#11132,#11133,#11134,#11135,#11136,#11137,#11138,
    #11139,#11140,#11141,#11142,#11143,#11144,#11145,#11146,#11147,
    #11148,#11149,#11150,#11151,#11152,#11153,#11154,#11155,#11156,
    #11157,#11158,#11159,#11160,#11161,#11162,#11163,#11164,#11165,
    #11166,#11167,#11168),.UNSPECIFIED.,.T.,.F.,(7,5,5,5,5,5,5,5,5,5,5,5
    ,5,5,5,5,5,5,5,7),(0.,7.4710732947E-02,0.123190221812,0.160736088207
    ,0.211075251991,0.248778990977,0.3101046866,0.358692490192,
    0.423715582434,0.459282549982,0.498646082878,0.573767736206,
    0.622513868258,0.660266242677,0.710882279583,0.748793394917,
    0.810456391272,0.859311435236,0.924692171487,1.),.UNSPECIFIED.);
#11072 = CARTESIAN_POINT('',(3.,85.,5.596650784174));
#11073 = CARTESIAN_POINT('',(3.,85.209737386191,5.596650784174));
#11074 = CARTESIAN_POINT('',(2.98240422723,85.419256550467,
    5.606082717212));
#11075 = CARTESIAN_POINT('',(2.947280419102,85.627277373208,
    5.624910365195));
#11076 = CARTESIAN_POINT('',(2.894642110388,85.832493821845,
    5.652592115213));
#11077 = CARTESIAN_POINT('',(2.824476370094,86.033485377926,
    5.688080453728));
#11078 = CARTESIAN_POINT('',(2.680021390765,86.355268538617,
    5.75707862703));
#11079 = CARTESIAN_POINT('',(2.615799156702,86.479509483052,
    5.786922892785));
#11080 = CARTESIAN_POINT('',(2.54413793246,86.601076704781,
    5.819102298053));
#11081 = CARTESIAN_POINT('',(2.464927070628,86.719632000513,
    5.853211378707));
#11082 = CARTESIAN_POINT('',(2.378024523269,86.834758360457,
    5.888786858818));
#11083 = CARTESIAN_POINT('',(2.209888117991,87.032041735309,
    5.953577012983));
#11084 = CARTESIAN_POINT('',(2.131782880371,87.115794340726,
    5.982421788794));
#11085 = CARTESIAN_POINT('',(2.048851919233,87.196981945825,
    6.011598148179));
#11086 = CARTESIAN_POINT('',(1.960991165345,87.275333959982,
    6.040841140904));
#11087 = CARTESIAN_POINT('',(1.868097550964,87.3505217912,6.069854237339
    ));
#11088 = CARTESIAN_POINT('',(1.638641373297,87.518204284297,
    6.136455269538));
#11089 = CARTESIAN_POINT('',(1.497677054972,87.608090490971,
    6.173685329101));
#11090 = CARTESIAN_POINT('',(1.347273658986,87.690517760122,
    6.209071974814));
#11091 = CARTESIAN_POINT('',(1.187653656743,87.764147647041,
    6.241598910422));
#11092 = CARTESIAN_POINT('',(1.019189897778,87.827573287798,
    6.27021178421));
#11093 = CARTESIAN_POINT('',(0.710037636113,87.918025823748,
    6.311591580367));
#11094 = CARTESIAN_POINT('',(0.573019357709,87.950184639735,
    6.32652964574));
#11095 = CARTESIAN_POINT('',(0.432396152657,87.974908685081,
    6.338145826261));
#11096 = CARTESIAN_POINT('',(0.289261012214,87.991619203825,
    6.346040571283));
#11097 = CARTESIAN_POINT('',(0.144747898126,88.,6.35));
#11098 = CARTESIAN_POINT('',(-0.23543462217,88.,6.35));
#11099 = CARTESIAN_POINT('',(-0.468862183206,87.977828057009,
    6.339525051601));
#11100 = CARTESIAN_POINT('',(-0.696439316263,87.934193996047,
    6.318910641559));
#11101 = CARTESIAN_POINT('',(-0.914458222637,87.870977328321,
    6.289495119689));
#11102 = CARTESIAN_POINT('',(-1.119591895213,87.79121597815,
    6.253521539557));
#11103 = CARTESIAN_POINT('',(-1.459291636313,87.626465638483,
    6.181951043118));
#11104 = CARTESIAN_POINT('',(-1.600797843274,87.545454208109,
    6.147588802909));
#11105 = CARTESIAN_POINT('',(-1.733653893457,87.457429102349,
    6.111381711859));
#11106 = CARTESIAN_POINT('',(-1.85796844505,87.363367910711,
    6.074116712509));
#11107 = CARTESIAN_POINT('',(-1.973908699478,87.264083841929,
    6.036488441906));
#11108 = CARTESIAN_POINT('',(-2.225858894016,87.021299939106,
    5.949062882914));
#11109 = CARTESIAN_POINT('',(-2.3555945493,86.874008594623,
    5.899385220908));
#11110 = CARTESIAN_POINT('',(-2.471309005977,86.719882044309,
    5.851490283163));
#11111 = CARTESIAN_POINT('',(-2.573425319219,86.560019135904,
    5.806558158621));
#11112 = CARTESIAN_POINT('',(-2.662271063401,86.395223005743,
    5.765575230094));
#11113 = CARTESIAN_POINT('',(-2.779426002933,86.133606584044,
    5.70958833259));
#11114 = CARTESIAN_POINT('',(-2.816912687703,86.039841835896,
    5.691232423141));
#11115 = CARTESIAN_POINT('',(-2.850469428511,85.944968955536,
    5.674463629418));
#11116 = CARTESIAN_POINT('',(-2.880101992855,85.849132105269,
    5.659410253053));
#11117 = CARTESIAN_POINT('',(-2.905813059692,85.752466427081,
    5.646180417332));
#11118 = CARTESIAN_POINT('',(-2.951714185315,85.547336637754,
    5.62233241458));
#11119 = CARTESIAN_POINT('',(-2.9710205262,85.438720820755,
    5.612144451763));
#11120 = CARTESIAN_POINT('',(-2.985507671486,85.329468521046,
    5.604419307365));
#11121 = CARTESIAN_POINT('',(-2.995168658745,85.219792695354,
    5.599240480004));
#11122 = CARTESIAN_POINT('',(-3.,85.109901794424,5.596650784174));
#11123 = CARTESIAN_POINT('',(-3.,84.790262613809,5.596650784174));
#11124 = CARTESIAN_POINT('',(-2.98240422723,84.580743449533,
    5.606082717212));
#11125 = CARTESIAN_POINT('',(-2.947280419102,84.372722626792,
    5.624910365195));
#11126 = CARTESIAN_POINT('',(-2.894642110388,84.167506178155,
    5.652592115213));
#11127 = CARTESIAN_POINT('',(-2.824476370094,83.966514622074,
    5.688080453728));
#11128 = CARTESIAN_POINT('',(-2.680021392358,83.644731464931,
    5.757078626269));
#11129 = CARTESIAN_POINT('',(-2.615799153342,83.520490511439,
    5.786922894225));
#11130 = CARTESIAN_POINT('',(-2.544137933021,83.3989232951,
    5.819102297905));
#11131 = CARTESIAN_POINT('',(-2.464927074255,83.280368004946,
    5.853211377196));
#11132 = CARTESIAN_POINT('',(-2.378024520475,83.165241636265,
    5.888786859894));
#11133 = CARTESIAN_POINT('',(-2.209888117991,82.967958264691,
    5.953577012983));
#11134 = CARTESIAN_POINT('',(-2.131782880371,82.884205659274,
    5.982421788794));
#11135 = CARTESIAN_POINT('',(-2.048851919233,82.803018054175,
    6.011598148179));
#11136 = CARTESIAN_POINT('',(-1.960991165345,82.724666040018,
    6.040841140904));
#11137 = CARTESIAN_POINT('',(-1.868097550964,82.6494782088,
    6.069854237339));
#11138 = CARTESIAN_POINT('',(-1.638641373297,82.481795715703,
    6.136455269538));
#11139 = CARTESIAN_POINT('',(-1.497677054972,82.391909509029,
    6.173685329101));
#11140 = CARTESIAN_POINT('',(-1.347273658986,82.309482239879,
    6.209071974814));
#11141 = CARTESIAN_POINT('',(-1.187653656743,82.235852352959,
    6.241598910422));
#11142 = CARTESIAN_POINT('',(-1.019189897778,82.172426712202,
    6.27021178421));
#11143 = CARTESIAN_POINT('',(-0.710037636113,82.081974176252,
    6.311591580367));
#11144 = CARTESIAN_POINT('',(-0.573019357709,82.049815360264,
    6.32652964574));
#11145 = CARTESIAN_POINT('',(-0.432396152657,82.025091314919,
    6.338145826261));
#11146 = CARTESIAN_POINT('',(-0.289261012214,82.008380796175,
    6.346040571283));
#11147 = CARTESIAN_POINT('',(-0.144747898126,82.,6.35));
#11148 = CARTESIAN_POINT('',(0.235434622171,82.,6.35));
#11149 = CARTESIAN_POINT('',(0.468862183205,82.022171942991,
    6.339525051601));
#11150 = CARTESIAN_POINT('',(0.696439316263,82.065806003953,
    6.318910641559));
#11151 = CARTESIAN_POINT('',(0.914458222637,82.129022671679,
    6.289495119689));
#11152 = CARTESIAN_POINT('',(1.119591895213,82.20878402185,
    6.253521539557));
#11153 = CARTESIAN_POINT('',(1.459291636313,82.373534361517,
    6.181951043118));
#11154 = CARTESIAN_POINT('',(1.600797843274,82.454545791891,
    6.147588802909));
#11155 = CARTESIAN_POINT('',(1.733653893457,82.542570897651,
    6.111381711859));
#11156 = CARTESIAN_POINT('',(1.85796844505,82.636632089289,
    6.074116712509));
#11157 = CARTESIAN_POINT('',(1.973908699478,82.735916158071,
    6.036488441906));
#11158 = CARTESIAN_POINT('',(2.225858909517,82.978700075831,
    5.949062877536));
#11159 = CARTESIAN_POINT('',(2.355594530177,83.125991379977,
    5.899385228335));
#11160 = CARTESIAN_POINT('',(2.47130900224,83.280117956485,
    5.851490284009));
#11161 = CARTESIAN_POINT('',(2.573425336558,83.439980889827,
    5.806558151604));
#11162 = CARTESIAN_POINT('',(2.662271055898,83.604776977503,
    5.765575233679));
#11163 = CARTESIAN_POINT('',(2.825231497275,83.968680776369,
    5.687698453024));
#11164 = CARTESIAN_POINT('',(2.895095261366,84.169274891208,
    5.652353811759));
#11165 = CARTESIAN_POINT('',(2.947507379062,84.374067600633,
    5.62478870581));
#11166 = CARTESIAN_POINT('',(2.982480163382,84.581647312947,
    5.606042013075));
#11167 = CARTESIAN_POINT('',(3.,84.79071568163,5.596650784174));
#11168 = CARTESIAN_POINT('',(3.,85.,5.596650784174));
#11169 = PCURVE('',#10991,#11170);
#11170 = DEFINITIONAL_REPRESENTATION('',(#11171),#11269);
#11171 = B_SPLINE_CURVE_WITH_KNOTS('',6,(#11172,#11173,#11174,#11175,
    #11176,#11177,#11178,#11179,#11180,#11181,#11182,#11183,#11184,
    #11185,#11186,#11187,#11188,#11189,#11190,#11191,#11192,#11193,
    #11194,#11195,#11196,#11197,#11198,#11199,#11200,#11201,#11202,
    #11203,#11204,#11205,#11206,#11207,#11208,#11209,#11210,#11211,
    #11212,#11213,#11214,#11215,#11216,#11217,#11218,#11219,#11220,
    #11221,#11222,#11223,#11224,#11225,#11226,#11227,#11228,#11229,
    #11230,#11231,#11232,#11233,#11234,#11235,#11236,#11237,#11238,
    #11239,#11240,#11241,#11242,#11243,#11244,#11245,#11246,#11247,
    #11248,#11249,#11250,#11251,#11252,#11253,#11254,#11255,#11256,
    #11257,#11258,#11259,#11260,#11261,#11262,#11263,#11264,#11265,
    #11266,#11267,#11268),.UNSPECIFIED.,.T.,.F.,(7,5,5,5,5,5,5,5,5,5,5,5
    ,5,5,5,5,5,5,5,7),(0.,7.4710732947E-02,0.123190221812,0.160736088207
    ,0.211075251991,0.248778990977,0.3101046866,0.358692490192,
    0.423715582434,0.459282549982,0.498646082878,0.573767736206,
    0.622513868258,0.660266242677,0.710882279583,0.748793394917,
    0.810456391272,0.859311435236,0.924692171487,1.),.UNSPECIFIED.);
#11172 = CARTESIAN_POINT('',(1.078738084437,35.));
#11173 = CARTESIAN_POINT('',(1.078738084437,34.790262613809));
#11174 = CARTESIAN_POINT('',(1.081882053034,34.580743449533));
#11175 = CARTESIAN_POINT('',(1.08815798031,34.372722626792));
#11176 = CARTESIAN_POINT('',(1.097523408476,34.167506178155));
#11177 = CARTESIAN_POINT('',(1.109902868738,33.966514622074));
#11178 = CARTESIAN_POINT('',(1.135113489469,33.644731461383));
#11179 = CARTESIAN_POINT('',(1.146265274661,33.520490516948));
#11180 = CARTESIAN_POINT('',(1.158634470192,33.398923295219));
#11181 = CARTESIAN_POINT('',(1.172213076835,33.280367999487));
#11182 = CARTESIAN_POINT('',(1.186997693597,33.165241639543));
#11183 = CARTESIAN_POINT('',(1.215373712678,32.967958264691));
#11184 = CARTESIAN_POINT('',(1.228484435608,32.884205659274));
#11185 = CARTESIAN_POINT('',(1.242326504381,32.803018054175));
#11186 = CARTESIAN_POINT('',(1.256905581477,32.724666040018));
#11187 = CARTESIAN_POINT('',(1.272228273261,32.6494782088));
#11188 = CARTESIAN_POINT('',(1.309854481394,32.481795715703));
#11189 = CARTESIAN_POINT('',(1.332808062056,32.391909509029));
#11190 = CARTESIAN_POINT('',(1.35712608297,32.309482239878));
#11191 = CARTESIAN_POINT('',(1.382760511234,32.235852352959));
#11192 = CARTESIAN_POINT('',(1.409653460536,32.172426712202));
#11193 = CARTESIAN_POINT('',(1.458773034581,32.081974176252));
#11194 = CARTESIAN_POINT('',(1.480472081268,32.049815360265));
#11195 = CARTESIAN_POINT('',(1.50268114174,32.025091314919));
#11196 = CARTESIAN_POINT('',(1.525243407088,32.008380796175));
#11197 = CARTESIAN_POINT('',(1.548001382208,32.));
#11198 = CARTESIAN_POINT('',(1.607872645247,32.));
#11199 = CARTESIAN_POINT('',(1.644632954017,32.022171942991));
#11200 = CARTESIAN_POINT('',(1.680563299442,32.065806003953));
#11201 = CARTESIAN_POINT('',(1.715165264873,32.129022671679));
#11202 = CARTESIAN_POINT('',(1.747943801326,32.20878402185));
#11203 = CARTESIAN_POINT('',(1.80261425568,32.373534361517));
#11204 = CARTESIAN_POINT('',(1.82553561329,32.454545791891));
#11205 = CARTESIAN_POINT('',(1.84720926221,32.542570897651));
#11206 = CARTESIAN_POINT('',(1.867638801621,32.636632089289));
#11207 = CARTESIAN_POINT('',(1.886830716316,32.735916158071));
#11208 = CARTESIAN_POINT('',(1.928828720129,32.978700060894));
#11209 = CARTESIAN_POINT('',(1.950695253424,33.125991405377));
#11210 = CARTESIAN_POINT('',(1.97040830295,33.280117955691));
#11211 = CARTESIAN_POINT('',(1.987973342463,33.439980864096));
#11212 = CARTESIAN_POINT('',(2.00338009645,33.604776994257));
#11213 = CARTESIAN_POINT('',(2.023828181628,33.866393415956));
#11214 = CARTESIAN_POINT('',(2.030401043205,33.960158164104));
#11215 = CARTESIAN_POINT('',(2.036308407601,34.055031044464));
#11216 = CARTESIAN_POINT('',(2.041542459271,34.150867894731));
#11217 = CARTESIAN_POINT('',(2.046095993452,34.247533572919));
#11218 = CARTESIAN_POINT('',(2.05424191383,34.452663362246));
#11219 = CARTESIAN_POINT('',(2.057679573397,34.561279179245));
#11220 = CARTESIAN_POINT('',(2.060265085696,34.670531478954));
#11221 = CARTESIAN_POINT('',(2.061991323739,34.780207304646));
#11222 = CARTESIAN_POINT('',(2.062854569153,34.890098205576));
#11223 = CARTESIAN_POINT('',(2.062854569153,35.209737386191));
#11224 = CARTESIAN_POINT('',(2.059710600555,35.419256550467));
#11225 = CARTESIAN_POINT('',(2.05343467328,35.627277373208));
#11226 = CARTESIAN_POINT('',(2.044069245114,35.832493821845));
#11227 = CARTESIAN_POINT('',(2.031689784852,36.033485377926));
#11228 = CARTESIAN_POINT('',(2.006479164398,36.355268535069));
#11229 = CARTESIAN_POINT('',(1.995327378353,36.479509488561));
#11230 = CARTESIAN_POINT('',(1.982958183488,36.6010767049));
#11231 = CARTESIAN_POINT('',(1.969379577374,36.719631995054));
#11232 = CARTESIAN_POINT('',(1.954594959521,36.834758363735));
#11233 = CARTESIAN_POINT('',(1.926218940912,37.032041735309));
#11234 = CARTESIAN_POINT('',(1.913108217982,37.115794340726));
#11235 = CARTESIAN_POINT('',(1.899266149209,37.196981945825));
#11236 = CARTESIAN_POINT('',(1.884687072113,37.275333959982));
#11237 = CARTESIAN_POINT('',(1.869364380329,37.3505217912));
#11238 = CARTESIAN_POINT('',(1.831738172196,37.518204284297));
#11239 = CARTESIAN_POINT('',(1.808784591534,37.608090490971));
#11240 = CARTESIAN_POINT('',(1.78446657062,37.690517760121));
#11241 = CARTESIAN_POINT('',(1.758832142356,37.764147647041));
#11242 = CARTESIAN_POINT('',(1.731939193053,37.827573287798));
#11243 = CARTESIAN_POINT('',(1.682819619009,37.918025823748));
#11244 = CARTESIAN_POINT('',(1.661120572322,37.950184639736));
#11245 = CARTESIAN_POINT('',(1.63891151185,37.974908685081));
#11246 = CARTESIAN_POINT('',(1.616349246502,37.991619203825));
#11247 = CARTESIAN_POINT('',(1.593591271382,38.));
#11248 = CARTESIAN_POINT('',(1.533720008343,38.));
#11249 = CARTESIAN_POINT('',(1.496959699573,37.977828057009));
#11250 = CARTESIAN_POINT('',(1.461029354148,37.934193996047));
#11251 = CARTESIAN_POINT('',(1.426427388717,37.870977328321));
#11252 = CARTESIAN_POINT('',(1.393648852264,37.79121597815));
#11253 = CARTESIAN_POINT('',(1.338978397909,37.626465638483));
#11254 = CARTESIAN_POINT('',(1.3160570403,37.545454208109));
#11255 = CARTESIAN_POINT('',(1.294383391379,37.457429102349));
#11256 = CARTESIAN_POINT('',(1.273953851969,37.363367910711));
#11257 = CARTESIAN_POINT('',(1.254761937273,37.264083841929));
#11258 = CARTESIAN_POINT('',(1.212763930877,37.021299924169));
#11259 = CARTESIAN_POINT('',(1.1908974034,36.874008620023));
#11260 = CARTESIAN_POINT('',(1.171184351236,36.719882043515));
#11261 = CARTESIAN_POINT('',(1.153619308177,36.560019110173));
#11262 = CARTESIAN_POINT('',(1.13821255845,36.395223022497));
#11263 = CARTESIAN_POINT('',(1.109769634922,36.031319223631));
#11264 = CARTESIAN_POINT('',(1.097442784137,35.830725108792));
#11265 = CARTESIAN_POINT('',(1.088117426683,35.625932399368));
#11266 = CARTESIAN_POINT('',(1.081868485116,35.418352687053));
#11267 = CARTESIAN_POINT('',(1.078738084437,35.20928431837));
#11268 = CARTESIAN_POINT('',(1.078738084437,35.));
#11269 = ( GEOMETRIC_REPRESENTATION_CONTEXT(2) 
PARAMETRIC_REPRESENTATION_CONTEXT() REPRESENTATION_CONTEXT('2D SPACE',''
  ) );
#11270 = PCURVE('',#11271,#11276);
#11271 = CYLINDRICAL_SURFACE('',#11272,3.);
#11272 = AXIS2_PLACEMENT_3D('',#11273,#11274,#11275);
#11273 = CARTESIAN_POINT('',(0.,85.,0.));
#11274 = DIRECTION('',(0.,0.,1.));
#11275 = DIRECTION('',(1.,0.,-0.));
#11276 = DEFINITIONAL_REPRESENTATION('',(#11277),#11375);
#11277 = B_SPLINE_CURVE_WITH_KNOTS('',6,(#11278,#11279,#11280,#11281,
    #11282,#11283,#11284,#11285,#11286,#11287,#11288,#11289,#11290,
    #11291,#11292,#11293,#11294,#11295,#11296,#11297,#11298,#11299,
    #11300,#11301,#11302,#11303,#11304,#11305,#11306,#11307,#11308,
    #11309,#11310,#11311,#11312,#11313,#11314,#11315,#11316,#11317,
    #11318,#11319,#11320,#11321,#11322,#11323,#11324,#11325,#11326,
    #11327,#11328,#11329,#11330,#11331,#11332,#11333,#11334,#11335,
    #11336,#11337,#11338,#11339,#11340,#11341,#11342,#11343,#11344,
    #11345,#11346,#11347,#11348,#11349,#11350,#11351,#11352,#11353,
    #11354,#11355,#11356,#11357,#11358,#11359,#11360,#11361,#11362,
    #11363,#11364,#11365,#11366,#11367,#11368,#11369,#11370,#11371,
    #11372,#11373,#11374),.UNSPECIFIED.,.F.,.F.,(7,5,5,5,5,5,5,5,5,5,5,5
    ,5,5,5,5,5,5,5,7),(0.,7.4710732947E-02,0.123190221812,0.160736088207
    ,0.211075251991,0.248778990977,0.3101046866,0.358692490192,
    0.423715582434,0.459282549982,0.498646082878,0.573767736206,
    0.622513868258,0.660266242677,0.710882279583,0.748793394917,
    0.810456391272,0.859311435236,0.924692171487,1.),.UNSPECIFIED.);
#11278 = CARTESIAN_POINT('',(0.,5.596650784174));
#11279 = CARTESIAN_POINT('',(6.991246206352E-02,5.596650784174));
#11280 = CARTESIAN_POINT('',(0.139752163133,5.606082717212));
#11281 = CARTESIAN_POINT('',(0.209707612207,5.624910365195));
#11282 = CARTESIAN_POINT('',(0.279951779257,5.652592115213));
#11283 = CARTESIAN_POINT('',(0.350651299637,5.688080453728));
#11284 = CARTESIAN_POINT('',(0.468224748812,5.75707862703));
#11285 = CARTESIAN_POINT('',(0.514773245675,5.786922892785));
#11286 = CARTESIAN_POINT('',(0.561702706347,5.819102298053));
#11287 = CARTESIAN_POINT('',(0.609114009436,5.853211378707));
#11288 = CARTESIAN_POINT('',(0.657110925518,5.888786858818));
#11289 = CARTESIAN_POINT('',(0.743514745375,5.953577012983));
#11290 = CARTESIAN_POINT('',(0.781650019504,5.982421788794));
#11291 = CARTESIAN_POINT('',(0.8202746224,6.011598148179));
#11292 = CARTESIAN_POINT('',(0.859449535558,6.040841140904));
#11293 = CARTESIAN_POINT('',(0.899237430075,6.069854237339));
#11294 = CARTESIAN_POINT('',(0.993969541233,6.136455269538));
#11295 = CARTESIAN_POINT('',(1.049585093652,6.173685329101));
#11296 = CARTESIAN_POINT('',(1.106562747968,6.209071974814));
#11297 = CARTESIAN_POINT('',(1.164935901718,6.241598910422));
#11298 = CARTESIAN_POINT('',(1.224768268537,6.27021178421));
#11299 = CARTESIAN_POINT('',(1.332139267183,6.311591580367));
#11300 = CARTESIAN_POINT('',(1.37898447677,6.32652964574));
#11301 = CARTESIAN_POINT('',(1.42646207211,6.338145826261));
#11302 = CARTESIAN_POINT('',(1.474375994173,6.346040571283));
#11303 = CARTESIAN_POINT('',(1.52254702742,6.35));
#11304 = CARTESIAN_POINT('',(1.649274534185,6.35));
#11305 = CARTESIAN_POINT('',(1.727083641287,6.339525051601));
#11306 = CARTESIAN_POINT('',(1.803813123985,6.318910641559));
#11307 = CARTESIAN_POINT('',(1.879020508421,6.289495119689));
#11308 = CARTESIAN_POINT('',(1.952146417691,6.253521539557));
#11309 = CARTESIAN_POINT('',(2.077994027708,6.181951043118));
#11310 = CARTESIAN_POINT('',(2.132218813809,6.147588802909));
#11311 = CARTESIAN_POINT('',(2.185178440278,6.111381711859));
#11312 = CARTESIAN_POINT('',(2.236997266964,6.074116712509));
#11313 = CARTESIAN_POINT('',(2.287789934642,6.036488441906));
#11314 = CARTESIAN_POINT('',(2.404419892675,5.949062882914));
#11315 = CARTESIAN_POINT('',(2.469628424599,5.899385220908));
#11316 = CARTESIAN_POINT('',(2.533585778967,5.851490283163));
#11317 = CARTESIAN_POINT('',(2.596556523043,5.806558158621));
#11318 = CARTESIAN_POINT('',(2.658794673521,5.765575230094));
#11319 = CARTESIAN_POINT('',(2.754344795306,5.70958833259));
#11320 = CARTESIAN_POINT('',(2.787977111106,5.691232423141));
#11321 = CARTESIAN_POINT('',(2.821480569554,5.674463629418));
#11322 = CARTESIAN_POINT('',(2.854878372042,5.659410253053));
#11323 = CARTESIAN_POINT('',(2.888194127219,5.646180417332));
#11324 = CARTESIAN_POINT('',(2.958261669081,5.62233241458));
#11325 = CARTESIAN_POINT('',(2.994998475576,5.612144451763));
#11326 = CARTESIAN_POINT('',(3.031681325905,5.604419307365));
#11327 = CARTESIAN_POINT('',(3.068328417654,5.599240480004));
#11328 = CARTESIAN_POINT('',(3.104958722115,5.596650784174));
#11329 = CARTESIAN_POINT('',(3.211505115653,5.596650784174));
#11330 = CARTESIAN_POINT('',(3.281344816723,5.606082717212));
#11331 = CARTESIAN_POINT('',(3.351300265797,5.624910365195));
#11332 = CARTESIAN_POINT('',(3.421544432847,5.652592115213));
#11333 = CARTESIAN_POINT('',(3.492243953227,5.688080453728));
#11334 = CARTESIAN_POINT('',(3.609817401105,5.757078626269));
#11335 = CARTESIAN_POINT('',(3.656365901434,5.786922894225));
#11336 = CARTESIAN_POINT('',(3.70329535987,5.819102297905));
#11337 = CARTESIAN_POINT('',(3.750706660823,5.853211377196));
#11338 = CARTESIAN_POINT('',(3.798703580544,5.888786859894));
#11339 = CARTESIAN_POINT('',(3.885107398965,5.953577012983));
#11340 = CARTESIAN_POINT('',(3.923242673094,5.982421788794));
#11341 = CARTESIAN_POINT('',(3.96186727599,6.011598148179));
#11342 = CARTESIAN_POINT('',(4.001042189148,6.040841140904));
#11343 = CARTESIAN_POINT('',(4.040830083665,6.069854237339));
#11344 = CARTESIAN_POINT('',(4.135562194823,6.136455269538));
#11345 = CARTESIAN_POINT('',(4.191177747241,6.173685329101));
#11346 = CARTESIAN_POINT('',(4.248155401558,6.209071974814));
#11347 = CARTESIAN_POINT('',(4.306528555308,6.241598910422));
#11348 = CARTESIAN_POINT('',(4.366360922126,6.27021178421));
#11349 = CARTESIAN_POINT('',(4.473731920772,6.311591580367));
#11350 = CARTESIAN_POINT('',(4.52057713036,6.32652964574));
#11351 = CARTESIAN_POINT('',(4.5680547257,6.338145826261));
#11352 = CARTESIAN_POINT('',(4.615968647763,6.346040571283));
#11353 = CARTESIAN_POINT('',(4.664139681009,6.35));
#11354 = CARTESIAN_POINT('',(4.790867187775,6.35));
#11355 = CARTESIAN_POINT('',(4.868676294876,6.339525051601));
#11356 = CARTESIAN_POINT('',(4.945405777575,6.318910641559));
#11357 = CARTESIAN_POINT('',(5.020613162011,6.289495119689));
#11358 = CARTESIAN_POINT('',(5.09373907128,6.253521539557));
#11359 = CARTESIAN_POINT('',(5.219586681298,6.181951043118));
#11360 = CARTESIAN_POINT('',(5.273811467399,6.147588802909));
#11361 = CARTESIAN_POINT('',(5.326771093868,6.111381711859));
#11362 = CARTESIAN_POINT('',(5.378589920554,6.074116712509));
#11363 = CARTESIAN_POINT('',(5.429382588231,6.036488441906));
#11364 = CARTESIAN_POINT('',(5.54601255344,5.949062877536));
#11365 = CARTESIAN_POINT('',(5.611221067431,5.899385228335));
#11366 = CARTESIAN_POINT('',(5.675178432049,5.851490284009));
#11367 = CARTESIAN_POINT('',(5.738149187136,5.806558151604));
#11368 = CARTESIAN_POINT('',(5.800387320992,5.765575233679));
#11369 = CARTESIAN_POINT('',(5.933295844371,5.687698453024));
#11370 = CARTESIAN_POINT('',(6.00383891507,5.652353811759));
#11371 = CARTESIAN_POINT('',(6.073929997338,5.62478870581));
#11372 = CARTESIAN_POINT('',(6.143734431725,5.606042013075));
#11373 = CARTESIAN_POINT('',(6.213423867723,5.596650784174));
#11374 = CARTESIAN_POINT('',(6.28318530718,5.596650784174));
#11375 = ( GEOMETRIC_REPRESENTATION_CONTEXT(2) 
PARAMETRIC_REPRESENTATION_CONTEXT() REPRESENTATION_CONTEXT('2D SPACE',''
  ) );
#11376 = FACE_BOUND('',#11377,.T.);
#11377 = EDGE_LOOP('',(#11378));
#11378 = ORIENTED_EDGE('',*,*,#11379,.F.);
#11379 = EDGE_CURVE('',#11380,#11380,#11382,.T.);
#11380 = VERTEX_POINT('',#11381);
#11381 = CARTESIAN_POINT('',(3.,68.,5.596650784174));
#11382 = SURFACE_CURVE('',#11383,(#11481,#11582),.PCURVE_S1.);
#11383 = B_SPLINE_CURVE_WITH_KNOTS('',6,(#11384,#11385,#11386,#11387,
    #11388,#11389,#11390,#11391,#11392,#11393,#11394,#11395,#11396,
    #11397,#11398,#11399,#11400,#11401,#11402,#11403,#11404,#11405,
    #11406,#11407,#11408,#11409,#11410,#11411,#11412,#11413,#11414,
    #11415,#11416,#11417,#11418,#11419,#11420,#11421,#11422,#11423,
    #11424,#11425,#11426,#11427,#11428,#11429,#11430,#11431,#11432,
    #11433,#11434,#11435,#11436,#11437,#11438,#11439,#11440,#11441,
    #11442,#11443,#11444,#11445,#11446,#11447,#11448,#11449,#11450,
    #11451,#11452,#11453,#11454,#11455,#11456,#11457,#11458,#11459,
    #11460,#11461,#11462,#11463,#11464,#11465,#11466,#11467,#11468,
    #11469,#11470,#11471,#11472,#11473,#11474,#11475,#11476,#11477,
    #11478,#11479,#11480),.UNSPECIFIED.,.T.,.F.,(7,5,5,5,5,5,5,5,5,5,5,5
    ,5,5,5,5,5,5,5,7),(0.,7.471073257366E-02,0.123190221196,
    0.160736087404,0.211075250937,0.248778989734,0.310104685051,
    0.3586924884,0.423715587306,0.459282554977,0.498646088007,
    0.573767741593,0.622513875178,0.660266249671,0.710882286677,
    0.748793402085,0.810456398562,0.859311442622,0.924692171973,1.),
  .UNSPECIFIED.);
#11384 = CARTESIAN_POINT('',(3.,68.,5.596650784174));
#11385 = CARTESIAN_POINT('',(3.,68.209737386191,5.596650784174));
#11386 = CARTESIAN_POINT('',(2.98240422723,68.419256550467,
    5.606082717212));
#11387 = CARTESIAN_POINT('',(2.947280419102,68.627277373209,
    5.624910365195));
#11388 = CARTESIAN_POINT('',(2.894642110389,68.832493821845,
    5.652592115213));
#11389 = CARTESIAN_POINT('',(2.824476370094,69.033485377926,
    5.688080453728));
#11390 = CARTESIAN_POINT('',(2.680021390765,69.355268538617,
    5.75707862703));
#11391 = CARTESIAN_POINT('',(2.615799156702,69.479509483052,
    5.786922892785));
#11392 = CARTESIAN_POINT('',(2.54413793246,69.601076704781,
    5.819102298053));
#11393 = CARTESIAN_POINT('',(2.464927070628,69.719632000513,
    5.853211378707));
#11394 = CARTESIAN_POINT('',(2.378024523269,69.834758360457,
    5.888786858818));
#11395 = CARTESIAN_POINT('',(2.209888117991,70.032041735309,
    5.953577012983));
#11396 = CARTESIAN_POINT('',(2.131782880371,70.115794340726,
    5.982421788794));
#11397 = CARTESIAN_POINT('',(2.048851919233,70.196981945825,
    6.011598148179));
#11398 = CARTESIAN_POINT('',(1.960991165345,70.275333959982,
    6.040841140904));
#11399 = CARTESIAN_POINT('',(1.868097550964,70.3505217912,6.069854237339
    ));
#11400 = CARTESIAN_POINT('',(1.638641373297,70.518204284297,
    6.136455269538));
#11401 = CARTESIAN_POINT('',(1.497677054972,70.608090490971,
    6.173685329101));
#11402 = CARTESIAN_POINT('',(1.347273658986,70.690517760122,
    6.209071974814));
#11403 = CARTESIAN_POINT('',(1.187653656743,70.764147647041,
    6.241598910422));
#11404 = CARTESIAN_POINT('',(1.019189897778,70.827573287798,
    6.27021178421));
#11405 = CARTESIAN_POINT('',(0.710037636113,70.918025823748,
    6.311591580367));
#11406 = CARTESIAN_POINT('',(0.573019357709,70.950184639735,
    6.32652964574));
#11407 = CARTESIAN_POINT('',(0.432396152657,70.974908685081,
    6.338145826261));
#11408 = CARTESIAN_POINT('',(0.289261012214,70.991619203825,
    6.346040571283));
#11409 = CARTESIAN_POINT('',(0.144747898126,71.,6.35));
#11410 = CARTESIAN_POINT('',(-0.23543462217,71.,6.35));
#11411 = CARTESIAN_POINT('',(-0.468862183206,70.977828057009,
    6.339525051601));
#11412 = CARTESIAN_POINT('',(-0.696439316263,70.934193996047,
    6.318910641559));
#11413 = CARTESIAN_POINT('',(-0.914458222637,70.870977328321,
    6.289495119689));
#11414 = CARTESIAN_POINT('',(-1.119591895213,70.79121597815,
    6.253521539557));
#11415 = CARTESIAN_POINT('',(-1.459291636313,70.626465638483,
    6.181951043118));
#11416 = CARTESIAN_POINT('',(-1.600797843274,70.545454208109,
    6.147588802909));
#11417 = CARTESIAN_POINT('',(-1.733653893457,70.457429102349,
    6.111381711859));
#11418 = CARTESIAN_POINT('',(-1.85796844505,70.363367910711,
    6.074116712509));
#11419 = CARTESIAN_POINT('',(-1.973908699478,70.264083841929,
    6.036488441906));
#11420 = CARTESIAN_POINT('',(-2.225858909517,70.021299924169,
    5.949062877536));
#11421 = CARTESIAN_POINT('',(-2.355594530177,69.874008620023,
    5.899385228335));
#11422 = CARTESIAN_POINT('',(-2.47130900224,69.719882043515,
    5.851490284009));
#11423 = CARTESIAN_POINT('',(-2.573425336558,69.560019110173,
    5.806558151604));
#11424 = CARTESIAN_POINT('',(-2.662271055898,69.395223022497,
    5.76557523368));
#11425 = CARTESIAN_POINT('',(-2.779426002933,69.133606584044,
    5.70958833259));
#11426 = CARTESIAN_POINT('',(-2.816912687703,69.039841835896,
    5.691232423141));
#11427 = CARTESIAN_POINT('',(-2.850469428511,68.944968955536,
    5.674463629418));
#11428 = CARTESIAN_POINT('',(-2.880101992855,68.849132105269,
    5.659410253053));
#11429 = CARTESIAN_POINT('',(-2.905813059692,68.752466427081,
    5.646180417332));
#11430 = CARTESIAN_POINT('',(-2.951714185315,68.547336637754,
    5.62233241458));
#11431 = CARTESIAN_POINT('',(-2.9710205262,68.438720820755,
    5.612144451763));
#11432 = CARTESIAN_POINT('',(-2.985507671486,68.329468521046,
    5.604419307365));
#11433 = CARTESIAN_POINT('',(-2.995168658745,68.219792695354,
    5.599240480004));
#11434 = CARTESIAN_POINT('',(-3.,68.109901794424,5.596650784174));
#11435 = CARTESIAN_POINT('',(-3.,67.790262613809,5.596650784174));
#11436 = CARTESIAN_POINT('',(-2.98240422723,67.580743449533,
    5.606082717212));
#11437 = CARTESIAN_POINT('',(-2.947280419102,67.372722626792,
    5.624910365195));
#11438 = CARTESIAN_POINT('',(-2.894642110388,67.167506178155,
    5.652592115213));
#11439 = CARTESIAN_POINT('',(-2.824476370094,66.966514622074,
    5.688080453728));
#11440 = CARTESIAN_POINT('',(-2.680021390765,66.644731461383,
    5.75707862703));
#11441 = CARTESIAN_POINT('',(-2.615799156703,66.520490516949,
    5.786922892785));
#11442 = CARTESIAN_POINT('',(-2.54413793246,66.398923295219,
    5.819102298053));
#11443 = CARTESIAN_POINT('',(-2.464927070628,66.280367999487,
    5.853211378707));
#11444 = CARTESIAN_POINT('',(-2.378024523269,66.165241639543,
    5.888786858818));
#11445 = CARTESIAN_POINT('',(-2.209888117991,65.967958264691,
    5.953577012983));
#11446 = CARTESIAN_POINT('',(-2.131782880371,65.884205659274,
    5.982421788794));
#11447 = CARTESIAN_POINT('',(-2.048851919233,65.803018054175,
    6.011598148179));
#11448 = CARTESIAN_POINT('',(-1.960991165345,65.724666040018,
    6.040841140904));
#11449 = CARTESIAN_POINT('',(-1.868097550964,65.6494782088,
    6.069854237339));
#11450 = CARTESIAN_POINT('',(-1.638641373297,65.481795715703,
    6.136455269538));
#11451 = CARTESIAN_POINT('',(-1.497677054972,65.391909509029,
    6.173685329101));
#11452 = CARTESIAN_POINT('',(-1.347273658986,65.309482239879,
    6.209071974814));
#11453 = CARTESIAN_POINT('',(-1.187653656743,65.235852352959,
    6.241598910422));
#11454 = CARTESIAN_POINT('',(-1.019189897778,65.172426712201,
    6.27021178421));
#11455 = CARTESIAN_POINT('',(-0.710037636113,65.081974176252,
    6.311591580367));
#11456 = CARTESIAN_POINT('',(-0.573019357709,65.049815360265,
    6.32652964574));
#11457 = CARTESIAN_POINT('',(-0.432396152657,65.025091314919,
    6.338145826261));
#11458 = CARTESIAN_POINT('',(-0.289261012214,65.008380796175,
    6.346040571283));
#11459 = CARTESIAN_POINT('',(-0.144747898126,65.,6.35));
#11460 = CARTESIAN_POINT('',(0.23543462217,65.,6.35));
#11461 = CARTESIAN_POINT('',(0.468862183205,65.022171942991,
    6.339525051601));
#11462 = CARTESIAN_POINT('',(0.696439316263,65.065806003953,
    6.318910641559));
#11463 = CARTESIAN_POINT('',(0.914458222637,65.129022671679,
    6.289495119689));
#11464 = CARTESIAN_POINT('',(1.119591895213,65.20878402185,
    6.253521539557));
#11465 = CARTESIAN_POINT('',(1.459291636313,65.373534361517,
    6.181951043118));
#11466 = CARTESIAN_POINT('',(1.600797843274,65.454545791891,
    6.147588802909));
#11467 = CARTESIAN_POINT('',(1.733653893457,65.542570897651,
    6.111381711859));
#11468 = CARTESIAN_POINT('',(1.85796844505,65.636632089289,
    6.074116712509));
#11469 = CARTESIAN_POINT('',(1.973908699478,65.735916158071,
    6.036488441906));
#11470 = CARTESIAN_POINT('',(2.225858894016,65.978700060894,
    5.949062882914));
#11471 = CARTESIAN_POINT('',(2.3555945493,66.125991405377,5.899385220908
    ));
#11472 = CARTESIAN_POINT('',(2.471309005977,66.280117955691,
    5.851490283163));
#11473 = CARTESIAN_POINT('',(2.573425319219,66.439980864096,
    5.806558158621));
#11474 = CARTESIAN_POINT('',(2.662271063401,66.604776994257,
    5.765575230094));
#11475 = CARTESIAN_POINT('',(2.825231497275,66.968680776369,
    5.687698453024));
#11476 = CARTESIAN_POINT('',(2.895095261366,67.169274891208,
    5.652353811759));
#11477 = CARTESIAN_POINT('',(2.947507379062,67.374067600633,
    5.62478870581));
#11478 = CARTESIAN_POINT('',(2.982480163382,67.581647312947,
    5.606042013075));
#11479 = CARTESIAN_POINT('',(3.,67.79071568163,5.596650784174));
#11480 = CARTESIAN_POINT('',(3.,68.,5.596650784174));
#11481 = PCURVE('',#10991,#11482);
#11482 = DEFINITIONAL_REPRESENTATION('',(#11483),#11581);
#11483 = B_SPLINE_CURVE_WITH_KNOTS('',6,(#11484,#11485,#11486,#11487,
    #11488,#11489,#11490,#11491,#11492,#11493,#11494,#11495,#11496,
    #11497,#11498,#11499,#11500,#11501,#11502,#11503,#11504,#11505,
    #11506,#11507,#11508,#11509,#11510,#11511,#11512,#11513,#11514,
    #11515,#11516,#11517,#11518,#11519,#11520,#11521,#11522,#11523,
    #11524,#11525,#11526,#11527,#11528,#11529,#11530,#11531,#11532,
    #11533,#11534,#11535,#11536,#11537,#11538,#11539,#11540,#11541,
    #11542,#11543,#11544,#11545,#11546,#11547,#11548,#11549,#11550,
    #11551,#11552,#11553,#11554,#11555,#11556,#11557,#11558,#11559,
    #11560,#11561,#11562,#11563,#11564,#11565,#11566,#11567,#11568,
    #11569,#11570,#11571,#11572,#11573,#11574,#11575,#11576,#11577,
    #11578,#11579,#11580),.UNSPECIFIED.,.T.,.F.,(7,5,5,5,5,5,5,5,5,5,5,5
    ,5,5,5,5,5,5,5,7),(0.,7.471073257366E-02,0.123190221196,
    0.160736087404,0.211075250937,0.248778989734,0.310104685051,
    0.3586924884,0.423715587306,0.459282554977,0.498646088007,
    0.573767741593,0.622513875178,0.660266249671,0.710882286677,
    0.748793402085,0.810456398562,0.859311442622,0.924692171973,1.),
  .UNSPECIFIED.);
#11484 = CARTESIAN_POINT('',(1.078738084437,52.));
#11485 = CARTESIAN_POINT('',(1.078738084437,51.790262613809));
#11486 = CARTESIAN_POINT('',(1.081882053034,51.580743449533));
#11487 = CARTESIAN_POINT('',(1.08815798031,51.372722626792));
#11488 = CARTESIAN_POINT('',(1.097523408476,51.167506178155));
#11489 = CARTESIAN_POINT('',(1.109902868738,50.966514622074));
#11490 = CARTESIAN_POINT('',(1.135113489469,50.644731461383));
#11491 = CARTESIAN_POINT('',(1.146265274661,50.520490516948));
#11492 = CARTESIAN_POINT('',(1.158634470192,50.398923295219));
#11493 = CARTESIAN_POINT('',(1.172213076835,50.280367999487));
#11494 = CARTESIAN_POINT('',(1.186997693597,50.165241639543));
#11495 = CARTESIAN_POINT('',(1.215373712678,49.967958264691));
#11496 = CARTESIAN_POINT('',(1.228484435608,49.884205659274));
#11497 = CARTESIAN_POINT('',(1.242326504381,49.803018054175));
#11498 = CARTESIAN_POINT('',(1.256905581477,49.724666040018));
#11499 = CARTESIAN_POINT('',(1.272228273261,49.6494782088));
#11500 = CARTESIAN_POINT('',(1.309854481394,49.481795715703));
#11501 = CARTESIAN_POINT('',(1.332808062056,49.391909509029));
#11502 = CARTESIAN_POINT('',(1.35712608297,49.309482239878));
#11503 = CARTESIAN_POINT('',(1.382760511234,49.235852352959));
#11504 = CARTESIAN_POINT('',(1.409653460536,49.172426712202));
#11505 = CARTESIAN_POINT('',(1.458773034581,49.081974176252));
#11506 = CARTESIAN_POINT('',(1.480472081268,49.049815360265));
#11507 = CARTESIAN_POINT('',(1.50268114174,49.025091314919));
#11508 = CARTESIAN_POINT('',(1.525243407088,49.008380796175));
#11509 = CARTESIAN_POINT('',(1.548001382208,49.));
#11510 = CARTESIAN_POINT('',(1.607872645247,49.));
#11511 = CARTESIAN_POINT('',(1.644632954017,49.022171942991));
#11512 = CARTESIAN_POINT('',(1.680563299442,49.065806003953));
#11513 = CARTESIAN_POINT('',(1.715165264873,49.129022671679));
#11514 = CARTESIAN_POINT('',(1.747943801326,49.20878402185));
#11515 = CARTESIAN_POINT('',(1.80261425568,49.373534361517));
#11516 = CARTESIAN_POINT('',(1.82553561329,49.454545791891));
#11517 = CARTESIAN_POINT('',(1.84720926221,49.542570897651));
#11518 = CARTESIAN_POINT('',(1.867638801621,49.636632089289));
#11519 = CARTESIAN_POINT('',(1.886830716316,49.735916158071));
#11520 = CARTESIAN_POINT('',(1.928828722712,49.978700075831));
#11521 = CARTESIAN_POINT('',(1.95069525019,50.125991379977));
#11522 = CARTESIAN_POINT('',(1.970408302354,50.280117956485));
#11523 = CARTESIAN_POINT('',(1.987973345413,50.439980889827));
#11524 = CARTESIAN_POINT('',(2.00338009514,50.604776977503));
#11525 = CARTESIAN_POINT('',(2.023828181628,50.866393415956));
#11526 = CARTESIAN_POINT('',(2.030401043205,50.960158164104));
#11527 = CARTESIAN_POINT('',(2.036308407601,51.055031044464));
#11528 = CARTESIAN_POINT('',(2.041542459271,51.150867894731));
#11529 = CARTESIAN_POINT('',(2.046095993452,51.247533572919));
#11530 = CARTESIAN_POINT('',(2.05424191383,51.452663362246));
#11531 = CARTESIAN_POINT('',(2.057679573397,51.561279179245));
#11532 = CARTESIAN_POINT('',(2.060265085696,51.670531478954));
#11533 = CARTESIAN_POINT('',(2.061991323739,51.780207304646));
#11534 = CARTESIAN_POINT('',(2.062854569153,51.890098205576));
#11535 = CARTESIAN_POINT('',(2.062854569153,52.209737386191));
#11536 = CARTESIAN_POINT('',(2.059710600555,52.419256550467));
#11537 = CARTESIAN_POINT('',(2.05343467328,52.627277373208));
#11538 = CARTESIAN_POINT('',(2.044069245114,52.832493821845));
#11539 = CARTESIAN_POINT('',(2.031689784852,53.033485377926));
#11540 = CARTESIAN_POINT('',(2.00647916412,53.355268538617));
#11541 = CARTESIAN_POINT('',(1.995327378929,53.479509483051));
#11542 = CARTESIAN_POINT('',(1.982958183398,53.601076704781));
#11543 = CARTESIAN_POINT('',(1.969379576754,53.719632000513));
#11544 = CARTESIAN_POINT('',(1.954594959992,53.834758360457));
#11545 = CARTESIAN_POINT('',(1.926218940912,54.032041735309));
#11546 = CARTESIAN_POINT('',(1.913108217982,54.115794340726));
#11547 = CARTESIAN_POINT('',(1.899266149209,54.196981945825));
#11548 = CARTESIAN_POINT('',(1.884687072113,54.275333959982));
#11549 = CARTESIAN_POINT('',(1.869364380329,54.3505217912));
#11550 = CARTESIAN_POINT('',(1.831738172196,54.518204284297));
#11551 = CARTESIAN_POINT('',(1.808784591534,54.608090490971));
#11552 = CARTESIAN_POINT('',(1.78446657062,54.690517760121));
#11553 = CARTESIAN_POINT('',(1.758832142356,54.764147647041));
#11554 = CARTESIAN_POINT('',(1.731939193053,54.827573287798));
#11555 = CARTESIAN_POINT('',(1.682819619009,54.918025823748));
#11556 = CARTESIAN_POINT('',(1.661120572322,54.950184639736));
#11557 = CARTESIAN_POINT('',(1.63891151185,54.974908685081));
#11558 = CARTESIAN_POINT('',(1.616349246502,54.991619203825));
#11559 = CARTESIAN_POINT('',(1.593591271382,55.));
#11560 = CARTESIAN_POINT('',(1.533720008343,55.));
#11561 = CARTESIAN_POINT('',(1.496959699573,54.977828057009));
#11562 = CARTESIAN_POINT('',(1.461029354148,54.934193996047));
#11563 = CARTESIAN_POINT('',(1.426427388717,54.870977328321));
#11564 = CARTESIAN_POINT('',(1.393648852264,54.79121597815));
#11565 = CARTESIAN_POINT('',(1.338978397909,54.626465638483));
#11566 = CARTESIAN_POINT('',(1.3160570403,54.545454208109));
#11567 = CARTESIAN_POINT('',(1.294383391379,54.457429102349));
#11568 = CARTESIAN_POINT('',(1.273953851969,54.363367910711));
#11569 = CARTESIAN_POINT('',(1.254761937273,54.264083841929));
#11570 = CARTESIAN_POINT('',(1.212763933461,54.021299939106));
#11571 = CARTESIAN_POINT('',(1.190897400166,53.874008594623));
#11572 = CARTESIAN_POINT('',(1.17118435064,53.719882044309));
#11573 = CARTESIAN_POINT('',(1.153619311127,53.560019135904));
#11574 = CARTESIAN_POINT('',(1.13821255714,53.395223005743));
#11575 = CARTESIAN_POINT('',(1.109769634922,53.031319223631));
#11576 = CARTESIAN_POINT('',(1.097442784137,52.830725108792));
#11577 = CARTESIAN_POINT('',(1.088117426683,52.625932399368));
#11578 = CARTESIAN_POINT('',(1.081868485116,52.418352687053));
#11579 = CARTESIAN_POINT('',(1.078738084437,52.20928431837));
#11580 = CARTESIAN_POINT('',(1.078738084437,52.));
#11581 = ( GEOMETRIC_REPRESENTATION_CONTEXT(2) 
PARAMETRIC_REPRESENTATION_CONTEXT() REPRESENTATION_CONTEXT('2D SPACE',''
  ) );
#11582 = PCURVE('',#11583,#11588);
#11583 = CYLINDRICAL_SURFACE('',#11584,3.);
#11584 = AXIS2_PLACEMENT_3D('',#11585,#11586,#11587);
#11585 = CARTESIAN_POINT('',(0.,68.,0.));
#11586 = DIRECTION('',(0.,0.,1.));
#11587 = DIRECTION('',(1.,0.,-0.));
#11588 = DEFINITIONAL_REPRESENTATION('',(#11589),#11687);
#11589 = B_SPLINE_CURVE_WITH_KNOTS('',6,(#11590,#11591,#11592,#11593,
    #11594,#11595,#11596,#11597,#11598,#11599,#11600,#11601,#11602,
    #11603,#11604,#11605,#11606,#11607,#11608,#11609,#11610,#11611,
    #11612,#11613,#11614,#11615,#11616,#11617,#11618,#11619,#11620,
    #11621,#11622,#11623,#11624,#11625,#11626,#11627,#11628,#11629,
    #11630,#11631,#11632,#11633,#11634,#11635,#11636,#11637,#11638,
    #11639,#11640,#11641,#11642,#11643,#11644,#11645,#11646,#11647,
    #11648,#11649,#11650,#11651,#11652,#11653,#11654,#11655,#11656,
    #11657,#11658,#11659,#11660,#11661,#11662,#11663,#11664,#11665,
    #11666,#11667,#11668,#11669,#11670,#11671,#11672,#11673,#11674,
    #11675,#11676,#11677,#11678,#11679,#11680,#11681,#11682,#11683,
    #11684,#11685,#11686),.UNSPECIFIED.,.F.,.F.,(7,5,5,5,5,5,5,5,5,5,5,5
    ,5,5,5,5,5,5,5,7),(0.,7.471073257366E-02,0.123190221196,
    0.160736087404,0.211075250937,0.248778989734,0.310104685051,
    0.3586924884,0.423715587306,0.459282554977,0.498646088007,
    0.573767741593,0.622513875178,0.660266249671,0.710882286677,
    0.748793402085,0.810456398562,0.859311442622,0.924692171973,1.),
  .UNSPECIFIED.);
#11590 = CARTESIAN_POINT('',(0.,5.596650784174));
#11591 = CARTESIAN_POINT('',(6.991246206354E-02,5.596650784174));
#11592 = CARTESIAN_POINT('',(0.139752163133,5.606082717212));
#11593 = CARTESIAN_POINT('',(0.209707612207,5.624910365195));
#11594 = CARTESIAN_POINT('',(0.279951779257,5.652592115213));
#11595 = CARTESIAN_POINT('',(0.350651299637,5.688080453728));
#11596 = CARTESIAN_POINT('',(0.468224748812,5.75707862703));
#11597 = CARTESIAN_POINT('',(0.514773245675,5.786922892785));
#11598 = CARTESIAN_POINT('',(0.561702706347,5.819102298053));
#11599 = CARTESIAN_POINT('',(0.609114009436,5.853211378707));
#11600 = CARTESIAN_POINT('',(0.657110925518,5.888786858818));
#11601 = CARTESIAN_POINT('',(0.743514745375,5.953577012983));
#11602 = CARTESIAN_POINT('',(0.781650019504,5.982421788794));
#11603 = CARTESIAN_POINT('',(0.8202746224,6.011598148179));
#11604 = CARTESIAN_POINT('',(0.859449535558,6.040841140904));
#11605 = CARTESIAN_POINT('',(0.899237430075,6.069854237339));
#11606 = CARTESIAN_POINT('',(0.993969541233,6.136455269538));
#11607 = CARTESIAN_POINT('',(1.049585093652,6.173685329101));
#11608 = CARTESIAN_POINT('',(1.106562747968,6.209071974814));
#11609 = CARTESIAN_POINT('',(1.164935901718,6.241598910422));
#11610 = CARTESIAN_POINT('',(1.224768268537,6.27021178421));
#11611 = CARTESIAN_POINT('',(1.332139267183,6.311591580367));
#11612 = CARTESIAN_POINT('',(1.37898447677,6.32652964574));
#11613 = CARTESIAN_POINT('',(1.42646207211,6.338145826261));
#11614 = CARTESIAN_POINT('',(1.474375994173,6.346040571283));
#11615 = CARTESIAN_POINT('',(1.52254702742,6.35));
#11616 = CARTESIAN_POINT('',(1.649274534185,6.35));
#11617 = CARTESIAN_POINT('',(1.727083641287,6.339525051601));
#11618 = CARTESIAN_POINT('',(1.803813123985,6.318910641559));
#11619 = CARTESIAN_POINT('',(1.879020508421,6.289495119689));
#11620 = CARTESIAN_POINT('',(1.952146417691,6.253521539557));
#11621 = CARTESIAN_POINT('',(2.077994027708,6.181951043118));
#11622 = CARTESIAN_POINT('',(2.132218813809,6.147588802909));
#11623 = CARTESIAN_POINT('',(2.185178440278,6.111381711859));
#11624 = CARTESIAN_POINT('',(2.236997266964,6.074116712509));
#11625 = CARTESIAN_POINT('',(2.287789934642,6.036488441906));
#11626 = CARTESIAN_POINT('',(2.40441989985,5.949062877536));
#11627 = CARTESIAN_POINT('',(2.469628413841,5.899385228335));
#11628 = CARTESIAN_POINT('',(2.533585778459,5.851490284009));
#11629 = CARTESIAN_POINT('',(2.596556533546,5.806558151604));
#11630 = CARTESIAN_POINT('',(2.658794667402,5.76557523368));
#11631 = CARTESIAN_POINT('',(2.754344795306,5.70958833259));
#11632 = CARTESIAN_POINT('',(2.787977111106,5.691232423141));
#11633 = CARTESIAN_POINT('',(2.821480569554,5.674463629418));
#11634 = CARTESIAN_POINT('',(2.854878372042,5.659410253053));
#11635 = CARTESIAN_POINT('',(2.888194127219,5.646180417332));
#11636 = CARTESIAN_POINT('',(2.958261669081,5.62233241458));
#11637 = CARTESIAN_POINT('',(2.994998475576,5.612144451763));
#11638 = CARTESIAN_POINT('',(3.031681325905,5.604419307365));
#11639 = CARTESIAN_POINT('',(3.068328417654,5.599240480004));
#11640 = CARTESIAN_POINT('',(3.104958722115,5.596650784174));
#11641 = CARTESIAN_POINT('',(3.211505115653,5.596650784174));
#11642 = CARTESIAN_POINT('',(3.281344816723,5.606082717212));
#11643 = CARTESIAN_POINT('',(3.351300265796,5.624910365195));
#11644 = CARTESIAN_POINT('',(3.421544432847,5.652592115213));
#11645 = CARTESIAN_POINT('',(3.492243953227,5.688080453728));
#11646 = CARTESIAN_POINT('',(3.609817402402,5.75707862703));
#11647 = CARTESIAN_POINT('',(3.656365899264,5.786922892785));
#11648 = CARTESIAN_POINT('',(3.703295359936,5.819102298053));
#11649 = CARTESIAN_POINT('',(3.750706663026,5.853211378707));
#11650 = CARTESIAN_POINT('',(3.798703579108,5.888786858818));
#11651 = CARTESIAN_POINT('',(3.885107398965,5.953577012983));
#11652 = CARTESIAN_POINT('',(3.923242673094,5.982421788794));
#11653 = CARTESIAN_POINT('',(3.96186727599,6.011598148179));
#11654 = CARTESIAN_POINT('',(4.001042189148,6.040841140904));
#11655 = CARTESIAN_POINT('',(4.040830083665,6.069854237339));
#11656 = CARTESIAN_POINT('',(4.135562194823,6.136455269538));
#11657 = CARTESIAN_POINT('',(4.191177747241,6.173685329101));
#11658 = CARTESIAN_POINT('',(4.248155401558,6.209071974814));
#11659 = CARTESIAN_POINT('',(4.306528555308,6.241598910422));
#11660 = CARTESIAN_POINT('',(4.366360922127,6.27021178421));
#11661 = CARTESIAN_POINT('',(4.473731920773,6.311591580367));
#11662 = CARTESIAN_POINT('',(4.52057713036,6.32652964574));
#11663 = CARTESIAN_POINT('',(4.5680547257,6.338145826261));
#11664 = CARTESIAN_POINT('',(4.615968647763,6.346040571283));
#11665 = CARTESIAN_POINT('',(4.664139681009,6.35));
#11666 = CARTESIAN_POINT('',(4.790867187775,6.35));
#11667 = CARTESIAN_POINT('',(4.868676294876,6.339525051601));
#11668 = CARTESIAN_POINT('',(4.945405777574,6.318910641559));
#11669 = CARTESIAN_POINT('',(5.020613162011,6.289495119689));
#11670 = CARTESIAN_POINT('',(5.09373907128,6.253521539557));
#11671 = CARTESIAN_POINT('',(5.219586681298,6.181951043118));
#11672 = CARTESIAN_POINT('',(5.273811467399,6.147588802909));
#11673 = CARTESIAN_POINT('',(5.326771093868,6.111381711859));
#11674 = CARTESIAN_POINT('',(5.378589920554,6.074116712509));
#11675 = CARTESIAN_POINT('',(5.429382588231,6.036488441906));
#11676 = CARTESIAN_POINT('',(5.546012546265,5.949062882914));
#11677 = CARTESIAN_POINT('',(5.611221078189,5.899385220908));
#11678 = CARTESIAN_POINT('',(5.675178432557,5.851490283163));
#11679 = CARTESIAN_POINT('',(5.738149176633,5.806558158621));
#11680 = CARTESIAN_POINT('',(5.80038732711,5.765575230094));
#11681 = CARTESIAN_POINT('',(5.933295844371,5.687698453024));
#11682 = CARTESIAN_POINT('',(6.00383891507,5.652353811759));
#11683 = CARTESIAN_POINT('',(6.073929997338,5.62478870581));
#11684 = CARTESIAN_POINT('',(6.143734431725,5.606042013075));
#11685 = CARTESIAN_POINT('',(6.213423867723,5.596650784174));
#11686 = CARTESIAN_POINT('',(6.28318530718,5.596650784174));
#11687 = ( GEOMETRIC_REPRESENTATION_CONTEXT(2) 
PARAMETRIC_REPRESENTATION_CONTEXT() REPRESENTATION_CONTEXT('2D SPACE',''
  ) );
#11688 = FACE_BOUND('',#11689,.T.);
#11689 = EDGE_LOOP('',(#11690));
#11690 = ORIENTED_EDGE('',*,*,#11691,.F.);
#11691 = EDGE_CURVE('',#11692,#11692,#11694,.T.);
#11692 = VERTEX_POINT('',#11693);
#11693 = CARTESIAN_POINT('',(2.5,43.,5.83716540797));
#11694 = SURFACE_CURVE('',#11695,(#11806,#11920),.PCURVE_S1.);
#11695 = B_SPLINE_CURVE_WITH_KNOTS('',7,(#11696,#11697,#11698,#11699,
    #11700,#11701,#11702,#11703,#11704,#11705,#11706,#11707,#11708,
    #11709,#11710,#11711,#11712,#11713,#11714,#11715,#11716,#11717,
    #11718,#11719,#11720,#11721,#11722,#11723,#11724,#11725,#11726,
    #11727,#11728,#11729,#11730,#11731,#11732,#11733,#11734,#11735,
    #11736,#11737,#11738,#11739,#11740,#11741,#11742,#11743,#11744,
    #11745,#11746,#11747,#11748,#11749,#11750,#11751,#11752,#11753,
    #11754,#11755,#11756,#11757,#11758,#11759,#11760,#11761,#11762,
    #11763,#11764,#11765,#11766,#11767,#11768,#11769,#11770,#11771,
    #11772,#11773,#11774,#11775,#11776,#11777,#11778,#11779,#11780,
    #11781,#11782,#11783,#11784,#11785,#11786,#11787,#11788,#11789,
    #11790,#11791,#11792,#11793,#11794,#11795,#11796,#11797,#11798,
    #11799,#11800,#11801,#11802,#11803,#11804,#11805),.UNSPECIFIED.,.T.,
  .F.,(8,6,6,6,6,6,6,6,6,6,6,6,6,6,6,6,6,6,8),(0.,2.702190873596E-02,
    0.128084456878,0.184773909635,0.222999485694,0.27769297919,
    0.315795539552,0.346940311625,0.473809989715,0.50048223785,
    0.527452072855,0.628319864071,0.684900070981,0.723051982812,
    0.777640076894,0.815669210096,0.846753963304,0.97337915176,1.),
  .UNSPECIFIED.);
#11696 = CARTESIAN_POINT('',(2.5,43.,5.83716540797));
#11697 = CARTESIAN_POINT('',(2.5,43.053697224089,5.83716540797));
#11698 = CARTESIAN_POINT('',(2.498654393648,43.107394463611,
    5.837741725326));
#11699 = CARTESIAN_POINT('',(2.49596323132,43.161062534269,
    5.838894322268));
#11700 = CARTESIAN_POINT('',(2.491926335681,43.214672299345,
    5.840620961301));
#11701 = CARTESIAN_POINT('',(2.48654330169,43.268194669704,
    5.842917205206));
#11702 = CARTESIAN_POINT('',(2.479813496595,43.321600603792,
    5.845776417038));
#11703 = CARTESIAN_POINT('',(2.441526264642,43.574056593291,
    5.861955740284));
#11704 = CARTESIAN_POINT('',(2.392517414521,43.770873772719,
    5.882451395975));
#11705 = CARTESIAN_POINT('',(2.324728622801,43.964146207868,
    5.910189087976));
#11706 = CARTESIAN_POINT('',(2.237935407557,44.152588719351,
    5.944350634262));
#11707 = CARTESIAN_POINT('',(2.131743212096,44.334658671989,
    5.983764660246));
#11708 = CARTESIAN_POINT('',(2.00566610652,44.50840822132,6.026878446783
    ));
#11709 = CARTESIAN_POINT('',(1.777058788544,44.762714549411,
    6.096879841052));
#11710 = CARTESIAN_POINT('',(1.68838190429,44.85081914894,6.122615053885
    ));
#11711 = CARTESIAN_POINT('',(1.59307268111,44.935167771616,6.14858178278
    ));
#11712 = CARTESIAN_POINT('',(1.491035146301,45.015216584599,
    6.174384205303));
#11713 = CARTESIAN_POINT('',(1.38219872465,45.090341877844,
    6.199574754051));
#11714 = CARTESIAN_POINT('',(1.266534397014,45.159828717749,
    6.223655723144));
#11715 = CARTESIAN_POINT('',(1.061497516394,45.265358253135,
    6.26121158384));
#11716 = CARTESIAN_POINT('',(0.975777756117,45.304950030837,
    6.275596228814));
#11717 = CARTESIAN_POINT('',(0.887090288503,45.341285771999,
    6.28904098613));
#11718 = CARTESIAN_POINT('',(0.795634152765,45.374045840288,
    6.301351636915));
#11719 = CARTESIAN_POINT('',(0.70163023726,45.402936695187,
    6.312344673523));
#11720 = CARTESIAN_POINT('',(0.605320674869,45.427689216115,
    6.321852745449));
#11721 = CARTESIAN_POINT('',(0.366244699354,45.477199470506,
    6.341001101561));
#11722 = CARTESIAN_POINT('',(0.221423195463,45.497348299004,
    6.348926883504));
#11723 = CARTESIAN_POINT('',(7.408978421827E-02,45.507635212551,
    6.35302278949));
#11724 = CARTESIAN_POINT('',(-7.408978421813E-02,45.507635212551,
    6.35302278949));
#11725 = CARTESIAN_POINT('',(-0.221423195463,45.497348299004,
    6.348926883504));
#11726 = CARTESIAN_POINT('',(-0.366244699354,45.477199470506,
    6.341001101561));
#11727 = CARTESIAN_POINT('',(-0.605004161822,45.427754762816,
    6.321878095986));
#11728 = CARTESIAN_POINT('',(-0.701014303194,45.40309514889,
    6.312405535655));
#11729 = CARTESIAN_POINT('',(-0.794736478024,45.374321885043,
    6.301456664309));
#11730 = CARTESIAN_POINT('',(-0.885928882479,45.341701679167,
    6.289197277502));
#11731 = CARTESIAN_POINT('',(-0.97437071495,45.305525902069,
    6.275809337916));
#11732 = CARTESIAN_POINT('',(-1.059862797635,45.26611224276,
    6.261485586989));
#11733 = CARTESIAN_POINT('',(-1.20955311276,45.189225827778,
    6.234113046375));
#11734 = CARTESIAN_POINT('',(-1.274849239329,45.152682090053,
    6.221298030711));
#11735 = CARTESIAN_POINT('',(-1.338102230858,45.114312127204,
    6.208069423975));
#11736 = CARTESIAN_POINT('',(-1.39930305768,45.07424588232,
    6.194514440765));
#11737 = CARTESIAN_POINT('',(-1.458447785326,45.032606451344,
    6.180716660956));
#11738 = CARTESIAN_POINT('',(-1.515537352428,44.989510269471,
    6.16675549481));
#11739 = CARTESIAN_POINT('',(-1.79478533395,44.764026783639,
    6.095472943764));
#11740 = CARTESIAN_POINT('',(-1.98553262161,44.560194793692,
    6.036628432184));
#11741 = CARTESIAN_POINT('',(-2.143740221891,44.340108948028,
    5.980996005173));
#11742 = CARTESIAN_POINT('',(-2.270705900218,44.108252211534,
    5.93222958252));
#11743 = CARTESIAN_POINT('',(-2.367515022986,43.867847444138,
    5.892912261143));
#11744 = CARTESIAN_POINT('',(-2.434778800672,43.621336829471,
    5.864811725928));
#11745 = CARTESIAN_POINT('',(-2.480256559386,43.318064833786,
    5.845588162233));
#11746 = CARTESIAN_POINT('',(-2.486838633719,43.265241845883,
    5.842791220005));
#11747 = CARTESIAN_POINT('',(-2.492103519634,43.212306227291,
    5.840545175839));
#11748 = CARTESIAN_POINT('',(-2.496051820981,43.159286064053,
    5.838856379794));
#11749 = CARTESIAN_POINT('',(-2.498683924536,43.106209497752,
    5.837729077063));
#11750 = CARTESIAN_POINT('',(-2.5,43.053104725512,5.83716540797));
#11751 = CARTESIAN_POINT('',(-2.5,42.946302775911,5.83716540797));
#11752 = CARTESIAN_POINT('',(-2.498654393648,42.892605536389,
    5.837741725326));
#11753 = CARTESIAN_POINT('',(-2.49596323132,42.838937465731,
    5.838894322268));
#11754 = CARTESIAN_POINT('',(-2.491926335681,42.785327700655,
    5.840620961301));
#11755 = CARTESIAN_POINT('',(-2.48654330169,42.731805330296,
    5.842917205206));
#11756 = CARTESIAN_POINT('',(-2.479813496595,42.678399396208,
    5.845776417038));
#11757 = CARTESIAN_POINT('',(-2.441526264642,42.425943406709,
    5.861955740284));
#11758 = CARTESIAN_POINT('',(-2.392517414521,42.229126227281,
    5.882451395975));
#11759 = CARTESIAN_POINT('',(-2.324728622801,42.035853792132,
    5.910189087976));
#11760 = CARTESIAN_POINT('',(-2.237935407557,41.847411280649,
    5.944350634262));
#11761 = CARTESIAN_POINT('',(-2.131743212096,41.665341328011,
    5.983764660246));
#11762 = CARTESIAN_POINT('',(-2.00566610652,41.49159177868,
    6.026878446783));
#11763 = CARTESIAN_POINT('',(-1.777058788544,41.237285450589,
    6.096879841052));
#11764 = CARTESIAN_POINT('',(-1.68838190429,41.14918085106,
    6.122615053885));
#11765 = CARTESIAN_POINT('',(-1.59307268111,41.064832228384,
    6.14858178278));
#11766 = CARTESIAN_POINT('',(-1.491035146301,40.984783415401,
    6.174384205303));
#11767 = CARTESIAN_POINT('',(-1.382198724651,40.909658122156,
    6.199574754051));
#11768 = CARTESIAN_POINT('',(-1.266534397014,40.840171282251,
    6.223655723144));
#11769 = CARTESIAN_POINT('',(-1.061497516371,40.734641746853,
    6.261211583844));
#11770 = CARTESIAN_POINT('',(-0.975777756116,40.695049969165,
    6.275596228814));
#11771 = CARTESIAN_POINT('',(-0.887090288525,40.658714228011,
    6.289040986127));
#11772 = CARTESIAN_POINT('',(-0.795634152789,40.625954159717,
    6.301351636913));
#11773 = CARTESIAN_POINT('',(-0.701630237257,40.59706330481,
    6.312344673524));
#11774 = CARTESIAN_POINT('',(-0.605320674837,40.572310783879,
    6.321852745451));
#11775 = CARTESIAN_POINT('',(-0.366244699354,40.522800529494,
    6.341001101561));
#11776 = CARTESIAN_POINT('',(-0.221423195463,40.502651700996,
    6.348926883504));
#11777 = CARTESIAN_POINT('',(-7.408978421818E-02,40.492364787449,
    6.35302278949));
#11778 = CARTESIAN_POINT('',(7.408978421817E-02,40.492364787449,
    6.35302278949));
#11779 = CARTESIAN_POINT('',(0.221423195463,40.502651700996,
    6.348926883504));
#11780 = CARTESIAN_POINT('',(0.366244699354,40.522800529494,
    6.341001101561));
#11781 = CARTESIAN_POINT('',(0.605004161805,40.572245237181,
    6.321878095988));
#11782 = CARTESIAN_POINT('',(0.701014303193,40.596904851108,
    6.312405535656));
#11783 = CARTESIAN_POINT('',(0.794736478037,40.62567811496,
    6.301456664307));
#11784 = CARTESIAN_POINT('',(0.885928882491,40.658298320838,6.2891972775
    ));
#11785 = CARTESIAN_POINT('',(0.974370714948,40.694474097932,
    6.275809337916));
#11786 = CARTESIAN_POINT('',(1.05986279762,40.733887757233,
    6.261485586992));
#11787 = CARTESIAN_POINT('',(1.20955311276,40.810774172222,
    6.234113046375));
#11788 = CARTESIAN_POINT('',(1.274849239329,40.847317909947,
    6.221298030711));
#11789 = CARTESIAN_POINT('',(1.338102230858,40.885687872796,
    6.208069423975));
#11790 = CARTESIAN_POINT('',(1.39930305768,40.92575411768,6.194514440765
    ));
#11791 = CARTESIAN_POINT('',(1.458447785326,40.967393548656,
    6.180716660956));
#11792 = CARTESIAN_POINT('',(1.515537352428,41.010489730529,
    6.16675549481));
#11793 = CARTESIAN_POINT('',(1.794785333949,41.23597321636,
    6.095472943765));
#11794 = CARTESIAN_POINT('',(1.985532621612,41.43980520631,
    6.036628432184));
#11795 = CARTESIAN_POINT('',(2.143740221888,41.659891051969,
    5.980996005174));
#11796 = CARTESIAN_POINT('',(2.27070590022,41.891747788469,5.93222958252
    ));
#11797 = CARTESIAN_POINT('',(2.367515022985,42.132152555861,
    5.892912261143));
#11798 = CARTESIAN_POINT('',(2.434778800672,42.378663170529,
    5.864811725928));
#11799 = CARTESIAN_POINT('',(2.480256559386,42.681935166214,
    5.845588162233));
#11800 = CARTESIAN_POINT('',(2.486838633719,42.734758154117,
    5.842791220005));
#11801 = CARTESIAN_POINT('',(2.492103519634,42.787693772709,
    5.840545175839));
#11802 = CARTESIAN_POINT('',(2.496051820981,42.840713935947,
    5.838856379794));
#11803 = CARTESIAN_POINT('',(2.498683924536,42.893790502248,
    5.837729077063));
#11804 = CARTESIAN_POINT('',(2.5,42.946895274488,5.83716540797));
#11805 = CARTESIAN_POINT('',(2.5,43.,5.83716540797));
#11806 = PCURVE('',#10991,#11807);
#11807 = DEFINITIONAL_REPRESENTATION('',(#11808),#11919);
#11808 = B_SPLINE_CURVE_WITH_KNOTS('',7,(#11809,#11810,#11811,#11812,
    #11813,#11814,#11815,#11816,#11817,#11818,#11819,#11820,#11821,
    #11822,#11823,#11824,#11825,#11826,#11827,#11828,#11829,#11830,
    #11831,#11832,#11833,#11834,#11835,#11836,#11837,#11838,#11839,
    #11840,#11841,#11842,#11843,#11844,#11845,#11846,#11847,#11848,
    #11849,#11850,#11851,#11852,#11853,#11854,#11855,#11856,#11857,
    #11858,#11859,#11860,#11861,#11862,#11863,#11864,#11865,#11866,
    #11867,#11868,#11869,#11870,#11871,#11872,#11873,#11874,#11875,
    #11876,#11877,#11878,#11879,#11880,#11881,#11882,#11883,#11884,
    #11885,#11886,#11887,#11888,#11889,#11890,#11891,#11892,#11893,
    #11894,#11895,#11896,#11897,#11898,#11899,#11900,#11901,#11902,
    #11903,#11904,#11905,#11906,#11907,#11908,#11909,#11910,#11911,
    #11912,#11913,#11914,#11915,#11916,#11917,#11918),.UNSPECIFIED.,.T.,
  .F.,(8,6,6,6,6,6,6,6,6,6,6,6,6,6,6,6,6,6,8),(0.,2.702190873596E-02,
    0.128084456878,0.184773909635,0.222999485694,0.27769297919,
    0.315795539552,0.346940311625,0.473809989715,0.50048223785,
    0.527452072855,0.628319864071,0.684900070981,0.723051982812,
    0.777640076894,0.815669210096,0.846753963304,0.97337915176,1.),
  .UNSPECIFIED.);
#11809 = CARTESIAN_POINT('',(1.166142261481,77.));
#11810 = CARTESIAN_POINT('',(1.166142261481,76.946302775911));
#11811 = CARTESIAN_POINT('',(1.166372787023,76.892605536389));
#11812 = CARTESIAN_POINT('',(1.16683382603,76.838937465731));
#11813 = CARTESIAN_POINT('',(1.167525265305,76.785327700655));
#11814 = CARTESIAN_POINT('',(1.168446890528,76.731805330296));
#11815 = CARTESIAN_POINT('',(1.169598386255,76.678399396208));
#11816 = CARTESIAN_POINT('',(1.176144118831,76.425943406709));
#11817 = CARTESIAN_POINT('',(1.18450972072,76.229126227281));
#11818 = CARTESIAN_POINT('',(1.196043694188,76.035853792132));
#11819 = CARTESIAN_POINT('',(1.21072994175,75.847411280649));
#11820 = CARTESIAN_POINT('',(1.228560489808,75.665341328011));
#11821 = CARTESIAN_POINT('',(1.24953297985,75.49159177868));
#11822 = CARTESIAN_POINT('',(1.287184116098,75.237285450589));
#11823 = CARTESIAN_POINT('',(1.301723608368,75.14918085106));
#11824 = CARTESIAN_POINT('',(1.31727652278,75.064832228384));
#11825 = CARTESIAN_POINT('',(1.333845794123,74.984783415401));
#11826 = CARTESIAN_POINT('',(1.35143196089,74.909658122156));
#11827 = CARTESIAN_POINT('',(1.370031990718,74.840171282251));
#11828 = CARTESIAN_POINT('',(1.402858446044,74.734641746865));
#11829 = CARTESIAN_POINT('',(1.416544864869,74.695049969163));
#11830 = CARTESIAN_POINT('',(1.430668061427,74.658714228001));
#11831 = CARTESIAN_POINT('',(1.4451967252,74.625954159712));
#11832 = CARTESIAN_POINT('',(1.460097602926,74.597063304813));
#11833 = CARTESIAN_POINT('',(1.475335578071,74.572310783885));
#11834 = CARTESIAN_POINT('',(1.513105905011,74.522800529494));
#11835 = CARTESIAN_POINT('',(1.535939320773,74.502651700996));
#11836 = CARTESIAN_POINT('',(1.559136705352,74.492364787449));
#11837 = CARTESIAN_POINT('',(1.582455948237,74.492364787449));
#11838 = CARTESIAN_POINT('',(1.605653332817,74.502651700996));
#11839 = CARTESIAN_POINT('',(1.628486748579,74.522800529494));
#11840 = CARTESIAN_POINT('',(1.666207071325,74.572245237184));
#11841 = CARTESIAN_POINT('',(1.681397598462,74.59690485111));
#11842 = CARTESIAN_POINT('',(1.696253634147,74.625678114957));
#11843 = CARTESIAN_POINT('',(1.71074009138,74.658298320833));
#11844 = CARTESIAN_POINT('',(1.724823724905,74.694474097931));
#11845 = CARTESIAN_POINT('',(1.738473209398,74.73388775724));
#11846 = CARTESIAN_POINT('',(1.762437370553,74.810774172222));
#11847 = CARTESIAN_POINT('',(1.772915514549,74.847317909947));
#11848 = CARTESIAN_POINT('',(1.78309091514,74.885687872796));
#11849 = CARTESIAN_POINT('',(1.792961233932,74.92575411768));
#11850 = CARTESIAN_POINT('',(1.802524572185,74.967393548656));
#11851 = CARTESIAN_POINT('',(1.811779514357,75.010489730529));
#11852 = CARTESIAN_POINT('',(1.85716572288,75.235973216361));
#11853 = CARTESIAN_POINT('',(1.888563365629,75.439805206308));
#11854 = CARTESIAN_POINT('',(1.914949842637,75.659891051972));
#11855 = CARTESIAN_POINT('',(1.936361185034,75.891747788466));
#11856 = CARTESIAN_POINT('',(1.952814840314,76.132152555862));
#11857 = CARTESIAN_POINT('',(1.964294676707,76.378663170529));
#11858 = CARTESIAN_POINT('',(1.972070077982,76.681935166214));
#11859 = CARTESIAN_POINT('',(1.973196326914,76.734758154117));
#11860 = CARTESIAN_POINT('',(1.974097736454,76.787693772709));
#11861 = CARTESIAN_POINT('',(1.974774004476,76.840713935947));
#11862 = CARTESIAN_POINT('',(1.975224925784,76.893790502248));
#11863 = CARTESIAN_POINT('',(1.975450392109,76.946895274488));
#11864 = CARTESIAN_POINT('',(1.975450392109,77.053697224089));
#11865 = CARTESIAN_POINT('',(1.975219866567,77.107394463611));
#11866 = CARTESIAN_POINT('',(1.97475882756,77.161062534269));
#11867 = CARTESIAN_POINT('',(1.974067388285,77.214672299345));
#11868 = CARTESIAN_POINT('',(1.973145763062,77.268194669704));
#11869 = CARTESIAN_POINT('',(1.971994267334,77.321600603792));
#11870 = CARTESIAN_POINT('',(1.965448534759,77.574056593291));
#11871 = CARTESIAN_POINT('',(1.95708293287,77.770873772719));
#11872 = CARTESIAN_POINT('',(1.945548959402,77.964146207868));
#11873 = CARTESIAN_POINT('',(1.93086271184,78.152588719351));
#11874 = CARTESIAN_POINT('',(1.913032163782,78.334658671989));
#11875 = CARTESIAN_POINT('',(1.89205967374,78.50840822132));
#11876 = CARTESIAN_POINT('',(1.854408537492,78.762714549411));
#11877 = CARTESIAN_POINT('',(1.839869045222,78.85081914894));
#11878 = CARTESIAN_POINT('',(1.82431613081,78.935167771616));
#11879 = CARTESIAN_POINT('',(1.807746859466,79.015216584599));
#11880 = CARTESIAN_POINT('',(1.7901606927,79.090341877844));
#11881 = CARTESIAN_POINT('',(1.771560662872,79.159828717749));
#11882 = CARTESIAN_POINT('',(1.738734207542,79.265358253147));
#11883 = CARTESIAN_POINT('',(1.725047788721,79.304950030835));
#11884 = CARTESIAN_POINT('',(1.710924592166,79.341285771989));
#11885 = CARTESIAN_POINT('',(1.696395928394,79.374045840283));
#11886 = CARTESIAN_POINT('',(1.681495050663,79.40293669519));
#11887 = CARTESIAN_POINT('',(1.666257075513,79.427689216121));
#11888 = CARTESIAN_POINT('',(1.628486748579,79.477199470506));
#11889 = CARTESIAN_POINT('',(1.605653332817,79.497348299004));
#11890 = CARTESIAN_POINT('',(1.582455948237,79.507635212551));
#11891 = CARTESIAN_POINT('',(1.559136705352,79.507635212551));
#11892 = CARTESIAN_POINT('',(1.535939320773,79.497348299004));
#11893 = CARTESIAN_POINT('',(1.513105905011,79.477199470506));
#11894 = CARTESIAN_POINT('',(1.475385582267,79.427754762819));
#11895 = CARTESIAN_POINT('',(1.460195055128,79.403095148892));
#11896 = CARTESIAN_POINT('',(1.445339019441,79.37432188504));
#11897 = CARTESIAN_POINT('',(1.430852562208,79.341701679162));
#11898 = CARTESIAN_POINT('',(1.416768928685,79.305525902068));
#11899 = CARTESIAN_POINT('',(1.403119444194,79.266112242767));
#11900 = CARTESIAN_POINT('',(1.379155283037,79.189225827778));
#11901 = CARTESIAN_POINT('',(1.368677139041,79.152682090053));
#11902 = CARTESIAN_POINT('',(1.35850173845,79.114312127204));
#11903 = CARTESIAN_POINT('',(1.348631419658,79.07424588232));
#11904 = CARTESIAN_POINT('',(1.339068081405,79.032606451344));
#11905 = CARTESIAN_POINT('',(1.329813139233,78.989510269471));
#11906 = CARTESIAN_POINT('',(1.28442693071,78.76402678364));
#11907 = CARTESIAN_POINT('',(1.25302928796,78.56019479369));
#11908 = CARTESIAN_POINT('',(1.226642810953,78.340108948031));
#11909 = CARTESIAN_POINT('',(1.205231468556,78.10825221153));
#11910 = CARTESIAN_POINT('',(1.188777813276,77.86784744414));
#11911 = CARTESIAN_POINT('',(1.177297976883,77.621336829471));
#11912 = CARTESIAN_POINT('',(1.169522575608,77.318064833786));
#11913 = CARTESIAN_POINT('',(1.168396326676,77.265241845883));
#11914 = CARTESIAN_POINT('',(1.167494917136,77.212306227291));
#11915 = CARTESIAN_POINT('',(1.166818649113,77.159286064053));
#11916 = CARTESIAN_POINT('',(1.166367727805,77.106209497752));
#11917 = CARTESIAN_POINT('',(1.166142261481,77.053104725512));
#11918 = CARTESIAN_POINT('',(1.166142261481,77.));
#11919 = ( GEOMETRIC_REPRESENTATION_CONTEXT(2) 
PARAMETRIC_REPRESENTATION_CONTEXT() REPRESENTATION_CONTEXT('2D SPACE',''
  ) );
#11920 = PCURVE('',#11921,#11926);
#11921 = CYLINDRICAL_SURFACE('',#11922,2.5);
#11922 = AXIS2_PLACEMENT_3D('',#11923,#11924,#11925);
#11923 = CARTESIAN_POINT('',(0.,43.,0.));
#11924 = DIRECTION('',(0.,0.,1.));
#11925 = DIRECTION('',(1.,0.,-0.));
#11926 = DEFINITIONAL_REPRESENTATION('',(#11927),#12038);
#11927 = B_SPLINE_CURVE_WITH_KNOTS('',7,(#11928,#11929,#11930,#11931,
    #11932,#11933,#11934,#11935,#11936,#11937,#11938,#11939,#11940,
    #11941,#11942,#11943,#11944,#11945,#11946,#11947,#11948,#11949,
    #11950,#11951,#11952,#11953,#11954,#11955,#11956,#11957,#11958,
    #11959,#11960,#11961,#11962,#11963,#11964,#11965,#11966,#11967,
    #11968,#11969,#11970,#11971,#11972,#11973,#11974,#11975,#11976,
    #11977,#11978,#11979,#11980,#11981,#11982,#11983,#11984,#11985,
    #11986,#11987,#11988,#11989,#11990,#11991,#11992,#11993,#11994,
    #11995,#11996,#11997,#11998,#11999,#12000,#12001,#12002,#12003,
    #12004,#12005,#12006,#12007,#12008,#12009,#12010,#12011,#12012,
    #12013,#12014,#12015,#12016,#12017,#12018,#12019,#12020,#12021,
    #12022,#12023,#12024,#12025,#12026,#12027,#12028,#12029,#12030,
    #12031,#12032,#12033,#12034,#12035,#12036,#12037),.UNSPECIFIED.,.F.,
  .F.,(8,6,6,6,6,6,6,6,6,6,6,6,6,6,6,6,6,6,8),(0.,2.702190873596E-02,
    0.128084456878,0.184773909635,0.222999485694,0.27769297919,
    0.315795539552,0.346940311625,0.473809989715,0.50048223785,
    0.527452072855,0.628319864071,0.684900070981,0.723051982812,
    0.777640076894,0.815669210096,0.846753963304,0.97337915176,1.),
  .UNSPECIFIED.);
#11928 = CARTESIAN_POINT('',(0.,5.83716540797));
#11929 = CARTESIAN_POINT('',(2.147888963556E-02,5.83716540797));
#11930 = CARTESIAN_POINT('',(4.295781441625E-02,5.837741725326));
#11931 = CARTESIAN_POINT('',(6.444121660017E-02,5.838894322268));
#11932 = CARTESIAN_POINT('',(8.593364232475E-02,5.840620961301));
#11933 = CARTESIAN_POINT('',(0.107439741607,5.842917205206));
#11934 = CARTESIAN_POINT('',(0.128964268342,5.845776417038));
#11935 = CARTESIAN_POINT('',(0.231101383057,5.861955740284));
#11936 = CARTESIAN_POINT('',(0.311878092883,5.882451395975));
#11937 = CARTESIAN_POINT('',(0.393232251544,5.910189087976));
#11938 = CARTESIAN_POINT('',(0.475547082554,5.944350634262));
#11939 = CARTESIAN_POINT('',(0.559202591302,5.983764660246));
#11940 = CARTESIAN_POINT('',(0.644603531797,6.026878446783));
#11941 = CARTESIAN_POINT('',(0.781385410328,6.096879841052));
#11942 = CARTESIAN_POINT('',(0.831307537563,6.122615053885));
#11943 = CARTESIAN_POINT('',(0.882079791138,6.14858178278));
#11944 = CARTESIAN_POINT('',(0.933787622716,6.174384205303));
#11945 = CARTESIAN_POINT('',(0.986520917397,6.199574754051));
#11946 = CARTESIAN_POINT('',(1.040377480243,6.223655723144));
#11947 = CARTESIAN_POINT('',(1.132617692952,6.26121158384));
#11948 = CARTESIAN_POINT('',(1.170351860582,6.275596228814));
#11949 = CARTESIAN_POINT('',(1.208629310941,6.28904098613));
#11950 = CARTESIAN_POINT('',(1.247416205476,6.301351636915));
#11951 = CARTESIAN_POINT('',(1.286685843971,6.312344673523));
#11952 = CARTESIAN_POINT('',(1.326417091323,6.321852745449));
#11953 = CARTESIAN_POINT('',(1.424076571034,6.341001101561));
#11954 = CARTESIAN_POINT('',(1.482435900813,6.348926883504));
#11955 = CARTESIAN_POINT('',(1.541289636001,6.35302278949));
#11956 = CARTESIAN_POINT('',(1.600303017589,6.35302278949));
#11957 = CARTESIAN_POINT('',(1.659156752777,6.348926883504));
#11958 = CARTESIAN_POINT('',(1.717516082556,6.341001101561));
#11959 = CARTESIAN_POINT('',(1.815046270733,6.321878095986));
#11960 = CARTESIAN_POINT('',(1.854652699076,6.312405535655));
#11961 = CARTESIAN_POINT('',(1.893801428069,6.301456664309));
#11962 = CARTESIAN_POINT('',(1.932470795674,6.289197277502));
#11963 = CARTESIAN_POINT('',(1.970633602315,6.275809337916));
#11964 = CARTESIAN_POINT('',(2.00825552914,6.261485586989));
#11965 = CARTESIAN_POINT('',(2.075568186198,6.234113046375));
#11966 = CARTESIAN_POINT('',(2.105479752674,6.221298030711));
#11967 = CARTESIAN_POINT('',(2.135043401173,6.208069423975));
#11968 = CARTESIAN_POINT('',(2.164272654149,6.194514440765));
#11969 = CARTESIAN_POINT('',(2.19317982761,6.180716660956));
#11970 = CARTESIAN_POINT('',(2.221776447679,6.16675549481));
#11971 = CARTESIAN_POINT('',(2.365343707215,6.095472943764));
#11972 = CARTESIAN_POINT('',(2.47592792561,6.036628432184));
#11973 = CARTESIAN_POINT('',(2.58297016427,5.980996005173));
#11974 = CARTESIAN_POINT('',(2.687341410527,5.93222958252));
#11975 = CARTESIAN_POINT('',(2.789884360795,5.892912261143));
#11976 = CARTESIAN_POINT('',(2.891388150705,5.864811725928));
#11977 = CARTESIAN_POINT('',(3.01405330788,5.845588162233));
#11978 = CARTESIAN_POINT('',(3.035339341243,5.842791220005));
#11979 = CARTESIAN_POINT('',(3.056607558537,5.840545175839));
#11980 = CARTESIAN_POINT('',(3.077862555918,5.838856379794));
#11981 = CARTESIAN_POINT('',(3.099108827108,5.837729077063));
#11982 = CARTESIAN_POINT('',(3.120350763385,5.83716540797));
#11983 = CARTESIAN_POINT('',(3.163071543225,5.83716540797));
#11984 = CARTESIAN_POINT('',(3.184550468006,5.837741725326));
#11985 = CARTESIAN_POINT('',(3.20603387019,5.838894322268));
#11986 = CARTESIAN_POINT('',(3.227526295915,5.840620961301));
#11987 = CARTESIAN_POINT('',(3.249032395197,5.842917205206));
#11988 = CARTESIAN_POINT('',(3.270556921932,5.845776417038));
#11989 = CARTESIAN_POINT('',(3.372694036647,5.861955740284));
#11990 = CARTESIAN_POINT('',(3.453470746473,5.882451395975));
#11991 = CARTESIAN_POINT('',(3.534824905134,5.910189087976));
#11992 = CARTESIAN_POINT('',(3.617139736144,5.944350634262));
#11993 = CARTESIAN_POINT('',(3.700795244892,5.983764660246));
#11994 = CARTESIAN_POINT('',(3.786196185387,6.026878446783));
#11995 = CARTESIAN_POINT('',(3.922978063918,6.096879841052));
#11996 = CARTESIAN_POINT('',(3.972900191153,6.122615053885));
#11997 = CARTESIAN_POINT('',(4.023672444728,6.14858178278));
#11998 = CARTESIAN_POINT('',(4.075380276306,6.174384205303));
#11999 = CARTESIAN_POINT('',(4.128113570986,6.199574754051));
#12000 = CARTESIAN_POINT('',(4.181970133833,6.223655723144));
#12001 = CARTESIAN_POINT('',(4.274210346552,6.261211583844));
#12002 = CARTESIAN_POINT('',(4.311944514172,6.275596228814));
#12003 = CARTESIAN_POINT('',(4.350221964521,6.289040986127));
#12004 = CARTESIAN_POINT('',(4.389008859056,6.301351636913));
#12005 = CARTESIAN_POINT('',(4.428278497563,6.312344673524));
#12006 = CARTESIAN_POINT('',(4.468009744926,6.321852745451));
#12007 = CARTESIAN_POINT('',(4.565669224624,6.341001101561));
#12008 = CARTESIAN_POINT('',(4.624028554403,6.348926883504));
#12009 = CARTESIAN_POINT('',(4.682882289591,6.35302278949));
#12010 = CARTESIAN_POINT('',(4.741895671178,6.35302278949));
#12011 = CARTESIAN_POINT('',(4.800749406367,6.348926883504));
#12012 = CARTESIAN_POINT('',(4.859108736146,6.341001101561));
#12013 = CARTESIAN_POINT('',(4.956638924316,6.321878095988));
#12014 = CARTESIAN_POINT('',(4.996245352665,6.312405535656));
#12015 = CARTESIAN_POINT('',(5.035394081664,6.301456664307));
#12016 = CARTESIAN_POINT('',(5.074063449269,6.2891972775));
#12017 = CARTESIAN_POINT('',(5.112226255904,6.275809337916));
#12018 = CARTESIAN_POINT('',(5.149848182723,6.261485586992));
#12019 = CARTESIAN_POINT('',(5.217160839788,6.234113046375));
#12020 = CARTESIAN_POINT('',(5.247072406264,6.221298030711));
#12021 = CARTESIAN_POINT('',(5.276636054763,6.208069423975));
#12022 = CARTESIAN_POINT('',(5.305865307738,6.194514440765));
#12023 = CARTESIAN_POINT('',(5.3347724812,6.180716660956));
#12024 = CARTESIAN_POINT('',(5.363369101269,6.16675549481));
#12025 = CARTESIAN_POINT('',(5.506936360805,6.095472943765));
#12026 = CARTESIAN_POINT('',(5.617520579201,6.036628432184));
#12027 = CARTESIAN_POINT('',(5.724562817857,5.980996005174));
#12028 = CARTESIAN_POINT('',(5.828934064119,5.93222958252));
#12029 = CARTESIAN_POINT('',(5.931477014384,5.892912261143));
#12030 = CARTESIAN_POINT('',(6.032980804295,5.864811725928));
#12031 = CARTESIAN_POINT('',(6.15564596147,5.845588162233));
#12032 = CARTESIAN_POINT('',(6.176931994833,5.842791220005));
#12033 = CARTESIAN_POINT('',(6.198200212126,5.840545175839));
#12034 = CARTESIAN_POINT('',(6.219455209508,5.838856379794));
#12035 = CARTESIAN_POINT('',(6.240701480698,5.837729077063));
#12036 = CARTESIAN_POINT('',(6.261943416975,5.83716540797));
#12037 = CARTESIAN_POINT('',(6.28318530718,5.83716540797));
#12038 = ( GEOMETRIC_REPRESENTATION_CONTEXT(2) 
PARAMETRIC_REPRESENTATION_CONTEXT() REPRESENTATION_CONTEXT('2D SPACE',''
  ) );
#12039 = ADVANCED_FACE('',(#12040,#12043),#11053,.F.);
#12040 = FACE_BOUND('',#12041,.F.);
#12041 = EDGE_LOOP('',(#12042));
#12042 = ORIENTED_EDGE('',*,*,#11038,.T.);
#12043 = FACE_BOUND('',#12044,.F.);
#12044 = EDGE_LOOP('',(#12045));
#12045 = ORIENTED_EDGE('',*,*,#12046,.F.);
#12046 = EDGE_CURVE('',#12047,#12047,#12049,.T.);
#12047 = VERTEX_POINT('',#12048);
#12048 = CARTESIAN_POINT('',(5.953125,120.,-1.478077139074E-14));
#12049 = SURFACE_CURVE('',#12050,(#12055,#12062),.PCURVE_S1.);
#12050 = CIRCLE('',#12051,5.953125);
#12051 = AXIS2_PLACEMENT_3D('',#12052,#12053,#12054);
#12052 = CARTESIAN_POINT('',(0.,120.,-1.33226762955E-14));
#12053 = DIRECTION('',(0.,-1.,2.22044604925E-16));
#12054 = DIRECTION('',(1.,0.,0.));
#12055 = PCURVE('',#11053,#12056);
#12056 = DEFINITIONAL_REPRESENTATION('',(#12057),#12061);
#12057 = CIRCLE('',#12058,5.953125);
#12058 = AXIS2_PLACEMENT_2D('',#12059,#12060);
#12059 = CARTESIAN_POINT('',(0.,0.));
#12060 = DIRECTION('',(1.,0.));
#12061 = ( GEOMETRIC_REPRESENTATION_CONTEXT(2) 
PARAMETRIC_REPRESENTATION_CONTEXT() REPRESENTATION_CONTEXT('2D SPACE',''
  ) );
#12062 = PCURVE('',#12063,#12068);
#12063 = CYLINDRICAL_SURFACE('',#12064,5.953125);
#12064 = AXIS2_PLACEMENT_3D('',#12065,#12066,#12067);
#12065 = CARTESIAN_POINT('',(0.,121.,-1.354472090043E-14));
#12066 = DIRECTION('',(0.,-1.,2.22044604925E-16));
#12067 = DIRECTION('',(1.,0.,0.));
#12068 = DEFINITIONAL_REPRESENTATION('',(#12069),#12073);
#12069 = LINE('',#12070,#12071);
#12070 = CARTESIAN_POINT('',(0.,1.));
#12071 = VECTOR('',#12072,1.);
#12072 = DIRECTION('',(1.,0.));
#12073 = ( GEOMETRIC_REPRESENTATION_CONTEXT(2) 
PARAMETRIC_REPRESENTATION_CONTEXT() REPRESENTATION_CONTEXT('2D SPACE',''
  ) );
#12074 = ADVANCED_FACE('',(#12075,#12078),#11025,.T.);
#12075 = FACE_BOUND('',#12076,.T.);
#12076 = EDGE_LOOP('',(#12077));
#12077 = ORIENTED_EDGE('',*,*,#11010,.T.);
#12078 = FACE_BOUND('',#12079,.T.);
#12079 = EDGE_LOOP('',(#12080));
#12080 = ORIENTED_EDGE('',*,*,#12081,.F.);
#12081 = EDGE_CURVE('',#12082,#12082,#12084,.T.);
#12082 = VERTEX_POINT('',#12083);
#12083 = CARTESIAN_POINT('',(5.953125,0.,1.186458120027E-14));
#12084 = SURFACE_CURVE('',#12085,(#12090,#12097),.PCURVE_S1.);
#12085 = CIRCLE('',#12086,5.953125);
#12086 = AXIS2_PLACEMENT_3D('',#12087,#12088,#12089);
#12087 = CARTESIAN_POINT('',(0.,0.,1.33226762955E-14));
#12088 = DIRECTION('',(0.,-1.,2.22044604925E-16));
#12089 = DIRECTION('',(1.,0.,0.));
#12090 = PCURVE('',#11025,#12091);
#12091 = DEFINITIONAL_REPRESENTATION('',(#12092),#12096);
#12092 = CIRCLE('',#12093,5.953125);
#12093 = AXIS2_PLACEMENT_2D('',#12094,#12095);
#12094 = CARTESIAN_POINT('',(0.,0.));
#12095 = DIRECTION('',(1.,0.));
#12096 = ( GEOMETRIC_REPRESENTATION_CONTEXT(2) 
PARAMETRIC_REPRESENTATION_CONTEXT() REPRESENTATION_CONTEXT('2D SPACE',''
  ) );
#12097 = PCURVE('',#12063,#12098);
#12098 = DEFINITIONAL_REPRESENTATION('',(#12099),#12103);
#12099 = LINE('',#12100,#12101);
#12100 = CARTESIAN_POINT('',(0.,121.));
#12101 = VECTOR('',#12102,1.);
#12102 = DIRECTION('',(1.,0.));
#12103 = ( GEOMETRIC_REPRESENTATION_CONTEXT(2) 
PARAMETRIC_REPRESENTATION_CONTEXT() REPRESENTATION_CONTEXT('2D SPACE',''
  ) );
#12104 = ADVANCED_FACE('',(#12105),#11271,.F.);
#12105 = FACE_BOUND('',#12106,.F.);
#12106 = EDGE_LOOP('',(#12107,#12108,#12131,#12419));
#12107 = ORIENTED_EDGE('',*,*,#11067,.F.);
#12108 = ORIENTED_EDGE('',*,*,#12109,.F.);
#12109 = EDGE_CURVE('',#12110,#11068,#12112,.T.);
#12110 = VERTEX_POINT('',#12111);
#12111 = CARTESIAN_POINT('',(3.,85.,5.141954615282));
#12112 = SEAM_CURVE('',#12113,(#12117,#12124),.PCURVE_S1.);
#12113 = LINE('',#12114,#12115);
#12114 = CARTESIAN_POINT('',(3.,85.,0.));
#12115 = VECTOR('',#12116,1.);
#12116 = DIRECTION('',(0.,0.,1.));
#12117 = PCURVE('',#11271,#12118);
#12118 = DEFINITIONAL_REPRESENTATION('',(#12119),#12123);
#12119 = LINE('',#12120,#12121);
#12120 = CARTESIAN_POINT('',(6.28318530718,-0.));
#12121 = VECTOR('',#12122,1.);
#12122 = DIRECTION('',(0.,1.));
#12123 = ( GEOMETRIC_REPRESENTATION_CONTEXT(2) 
PARAMETRIC_REPRESENTATION_CONTEXT() REPRESENTATION_CONTEXT('2D SPACE',''
  ) );
#12124 = PCURVE('',#11271,#12125);
#12125 = DEFINITIONAL_REPRESENTATION('',(#12126),#12130);
#12126 = LINE('',#12127,#12128);
#12127 = CARTESIAN_POINT('',(0.,-0.));
#12128 = VECTOR('',#12129,1.);
#12129 = DIRECTION('',(0.,1.));
#12130 = ( GEOMETRIC_REPRESENTATION_CONTEXT(2) 
PARAMETRIC_REPRESENTATION_CONTEXT() REPRESENTATION_CONTEXT('2D SPACE',''
  ) );
#12131 = ORIENTED_EDGE('',*,*,#12132,.T.);
#12132 = EDGE_CURVE('',#12110,#12110,#12133,.T.);
#12133 = SURFACE_CURVE('',#12134,(#12227,#12323),.PCURVE_S1.);
#12134 = B_SPLINE_CURVE_WITH_KNOTS('',6,(#12135,#12136,#12137,#12138,
    #12139,#12140,#12141,#12142,#12143,#12144,#12145,#12146,#12147,
    #12148,#12149,#12150,#12151,#12152,#12153,#12154,#12155,#12156,
    #12157,#12158,#12159,#12160,#12161,#12162,#12163,#12164,#12165,
    #12166,#12167,#12168,#12169,#12170,#12171,#12172,#12173,#12174,
    #12175,#12176,#12177,#12178,#12179,#12180,#12181,#12182,#12183,
    #12184,#12185,#12186,#12187,#12188,#12189,#12190,#12191,#12192,
    #12193,#12194,#12195,#12196,#12197,#12198,#12199,#12200,#12201,
    #12202,#12203,#12204,#12205,#12206,#12207,#12208,#12209,#12210,
    #12211,#12212,#12213,#12214,#12215,#12216,#12217,#12218,#12219,
    #12220,#12221,#12222,#12223,#12224,#12225,#12226),.UNSPECIFIED.,.T.,
  .F.,(7,5,5,5,5,5,5,5,5,5,5,5,5,5,5,5,5,5,7),(0.,8.446416999472E-02,
    0.141597521114,0.190067266932,0.249595823011,0.309128888085,
    0.357114196029,0.414838032602,0.454572866045,0.499261235886,
    0.544213077964,0.583797237001,0.661988980927,0.711302633518,
    0.74912142378,0.808962338823,0.857195782399,0.915218113247,1.),
  .UNSPECIFIED.);
#12135 = CARTESIAN_POINT('',(3.,85.,5.141954615282));
#12136 = CARTESIAN_POINT('',(3.,85.237276406509,5.141954615282));
#12137 = CARTESIAN_POINT('',(2.977480462199,85.474050588775,
    5.155093250797));
#12138 = CARTESIAN_POINT('',(2.932616769361,85.708524816188,
    5.181268635622));
#12139 = CARTESIAN_POINT('',(2.865467875029,85.938836843007,
    5.219453596461));
#12140 = CARTESIAN_POINT('',(2.776050509298,86.162893940376,
    5.267708703222));
#12141 = CARTESIAN_POINT('',(2.589328227557,86.523900680948,
    5.361172915015));
#12142 = CARTESIAN_POINT('',(2.503846436553,86.665754135292,
    5.402360992671));
#12143 = CARTESIAN_POINT('',(2.408084441035,86.803385158734,
    5.446337628171));
#12144 = CARTESIAN_POINT('',(2.301790849382,86.936244121872,
    5.49233466005));
#12145 = CARTESIAN_POINT('',(2.184649489801,87.063580861413,
    5.539467617277));
#12146 = CARTESIAN_POINT('',(1.947462773296,87.28686307338,5.62677021128
    ));
#12147 = CARTESIAN_POINT('',(1.830441466137,87.384744017958,
    5.666951934969));
#12148 = CARTESIAN_POINT('',(1.705065104744,87.477352122456,
    5.706601129627));
#12149 = CARTESIAN_POINT('',(1.571152792428,87.563870753051,
    5.744978522827));
#12150 = CARTESIAN_POINT('',(1.428583305447,87.64331045999,
    5.781247802185));
#12151 = CARTESIAN_POINT('',(1.091584432947,87.801890092197,
    5.855280541968));
#12152 = CARTESIAN_POINT('',(0.891006470388,87.877644171906,
    5.891879433777));
#12153 = CARTESIAN_POINT('',(0.678239401883,87.937624932379,
    5.921692178175));
#12154 = CARTESIAN_POINT('',(0.456456841519,87.978992660376,
    5.942538557813));
#12155 = CARTESIAN_POINT('',(0.229167997062,88.,5.953125));
#12156 = CARTESIAN_POINT('',(-0.229185355408,88.,5.953125));
#12157 = CARTESIAN_POINT('',(-0.456468022576,87.978989477812,
    5.942536951278));
#12158 = CARTESIAN_POINT('',(-0.67823252396,87.93762351743,
    5.921691472669));
#12159 = CARTESIAN_POINT('',(-0.890982835659,87.877650158611,
    5.891882566874));
#12160 = CARTESIAN_POINT('',(-1.091558940039,87.801902088249,
    5.855286142313));
#12161 = CARTESIAN_POINT('',(-1.427080868407,87.644017453195,
    5.781577861243));
#12162 = CARTESIAN_POINT('',(-1.56831989227,87.565447989156,
    5.745698708747));
#12163 = CARTESIAN_POINT('',(-1.701072562629,87.479927893725,
    5.707743955008));
#12164 = CARTESIAN_POINT('',(-1.825454986,87.388419750342,5.668526441656
    ));
#12165 = CARTESIAN_POINT('',(-1.941641073186,87.291720164649,
    5.628765802084));
#12166 = CARTESIAN_POINT('',(-2.179957720912,87.068707281405,
    5.54136218758));
#12167 = CARTESIAN_POINT('',(-2.29866569065,86.940220504786,
    5.493700443633));
#12168 = CARTESIAN_POINT('',(-2.406290727047,86.806079483558,
    5.447177959319));
#12169 = CARTESIAN_POINT('',(-2.503160604677,86.667060769619,
    5.402708626328));
#12170 = CARTESIAN_POINT('',(-2.589535818931,86.523731122297,
    5.361084816567));
#12171 = CARTESIAN_POINT('',(-2.717891225711,86.275176575797,
    5.296809407503));
#12172 = CARTESIAN_POINT('',(-2.765308660282,86.17201500197,
    5.272292393889));
#12173 = CARTESIAN_POINT('',(-2.80782167797,86.067246758732,
    5.249713959171));
#12174 = CARTESIAN_POINT('',(-2.845437305381,85.961071154934,
    5.229296408583));
#12175 = CARTESIAN_POINT('',(-2.878156337349,85.853670469893,
    5.211231040709));
#12176 = CARTESIAN_POINT('',(-2.937250955025,85.623229278915,
    5.178179090285));
#12177 = CARTESIAN_POINT('',(-2.962325516833,85.49991458803,
    5.163857832403));
#12178 = CARTESIAN_POINT('',(-2.981154773346,85.375607972267,
    5.152950005856));
#12179 = CARTESIAN_POINT('',(-2.993716565898,85.250640667144,
    5.145620368075));
#12180 = CARTESIAN_POINT('',(-3.,85.125334026398,5.141954615282));
#12181 = CARTESIAN_POINT('',(-3.,84.873927033328,5.141954615282));
#12182 = CARTESIAN_POINT('',(-2.993642256583,84.747882272794,
    5.145663715141));
#12183 = CARTESIAN_POINT('',(-2.980932027664,84.622182878481,
    5.153079977476));
#12184 = CARTESIAN_POINT('',(-2.961880419618,84.497155684218,
    5.164115673694));
#12185 = CARTESIAN_POINT('',(-2.936510018589,84.37313769518,
    5.178602215333));
#12186 = CARTESIAN_POINT('',(-2.876990279862,84.142462394114,
    5.211875256308));
#12187 = CARTESIAN_POINT('',(-2.844252165176,84.035504732362,
    5.229941250466));
#12188 = CARTESIAN_POINT('',(-2.806654722662,83.929767343745,
    5.250337292453));
#12189 = CARTESIAN_POINT('',(-2.764196985469,83.825430316741,
    5.272873801801));
#12190 = CARTESIAN_POINT('',(-2.716871778454,83.722690572978,
    5.297330735374));
#12191 = CARTESIAN_POINT('',(-2.561551393544,83.422395903387,
    5.375076664867));
#12192 = CARTESIAN_POINT('',(-2.43949947807,83.230287880888,
    5.433172841639));
#12193 = CARTESIAN_POINT('',(-2.298145947108,83.046372719194,
    5.495997878675));
#12194 = CARTESIAN_POINT('',(-2.136671946803,82.872109317843,
    5.561551431676));
#12195 = CARTESIAN_POINT('',(-1.954072531294,82.709797259638,
    5.627353922995));
#12196 = CARTESIAN_POINT('',(-1.620450044912,82.470302331212,
    5.729926847763));
#12197 = CARTESIAN_POINT('',(-1.482339789582,82.383580685533,
    5.768545942019));
#12198 = CARTESIAN_POINT('',(-1.335225430995,82.303970756107,
    5.80519792172));
#12199 = CARTESIAN_POINT('',(-1.179293761469,82.232723509285,
    5.838884109986));
#12200 = CARTESIAN_POINT('',(-1.014867540708,82.171162066243,
    5.868567415059));
#12201 = CARTESIAN_POINT('',(-0.710186887577,82.082017844616,
    5.912121228216));
#12202 = CARTESIAN_POINT('',(-0.573235950498,82.049860859185,
    5.928064460848));
#12203 = CARTESIAN_POINT('',(-0.432615267901,82.025120650334,
    5.940465773115));
#12204 = CARTESIAN_POINT('',(-0.289434134242,82.008391765791,
    5.948896079136));
#12205 = CARTESIAN_POINT('',(-0.14484258607,82.,5.953125));
#12206 = CARTESIAN_POINT('',(0.229185355408,82.,5.953125));
#12207 = CARTESIAN_POINT('',(0.456468022576,82.021010522188,
    5.942536951278));
#12208 = CARTESIAN_POINT('',(0.67823252396,82.06237648257,5.921691472669
    ));
#12209 = CARTESIAN_POINT('',(0.890982835659,82.122349841389,
    5.891882566874));
#12210 = CARTESIAN_POINT('',(1.091558940039,82.198097911751,
    5.855286142313));
#12211 = CARTESIAN_POINT('',(1.427080868366,82.355982546785,
    5.781577861252));
#12212 = CARTESIAN_POINT('',(1.568319892282,82.434552010842,
    5.745698708747));
#12213 = CARTESIAN_POINT('',(1.701072562666,82.5200721063,5.707743954997
    ));
#12214 = CARTESIAN_POINT('',(1.825454986006,82.611580249672,
    5.668526441651));
#12215 = CARTESIAN_POINT('',(1.94164107315,82.708279835317,
    5.628765802097));
#12216 = CARTESIAN_POINT('',(2.179957720912,82.931292718595,
    5.54136218758));
#12217 = CARTESIAN_POINT('',(2.29866569065,83.059779495214,
    5.493700443633));
#12218 = CARTESIAN_POINT('',(2.406290727047,83.193920516442,
    5.447177959319));
#12219 = CARTESIAN_POINT('',(2.503160604677,83.332939230381,
    5.402708626328));
#12220 = CARTESIAN_POINT('',(2.589535818931,83.476268877703,
    5.361084816567));
#12221 = CARTESIAN_POINT('',(2.776644845111,83.838597199626,
    5.267387873843));
#12222 = CARTESIAN_POINT('',(2.865824895337,84.062388596514,
    5.219250594987));
#12223 = CARTESIAN_POINT('',(2.932795960882,84.292411379976,
    5.181164086049));
#12224 = CARTESIAN_POINT('',(2.977540643536,84.526580751738,
    5.155058139671));
#12225 = CARTESIAN_POINT('',(3.,84.763040870906,5.141954615282));
#12226 = CARTESIAN_POINT('',(3.,85.,5.141954615282));
#12227 = PCURVE('',#11271,#12228);
#12228 = DEFINITIONAL_REPRESENTATION('',(#12229),#12322);
#12229 = B_SPLINE_CURVE_WITH_KNOTS('',6,(#12230,#12231,#12232,#12233,
    #12234,#12235,#12236,#12237,#12238,#12239,#12240,#12241,#12242,
    #12243,#12244,#12245,#12246,#12247,#12248,#12249,#12250,#12251,
    #12252,#12253,#12254,#12255,#12256,#12257,#12258,#12259,#12260,
    #12261,#12262,#12263,#12264,#12265,#12266,#12267,#12268,#12269,
    #12270,#12271,#12272,#12273,#12274,#12275,#12276,#12277,#12278,
    #12279,#12280,#12281,#12282,#12283,#12284,#12285,#12286,#12287,
    #12288,#12289,#12290,#12291,#12292,#12293,#12294,#12295,#12296,
    #12297,#12298,#12299,#12300,#12301,#12302,#12303,#12304,#12305,
    #12306,#12307,#12308,#12309,#12310,#12311,#12312,#12313,#12314,
    #12315,#12316,#12317,#12318,#12319,#12320,#12321),.UNSPECIFIED.,.F.,
  .F.,(7,5,5,5,5,5,5,5,5,5,5,5,5,5,5,5,5,5,7),(0.,8.446416999472E-02,
    0.141597521114,0.190067266932,0.249595823011,0.309128888085,
    0.357114196029,0.414838032602,0.454572866045,0.499261235886,
    0.544213077964,0.583797237001,0.661988980927,0.711302633518,
    0.74912142378,0.808962338823,0.857195782399,0.915218113247,1.),
  .UNSPECIFIED.);
#12230 = CARTESIAN_POINT('',(0.,5.141954615282));
#12231 = CARTESIAN_POINT('',(7.909213550295E-02,5.141954615282));
#12232 = CARTESIAN_POINT('',(0.158016775443,5.155093250797));
#12233 = CARTESIAN_POINT('',(0.23706580918,5.181268635622));
#12234 = CARTESIAN_POINT('',(0.316488614346,5.219453596461));
#12235 = CARTESIAN_POINT('',(0.396519278048,5.267708703222));
#12236 = CARTESIAN_POINT('',(0.53199829538,5.361172915015));
#12237 = CARTESIAN_POINT('',(0.587087728563,5.402360992671));
#12238 = CARTESIAN_POINT('',(0.642796051049,5.446337628171));
#12239 = CARTESIAN_POINT('',(0.699314318083,5.49233466005));
#12240 = CARTESIAN_POINT('',(0.756839834131,5.539467617277));
#12241 = CARTESIAN_POINT('',(0.865422871822,5.62677021128));
#12242 = CARTESIAN_POINT('',(0.916188689432,5.666951934969));
#12243 = CARTESIAN_POINT('',(0.968001205817,5.706601129627));
#12244 = CARTESIAN_POINT('',(1.020980297175,5.744978522827));
#12245 = CARTESIAN_POINT('',(1.075255366483,5.781247802185));
#12246 = CARTESIAN_POINT('',(1.199403906465,5.855280541968));
#12247 = CARTESIAN_POINT('',(1.270651469629,5.891879433777));
#12248 = CARTESIAN_POINT('',(1.343913845952,5.921692178175));
#12249 = CARTESIAN_POINT('',(1.41864411635,5.942538557813));
#12250 = CARTESIAN_POINT('',(1.494406994441,5.953125));
#12251 = CARTESIAN_POINT('',(1.647191445264,5.953125));
#12252 = CARTESIAN_POINT('',(1.722952262556,5.942536951278));
#12253 = CARTESIAN_POINT('',(1.797676700834,5.921691472669));
#12254 = CARTESIAN_POINT('',(1.870933201833,5.891882566874));
#12255 = CARTESIAN_POINT('',(1.942179355677,5.855286142313));
#12256 = CARTESIAN_POINT('',(2.065783797526,5.781577861243));
#12257 = CARTESIAN_POINT('',(2.119534069553,5.745698708747));
#12258 = CARTESIAN_POINT('',(2.172012533821,5.707743955008));
#12259 = CARTESIAN_POINT('',(2.223344707432,5.668526441656));
#12260 = CARTESIAN_POINT('',(2.273646828157,5.628765802084));
#12261 = CARTESIAN_POINT('',(2.382443054948,5.54136218758));
#12262 = CARTESIAN_POINT('',(2.440599242951,5.493700443633));
#12263 = CARTESIAN_POINT('',(2.497722106147,5.447177959319));
#12264 = CARTESIAN_POINT('',(2.554015394346,5.402708626328));
#12265 = CARTESIAN_POINT('',(2.609676338705,5.361084816567));
#12266 = CARTESIAN_POINT('',(2.70292300861,5.296809407503));
#12267 = CARTESIAN_POINT('',(2.740729015411,5.272292393889));
#12268 = CARTESIAN_POINT('',(2.778359685421,5.249713959171));
#12269 = CARTESIAN_POINT('',(2.815850444011,5.229296408583));
#12270 = CARTESIAN_POINT('',(2.853237750504,5.211231040709));
#12271 = CARTESIAN_POINT('',(2.932536984309,5.178179090285));
#12272 = CARTESIAN_POINT('',(2.974429700861,5.163857832403));
#12273 = CARTESIAN_POINT('',(3.016258775424,5.152950005856));
#12274 = CARTESIAN_POINT('',(3.058045746184,5.145620368075));
#12275 = CARTESIAN_POINT('',(3.09981464479,5.141954615282));
#12276 = CARTESIAN_POINT('',(3.183616975814,5.141954615282));
#12277 = CARTESIAN_POINT('',(3.225631915079,5.145663715141));
#12278 = CARTESIAN_POINT('',(3.267665248737,5.153079977476));
#12279 = CARTESIAN_POINT('',(3.309741512173,5.164115673694));
#12280 = CARTESIAN_POINT('',(3.351882678858,5.178602215333));
#12281 = CARTESIAN_POINT('',(3.431292791438,5.211875256308));
#12282 = CARTESIAN_POINT('',(3.468541135999,5.229941250466));
#12283 = CARTESIAN_POINT('',(3.50589283576,5.250337292453));
#12284 = CARTESIAN_POINT('',(3.543384043426,5.272873801801));
#12285 = CARTESIAN_POINT('',(3.58104990469,5.297330735374));
#12286 = CARTESIAN_POINT('',(3.693744827455,5.375076664867));
#12287 = CARTESIAN_POINT('',(3.769314078955,5.433172841639));
#12288 = CARTESIAN_POINT('',(3.846165789094,5.495997878675));
#12289 = CARTESIAN_POINT('',(3.924828732583,5.561551431676));
#12290 = CARTESIAN_POINT('',(4.005825617658,5.627353922995));
#12291 = CARTESIAN_POINT('',(4.14272046139,5.729926847763));
#12292 = CARTESIAN_POINT('',(4.196975998552,5.768545942019));
#12293 = CARTESIAN_POINT('',(4.252555523893,5.80519792172));
#12294 = CARTESIAN_POINT('',(4.309495966429,5.838884109986));
#12295 = CARTESIAN_POINT('',(4.367862110546,5.868567415059));
#12296 = CARTESIAN_POINT('',(4.473680084572,5.912121228216));
#12297 = CARTESIAN_POINT('',(4.52050357874,5.928064460848));
#12298 = CARTESIAN_POINT('',(4.567981289498,5.940465773115));
#12299 = CARTESIAN_POINT('',(4.615910940571,5.948896079136));
#12300 = CARTESIAN_POINT('',(4.664108118361,5.953125));
#12301 = CARTESIAN_POINT('',(4.788784098854,5.953125));
#12302 = CARTESIAN_POINT('',(4.864544916146,5.942536951278));
#12303 = CARTESIAN_POINT('',(4.939269354424,5.921691472669));
#12304 = CARTESIAN_POINT('',(5.012525855423,5.891882566874));
#12305 = CARTESIAN_POINT('',(5.083772009267,5.855286142313));
#12306 = CARTESIAN_POINT('',(5.2073764511,5.781577861252));
#12307 = CARTESIAN_POINT('',(5.261126723146,5.745698708747));
#12308 = CARTESIAN_POINT('',(5.313605187426,5.707743954997));
#12309 = CARTESIAN_POINT('',(5.364937361026,5.668526441651));
#12310 = CARTESIAN_POINT('',(5.41523948173,5.628765802097));
#12311 = CARTESIAN_POINT('',(5.524035708538,5.54136218758));
#12312 = CARTESIAN_POINT('',(5.582191896541,5.493700443633));
#12313 = CARTESIAN_POINT('',(5.639314759737,5.447177959319));
#12314 = CARTESIAN_POINT('',(5.695608047936,5.402708626328));
#12315 = CARTESIAN_POINT('',(5.751268992295,5.361084816567));
#12316 = CARTESIAN_POINT('',(5.887198549438,5.267387873843));
#12317 = CARTESIAN_POINT('',(5.967119273338,5.219250594987));
#12318 = CARTESIAN_POINT('',(6.046435132082,5.181164086049));
#12319 = CARTESIAN_POINT('',(6.125378978186,5.155058139671));
#12320 = CARTESIAN_POINT('',(6.204198930815,5.141954615282));
#12321 = CARTESIAN_POINT('',(6.28318530718,5.141954615282));
#12322 = ( GEOMETRIC_REPRESENTATION_CONTEXT(2) 
PARAMETRIC_REPRESENTATION_CONTEXT() REPRESENTATION_CONTEXT('2D SPACE',''
  ) );
#12323 = PCURVE('',#12063,#12324);
#12324 = DEFINITIONAL_REPRESENTATION('',(#12325),#12418);
#12325 = B_SPLINE_CURVE_WITH_KNOTS('',6,(#12326,#12327,#12328,#12329,
    #12330,#12331,#12332,#12333,#12334,#12335,#12336,#12337,#12338,
    #12339,#12340,#12341,#12342,#12343,#12344,#12345,#12346,#12347,
    #12348,#12349,#12350,#12351,#12352,#12353,#12354,#12355,#12356,
    #12357,#12358,#12359,#12360,#12361,#12362,#12363,#12364,#12365,
    #12366,#12367,#12368,#12369,#12370,#12371,#12372,#12373,#12374,
    #12375,#12376,#12377,#12378,#12379,#12380,#12381,#12382,#12383,
    #12384,#12385,#12386,#12387,#12388,#12389,#12390,#12391,#12392,
    #12393,#12394,#12395,#12396,#12397,#12398,#12399,#12400,#12401,
    #12402,#12403,#12404,#12405,#12406,#12407,#12408,#12409,#12410,
    #12411,#12412,#12413,#12414,#12415,#12416,#12417),.UNSPECIFIED.,.T.,
  .F.,(7,5,5,5,5,5,5,5,5,5,5,5,5,5,5,5,5,5,7),(0.,8.446416999472E-02,
    0.141597521114,0.190067266932,0.249595823011,0.309128888085,
    0.357114196029,0.414838032602,0.454572866045,0.499261235886,
    0.544213077964,0.583797237001,0.661988980927,0.711302633518,
    0.74912142378,0.808962338823,0.857195782399,0.915218113247,1.),
  .UNSPECIFIED.);
#12326 = CARTESIAN_POINT('',(1.042645488658,36.));
#12327 = CARTESIAN_POINT('',(1.042645488658,35.762723593491));
#12328 = CARTESIAN_POINT('',(1.047024998823,35.525949411225));
#12329 = CARTESIAN_POINT('',(1.055750295734,35.291475183812));
#12330 = CARTESIAN_POINT('',(1.068724728615,35.061163156993));
#12331 = CARTESIAN_POINT('',(1.085784455811,34.837106059624));
#12332 = CARTESIAN_POINT('',(1.120859810774,34.476099319052));
#12333 = CARTESIAN_POINT('',(1.136797010971,34.334245864708));
#12334 = CARTESIAN_POINT('',(1.15449340382,34.196614841266));
#12335 = CARTESIAN_POINT('',(1.173940018538,34.063755878128));
#12336 = CARTESIAN_POINT('',(1.195141006285,33.936419138587));
#12337 = CARTESIAN_POINT('',(1.237596608869,33.71313692662));
#12338 = CARTESIAN_POINT('',(1.258375264068,33.615255982042));
#12339 = CARTESIAN_POINT('',(1.280453477008,33.522647877544));
#12340 = CARTESIAN_POINT('',(1.303838881824,33.436129246949));
#12341 = CARTESIAN_POINT('',(1.328537040619,33.35668954001));
#12342 = CARTESIAN_POINT('',(1.386495660065,33.198109907803));
#12343 = CARTESIAN_POINT('',(1.420723000942,33.122355828094));
#12344 = CARTESIAN_POINT('',(1.45676392097,33.062375067621));
#12345 = CARTESIAN_POINT('',(1.494121097832,33.021007339624));
#12346 = CARTESIAN_POINT('',(1.532300915215,33.));
#12347 = CARTESIAN_POINT('',(1.609294654213,33.));
#12348 = CARTESIAN_POINT('',(1.647473435189,33.021010522188));
#12349 = CARTESIAN_POINT('',(1.684827598835,33.06237648257));
#12350 = CARTESIAN_POINT('',(1.720865665803,33.122349841389));
#12351 = CARTESIAN_POINT('',(1.755092609137,33.198097911751));
#12352 = CARTESIAN_POINT('',(1.812797216923,33.355982546805));
#12353 = CARTESIAN_POINT('',(1.837263029103,33.434552010844));
#12354 = CARTESIAN_POINT('',(1.860442010631,33.520072106275));
#12355 = CARTESIAN_POINT('',(1.882339413085,33.611580249658));
#12356 = CARTESIAN_POINT('',(1.902962510125,33.708279835351));
#12357 = CARTESIAN_POINT('',(1.945602125055,33.931292718595));
#12358 = CARTESIAN_POINT('',(1.96708001605,34.059779495214));
#12359 = CARTESIAN_POINT('',(1.98676662302,34.193920516442));
#12360 = CARTESIAN_POINT('',(2.004666528696,34.332939230381));
#12361 = CARTESIAN_POINT('',(2.02077064931,34.476268877703));
#12362 = CARTESIAN_POINT('',(2.044883939276,34.724823424203));
#12363 = CARTESIAN_POINT('',(2.053850025619,34.82798499803));
#12364 = CARTESIAN_POINT('',(2.06193536355,34.932753241268));
#12365 = CARTESIAN_POINT('',(2.069124518733,35.038928845066));
#12366 = CARTESIAN_POINT('',(2.075402640826,35.146329530107));
#12367 = CARTESIAN_POINT('',(2.086776450922,35.376770721085));
#12368 = CARTESIAN_POINT('',(2.091626855747,35.50008541197));
#12369 = CARTESIAN_POINT('',(2.095282111924,35.624392027733));
#12370 = CARTESIAN_POINT('',(2.097725204405,35.749359332856));
#12371 = CARTESIAN_POINT('',(2.098947164932,35.874665973602));
#12372 = CARTESIAN_POINT('',(2.098947164932,36.126072966672));
#12373 = CARTESIAN_POINT('',(2.09771075395,36.252117727206));
#12374 = CARTESIAN_POINT('',(2.095238790611,36.377817121519));
#12375 = CARTESIAN_POINT('',(2.091540450608,36.502844315782));
#12376 = CARTESIAN_POINT('',(2.086633130044,36.62686230482));
#12377 = CARTESIAN_POINT('',(2.075178865467,36.857537605886));
#12378 = CARTESIAN_POINT('',(2.068897886784,36.964495267638));
#12379 = CARTESIAN_POINT('',(2.061713140287,37.070232656255));
#12380 = CARTESIAN_POINT('',(2.053639303823,37.174569683259));
#12381 = CARTESIAN_POINT('',(2.044691608096,37.277309427022));
#12382 = CARTESIAN_POINT('',(2.015515027868,37.577604096613));
#12383 = CARTESIAN_POINT('',(1.992813191733,37.769712119112));
#12384 = CARTESIAN_POINT('',(1.966843472641,37.953627280806));
#12385 = CARTESIAN_POINT('',(1.93759732244,38.127890682157));
#12386 = CARTESIAN_POINT('',(1.905030499439,38.290202740362));
#12387 = CARTESIAN_POINT('',(1.846400011523,38.529697668788));
#12388 = CARTESIAN_POINT('',(1.82231831948,38.616419314467));
#12389 = CARTESIAN_POINT('',(1.796867224575,38.696029243893));
#12390 = CARTESIAN_POINT('',(1.770091563979,38.767276490715));
#12391 = CARTESIAN_POINT('',(1.742043822681,38.828837933757));
#12392 = CARTESIAN_POINT('',(1.690343598199,38.917982155384));
#12393 = CARTESIAN_POINT('',(1.667191231903,38.950139140815));
#12394 = CARTESIAN_POINT('',(1.64349251312,38.974879349666));
#12395 = CARTESIAN_POINT('',(1.619415189178,38.991608234209));
#12396 = CARTESIAN_POINT('',(1.59512683994,39.));
#12397 = CARTESIAN_POINT('',(1.532297999377,39.));
#12398 = CARTESIAN_POINT('',(1.494119218401,38.978989477812));
#12399 = CARTESIAN_POINT('',(1.456765054754,38.93762351743));
#12400 = CARTESIAN_POINT('',(1.420726987787,38.877650158611));
#12401 = CARTESIAN_POINT('',(1.386500044453,38.801902088249));
#12402 = CARTESIAN_POINT('',(1.328795436674,38.644017453215));
#12403 = CARTESIAN_POINT('',(1.304329624485,38.565447989158));
#12404 = CARTESIAN_POINT('',(1.281150642952,38.4799278937));
#12405 = CARTESIAN_POINT('',(1.259253240504,38.388419750328));
#12406 = CARTESIAN_POINT('',(1.238630143471,38.291720164683));
#12407 = CARTESIAN_POINT('',(1.195990528535,38.068707281405));
#12408 = CARTESIAN_POINT('',(1.17451263754,37.940220504786));
#12409 = CARTESIAN_POINT('',(1.154826030569,37.806079483558));
#12410 = CARTESIAN_POINT('',(1.136926124893,37.667060769619));
#12411 = CARTESIAN_POINT('',(1.120822004279,37.523731122297));
#12412 = CARTESIAN_POINT('',(1.08567105648,37.161402800374));
#12413 = CARTESIAN_POINT('',(1.068655748047,36.937611403486));
#12414 = CARTESIAN_POINT('',(1.055715444785,36.707588620024));
#12415 = CARTESIAN_POINT('',(1.047013295406,36.473419248262));
#12416 = CARTESIAN_POINT('',(1.042645488658,36.236959129094));
#12417 = CARTESIAN_POINT('',(1.042645488658,36.));
#12418 = ( GEOMETRIC_REPRESENTATION_CONTEXT(2) 
PARAMETRIC_REPRESENTATION_CONTEXT() REPRESENTATION_CONTEXT('2D SPACE',''
  ) );
#12419 = ORIENTED_EDGE('',*,*,#12109,.T.);
#12420 = ADVANCED_FACE('',(#12421),#11583,.F.);
#12421 = FACE_BOUND('',#12422,.F.);
#12422 = EDGE_LOOP('',(#12423,#12424,#12447,#12735));
#12423 = ORIENTED_EDGE('',*,*,#11379,.F.);
#12424 = ORIENTED_EDGE('',*,*,#12425,.F.);
#12425 = EDGE_CURVE('',#12426,#11380,#12428,.T.);
#12426 = VERTEX_POINT('',#12427);
#12427 = CARTESIAN_POINT('',(3.,68.,5.141954615282));
#12428 = SEAM_CURVE('',#12429,(#12433,#12440),.PCURVE_S1.);
#12429 = LINE('',#12430,#12431);
#12430 = CARTESIAN_POINT('',(3.,68.,0.));
#12431 = VECTOR('',#12432,1.);
#12432 = DIRECTION('',(0.,0.,1.));
#12433 = PCURVE('',#11583,#12434);
#12434 = DEFINITIONAL_REPRESENTATION('',(#12435),#12439);
#12435 = LINE('',#12436,#12437);
#12436 = CARTESIAN_POINT('',(6.28318530718,-0.));
#12437 = VECTOR('',#12438,1.);
#12438 = DIRECTION('',(0.,1.));
#12439 = ( GEOMETRIC_REPRESENTATION_CONTEXT(2) 
PARAMETRIC_REPRESENTATION_CONTEXT() REPRESENTATION_CONTEXT('2D SPACE',''
  ) );
#12440 = PCURVE('',#11583,#12441);
#12441 = DEFINITIONAL_REPRESENTATION('',(#12442),#12446);
#12442 = LINE('',#12443,#12444);
#12443 = CARTESIAN_POINT('',(0.,-0.));
#12444 = VECTOR('',#12445,1.);
#12445 = DIRECTION('',(0.,1.));
#12446 = ( GEOMETRIC_REPRESENTATION_CONTEXT(2) 
PARAMETRIC_REPRESENTATION_CONTEXT() REPRESENTATION_CONTEXT('2D SPACE',''
  ) );
#12447 = ORIENTED_EDGE('',*,*,#12448,.T.);
#12448 = EDGE_CURVE('',#12426,#12426,#12449,.T.);
#12449 = SURFACE_CURVE('',#12450,(#12543,#12639),.PCURVE_S1.);
#12450 = B_SPLINE_CURVE_WITH_KNOTS('',6,(#12451,#12452,#12453,#12454,
    #12455,#12456,#12457,#12458,#12459,#12460,#12461,#12462,#12463,
    #12464,#12465,#12466,#12467,#12468,#12469,#12470,#12471,#12472,
    #12473,#12474,#12475,#12476,#12477,#12478,#12479,#12480,#12481,
    #12482,#12483,#12484,#12485,#12486,#12487,#12488,#12489,#12490,
    #12491,#12492,#12493,#12494,#12495,#12496,#12497,#12498,#12499,
    #12500,#12501,#12502,#12503,#12504,#12505,#12506,#12507,#12508,
    #12509,#12510,#12511,#12512,#12513,#12514,#12515,#12516,#12517,
    #12518,#12519,#12520,#12521,#12522,#12523,#12524,#12525,#12526,
    #12527,#12528,#12529,#12530,#12531,#12532,#12533,#12534,#12535,
    #12536,#12537,#12538,#12539,#12540,#12541,#12542),.UNSPECIFIED.,.T.,
  .F.,(7,5,5,5,5,5,5,5,5,5,5,5,5,5,5,5,5,5,7),(0.,8.446417119993E-02,
    0.141597527111,0.19006727334,0.249595829908,0.309128895472,
    0.357114203812,0.414838036329,0.454572869862,0.499261239805,
    0.544213081985,0.583797241112,0.661988985217,0.71130263792,
    0.749121428268,0.808962343447,0.857195787133,0.915218113559,1.),
  .UNSPECIFIED.);
#12451 = CARTESIAN_POINT('',(3.,68.,5.141954615282));
#12452 = CARTESIAN_POINT('',(3.,68.237276406509,5.141954615282));
#12453 = CARTESIAN_POINT('',(2.977480462199,68.474050588775,
    5.155093250797));
#12454 = CARTESIAN_POINT('',(2.932616769361,68.708524816188,
    5.181268635622));
#12455 = CARTESIAN_POINT('',(2.865467875029,68.938836843007,
    5.219453596461));
#12456 = CARTESIAN_POINT('',(2.776050509298,69.162893940376,
    5.267708703222));
#12457 = CARTESIAN_POINT('',(2.589328222314,69.523900691085,
    5.36117291764));
#12458 = CARTESIAN_POINT('',(2.503846447874,69.665754119728,
    5.402360987812));
#12459 = CARTESIAN_POINT('',(2.408084438984,69.803385158264,
    5.446337628606));
#12460 = CARTESIAN_POINT('',(2.30179083708,69.936244137238,
    5.492334665121));
#12461 = CARTESIAN_POINT('',(2.18464949943,70.063580852349,
    5.539467613732));
#12462 = CARTESIAN_POINT('',(1.947462773333,70.286863073344,
    5.626770211266));
#12463 = CARTESIAN_POINT('',(1.830441466131,70.384744017972,
    5.666951934974));
#12464 = CARTESIAN_POINT('',(1.705065104705,70.477352122482,
    5.706601129638));
#12465 = CARTESIAN_POINT('',(1.571152792415,70.563870753051,
    5.744978522828));
#12466 = CARTESIAN_POINT('',(1.428583305488,70.64331045997,
    5.781247802176));
#12467 = CARTESIAN_POINT('',(1.091584432945,70.801890092198,
    5.855280541969));
#12468 = CARTESIAN_POINT('',(0.891006470389,70.877644171905,
    5.891879433777));
#12469 = CARTESIAN_POINT('',(0.678239401885,70.937624932379,
    5.921692178175));
#12470 = CARTESIAN_POINT('',(0.45645684152,70.978992660376,
    5.942538557813));
#12471 = CARTESIAN_POINT('',(0.22916799706,71.,5.953125));
#12472 = CARTESIAN_POINT('',(-0.229185355408,71.,5.953125));
#12473 = CARTESIAN_POINT('',(-0.456468022576,70.978989477812,
    5.942536951278));
#12474 = CARTESIAN_POINT('',(-0.67823252396,70.93762351743,
    5.921691472669));
#12475 = CARTESIAN_POINT('',(-0.890982835659,70.877650158611,
    5.891882566875));
#12476 = CARTESIAN_POINT('',(-1.091558940039,70.801902088249,
    5.855286142313));
#12477 = CARTESIAN_POINT('',(-1.427080868407,70.644017453195,
    5.781577861243));
#12478 = CARTESIAN_POINT('',(-1.56831989227,70.565447989156,
    5.745698708747));
#12479 = CARTESIAN_POINT('',(-1.701072562629,70.479927893725,
    5.707743955008));
#12480 = CARTESIAN_POINT('',(-1.825454986,70.388419750342,5.668526441656
    ));
#12481 = CARTESIAN_POINT('',(-1.941641073186,70.291720164649,
    5.628765802084));
#12482 = CARTESIAN_POINT('',(-2.179957710698,70.068707290964,
    5.541362191326));
#12483 = CARTESIAN_POINT('',(-2.298665703657,69.940220488589,
    5.493700438282));
#12484 = CARTESIAN_POINT('',(-2.406290729245,69.806079484048,
    5.447177958852));
#12485 = CARTESIAN_POINT('',(-2.503160592721,69.667060786021,
    5.40270863145));
#12486 = CARTESIAN_POINT('',(-2.589535824446,69.523731111619,
    5.361084813805));
#12487 = CARTESIAN_POINT('',(-2.717891225711,69.275176575797,
    5.296809407503));
#12488 = CARTESIAN_POINT('',(-2.765308660282,69.17201500197,
    5.272292393889));
#12489 = CARTESIAN_POINT('',(-2.80782167797,69.067246758732,
    5.249713959171));
#12490 = CARTESIAN_POINT('',(-2.845437305381,68.961071154934,
    5.229296408583));
#12491 = CARTESIAN_POINT('',(-2.878156337349,68.853670469893,
    5.211231040709));
#12492 = CARTESIAN_POINT('',(-2.937250955025,68.623229278915,
    5.178179090285));
#12493 = CARTESIAN_POINT('',(-2.962325516833,68.49991458803,
    5.163857832403));
#12494 = CARTESIAN_POINT('',(-2.981154773346,68.375607972267,
    5.152950005856));
#12495 = CARTESIAN_POINT('',(-2.993716565898,68.250640667144,
    5.145620368075));
#12496 = CARTESIAN_POINT('',(-3.,68.125334026398,5.141954615282));
#12497 = CARTESIAN_POINT('',(-3.,67.873927033328,5.141954615282));
#12498 = CARTESIAN_POINT('',(-2.993642256583,67.747882272794,
    5.145663715141));
#12499 = CARTESIAN_POINT('',(-2.980932027664,67.622182878481,
    5.153079977476));
#12500 = CARTESIAN_POINT('',(-2.961880419618,67.497155684218,
    5.164115673694));
#12501 = CARTESIAN_POINT('',(-2.936510018589,67.37313769518,
    5.178602215333));
#12502 = CARTESIAN_POINT('',(-2.876990279862,67.142462394114,
    5.211875256308));
#12503 = CARTESIAN_POINT('',(-2.844252165176,67.035504732363,
    5.229941250466));
#12504 = CARTESIAN_POINT('',(-2.806654722662,66.929767343745,
    5.250337292453));
#12505 = CARTESIAN_POINT('',(-2.764196985469,66.825430316741,
    5.272873801801));
#12506 = CARTESIAN_POINT('',(-2.716871778454,66.722690572978,
    5.297330735374));
#12507 = CARTESIAN_POINT('',(-2.561551393544,66.422395903387,
    5.375076664867));
#12508 = CARTESIAN_POINT('',(-2.43949947807,66.230287880888,
    5.433172841639));
#12509 = CARTESIAN_POINT('',(-2.298145947108,66.046372719194,
    5.495997878675));
#12510 = CARTESIAN_POINT('',(-2.136671946803,65.872109317842,
    5.561551431676));
#12511 = CARTESIAN_POINT('',(-1.954072531294,65.709797259638,
    5.627353922995));
#12512 = CARTESIAN_POINT('',(-1.620450044912,65.470302331212,
    5.729926847763));
#12513 = CARTESIAN_POINT('',(-1.482339789581,65.383580685533,
    5.768545942019));
#12514 = CARTESIAN_POINT('',(-1.335225430995,65.303970756107,
    5.80519792172));
#12515 = CARTESIAN_POINT('',(-1.179293761469,65.232723509285,
    5.838884109986));
#12516 = CARTESIAN_POINT('',(-1.014867540708,65.171162066243,
    5.868567415059));
#12517 = CARTESIAN_POINT('',(-0.710186887577,65.082017844616,
    5.912121228216));
#12518 = CARTESIAN_POINT('',(-0.573235950498,65.049860859185,
    5.928064460848));
#12519 = CARTESIAN_POINT('',(-0.432615267901,65.025120650334,
    5.940465773115));
#12520 = CARTESIAN_POINT('',(-0.289434134242,65.008391765791,
    5.948896079136));
#12521 = CARTESIAN_POINT('',(-0.14484258607,65.,5.953125));
#12522 = CARTESIAN_POINT('',(0.229185355408,65.,5.953125));
#12523 = CARTESIAN_POINT('',(0.456468022576,65.021010522188,
    5.942536951278));
#12524 = CARTESIAN_POINT('',(0.67823252396,65.06237648257,5.921691472669
    ));
#12525 = CARTESIAN_POINT('',(0.890982835659,65.122349841389,
    5.891882566874));
#12526 = CARTESIAN_POINT('',(1.091558940039,65.198097911751,
    5.855286142313));
#12527 = CARTESIAN_POINT('',(1.427080868366,65.355982546785,
    5.781577861252));
#12528 = CARTESIAN_POINT('',(1.568319892282,65.434552010842,
    5.745698708747));
#12529 = CARTESIAN_POINT('',(1.701072562666,65.5200721063,5.707743954997
    ));
#12530 = CARTESIAN_POINT('',(1.825454986006,65.611580249672,
    5.668526441651));
#12531 = CARTESIAN_POINT('',(1.94164107315,65.708279835317,
    5.628765802097));
#12532 = CARTESIAN_POINT('',(2.179957710697,65.931292709036,
    5.541362191326));
#12533 = CARTESIAN_POINT('',(2.298665703657,66.059779511412,
    5.493700438282));
#12534 = CARTESIAN_POINT('',(2.406290729246,66.193920515952,
    5.447177958852));
#12535 = CARTESIAN_POINT('',(2.503160592721,66.332939213979,
    5.40270863145));
#12536 = CARTESIAN_POINT('',(2.589535824446,66.476268888381,
    5.361084813805));
#12537 = CARTESIAN_POINT('',(2.776644845111,66.838597199626,
    5.267387873843));
#12538 = CARTESIAN_POINT('',(2.865824895337,67.062388596513,
    5.219250594987));
#12539 = CARTESIAN_POINT('',(2.932795960882,67.292411379976,
    5.181164086049));
#12540 = CARTESIAN_POINT('',(2.977540643536,67.526580751738,
    5.155058139671));
#12541 = CARTESIAN_POINT('',(3.,67.763040870906,5.141954615282));
#12542 = CARTESIAN_POINT('',(3.,68.,5.141954615282));
#12543 = PCURVE('',#11583,#12544);
#12544 = DEFINITIONAL_REPRESENTATION('',(#12545),#12638);
#12545 = B_SPLINE_CURVE_WITH_KNOTS('',6,(#12546,#12547,#12548,#12549,
    #12550,#12551,#12552,#12553,#12554,#12555,#12556,#12557,#12558,
    #12559,#12560,#12561,#12562,#12563,#12564,#12565,#12566,#12567,
    #12568,#12569,#12570,#12571,#12572,#12573,#12574,#12575,#12576,
    #12577,#12578,#12579,#12580,#12581,#12582,#12583,#12584,#12585,
    #12586,#12587,#12588,#12589,#12590,#12591,#12592,#12593,#12594,
    #12595,#12596,#12597,#12598,#12599,#12600,#12601,#12602,#12603,
    #12604,#12605,#12606,#12607,#12608,#12609,#12610,#12611,#12612,
    #12613,#12614,#12615,#12616,#12617,#12618,#12619,#12620,#12621,
    #12622,#12623,#12624,#12625,#12626,#12627,#12628,#12629,#12630,
    #12631,#12632,#12633,#12634,#12635,#12636,#12637),.UNSPECIFIED.,.F.,
  .F.,(7,5,5,5,5,5,5,5,5,5,5,5,5,5,5,5,5,5,7),(0.,8.446417119993E-02,
    0.141597527111,0.19006727334,0.249595829908,0.309128895472,
    0.357114203812,0.414838036329,0.454572869862,0.499261239805,
    0.544213081985,0.583797241112,0.661988985217,0.71130263792,
    0.749121428268,0.808962343447,0.857195787133,0.915218113559,1.),
  .UNSPECIFIED.);
#12546 = CARTESIAN_POINT('',(0.,5.141954615282));
#12547 = CARTESIAN_POINT('',(7.909213550295E-02,5.141954615282));
#12548 = CARTESIAN_POINT('',(0.158016775443,5.155093250797));
#12549 = CARTESIAN_POINT('',(0.23706580918,5.181268635622));
#12550 = CARTESIAN_POINT('',(0.316488614346,5.219453596461));
#12551 = CARTESIAN_POINT('',(0.396519278048,5.267708703222));
#12552 = CARTESIAN_POINT('',(0.531998299185,5.36117291764));
#12553 = CARTESIAN_POINT('',(0.58708772207,5.402360987812));
#12554 = CARTESIAN_POINT('',(0.642796051339,5.446337628606));
#12555 = CARTESIAN_POINT('',(0.699314324721,5.492334665121));
#12556 = CARTESIAN_POINT('',(0.756839829723,5.539467613732));
#12557 = CARTESIAN_POINT('',(0.865422871805,5.626770211266));
#12558 = CARTESIAN_POINT('',(0.916188689437,5.666951934974));
#12559 = CARTESIAN_POINT('',(0.968001205833,5.706601129638));
#12560 = CARTESIAN_POINT('',(1.020980297179,5.744978522828));
#12561 = CARTESIAN_POINT('',(1.075255366468,5.781247802176));
#12562 = CARTESIAN_POINT('',(1.199403906466,5.855280541969));
#12563 = CARTESIAN_POINT('',(1.270651469629,5.891879433777));
#12564 = CARTESIAN_POINT('',(1.343913845952,5.921692178175));
#12565 = CARTESIAN_POINT('',(1.418644116349,5.942538557813));
#12566 = CARTESIAN_POINT('',(1.494406994442,5.953125));
#12567 = CARTESIAN_POINT('',(1.647191445264,5.953125));
#12568 = CARTESIAN_POINT('',(1.722952262556,5.942536951278));
#12569 = CARTESIAN_POINT('',(1.797676700834,5.921691472669));
#12570 = CARTESIAN_POINT('',(1.870933201833,5.891882566874));
#12571 = CARTESIAN_POINT('',(1.942179355677,5.855286142313));
#12572 = CARTESIAN_POINT('',(2.065783797526,5.781577861243));
#12573 = CARTESIAN_POINT('',(2.119534069553,5.745698708747));
#12574 = CARTESIAN_POINT('',(2.172012533821,5.707743955008));
#12575 = CARTESIAN_POINT('',(2.223344707432,5.668526441656));
#12576 = CARTESIAN_POINT('',(2.273646828157,5.628765802084));
#12577 = CARTESIAN_POINT('',(2.382443050285,5.541362191326));
#12578 = CARTESIAN_POINT('',(2.440599249959,5.493700438282));
#12579 = CARTESIAN_POINT('',(2.497722106463,5.447177958852));
#12580 = CARTESIAN_POINT('',(2.554015387497,5.40270863145));
#12581 = CARTESIAN_POINT('',(2.609676342711,5.361084813805));
#12582 = CARTESIAN_POINT('',(2.70292300861,5.296809407503));
#12583 = CARTESIAN_POINT('',(2.740729015411,5.272292393889));
#12584 = CARTESIAN_POINT('',(2.778359685421,5.249713959171));
#12585 = CARTESIAN_POINT('',(2.815850444011,5.229296408583));
#12586 = CARTESIAN_POINT('',(2.853237750504,5.211231040709));
#12587 = CARTESIAN_POINT('',(2.932536984309,5.178179090285));
#12588 = CARTESIAN_POINT('',(2.974429700861,5.163857832403));
#12589 = CARTESIAN_POINT('',(3.016258775424,5.152950005856));
#12590 = CARTESIAN_POINT('',(3.058045746184,5.145620368075));
#12591 = CARTESIAN_POINT('',(3.09981464479,5.141954615282));
#12592 = CARTESIAN_POINT('',(3.183616975814,5.141954615282));
#12593 = CARTESIAN_POINT('',(3.225631915079,5.145663715141));
#12594 = CARTESIAN_POINT('',(3.267665248737,5.153079977476));
#12595 = CARTESIAN_POINT('',(3.309741512173,5.164115673694));
#12596 = CARTESIAN_POINT('',(3.351882678858,5.178602215333));
#12597 = CARTESIAN_POINT('',(3.431292791438,5.211875256308));
#12598 = CARTESIAN_POINT('',(3.468541135999,5.229941250466));
#12599 = CARTESIAN_POINT('',(3.50589283576,5.250337292453));
#12600 = CARTESIAN_POINT('',(3.543384043426,5.272873801801));
#12601 = CARTESIAN_POINT('',(3.58104990469,5.297330735374));
#12602 = CARTESIAN_POINT('',(3.693744827455,5.375076664867));
#12603 = CARTESIAN_POINT('',(3.769314078955,5.433172841639));
#12604 = CARTESIAN_POINT('',(3.846165789094,5.495997878675));
#12605 = CARTESIAN_POINT('',(3.924828732583,5.561551431676));
#12606 = CARTESIAN_POINT('',(4.005825617658,5.627353922995));
#12607 = CARTESIAN_POINT('',(4.14272046139,5.729926847763));
#12608 = CARTESIAN_POINT('',(4.196975998552,5.768545942019));
#12609 = CARTESIAN_POINT('',(4.252555523893,5.80519792172));
#12610 = CARTESIAN_POINT('',(4.309495966429,5.838884109986));
#12611 = CARTESIAN_POINT('',(4.367862110546,5.868567415059));
#12612 = CARTESIAN_POINT('',(4.473680084572,5.912121228216));
#12613 = CARTESIAN_POINT('',(4.52050357874,5.928064460848));
#12614 = CARTESIAN_POINT('',(4.567981289498,5.940465773115));
#12615 = CARTESIAN_POINT('',(4.615910940571,5.948896079136));
#12616 = CARTESIAN_POINT('',(4.664108118361,5.953125));
#12617 = CARTESIAN_POINT('',(4.788784098854,5.953125));
#12618 = CARTESIAN_POINT('',(4.864544916146,5.942536951278));
#12619 = CARTESIAN_POINT('',(4.939269354424,5.921691472669));
#12620 = CARTESIAN_POINT('',(5.012525855423,5.891882566874));
#12621 = CARTESIAN_POINT('',(5.083772009267,5.855286142313));
#12622 = CARTESIAN_POINT('',(5.2073764511,5.781577861252));
#12623 = CARTESIAN_POINT('',(5.261126723146,5.745698708747));
#12624 = CARTESIAN_POINT('',(5.313605187426,5.707743954997));
#12625 = CARTESIAN_POINT('',(5.364937361026,5.668526441651));
#12626 = CARTESIAN_POINT('',(5.41523948173,5.628765802097));
#12627 = CARTESIAN_POINT('',(5.524035703875,5.541362191326));
#12628 = CARTESIAN_POINT('',(5.582191903548,5.493700438282));
#12629 = CARTESIAN_POINT('',(5.639314760053,5.447177958852));
#12630 = CARTESIAN_POINT('',(5.695608041087,5.40270863145));
#12631 = CARTESIAN_POINT('',(5.751268996301,5.361084813805));
#12632 = CARTESIAN_POINT('',(5.887198549438,5.267387873843));
#12633 = CARTESIAN_POINT('',(5.967119273338,5.219250594987));
#12634 = CARTESIAN_POINT('',(6.046435132082,5.181164086049));
#12635 = CARTESIAN_POINT('',(6.125378978186,5.155058139671));
#12636 = CARTESIAN_POINT('',(6.204198930815,5.141954615282));
#12637 = CARTESIAN_POINT('',(6.28318530718,5.141954615282));
#12638 = ( GEOMETRIC_REPRESENTATION_CONTEXT(2) 
PARAMETRIC_REPRESENTATION_CONTEXT() REPRESENTATION_CONTEXT('2D SPACE',''
  ) );
#12639 = PCURVE('',#12063,#12640);
#12640 = DEFINITIONAL_REPRESENTATION('',(#12641),#12734);
#12641 = B_SPLINE_CURVE_WITH_KNOTS('',6,(#12642,#12643,#12644,#12645,
    #12646,#12647,#12648,#12649,#12650,#12651,#12652,#12653,#12654,
    #12655,#12656,#12657,#12658,#12659,#12660,#12661,#12662,#12663,
    #12664,#12665,#12666,#12667,#12668,#12669,#12670,#12671,#12672,
    #12673,#12674,#12675,#12676,#12677,#12678,#12679,#12680,#12681,
    #12682,#12683,#12684,#12685,#12686,#12687,#12688,#12689,#12690,
    #12691,#12692,#12693,#12694,#12695,#12696,#12697,#12698,#12699,
    #12700,#12701,#12702,#12703,#12704,#12705,#12706,#12707,#12708,
    #12709,#12710,#12711,#12712,#12713,#12714,#12715,#12716,#12717,
    #12718,#12719,#12720,#12721,#12722,#12723,#12724,#12725,#12726,
    #12727,#12728,#12729,#12730,#12731,#12732,#12733),.UNSPECIFIED.,.T.,
  .F.,(7,5,5,5,5,5,5,5,5,5,5,5,5,5,5,5,5,5,7),(0.,8.446417119993E-02,
    0.141597527111,0.19006727334,0.249595829908,0.309128895472,
    0.357114203812,0.414838036329,0.454572869862,0.499261239805,
    0.544213081985,0.583797241112,0.661988985217,0.71130263792,
    0.749121428268,0.808962343447,0.857195787133,0.915218113559,1.),
  .UNSPECIFIED.);
#12642 = CARTESIAN_POINT('',(1.042645488658,53.));
#12643 = CARTESIAN_POINT('',(1.042645488658,52.762723593491));
#12644 = CARTESIAN_POINT('',(1.047024998823,52.525949411225));
#12645 = CARTESIAN_POINT('',(1.055750295734,52.291475183812));
#12646 = CARTESIAN_POINT('',(1.068724728615,52.061163156993));
#12647 = CARTESIAN_POINT('',(1.085784455811,51.837106059624));
#12648 = CARTESIAN_POINT('',(1.120859811759,51.476099308915));
#12649 = CARTESIAN_POINT('',(1.136797008899,51.334245880272));
#12650 = CARTESIAN_POINT('',(1.154493404165,51.196614841736));
#12651 = CARTESIAN_POINT('',(1.173940020775,51.063755862762));
#12652 = CARTESIAN_POINT('',(1.195141004562,50.936419147651));
#12653 = CARTESIAN_POINT('',(1.237596608862,50.713136926656));
#12654 = CARTESIAN_POINT('',(1.25837526407,50.615255982028));
#12655 = CARTESIAN_POINT('',(1.280453477015,50.522647877518));
#12656 = CARTESIAN_POINT('',(1.303838881826,50.436129246949));
#12657 = CARTESIAN_POINT('',(1.328537040612,50.35668954003));
#12658 = CARTESIAN_POINT('',(1.386495660065,50.198109907802));
#12659 = CARTESIAN_POINT('',(1.420723000942,50.122355828095));
#12660 = CARTESIAN_POINT('',(1.45676392097,50.062375067621));
#12661 = CARTESIAN_POINT('',(1.494121097832,50.021007339624));
#12662 = CARTESIAN_POINT('',(1.532300915215,50.));
#12663 = CARTESIAN_POINT('',(1.609294654213,50.));
#12664 = CARTESIAN_POINT('',(1.647473435189,50.021010522188));
#12665 = CARTESIAN_POINT('',(1.684827598835,50.06237648257));
#12666 = CARTESIAN_POINT('',(1.720865665803,50.122349841389));
#12667 = CARTESIAN_POINT('',(1.755092609137,50.198097911751));
#12668 = CARTESIAN_POINT('',(1.812797216923,50.355982546805));
#12669 = CARTESIAN_POINT('',(1.837263029103,50.434552010844));
#12670 = CARTESIAN_POINT('',(1.860442010631,50.520072106275));
#12671 = CARTESIAN_POINT('',(1.882339413084,50.611580249658));
#12672 = CARTESIAN_POINT('',(1.902962510125,50.708279835351));
#12673 = CARTESIAN_POINT('',(1.945602123228,50.931292709036));
#12674 = CARTESIAN_POINT('',(1.967080018415,51.059779511411));
#12675 = CARTESIAN_POINT('',(1.986766623391,51.193920515952));
#12676 = CARTESIAN_POINT('',(2.004666526509,51.332939213979));
#12677 = CARTESIAN_POINT('',(2.020770650346,51.476268888381));
#12678 = CARTESIAN_POINT('',(2.044883939276,51.724823424203));
#12679 = CARTESIAN_POINT('',(2.053850025619,51.82798499803));
#12680 = CARTESIAN_POINT('',(2.06193536355,51.932753241268));
#12681 = CARTESIAN_POINT('',(2.069124518733,52.038928845066));
#12682 = CARTESIAN_POINT('',(2.075402640826,52.146329530107));
#12683 = CARTESIAN_POINT('',(2.086776450922,52.376770721085));
#12684 = CARTESIAN_POINT('',(2.091626855747,52.50008541197));
#12685 = CARTESIAN_POINT('',(2.095282111924,52.624392027733));
#12686 = CARTESIAN_POINT('',(2.097725204405,52.749359332856));
#12687 = CARTESIAN_POINT('',(2.098947164932,52.874665973602));
#12688 = CARTESIAN_POINT('',(2.098947164932,53.126072966672));
#12689 = CARTESIAN_POINT('',(2.09771075395,53.252117727206));
#12690 = CARTESIAN_POINT('',(2.095238790611,53.377817121519));
#12691 = CARTESIAN_POINT('',(2.091540450608,53.502844315782));
#12692 = CARTESIAN_POINT('',(2.086633130044,53.62686230482));
#12693 = CARTESIAN_POINT('',(2.075178865467,53.857537605886));
#12694 = CARTESIAN_POINT('',(2.068897886784,53.964495267637));
#12695 = CARTESIAN_POINT('',(2.061713140287,54.070232656255));
#12696 = CARTESIAN_POINT('',(2.053639303823,54.174569683259));
#12697 = CARTESIAN_POINT('',(2.044691608096,54.277309427022));
#12698 = CARTESIAN_POINT('',(2.015515027868,54.577604096613));
#12699 = CARTESIAN_POINT('',(1.992813191733,54.769712119112));
#12700 = CARTESIAN_POINT('',(1.966843472641,54.953627280806));
#12701 = CARTESIAN_POINT('',(1.93759732244,55.127890682158));
#12702 = CARTESIAN_POINT('',(1.905030499439,55.290202740362));
#12703 = CARTESIAN_POINT('',(1.846400011523,55.529697668788));
#12704 = CARTESIAN_POINT('',(1.82231831948,55.616419314467));
#12705 = CARTESIAN_POINT('',(1.796867224575,55.696029243893));
#12706 = CARTESIAN_POINT('',(1.770091563979,55.767276490715));
#12707 = CARTESIAN_POINT('',(1.742043822681,55.828837933757));
#12708 = CARTESIAN_POINT('',(1.690343598199,55.917982155384));
#12709 = CARTESIAN_POINT('',(1.667191231903,55.950139140815));
#12710 = CARTESIAN_POINT('',(1.64349251312,55.974879349666));
#12711 = CARTESIAN_POINT('',(1.619415189178,55.991608234209));
#12712 = CARTESIAN_POINT('',(1.59512683994,56.));
#12713 = CARTESIAN_POINT('',(1.532297999377,56.));
#12714 = CARTESIAN_POINT('',(1.494119218401,55.978989477812));
#12715 = CARTESIAN_POINT('',(1.456765054754,55.93762351743));
#12716 = CARTESIAN_POINT('',(1.420726987787,55.877650158611));
#12717 = CARTESIAN_POINT('',(1.386500044453,55.801902088249));
#12718 = CARTESIAN_POINT('',(1.328795436674,55.644017453215));
#12719 = CARTESIAN_POINT('',(1.304329624485,55.565447989158));
#12720 = CARTESIAN_POINT('',(1.281150642952,55.4799278937));
#12721 = CARTESIAN_POINT('',(1.259253240504,55.388419750328));
#12722 = CARTESIAN_POINT('',(1.238630143471,55.291720164683));
#12723 = CARTESIAN_POINT('',(1.195990530362,55.068707290964));
#12724 = CARTESIAN_POINT('',(1.174512635175,54.940220488588));
#12725 = CARTESIAN_POINT('',(1.154826030199,54.806079484048));
#12726 = CARTESIAN_POINT('',(1.136926127081,54.667060786021));
#12727 = CARTESIAN_POINT('',(1.120822003244,54.523731111619));
#12728 = CARTESIAN_POINT('',(1.08567105648,54.161402800374));
#12729 = CARTESIAN_POINT('',(1.068655748047,53.937611403487));
#12730 = CARTESIAN_POINT('',(1.055715444785,53.707588620024));
#12731 = CARTESIAN_POINT('',(1.047013295406,53.473419248262));
#12732 = CARTESIAN_POINT('',(1.042645488658,53.236959129094));
#12733 = CARTESIAN_POINT('',(1.042645488658,53.));
#12734 = ( GEOMETRIC_REPRESENTATION_CONTEXT(2) 
PARAMETRIC_REPRESENTATION_CONTEXT() REPRESENTATION_CONTEXT('2D SPACE',''
  ) );
#12735 = ORIENTED_EDGE('',*,*,#12425,.T.);
#12736 = ADVANCED_FACE('',(#12737),#11921,.F.);
#12737 = FACE_BOUND('',#12738,.F.);
#12738 = EDGE_LOOP('',(#12739,#12740,#12763,#13105));
#12739 = ORIENTED_EDGE('',*,*,#11691,.F.);
#12740 = ORIENTED_EDGE('',*,*,#12741,.F.);
#12741 = EDGE_CURVE('',#12742,#11692,#12744,.T.);
#12742 = VERTEX_POINT('',#12743);
#12743 = CARTESIAN_POINT('',(2.5,43.,5.402749047071));
#12744 = SEAM_CURVE('',#12745,(#12749,#12756),.PCURVE_S1.);
#12745 = LINE('',#12746,#12747);
#12746 = CARTESIAN_POINT('',(2.5,43.,0.));
#12747 = VECTOR('',#12748,1.);
#12748 = DIRECTION('',(0.,0.,1.));
#12749 = PCURVE('',#11921,#12750);
#12750 = DEFINITIONAL_REPRESENTATION('',(#12751),#12755);
#12751 = LINE('',#12752,#12753);
#12752 = CARTESIAN_POINT('',(6.28318530718,-0.));
#12753 = VECTOR('',#12754,1.);
#12754 = DIRECTION('',(0.,1.));
#12755 = ( GEOMETRIC_REPRESENTATION_CONTEXT(2) 
PARAMETRIC_REPRESENTATION_CONTEXT() REPRESENTATION_CONTEXT('2D SPACE',''
  ) );
#12756 = PCURVE('',#11921,#12757);
#12757 = DEFINITIONAL_REPRESENTATION('',(#12758),#12762);
#12758 = LINE('',#12759,#12760);
#12759 = CARTESIAN_POINT('',(0.,-0.));
#12760 = VECTOR('',#12761,1.);
#12761 = DIRECTION('',(0.,1.));
#12762 = ( GEOMETRIC_REPRESENTATION_CONTEXT(2) 
PARAMETRIC_REPRESENTATION_CONTEXT() REPRESENTATION_CONTEXT('2D SPACE',''
  ) );
#12763 = ORIENTED_EDGE('',*,*,#12764,.T.);
#12764 = EDGE_CURVE('',#12742,#12742,#12765,.T.);
#12765 = SURFACE_CURVE('',#12766,(#12877,#12991),.PCURVE_S1.);
#12766 = B_SPLINE_CURVE_WITH_KNOTS('',7,(#12767,#12768,#12769,#12770,
    #12771,#12772,#12773,#12774,#12775,#12776,#12777,#12778,#12779,
    #12780,#12781,#12782,#12783,#12784,#12785,#12786,#12787,#12788,
    #12789,#12790,#12791,#12792,#12793,#12794,#12795,#12796,#12797,
    #12798,#12799,#12800,#12801,#12802,#12803,#12804,#12805,#12806,
    #12807,#12808,#12809,#12810,#12811,#12812,#12813,#12814,#12815,
    #12816,#12817,#12818,#12819,#12820,#12821,#12822,#12823,#12824,
    #12825,#12826,#12827,#12828,#12829,#12830,#12831,#12832,#12833,
    #12834,#12835,#12836,#12837,#12838,#12839,#12840,#12841,#12842,
    #12843,#12844,#12845,#12846,#12847,#12848,#12849,#12850,#12851,
    #12852,#12853,#12854,#12855,#12856,#12857,#12858,#12859,#12860,
    #12861,#12862,#12863,#12864,#12865,#12866,#12867,#12868,#12869,
    #12870,#12871,#12872,#12873,#12874,#12875,#12876),.UNSPECIFIED.,.T.,
  .F.,(8,6,6,6,6,6,6,6,6,6,6,6,6,6,6,6,6,6,8),(0.,5.251738100058E-02,
    0.132408254127,0.186450722264,0.222935896064,0.277560065028,
    0.314017305469,0.344970576666,0.448128490405,0.500331741249,
    0.55277947971,0.632564410703,0.686535213905,0.722972005243,
    0.777523737885,0.813932632919,0.844844857457,0.94786597508,1.),
  .UNSPECIFIED.);
#12767 = CARTESIAN_POINT('',(2.5,43.,5.402749047071));
#12768 = CARTESIAN_POINT('',(2.5,43.10461987751,5.402749047071));
#12769 = CARTESIAN_POINT('',(2.494892316499,43.209223093213,
    5.405112412853));
#12770 = CARTESIAN_POINT('',(2.48467936923,43.313600162126,5.40983840849
    ));
#12771 = CARTESIAN_POINT('',(2.469360336335,43.41753617835,
    5.416890005986));
#12772 = CARTESIAN_POINT('',(2.448932141046,43.520810389574,
    5.426194861482));
#12773 = CARTESIAN_POINT('',(2.423390438381,43.623195771584,
    5.437646291456));
#12774 = CARTESIAN_POINT('',(2.346090021767,43.878502384908,
    5.471576861102));
#12775 = CARTESIAN_POINT('',(2.287641726804,44.029826941097,
    5.49667717754));
#12776 = CARTESIAN_POINT('',(2.217330546081,44.177852602626,
    5.525931778662));
#12777 = CARTESIAN_POINT('',(2.134994318228,44.321907037592,
    5.558738597989));
#12778 = CARTESIAN_POINT('',(2.040396776828,44.461173104878,
    5.594354118788));
#12779 = CARTESIAN_POINT('',(1.933262125246,44.594634295152,
    5.63187841502));
#12780 = CARTESIAN_POINT('',(1.73217013468,44.806510306956,
    5.696186540471));
#12781 = CARTESIAN_POINT('',(1.645072895775,44.888860413061,
    5.722546588559));
#12782 = CARTESIAN_POINT('',(1.551927493722,44.967641535413,
    5.748981663827));
#12783 = CARTESIAN_POINT('',(1.452653479122,45.042366151949,
    5.775113759119));
#12784 = CARTESIAN_POINT('',(1.347193715736,45.112478187201,
    5.800520554364));
#12785 = CARTESIAN_POINT('',(1.235527724639,45.177343950855,
    5.824737108928));
#12786 = CARTESIAN_POINT('',(1.038129818449,45.276004585556,
    5.862469129796));
#12787 = CARTESIAN_POINT('',(0.955713569765,45.313069692306,
    5.876913786162));
#12788 = CARTESIAN_POINT('',(0.870597583937,45.347131741956,
    5.89041037265));
#12789 = CARTESIAN_POINT('',(0.782960060359,45.377909634271,
    5.902779009586));
#12790 = CARTESIAN_POINT('',(0.692997265076,45.405144843211,
    5.913850069506));
#12791 = CARTESIAN_POINT('',(0.60092302771,45.42859992506,5.923468643419
    ));
#12792 = CARTESIAN_POINT('',(0.366302818655,45.477187434577,
    5.943521752074));
#12793 = CARTESIAN_POINT('',(0.221481068184,45.497344443861,
    5.95197945409));
#12794 = CARTESIAN_POINT('',(7.411288399026E-02,45.507639932911,
    5.956350862853));
#12795 = CARTESIAN_POINT('',(-7.411288399019E-02,45.507639932911,
    5.956350862853));
#12796 = CARTESIAN_POINT('',(-0.221481068183,45.497344443861,
    5.95197945409));
#12797 = CARTESIAN_POINT('',(-0.366302818655,45.477187434577,
    5.943521752074));
#12798 = CARTESIAN_POINT('',(-0.600851095125,45.428614821582,
    5.923474791534));
#12799 = CARTESIAN_POINT('',(-0.692859957849,45.405179996201,
    5.913864481874));
#12800 = CARTESIAN_POINT('',(-0.782762713956,45.377969644991,
    5.902803394062));
#12801 = CARTESIAN_POINT('',(-0.870344285267,45.347220859425,
    5.890446177982));
#12802 = CARTESIAN_POINT('',(-0.955407145188,45.313192218559,
    5.876962341572));
#12803 = CARTESIAN_POINT('',(-1.03777183587,45.276165279732,
    5.862531774949));
#12804 = CARTESIAN_POINT('',(-1.18478012408,45.202723289408,
    5.83444224315));
#12805 = CARTESIAN_POINT('',(-1.250278133048,45.167031763466,
    5.82098490992));
#12806 = CARTESIAN_POINT('',(-1.31375704561,45.129508018357,
    5.807063071592));
#12807 = CARTESIAN_POINT('',(-1.37520769977,45.090281485975,
    5.792768437504));
#12808 = CARTESIAN_POINT('',(-1.434626012515,45.049474705,5.778189081322
    ));
#12809 = CARTESIAN_POINT('',(-1.492012754128,45.007203522724,
    5.763408892766));
#12810 = CARTESIAN_POINT('',(-1.731873393656,44.818184248913,
    5.698843614715));
#12811 = CARTESIAN_POINT('',(-1.89415184743,44.657517880716,
    5.647752654419));
#12812 = CARTESIAN_POINT('',(-2.034779048838,44.485146403761,
    5.598024569706));
#12813 = CARTESIAN_POINT('',(-2.15450473711,44.303647890896,
    5.551897399626));
#12814 = CARTESIAN_POINT('',(-2.253997650021,44.114920146929,
    5.511110809653));
#12815 = CARTESIAN_POINT('',(-2.333706094409,43.920386870109,
    5.477025711038));
#12816 = CARTESIAN_POINT('',(-2.424102858919,43.620332948697,
    5.437326837463));
#12817 = CARTESIAN_POINT('',(-2.449406944759,43.518404241711,
    5.425978575189));
#12818 = CARTESIAN_POINT('',(-2.469645190706,43.415598992204,
    5.416758877887));
#12819 = CARTESIAN_POINT('',(-2.484821819297,43.312141040694,
    5.409772490789));
#12820 = CARTESIAN_POINT('',(-2.494939822332,43.208248103625,
    5.4050904331));
#12821 = CARTESIAN_POINT('',(-2.5,43.104132186997,5.402749047071));
#12822 = CARTESIAN_POINT('',(-2.5,42.89538012249,5.402749047071));
#12823 = CARTESIAN_POINT('',(-2.494892316499,42.790776906787,
    5.405112412853));
#12824 = CARTESIAN_POINT('',(-2.48467936923,42.686399837874,
    5.40983840849));
#12825 = CARTESIAN_POINT('',(-2.469360336335,42.58246382165,
    5.416890005986));
#12826 = CARTESIAN_POINT('',(-2.448932141046,42.479189610426,
    5.426194861482));
#12827 = CARTESIAN_POINT('',(-2.423390438381,42.376804228416,
    5.437646291456));
#12828 = CARTESIAN_POINT('',(-2.346090021767,42.121497615092,
    5.471576861102));
#12829 = CARTESIAN_POINT('',(-2.287641726804,41.970173058903,
    5.496677177541));
#12830 = CARTESIAN_POINT('',(-2.217330546082,41.822147397374,
    5.525931778662));
#12831 = CARTESIAN_POINT('',(-2.134994318229,41.678092962408,
    5.558738597989));
#12832 = CARTESIAN_POINT('',(-2.040396776828,41.538826895122,
    5.594354118788));
#12833 = CARTESIAN_POINT('',(-1.933262125246,41.405365704848,
    5.63187841502));
#12834 = CARTESIAN_POINT('',(-1.732170134681,41.193489693044,
    5.696186540471));
#12835 = CARTESIAN_POINT('',(-1.645072895775,41.111139586939,
    5.722546588559));
#12836 = CARTESIAN_POINT('',(-1.551927493722,41.032358464587,
    5.748981663827));
#12837 = CARTESIAN_POINT('',(-1.452653479122,40.957633848051,
    5.775113759119));
#12838 = CARTESIAN_POINT('',(-1.347193715736,40.887521812799,
    5.800520554364));
#12839 = CARTESIAN_POINT('',(-1.235527724639,40.822656049145,
    5.824737108928));
#12840 = CARTESIAN_POINT('',(-1.038129818449,40.723995414444,
    5.862469129796));
#12841 = CARTESIAN_POINT('',(-0.955713569765,40.686930307694,
    5.876913786162));
#12842 = CARTESIAN_POINT('',(-0.870597583937,40.652868258044,
    5.89041037265));
#12843 = CARTESIAN_POINT('',(-0.782960060359,40.622090365729,
    5.902779009586));
#12844 = CARTESIAN_POINT('',(-0.692997265076,40.594855156789,
    5.913850069506));
#12845 = CARTESIAN_POINT('',(-0.60092302771,40.57140007494,
    5.923468643419));
#12846 = CARTESIAN_POINT('',(-0.366302818656,40.522812565423,
    5.943521752074));
#12847 = CARTESIAN_POINT('',(-0.221481068183,40.502655556139,
    5.95197945409));
#12848 = CARTESIAN_POINT('',(-7.41128839903E-02,40.492360067089,
    5.956350862853));
#12849 = CARTESIAN_POINT('',(7.411288399015E-02,40.492360067089,
    5.956350862853));
#12850 = CARTESIAN_POINT('',(0.221481068184,40.50265555614,5.95197945409
    ));
#12851 = CARTESIAN_POINT('',(0.366302818655,40.522812565423,
    5.943521752074));
#12852 = CARTESIAN_POINT('',(0.600851095159,40.571385178425,
    5.923474791531));
#12853 = CARTESIAN_POINT('',(0.692859957851,40.594820003802,
    5.913864481873));
#12854 = CARTESIAN_POINT('',(0.782762713929,40.622030355002,
    5.902803394065));
#12855 = CARTESIAN_POINT('',(0.870344285243,40.652779140564,
    5.890446177986));
#12856 = CARTESIAN_POINT('',(0.955407145194,40.68680778144,
    5.876962341572));
#12857 = CARTESIAN_POINT('',(1.037771835899,40.723834720283,
    5.862531774943));
#12858 = CARTESIAN_POINT('',(1.18478012409,40.797276710597,
    5.834442243148));
#12859 = CARTESIAN_POINT('',(1.250278133049,40.832968236536,
    5.82098490992));
#12860 = CARTESIAN_POINT('',(1.313757045603,40.870491981639,
    5.807063071594));
#12861 = CARTESIAN_POINT('',(1.375207699764,40.90971851402,
    5.792768437506));
#12862 = CARTESIAN_POINT('',(1.434626012516,40.950525295,5.778189081322)
  );
#12863 = CARTESIAN_POINT('',(1.492012754135,40.992796477282,
    5.763408892764));
#12864 = CARTESIAN_POINT('',(1.731873393655,41.181815751087,
    5.698843614715));
#12865 = CARTESIAN_POINT('',(1.894151847431,41.342482119285,
    5.647752654419));
#12866 = CARTESIAN_POINT('',(2.034779048837,41.514853596237,
    5.598024569706));
#12867 = CARTESIAN_POINT('',(2.154504737111,41.696352109105,
    5.551897399626));
#12868 = CARTESIAN_POINT('',(2.253997650021,41.88507985307,
    5.511110809653));
#12869 = CARTESIAN_POINT('',(2.333706094409,42.079613129891,
    5.477025711037));
#12870 = CARTESIAN_POINT('',(2.424102858919,42.379667051303,
    5.437326837463));
#12871 = CARTESIAN_POINT('',(2.449406944759,42.481595758289,
    5.425978575189));
#12872 = CARTESIAN_POINT('',(2.469645190706,42.584401007796,
    5.416758877887));
#12873 = CARTESIAN_POINT('',(2.484821819297,42.687858959306,
    5.409772490789));
#12874 = CARTESIAN_POINT('',(2.494939822332,42.791751896375,5.4050904331
    ));
#12875 = CARTESIAN_POINT('',(2.5,42.895867813003,5.402749047071));
#12876 = CARTESIAN_POINT('',(2.5,43.,5.402749047071));
#12877 = PCURVE('',#11921,#12878);
#12878 = DEFINITIONAL_REPRESENTATION('',(#12879),#12990);
#12879 = B_SPLINE_CURVE_WITH_KNOTS('',7,(#12880,#12881,#12882,#12883,
    #12884,#12885,#12886,#12887,#12888,#12889,#12890,#12891,#12892,
    #12893,#12894,#12895,#12896,#12897,#12898,#12899,#12900,#12901,
    #12902,#12903,#12904,#12905,#12906,#12907,#12908,#12909,#12910,
    #12911,#12912,#12913,#12914,#12915,#12916,#12917,#12918,#12919,
    #12920,#12921,#12922,#12923,#12924,#12925,#12926,#12927,#12928,
    #12929,#12930,#12931,#12932,#12933,#12934,#12935,#12936,#12937,
    #12938,#12939,#12940,#12941,#12942,#12943,#12944,#12945,#12946,
    #12947,#12948,#12949,#12950,#12951,#12952,#12953,#12954,#12955,
    #12956,#12957,#12958,#12959,#12960,#12961,#12962,#12963,#12964,
    #12965,#12966,#12967,#12968,#12969,#12970,#12971,#12972,#12973,
    #12974,#12975,#12976,#12977,#12978,#12979,#12980,#12981,#12982,
    #12983,#12984,#12985,#12986,#12987,#12988,#12989),.UNSPECIFIED.,.F.,
  .F.,(8,6,6,6,6,6,6,6,6,6,6,6,6,6,6,6,6,6,8),(0.,5.251738100058E-02,
    0.132408254127,0.186450722264,0.222935896064,0.277560065028,
    0.314017305469,0.344970576666,0.448128490405,0.500331741249,
    0.55277947971,0.632564410703,0.686535213905,0.722972005243,
    0.777523737885,0.813932632919,0.844844857457,0.94786597508,1.),
  .UNSPECIFIED.);
#12880 = CARTESIAN_POINT('',(0.,5.402749047071));
#12881 = CARTESIAN_POINT('',(4.184795100402E-02,5.402749047071));
#12882 = CARTESIAN_POINT('',(8.368923806535E-02,5.405112412853));
#12883 = CARTESIAN_POINT('',(0.125559756765,5.40983840849));
#12884 = CARTESIAN_POINT('',(0.167493119534,5.416890005986));
#12885 = CARTESIAN_POINT('',(0.209522008658,5.426194861482));
#12886 = CARTESIAN_POINT('',(0.251679529293,5.437646291456));
#12887 = CARTESIAN_POINT('',(0.358380473031,5.471576861102));
#12888 = CARTESIAN_POINT('',(0.423088148358,5.49667717754));
#12889 = CARTESIAN_POINT('',(0.488343300169,5.525931778662));
#12890 = CARTESIAN_POINT('',(0.554364471924,5.558738597989));
#12891 = CARTESIAN_POINT('',(0.621370950488,5.594354118788));
#12892 = CARTESIAN_POINT('',(0.689593032,5.63187841502));
#12893 = CARTESIAN_POINT('',(0.80643784056,5.696186540471));
#12894 = CARTESIAN_POINT('',(0.85431342457,5.722546588559));
#12895 = CARTESIAN_POINT('',(0.902990069292,5.748981663827));
#12896 = CARTESIAN_POINT('',(0.952543687603,5.775113759119));
#12897 = CARTESIAN_POINT('',(1.003054111447,5.800520554364));
#12898 = CARTESIAN_POINT('',(1.054608007059,5.824737108928));
#12899 = CARTESIAN_POINT('',(1.142880180893,5.862469129796));
#12900 = CARTESIAN_POINT('',(1.178996928635,5.876913786162));
#12901 = CARTESIAN_POINT('',(1.215616217922,5.89041037265));
#12902 = CARTESIAN_POINT('',(1.252707497294,5.902779009586));
#12903 = CARTESIAN_POINT('',(1.290246407166,5.913850069506));
#12904 = CARTESIAN_POINT('',(1.32821347397,5.923468643419));
#12905 = CARTESIAN_POINT('',(1.424052830042,5.943521752074));
#12906 = CARTESIAN_POINT('',(1.482412917038,5.95197945409));
#12907 = CARTESIAN_POINT('',(1.541280593935,5.956350862853));
#12908 = CARTESIAN_POINT('',(1.600312059655,5.956350862853));
#12909 = CARTESIAN_POINT('',(1.659179736551,5.95197945409));
#12910 = CARTESIAN_POINT('',(1.717539823548,5.943521752074));
#12911 = CARTESIAN_POINT('',(1.813349796079,5.923474791534));
#12912 = CARTESIAN_POINT('',(1.851289611464,5.913864481874));
#12913 = CARTESIAN_POINT('',(1.888802777803,5.902803394062));
#12914 = CARTESIAN_POINT('',(1.925869206361,5.890446177982));
#12915 = CARTESIAN_POINT('',(1.962463905605,5.876962341572));
#12916 = CARTESIAN_POINT('',(1.998555649497,5.862531774949));
#12917 = CARTESIAN_POINT('',(2.064288639991,5.83444224315));
#12918 = CARTESIAN_POINT('',(2.094106266495,5.82098490992));
#12919 = CARTESIAN_POINT('',(2.123573814984,5.807063071592));
#12920 = CARTESIAN_POINT('',(2.15270494166,5.792768437504));
#12921 = CARTESIAN_POINT('',(2.181512087016,5.778189081322));
#12922 = CARTESIAN_POINT('',(2.210006893586,5.763408892766));
#12923 = CARTESIAN_POINT('',(2.332161819654,5.698843614715));
#12924 = CARTESIAN_POINT('',(2.422923012469,5.647752654419));
#12925 = CARTESIAN_POINT('',(2.511134503875,5.598024569706));
#12926 = CARTESIAN_POINT('',(2.597335022822,5.551897399626));
#12927 = CARTESIAN_POINT('',(2.682039051469,5.511110809653));
#12928 = CARTESIAN_POINT('',(2.765741712536,5.477025711038));
#12929 = CARTESIAN_POINT('',(2.891091738169,5.437326837463));
#12930 = CARTESIAN_POINT('',(2.933049781088,5.425978575189));
#12931 = CARTESIAN_POINT('',(2.974881068228,5.416758877887));
#12932 = CARTESIAN_POINT('',(3.016618211308,5.409772490789));
#12933 = CARTESIAN_POINT('',(3.05829341135,5.4050904331));
#12934 = CARTESIAN_POINT('',(3.099939778791,5.402749047071));
#12935 = CARTESIAN_POINT('',(3.183440604594,5.402749047071));
#12936 = CARTESIAN_POINT('',(3.225281891655,5.405112412853));
#12937 = CARTESIAN_POINT('',(3.267152410355,5.40983840849));
#12938 = CARTESIAN_POINT('',(3.309085773123,5.416890005986));
#12939 = CARTESIAN_POINT('',(3.351114662248,5.426194861482));
#12940 = CARTESIAN_POINT('',(3.393272182883,5.437646291456));
#12941 = CARTESIAN_POINT('',(3.499973126621,5.471576861102));
#12942 = CARTESIAN_POINT('',(3.564680801948,5.496677177541));
#12943 = CARTESIAN_POINT('',(3.629935953759,5.525931778662));
#12944 = CARTESIAN_POINT('',(3.695957125514,5.558738597989));
#12945 = CARTESIAN_POINT('',(3.762963604078,5.594354118788));
#12946 = CARTESIAN_POINT('',(3.831185685589,5.63187841502));
#12947 = CARTESIAN_POINT('',(3.94803049415,5.696186540471));
#12948 = CARTESIAN_POINT('',(3.99590607816,5.722546588559));
#12949 = CARTESIAN_POINT('',(4.044582722882,5.748981663827));
#12950 = CARTESIAN_POINT('',(4.094136341193,5.775113759119));
#12951 = CARTESIAN_POINT('',(4.144646765037,5.800520554364));
#12952 = CARTESIAN_POINT('',(4.196200660649,5.824737108928));
#12953 = CARTESIAN_POINT('',(4.284472834482,5.862469129796));
#12954 = CARTESIAN_POINT('',(4.320589582225,5.876913786162));
#12955 = CARTESIAN_POINT('',(4.357208871512,5.89041037265));
#12956 = CARTESIAN_POINT('',(4.394300150884,5.902779009586));
#12957 = CARTESIAN_POINT('',(4.431839060755,5.913850069506));
#12958 = CARTESIAN_POINT('',(4.469806127559,5.923468643419));
#12959 = CARTESIAN_POINT('',(4.565645483632,5.943521752074));
#12960 = CARTESIAN_POINT('',(4.624005570628,5.95197945409));
#12961 = CARTESIAN_POINT('',(4.682873247525,5.956350862853));
#12962 = CARTESIAN_POINT('',(4.741904713245,5.956350862853));
#12963 = CARTESIAN_POINT('',(4.800772390141,5.95197945409));
#12964 = CARTESIAN_POINT('',(4.859132477137,5.943521752074));
#12965 = CARTESIAN_POINT('',(4.954942449683,5.923474791531));
#12966 = CARTESIAN_POINT('',(4.992882265056,5.913864481873));
#12967 = CARTESIAN_POINT('',(5.030395431382,5.902803394065));
#12968 = CARTESIAN_POINT('',(5.067461859941,5.890446177986));
#12969 = CARTESIAN_POINT('',(5.104056559197,5.876962341572));
#12970 = CARTESIAN_POINT('',(5.1401483031,5.862531774943));
#12971 = CARTESIAN_POINT('',(5.205881293585,5.834442243148));
#12972 = CARTESIAN_POINT('',(5.235698920085,5.82098490992));
#12973 = CARTESIAN_POINT('',(5.26516646857,5.807063071594));
#12974 = CARTESIAN_POINT('',(5.294297595247,5.792768437506));
#12975 = CARTESIAN_POINT('',(5.323104740606,5.778189081322));
#12976 = CARTESIAN_POINT('',(5.351599547179,5.763408892764));
#12977 = CARTESIAN_POINT('',(5.473754473243,5.698843614715));
#12978 = CARTESIAN_POINT('',(5.564515666059,5.647752654419));
#12979 = CARTESIAN_POINT('',(5.652727157464,5.598024569706));
#12980 = CARTESIAN_POINT('',(5.738927676413,5.551897399626));
#12981 = CARTESIAN_POINT('',(5.823631705058,5.511110809653));
#12982 = CARTESIAN_POINT('',(5.907334366126,5.477025711037));
#12983 = CARTESIAN_POINT('',(6.032684391759,5.437326837463));
#12984 = CARTESIAN_POINT('',(6.074642434678,5.425978575189));
#12985 = CARTESIAN_POINT('',(6.116473721818,5.416758877887));
#12986 = CARTESIAN_POINT('',(6.158210864898,5.409772490789));
#12987 = CARTESIAN_POINT('',(6.19988606494,5.4050904331));
#12988 = CARTESIAN_POINT('',(6.241532432381,5.402749047071));
#12989 = CARTESIAN_POINT('',(6.28318530718,5.402749047071));
#12990 = ( GEOMETRIC_REPRESENTATION_CONTEXT(2) 
PARAMETRIC_REPRESENTATION_CONTEXT() REPRESENTATION_CONTEXT('2D SPACE',''
  ) );
#12991 = PCURVE('',#12063,#12992);
#12992 = DEFINITIONAL_REPRESENTATION('',(#12993),#13104);
#12993 = B_SPLINE_CURVE_WITH_KNOTS('',7,(#12994,#12995,#12996,#12997,
    #12998,#12999,#13000,#13001,#13002,#13003,#13004,#13005,#13006,
    #13007,#13008,#13009,#13010,#13011,#13012,#13013,#13014,#13015,
    #13016,#13017,#13018,#13019,#13020,#13021,#13022,#13023,#13024,
    #13025,#13026,#13027,#13028,#13029,#13030,#13031,#13032,#13033,
    #13034,#13035,#13036,#13037,#13038,#13039,#13040,#13041,#13042,
    #13043,#13044,#13045,#13046,#13047,#13048,#13049,#13050,#13051,
    #13052,#13053,#13054,#13055,#13056,#13057,#13058,#13059,#13060,
    #13061,#13062,#13063,#13064,#13065,#13066,#13067,#13068,#13069,
    #13070,#13071,#13072,#13073,#13074,#13075,#13076,#13077,#13078,
    #13079,#13080,#13081,#13082,#13083,#13084,#13085,#13086,#13087,
    #13088,#13089,#13090,#13091,#13092,#13093,#13094,#13095,#13096,
    #13097,#13098,#13099,#13100,#13101,#13102,#13103),.UNSPECIFIED.,.T.,
  .F.,(8,6,6,6,6,6,6,6,6,6,6,6,6,6,6,6,6,6,8),(0.,5.251738100058E-02,
    0.132408254127,0.186450722264,0.222935896064,0.277560065028,
    0.314017305469,0.344970576666,0.448128490405,0.500331741249,
    0.55277947971,0.632564410703,0.686535213905,0.722972005243,
    0.777523737885,0.813932632919,0.844844857457,0.94786597508,1.),
  .UNSPECIFIED.);
#12994 = CARTESIAN_POINT('',(1.137408848424,78.));
#12995 = CARTESIAN_POINT('',(1.137408848424,77.89538012249));
#12996 = CARTESIAN_POINT('',(1.138354214393,77.790776906787));
#12997 = CARTESIAN_POINT('',(1.140244576084,77.686399837874));
#12998 = CARTESIAN_POINT('',(1.143077383825,77.58246382165));
#12999 = CARTESIAN_POINT('',(1.146848006177,77.479189610426));
#13000 = CARTESIAN_POINT('',(1.151549827591,77.376804228416));
#13001 = CARTESIAN_POINT('',(1.165730517059,77.121497615092));
#13002 = CARTESIAN_POINT('',(1.17641531781,76.970173058903));
#13003 = CARTESIAN_POINT('',(1.189206285175,76.822147397374));
#13004 = CARTESIAN_POINT('',(1.204091046973,76.678092962408));
#13005 = CARTESIAN_POINT('',(1.221064110632,76.538826895122));
#13006 = CARTESIAN_POINT('',(1.240125286633,76.405365704848));
#13007 = CARTESIAN_POINT('',(1.275589757307,76.193489693044));
#13008 = CARTESIAN_POINT('',(1.290873775461,76.111139586939));
#13009 = CARTESIAN_POINT('',(1.307134114354,76.032358464587));
#13010 = CARTESIAN_POINT('',(1.32437199843,75.957633848051));
#13011 = CARTESIAN_POINT('',(1.342586650602,75.887521812799));
#13012 = CARTESIAN_POINT('',(1.361774364446,75.822656049145));
#13013 = CARTESIAN_POINT('',(1.395533396255,75.723995414444));
#13014 = CARTESIAN_POINT('',(1.409586970184,75.686930307694));
#13015 = CARTESIAN_POINT('',(1.424060159786,75.652868258044));
#13016 = CARTESIAN_POINT('',(1.438923277699,75.622090365729));
#13017 = CARTESIAN_POINT('',(1.454145128267,75.594855156789));
#13018 = CARTESIAN_POINT('',(1.469693063166,75.57140007494));
#13019 = CARTESIAN_POINT('',(1.509248023687,75.522812565423));
#13020 = CARTESIAN_POINT('',(1.533607689049,75.50265555614));
#13021 = CARTESIAN_POINT('',(1.558356710776,75.492360067089));
#13022 = CARTESIAN_POINT('',(1.583235942814,75.492360067089));
#13023 = CARTESIAN_POINT('',(1.607984964541,75.50265555614));
#13024 = CARTESIAN_POINT('',(1.632344629902,75.522812565423));
#13025 = CARTESIAN_POINT('',(1.671887463205,75.571385178418));
#13026 = CARTESIAN_POINT('',(1.687424338753,75.594820003799));
#13027 = CARTESIAN_POINT('',(1.702635982799,75.622030355009));
#13028 = CARTESIAN_POINT('',(1.717489532746,75.652779140575));
#13029 = CARTESIAN_POINT('',(1.731953578537,75.686807781441));
#13030 = CARTESIAN_POINT('',(1.7459982174,75.723834720268));
#13031 = CARTESIAN_POINT('',(1.771139269795,75.797276710592));
#13032 = CARTESIAN_POINT('',(1.782370311183,75.832968236534));
#13033 = CARTESIAN_POINT('',(1.793285371689,75.870491981643));
#13034 = CARTESIAN_POINT('',(1.803881945679,75.909718514025));
#13035 = CARTESIAN_POINT('',(1.814157935654,75.950525295));
#13036 = CARTESIAN_POINT('',(1.824111704939,75.992796477276));
#13037 = CARTESIAN_POINT('',(1.865837432733,76.181815751087));
#13038 = CARTESIAN_POINT('',(1.894390596929,76.342482119284));
#13039 = CARTESIAN_POINT('',(1.919426331909,76.514853596238));
#13040 = CARTESIAN_POINT('',(1.940968782969,76.696352109105));
#13041 = CARTESIAN_POINT('',(1.959027952077,76.885079853071));
#13042 = CARTESIAN_POINT('',(1.973589438913,77.079613129891));
#13043 = CARTESIAN_POINT('',(1.990173974109,77.379667051303));
#13044 = CARTESIAN_POINT('',(1.99483228779,77.481595758289));
#13045 = CARTESIAN_POINT('',(1.998567945913,77.584401007796));
#13046 = CARTESIAN_POINT('',(2.001374444186,77.687858959306));
#13047 = CARTESIAN_POINT('',(2.003247231565,77.791751896375));
#13048 = CARTESIAN_POINT('',(2.004183805166,77.895867813003));
#13049 = CARTESIAN_POINT('',(2.004183805166,78.10461987751));
#13050 = CARTESIAN_POINT('',(2.003238439197,78.209223093213));
#13051 = CARTESIAN_POINT('',(2.001348077506,78.313600162126));
#13052 = CARTESIAN_POINT('',(1.998515269765,78.41753617835));
#13053 = CARTESIAN_POINT('',(1.994744647413,78.520810389574));
#13054 = CARTESIAN_POINT('',(1.990042825999,78.623195771584));
#13055 = CARTESIAN_POINT('',(1.975862136531,78.878502384908));
#13056 = CARTESIAN_POINT('',(1.96517733578,79.029826941097));
#13057 = CARTESIAN_POINT('',(1.952386368415,79.177852602626));
#13058 = CARTESIAN_POINT('',(1.937501606617,79.321907037592));
#13059 = CARTESIAN_POINT('',(1.920528542957,79.461173104878));
#13060 = CARTESIAN_POINT('',(1.901467366957,79.594634295152));
#13061 = CARTESIAN_POINT('',(1.866002896282,79.806510306956));
#13062 = CARTESIAN_POINT('',(1.850718878129,79.888860413061));
#13063 = CARTESIAN_POINT('',(1.834458539236,79.967641535413));
#13064 = CARTESIAN_POINT('',(1.81722065516,80.042366151949));
#13065 = CARTESIAN_POINT('',(1.799006002988,80.112478187201));
#13066 = CARTESIAN_POINT('',(1.779818289144,80.177343950855));
#13067 = CARTESIAN_POINT('',(1.746059257335,80.276004585556));
#13068 = CARTESIAN_POINT('',(1.732005683406,80.313069692306));
#13069 = CARTESIAN_POINT('',(1.717532493804,80.347131741956));
#13070 = CARTESIAN_POINT('',(1.70266937589,80.377909634271));
#13071 = CARTESIAN_POINT('',(1.687447525323,80.405144843211));
#13072 = CARTESIAN_POINT('',(1.671899590423,80.42859992506));
#13073 = CARTESIAN_POINT('',(1.632344629902,80.477187434577));
#13074 = CARTESIAN_POINT('',(1.607984964541,80.497344443861));
#13075 = CARTESIAN_POINT('',(1.583235942814,80.507639932911));
#13076 = CARTESIAN_POINT('',(1.558356710776,80.50763993291));
#13077 = CARTESIAN_POINT('',(1.533607689049,80.497344443861));
#13078 = CARTESIAN_POINT('',(1.509248023687,80.477187434577));
#13079 = CARTESIAN_POINT('',(1.469705190379,80.428614821575));
#13080 = CARTESIAN_POINT('',(1.454168314837,80.405179996198));
#13081 = CARTESIAN_POINT('',(1.438956670796,80.377969644998));
#13082 = CARTESIAN_POINT('',(1.424103120848,80.347220859436));
#13083 = CARTESIAN_POINT('',(1.409639075052,80.31319221856));
#13084 = CARTESIAN_POINT('',(1.395594436185,80.276165279717));
#13085 = CARTESIAN_POINT('',(1.370453383793,80.202723289403));
#13086 = CARTESIAN_POINT('',(1.359222342407,80.167031763464));
#13087 = CARTESIAN_POINT('',(1.348307281902,80.129508018361));
#13088 = CARTESIAN_POINT('',(1.337710707911,80.09028148598));
#13089 = CARTESIAN_POINT('',(1.327434717936,80.049474705));
#13090 = CARTESIAN_POINT('',(1.317480948649,80.007203522718));
#13091 = CARTESIAN_POINT('',(1.275755220857,79.818184248913));
#13092 = CARTESIAN_POINT('',(1.247202056661,79.657517880715));
#13093 = CARTESIAN_POINT('',(1.222166321681,79.485146403763));
#13094 = CARTESIAN_POINT('',(1.200623870621,79.303647890895));
#13095 = CARTESIAN_POINT('',(1.182564701513,79.11492014693));
#13096 = CARTESIAN_POINT('',(1.168003214676,78.920386870109));
#13097 = CARTESIAN_POINT('',(1.151418679481,78.620332948697));
#13098 = CARTESIAN_POINT('',(1.1467603658,78.518404241711));
#13099 = CARTESIAN_POINT('',(1.143024707676,78.415598992204));
#13100 = CARTESIAN_POINT('',(1.140218209404,78.312141040694));
#13101 = CARTESIAN_POINT('',(1.138345422025,78.208248103625));
#13102 = CARTESIAN_POINT('',(1.137408848424,78.104132186997));
#13103 = CARTESIAN_POINT('',(1.137408848424,78.));
#13104 = ( GEOMETRIC_REPRESENTATION_CONTEXT(2) 
PARAMETRIC_REPRESENTATION_CONTEXT() REPRESENTATION_CONTEXT('2D SPACE',''
  ) );
#13105 = ORIENTED_EDGE('',*,*,#12741,.T.);
#13106 = ADVANCED_FACE('',(#13107,#13133,#13136,#13139),#12063,.F.);
#13107 = FACE_BOUND('',#13108,.F.);
#13108 = EDGE_LOOP('',(#13109,#13130,#13131,#13132));
#13109 = ORIENTED_EDGE('',*,*,#13110,.F.);
#13110 = EDGE_CURVE('',#12047,#12082,#13111,.T.);
#13111 = SEAM_CURVE('',#13112,(#13116,#13123),.PCURVE_S1.);
#13112 = LINE('',#13113,#13114);
#13113 = CARTESIAN_POINT('',(5.953125,121.,-1.500281599566E-14));
#13114 = VECTOR('',#13115,1.);
#13115 = DIRECTION('',(0.,-1.,2.22044604925E-16));
#13116 = PCURVE('',#12063,#13117);
#13117 = DEFINITIONAL_REPRESENTATION('',(#13118),#13122);
#13118 = LINE('',#13119,#13120);
#13119 = CARTESIAN_POINT('',(0.,-0.));
#13120 = VECTOR('',#13121,1.);
#13121 = DIRECTION('',(0.,1.));
#13122 = ( GEOMETRIC_REPRESENTATION_CONTEXT(2) 
PARAMETRIC_REPRESENTATION_CONTEXT() REPRESENTATION_CONTEXT('2D SPACE',''
  ) );
#13123 = PCURVE('',#12063,#13124);
#13124 = DEFINITIONAL_REPRESENTATION('',(#13125),#13129);
#13125 = LINE('',#13126,#13127);
#13126 = CARTESIAN_POINT('',(6.28318530718,-0.));
#13127 = VECTOR('',#13128,1.);
#13128 = DIRECTION('',(0.,1.));
#13129 = ( GEOMETRIC_REPRESENTATION_CONTEXT(2) 
PARAMETRIC_REPRESENTATION_CONTEXT() REPRESENTATION_CONTEXT('2D SPACE',''
  ) );
#13130 = ORIENTED_EDGE('',*,*,#12046,.T.);
#13131 = ORIENTED_EDGE('',*,*,#13110,.T.);
#13132 = ORIENTED_EDGE('',*,*,#12081,.F.);
#13133 = FACE_BOUND('',#13134,.F.);
#13134 = EDGE_LOOP('',(#13135));
#13135 = ORIENTED_EDGE('',*,*,#12132,.F.);
#13136 = FACE_BOUND('',#13137,.F.);
#13137 = EDGE_LOOP('',(#13138));
#13138 = ORIENTED_EDGE('',*,*,#12448,.F.);
#13139 = FACE_BOUND('',#13140,.F.);
#13140 = EDGE_LOOP('',(#13141));
#13141 = ORIENTED_EDGE('',*,*,#12764,.F.);
#13142 = ( GEOMETRIC_REPRESENTATION_CONTEXT(3) 
GLOBAL_UNCERTAINTY_ASSIGNED_CONTEXT((#13146)) 
GLOBAL_UNIT_ASSIGNED_CONTEXT((#13143,#13144,#13145)) 
REPRESENTATION_CONTEXT('Context #1',
  '3D Context with UNIT and UNCERTAINTY') );
#13143 = ( LENGTH_UNIT() NAMED_UNIT(*) SI_UNIT(.MILLI.,.METRE.) );
#13144 = ( NAMED_UNIT(*) PLANE_ANGLE_UNIT() SI_UNIT($,.RADIAN.) );
#13145 = ( NAMED_UNIT(*) SI_UNIT($,.STERADIAN.) SOLID_ANGLE_UNIT() );
#13146 = UNCERTAINTY_MEASURE_WITH_UNIT(LENGTH_MEASURE(1.E-07),#13143,
  'distance_accuracy_value','confusion accuracy');
#13147 = CONTEXT_DEPENDENT_SHAPE_REPRESENTATION(#13148,#13150);
#13148 = ( REPRESENTATION_RELATIONSHIP('','',#10973,#10) 
REPRESENTATION_RELATIONSHIP_WITH_TRANSFORMATION(#13149) 
SHAPE_REPRESENTATION_RELATIONSHIP() );
#13149 = ITEM_DEFINED_TRANSFORMATION('','',#11,#27);
#13150 = PRODUCT_DEFINITION_SHAPE('Placement','Placement of an item',
  #13151);
#13151 = NEXT_ASSEMBLY_USAGE_OCCURRENCE('22','=>[0:1:1:5]','',#5,#10968,
  $);
#13152 = PRODUCT_RELATED_PRODUCT_CATEGORY('part',$,(#10970));
#13153 = SHAPE_DEFINITION_REPRESENTATION(#13154,#13160);
#13154 = PRODUCT_DEFINITION_SHAPE('','',#13155);
#13155 = PRODUCT_DEFINITION('design','',#13156,#13159);
#13156 = PRODUCT_DEFINITION_FORMATION('','',#13157);
#13157 = PRODUCT('SOLID','SOLID','',(#13158));
#13158 = PRODUCT_CONTEXT('',#2,'mechanical');
#13159 = PRODUCT_DEFINITION_CONTEXT('part definition',#2,'design');
#13160 = ADVANCED_BREP_SHAPE_REPRESENTATION('',(#11,#13161),#14001);
#13161 = MANIFOLD_SOLID_BREP('',#13162);
#13162 = CLOSED_SHELL('',(#13163,#13283,#13515,#13562,#13742,#13767,
    #13792,#13855,#13880,#13908,#13915,#13942,#13997));
#13163 = ADVANCED_FACE('',(#13164),#13178,.F.);
#13164 = FACE_BOUND('',#13165,.F.);
#13165 = EDGE_LOOP('',(#13166,#13201,#13229,#13257));
#13166 = ORIENTED_EDGE('',*,*,#13167,.F.);
#13167 = EDGE_CURVE('',#13168,#13170,#13172,.T.);
#13168 = VERTEX_POINT('',#13169);
#13169 = CARTESIAN_POINT('',(-15.,-3.,8.95));
#13170 = VERTEX_POINT('',#13171);
#13171 = CARTESIAN_POINT('',(-15.,-3.,11.95));
#13172 = SURFACE_CURVE('',#13173,(#13177,#13189),.PCURVE_S1.);
#13173 = LINE('',#13174,#13175);
#13174 = CARTESIAN_POINT('',(-15.,-3.,8.95));
#13175 = VECTOR('',#13176,1.);
#13176 = DIRECTION('',(0.,0.,1.));
#13177 = PCURVE('',#13178,#13183);
#13178 = PLANE('',#13179);
#13179 = AXIS2_PLACEMENT_3D('',#13180,#13181,#13182);
#13180 = CARTESIAN_POINT('',(-15.,-3.,8.95));
#13181 = DIRECTION('',(1.,0.,-0.));
#13182 = DIRECTION('',(0.,0.,1.));
#13183 = DEFINITIONAL_REPRESENTATION('',(#13184),#13188);
#13184 = LINE('',#13185,#13186);
#13185 = CARTESIAN_POINT('',(0.,0.));
#13186 = VECTOR('',#13187,1.);
#13187 = DIRECTION('',(1.,0.));
#13188 = ( GEOMETRIC_REPRESENTATION_CONTEXT(2) 
PARAMETRIC_REPRESENTATION_CONTEXT() REPRESENTATION_CONTEXT('2D SPACE',''
  ) );
#13189 = PCURVE('',#13190,#13195);
#13190 = PLANE('',#13191);
#13191 = AXIS2_PLACEMENT_3D('',#13192,#13193,#13194);
#13192 = CARTESIAN_POINT('',(-15.,-3.,8.95));
#13193 = DIRECTION('',(-0.,1.,0.));
#13194 = DIRECTION('',(0.,0.,1.));
#13195 = DEFINITIONAL_REPRESENTATION('',(#13196),#13200);
#13196 = LINE('',#13197,#13198);
#13197 = CARTESIAN_POINT('',(0.,0.));
#13198 = VECTOR('',#13199,1.);
#13199 = DIRECTION('',(1.,0.));
#13200 = ( GEOMETRIC_REPRESENTATION_CONTEXT(2) 
PARAMETRIC_REPRESENTATION_CONTEXT() REPRESENTATION_CONTEXT('2D SPACE',''
  ) );
#13201 = ORIENTED_EDGE('',*,*,#13202,.T.);
#13202 = EDGE_CURVE('',#13168,#13203,#13205,.T.);
#13203 = VERTEX_POINT('',#13204);
#13204 = CARTESIAN_POINT('',(-15.,3.,8.95));
#13205 = SURFACE_CURVE('',#13206,(#13210,#13217),.PCURVE_S1.);
#13206 = LINE('',#13207,#13208);
#13207 = CARTESIAN_POINT('',(-15.,-3.,8.95));
#13208 = VECTOR('',#13209,1.);
#13209 = DIRECTION('',(-0.,1.,0.));
#13210 = PCURVE('',#13178,#13211);
#13211 = DEFINITIONAL_REPRESENTATION('',(#13212),#13216);
#13212 = LINE('',#13213,#13214);
#13213 = CARTESIAN_POINT('',(0.,0.));
#13214 = VECTOR('',#13215,1.);
#13215 = DIRECTION('',(0.,-1.));
#13216 = ( GEOMETRIC_REPRESENTATION_CONTEXT(2) 
PARAMETRIC_REPRESENTATION_CONTEXT() REPRESENTATION_CONTEXT('2D SPACE',''
  ) );
#13217 = PCURVE('',#13218,#13223);
#13218 = PLANE('',#13219);
#13219 = AXIS2_PLACEMENT_3D('',#13220,#13221,#13222);
#13220 = CARTESIAN_POINT('',(-15.,-3.,8.95));
#13221 = DIRECTION('',(0.,0.,1.));
#13222 = DIRECTION('',(1.,0.,-0.));
#13223 = DEFINITIONAL_REPRESENTATION('',(#13224),#13228);
#13224 = LINE('',#13225,#13226);
#13225 = CARTESIAN_POINT('',(0.,0.));
#13226 = VECTOR('',#13227,1.);
#13227 = DIRECTION('',(0.,1.));
#13228 = ( GEOMETRIC_REPRESENTATION_CONTEXT(2) 
PARAMETRIC_REPRESENTATION_CONTEXT() REPRESENTATION_CONTEXT('2D SPACE',''
  ) );
#13229 = ORIENTED_EDGE('',*,*,#13230,.T.);
#13230 = EDGE_CURVE('',#13203,#13231,#13233,.T.);
#13231 = VERTEX_POINT('',#13232);
#13232 = CARTESIAN_POINT('',(-15.,3.,11.95));
#13233 = SURFACE_CURVE('',#13234,(#13238,#13245),.PCURVE_S1.);
#13234 = LINE('',#13235,#13236);
#13235 = CARTESIAN_POINT('',(-15.,3.,8.95));
#13236 = VECTOR('',#13237,1.);
#13237 = DIRECTION('',(0.,0.,1.));
#13238 = PCURVE('',#13178,#13239);
#13239 = DEFINITIONAL_REPRESENTATION('',(#13240),#13244);
#13240 = LINE('',#13241,#13242);
#13241 = CARTESIAN_POINT('',(0.,-6.));
#13242 = VECTOR('',#13243,1.);
#13243 = DIRECTION('',(1.,0.));
#13244 = ( GEOMETRIC_REPRESENTATION_CONTEXT(2) 
PARAMETRIC_REPRESENTATION_CONTEXT() REPRESENTATION_CONTEXT('2D SPACE',''
  ) );
#13245 = PCURVE('',#13246,#13251);
#13246 = PLANE('',#13247);
#13247 = AXIS2_PLACEMENT_3D('',#13248,#13249,#13250);
#13248 = CARTESIAN_POINT('',(-15.,3.,8.95));
#13249 = DIRECTION('',(-0.,1.,0.));
#13250 = DIRECTION('',(0.,0.,1.));
#13251 = DEFINITIONAL_REPRESENTATION('',(#13252),#13256);
#13252 = LINE('',#13253,#13254);
#13253 = CARTESIAN_POINT('',(0.,0.));
#13254 = VECTOR('',#13255,1.);
#13255 = DIRECTION('',(1.,0.));
#13256 = ( GEOMETRIC_REPRESENTATION_CONTEXT(2) 
PARAMETRIC_REPRESENTATION_CONTEXT() REPRESENTATION_CONTEXT('2D SPACE',''
  ) );
#13257 = ORIENTED_EDGE('',*,*,#13258,.F.);
#13258 = EDGE_CURVE('',#13170,#13231,#13259,.T.);
#13259 = SURFACE_CURVE('',#13260,(#13264,#13271),.PCURVE_S1.);
#13260 = LINE('',#13261,#13262);
#13261 = CARTESIAN_POINT('',(-15.,-3.,11.95));
#13262 = VECTOR('',#13263,1.);
#13263 = DIRECTION('',(-0.,1.,0.));
#13264 = PCURVE('',#13178,#13265);
#13265 = DEFINITIONAL_REPRESENTATION('',(#13266),#13270);
#13266 = LINE('',#13267,#13268);
#13267 = CARTESIAN_POINT('',(3.,0.));
#13268 = VECTOR('',#13269,1.);
#13269 = DIRECTION('',(0.,-1.));
#13270 = ( GEOMETRIC_REPRESENTATION_CONTEXT(2) 
PARAMETRIC_REPRESENTATION_CONTEXT() REPRESENTATION_CONTEXT('2D SPACE',''
  ) );
#13271 = PCURVE('',#13272,#13277);
#13272 = PLANE('',#13273);
#13273 = AXIS2_PLACEMENT_3D('',#13274,#13275,#13276);
#13274 = CARTESIAN_POINT('',(-15.,-3.,11.95));
#13275 = DIRECTION('',(0.,0.,1.));
#13276 = DIRECTION('',(1.,0.,-0.));
#13277 = DEFINITIONAL_REPRESENTATION('',(#13278),#13282);
#13278 = LINE('',#13279,#13280);
#13279 = CARTESIAN_POINT('',(0.,0.));
#13280 = VECTOR('',#13281,1.);
#13281 = DIRECTION('',(0.,1.));
#13282 = ( GEOMETRIC_REPRESENTATION_CONTEXT(2) 
PARAMETRIC_REPRESENTATION_CONTEXT() REPRESENTATION_CONTEXT('2D SPACE',''
  ) );
#13283 = ADVANCED_FACE('',(#13284,#13480),#13190,.F.);
#13284 = FACE_BOUND('',#13285,.F.);
#13285 = EDGE_LOOP('',(#13286,#13309,#13310,#13333,#13366,#13394,#13421,
    #13449));
#13286 = ORIENTED_EDGE('',*,*,#13287,.F.);
#13287 = EDGE_CURVE('',#13168,#13288,#13290,.T.);
#13288 = VERTEX_POINT('',#13289);
#13289 = CARTESIAN_POINT('',(-11.82287565553,-3.,8.95));
#13290 = SURFACE_CURVE('',#13291,(#13295,#13302),.PCURVE_S1.);
#13291 = LINE('',#13292,#13293);
#13292 = CARTESIAN_POINT('',(-15.,-3.,8.95));
#13293 = VECTOR('',#13294,1.);
#13294 = DIRECTION('',(1.,0.,-0.));
#13295 = PCURVE('',#13190,#13296);
#13296 = DEFINITIONAL_REPRESENTATION('',(#13297),#13301);
#13297 = LINE('',#13298,#13299);
#13298 = CARTESIAN_POINT('',(0.,0.));
#13299 = VECTOR('',#13300,1.);
#13300 = DIRECTION('',(0.,1.));
#13301 = ( GEOMETRIC_REPRESENTATION_CONTEXT(2) 
PARAMETRIC_REPRESENTATION_CONTEXT() REPRESENTATION_CONTEXT('2D SPACE',''
  ) );
#13302 = PCURVE('',#13218,#13303);
#13303 = DEFINITIONAL_REPRESENTATION('',(#13304),#13308);
#13304 = LINE('',#13305,#13306);
#13305 = CARTESIAN_POINT('',(0.,0.));
#13306 = VECTOR('',#13307,1.);
#13307 = DIRECTION('',(1.,0.));
#13308 = ( GEOMETRIC_REPRESENTATION_CONTEXT(2) 
PARAMETRIC_REPRESENTATION_CONTEXT() REPRESENTATION_CONTEXT('2D SPACE',''
  ) );
#13309 = ORIENTED_EDGE('',*,*,#13167,.T.);
#13310 = ORIENTED_EDGE('',*,*,#13311,.T.);
#13311 = EDGE_CURVE('',#13170,#13312,#13314,.T.);
#13312 = VERTEX_POINT('',#13313);
#13313 = CARTESIAN_POINT('',(-11.82287565553,-3.,11.95));
#13314 = SURFACE_CURVE('',#13315,(#13319,#13326),.PCURVE_S1.);
#13315 = LINE('',#13316,#13317);
#13316 = CARTESIAN_POINT('',(-15.,-3.,11.95));
#13317 = VECTOR('',#13318,1.);
#13318 = DIRECTION('',(1.,0.,-0.));
#13319 = PCURVE('',#13190,#13320);
#13320 = DEFINITIONAL_REPRESENTATION('',(#13321),#13325);
#13321 = LINE('',#13322,#13323);
#13322 = CARTESIAN_POINT('',(3.,0.));
#13323 = VECTOR('',#13324,1.);
#13324 = DIRECTION('',(0.,1.));
#13325 = ( GEOMETRIC_REPRESENTATION_CONTEXT(2) 
PARAMETRIC_REPRESENTATION_CONTEXT() REPRESENTATION_CONTEXT('2D SPACE',''
  ) );
#13326 = PCURVE('',#13272,#13327);
#13327 = DEFINITIONAL_REPRESENTATION('',(#13328),#13332);
#13328 = LINE('',#13329,#13330);
#13329 = CARTESIAN_POINT('',(0.,0.));
#13330 = VECTOR('',#13331,1.);
#13331 = DIRECTION('',(1.,0.));
#13332 = ( GEOMETRIC_REPRESENTATION_CONTEXT(2) 
PARAMETRIC_REPRESENTATION_CONTEXT() REPRESENTATION_CONTEXT('2D SPACE',''
  ) );
#13333 = ORIENTED_EDGE('',*,*,#13334,.F.);
#13334 = EDGE_CURVE('',#13335,#13312,#13337,.T.);
#13335 = VERTEX_POINT('',#13336);
#13336 = CARTESIAN_POINT('',(-9.177124344468,-3.,11.95));
#13337 = SURFACE_CURVE('',#13338,(#13343,#13354),.PCURVE_S1.);
#13338 = CIRCLE('',#13339,2.);
#13339 = AXIS2_PLACEMENT_3D('',#13340,#13341,#13342);
#13340 = CARTESIAN_POINT('',(-10.5,-3.,10.45));
#13341 = DIRECTION('',(0.,-1.,2.22044604925E-16));
#13342 = DIRECTION('',(1.,0.,0.));
#13343 = PCURVE('',#13190,#13344);
#13344 = DEFINITIONAL_REPRESENTATION('',(#13345),#13353);
#13345 = ( BOUNDED_CURVE() B_SPLINE_CURVE(2,(#13346,#13347,#13348,#13349
    ,#13350,#13351,#13352),.UNSPECIFIED.,.T.,.F.) 
B_SPLINE_CURVE_WITH_KNOTS((1,2,2,2,2,1),(-2.094395102393,0.,
    2.094395102393,4.188790204786,6.28318530718,8.377580409573),
.UNSPECIFIED.) CURVE() GEOMETRIC_REPRESENTATION_ITEM() 
RATIONAL_B_SPLINE_CURVE((1.,0.5,1.,0.5,1.,0.5,1.)) REPRESENTATION_ITEM(
  '') );
#13346 = CARTESIAN_POINT('',(1.5,6.5));
#13347 = CARTESIAN_POINT('',(4.964101615138,6.5));
#13348 = CARTESIAN_POINT('',(3.232050807569,3.5));
#13349 = CARTESIAN_POINT('',(1.5,0.5));
#13350 = CARTESIAN_POINT('',(-0.232050807569,3.5));
#13351 = CARTESIAN_POINT('',(-1.964101615138,6.5));
#13352 = CARTESIAN_POINT('',(1.5,6.5));
#13353 = ( GEOMETRIC_REPRESENTATION_CONTEXT(2) 
PARAMETRIC_REPRESENTATION_CONTEXT() REPRESENTATION_CONTEXT('2D SPACE',''
  ) );
#13354 = PCURVE('',#13355,#13360);
#13355 = CYLINDRICAL_SURFACE('',#13356,2.);
#13356 = AXIS2_PLACEMENT_3D('',#13357,#13358,#13359);
#13357 = CARTESIAN_POINT('',(-10.5,3.,10.45));
#13358 = DIRECTION('',(0.,-1.,2.22044604925E-16));
#13359 = DIRECTION('',(1.,0.,0.));
#13360 = DEFINITIONAL_REPRESENTATION('',(#13361),#13365);
#13361 = LINE('',#13362,#13363);
#13362 = CARTESIAN_POINT('',(0.,6.));
#13363 = VECTOR('',#13364,1.);
#13364 = DIRECTION('',(1.,0.));
#13365 = ( GEOMETRIC_REPRESENTATION_CONTEXT(2) 
PARAMETRIC_REPRESENTATION_CONTEXT() REPRESENTATION_CONTEXT('2D SPACE',''
  ) );
#13366 = ORIENTED_EDGE('',*,*,#13367,.T.);
#13367 = EDGE_CURVE('',#13335,#13368,#13370,.T.);
#13368 = VERTEX_POINT('',#13369);
#13369 = CARTESIAN_POINT('',(-4.609772228646,-3.,11.95));
#13370 = SURFACE_CURVE('',#13371,(#13375,#13382),.PCURVE_S1.);
#13371 = LINE('',#13372,#13373);
#13372 = CARTESIAN_POINT('',(-15.,-3.,11.95));
#13373 = VECTOR('',#13374,1.);
#13374 = DIRECTION('',(1.,0.,-0.));
#13375 = PCURVE('',#13190,#13376);
#13376 = DEFINITIONAL_REPRESENTATION('',(#13377),#13381);
#13377 = LINE('',#13378,#13379);
#13378 = CARTESIAN_POINT('',(3.,0.));
#13379 = VECTOR('',#13380,1.);
#13380 = DIRECTION('',(0.,1.));
#13381 = ( GEOMETRIC_REPRESENTATION_CONTEXT(2) 
PARAMETRIC_REPRESENTATION_CONTEXT() REPRESENTATION_CONTEXT('2D SPACE',''
  ) );
#13382 = PCURVE('',#13383,#13388);
#13383 = PLANE('',#13384);
#13384 = AXIS2_PLACEMENT_3D('',#13385,#13386,#13387);
#13385 = CARTESIAN_POINT('',(-15.,-3.,11.95));
#13386 = DIRECTION('',(0.,0.,1.));
#13387 = DIRECTION('',(1.,0.,-0.));
#13388 = DEFINITIONAL_REPRESENTATION('',(#13389),#13393);
#13389 = LINE('',#13390,#13391);
#13390 = CARTESIAN_POINT('',(0.,0.));
#13391 = VECTOR('',#13392,1.);
#13392 = DIRECTION('',(1.,0.));
#13393 = ( GEOMETRIC_REPRESENTATION_CONTEXT(2) 
PARAMETRIC_REPRESENTATION_CONTEXT() REPRESENTATION_CONTEXT('2D SPACE',''
  ) );
#13394 = ORIENTED_EDGE('',*,*,#13395,.F.);
#13395 = EDGE_CURVE('',#13396,#13368,#13398,.T.);
#13396 = VERTEX_POINT('',#13397);
#13397 = CARTESIAN_POINT('',(-4.609772228646,-3.,8.95));
#13398 = SURFACE_CURVE('',#13399,(#13403,#13410),.PCURVE_S1.);
#13399 = LINE('',#13400,#13401);
#13400 = CARTESIAN_POINT('',(-4.609772228646,-3.,8.95));
#13401 = VECTOR('',#13402,1.);
#13402 = DIRECTION('',(0.,0.,1.));
#13403 = PCURVE('',#13190,#13404);
#13404 = DEFINITIONAL_REPRESENTATION('',(#13405),#13409);
#13405 = LINE('',#13406,#13407);
#13406 = CARTESIAN_POINT('',(0.,10.390227771354));
#13407 = VECTOR('',#13408,1.);
#13408 = DIRECTION('',(1.,0.));
#13409 = ( GEOMETRIC_REPRESENTATION_CONTEXT(2) 
PARAMETRIC_REPRESENTATION_CONTEXT() REPRESENTATION_CONTEXT('2D SPACE',''
  ) );
#13410 = PCURVE('',#13411,#13416);
#13411 = CYLINDRICAL_SURFACE('',#13412,5.5);
#13412 = AXIS2_PLACEMENT_3D('',#13413,#13414,#13415);
#13413 = CARTESIAN_POINT('',(0.,0.,8.95));
#13414 = DIRECTION('',(0.,0.,1.));
#13415 = DIRECTION('',(1.,0.,-0.));
#13416 = DEFINITIONAL_REPRESENTATION('',(#13417),#13420);
#13417 = B_SPLINE_CURVE_WITH_KNOTS('',1,(#13418,#13419),.UNSPECIFIED.,
  .F.,.F.,(2,2),(0.,3.),.PIECEWISE_BEZIER_KNOTS.);
#13418 = CARTESIAN_POINT('',(3.718523998826,0.));
#13419 = CARTESIAN_POINT('',(3.718523998826,3.));
#13420 = ( GEOMETRIC_REPRESENTATION_CONTEXT(2) 
PARAMETRIC_REPRESENTATION_CONTEXT() REPRESENTATION_CONTEXT('2D SPACE',''
  ) );
#13421 = ORIENTED_EDGE('',*,*,#13422,.F.);
#13422 = EDGE_CURVE('',#13423,#13396,#13425,.T.);
#13423 = VERTEX_POINT('',#13424);
#13424 = CARTESIAN_POINT('',(-9.177124344468,-3.,8.95));
#13425 = SURFACE_CURVE('',#13426,(#13430,#13437),.PCURVE_S1.);
#13426 = LINE('',#13427,#13428);
#13427 = CARTESIAN_POINT('',(-15.,-3.,8.95));
#13428 = VECTOR('',#13429,1.);
#13429 = DIRECTION('',(1.,0.,-0.));
#13430 = PCURVE('',#13190,#13431);
#13431 = DEFINITIONAL_REPRESENTATION('',(#13432),#13436);
#13432 = LINE('',#13433,#13434);
#13433 = CARTESIAN_POINT('',(0.,0.));
#13434 = VECTOR('',#13435,1.);
#13435 = DIRECTION('',(0.,1.));
#13436 = ( GEOMETRIC_REPRESENTATION_CONTEXT(2) 
PARAMETRIC_REPRESENTATION_CONTEXT() REPRESENTATION_CONTEXT('2D SPACE',''
  ) );
#13437 = PCURVE('',#13438,#13443);
#13438 = PLANE('',#13439);
#13439 = AXIS2_PLACEMENT_3D('',#13440,#13441,#13442);
#13440 = CARTESIAN_POINT('',(-15.,-3.,8.95));
#13441 = DIRECTION('',(0.,0.,1.));
#13442 = DIRECTION('',(1.,0.,-0.));
#13443 = DEFINITIONAL_REPRESENTATION('',(#13444),#13448);
#13444 = LINE('',#13445,#13446);
#13445 = CARTESIAN_POINT('',(0.,0.));
#13446 = VECTOR('',#13447,1.);
#13447 = DIRECTION('',(1.,0.));
#13448 = ( GEOMETRIC_REPRESENTATION_CONTEXT(2) 
PARAMETRIC_REPRESENTATION_CONTEXT() REPRESENTATION_CONTEXT('2D SPACE',''
  ) );
#13449 = ORIENTED_EDGE('',*,*,#13450,.F.);
#13450 = EDGE_CURVE('',#13288,#13423,#13451,.T.);
#13451 = SURFACE_CURVE('',#13452,(#13457,#13468),.PCURVE_S1.);
#13452 = CIRCLE('',#13453,2.);
#13453 = AXIS2_PLACEMENT_3D('',#13454,#13455,#13456);
#13454 = CARTESIAN_POINT('',(-10.5,-3.,10.45));
#13455 = DIRECTION('',(0.,-1.,2.22044604925E-16));
#13456 = DIRECTION('',(1.,0.,0.));
#13457 = PCURVE('',#13190,#13458);
#13458 = DEFINITIONAL_REPRESENTATION('',(#13459),#13467);
#13459 = ( BOUNDED_CURVE() B_SPLINE_CURVE(2,(#13460,#13461,#13462,#13463
    ,#13464,#13465,#13466),.UNSPECIFIED.,.T.,.F.) 
B_SPLINE_CURVE_WITH_KNOTS((1,2,2,2,2,1),(-2.094395102393,0.,
    2.094395102393,4.188790204786,6.28318530718,8.377580409573),
.UNSPECIFIED.) CURVE() GEOMETRIC_REPRESENTATION_ITEM() 
RATIONAL_B_SPLINE_CURVE((1.,0.5,1.,0.5,1.,0.5,1.)) REPRESENTATION_ITEM(
  '') );
#13460 = CARTESIAN_POINT('',(1.5,6.5));
#13461 = CARTESIAN_POINT('',(4.964101615138,6.5));
#13462 = CARTESIAN_POINT('',(3.232050807569,3.5));
#13463 = CARTESIAN_POINT('',(1.5,0.5));
#13464 = CARTESIAN_POINT('',(-0.232050807569,3.5));
#13465 = CARTESIAN_POINT('',(-1.964101615138,6.5));
#13466 = CARTESIAN_POINT('',(1.5,6.5));
#13467 = ( GEOMETRIC_REPRESENTATION_CONTEXT(2) 
PARAMETRIC_REPRESENTATION_CONTEXT() REPRESENTATION_CONTEXT('2D SPACE',''
  ) );
#13468 = PCURVE('',#13469,#13474);
#13469 = CYLINDRICAL_SURFACE('',#13470,2.);
#13470 = AXIS2_PLACEMENT_3D('',#13471,#13472,#13473);
#13471 = CARTESIAN_POINT('',(-10.5,3.,10.45));
#13472 = DIRECTION('',(0.,-1.,2.22044604925E-16));
#13473 = DIRECTION('',(1.,0.,0.));
#13474 = DEFINITIONAL_REPRESENTATION('',(#13475),#13479);
#13475 = LINE('',#13476,#13477);
#13476 = CARTESIAN_POINT('',(0.,6.));
#13477 = VECTOR('',#13478,1.);
#13478 = DIRECTION('',(1.,0.));
#13479 = ( GEOMETRIC_REPRESENTATION_CONTEXT(2) 
PARAMETRIC_REPRESENTATION_CONTEXT() REPRESENTATION_CONTEXT('2D SPACE',''
  ) );
#13480 = FACE_BOUND('',#13481,.F.);
#13481 = EDGE_LOOP('',(#13482));
#13482 = ORIENTED_EDGE('',*,*,#13483,.T.);
#13483 = EDGE_CURVE('',#13484,#13484,#13486,.T.);
#13484 = VERTEX_POINT('',#13485);
#13485 = CARTESIAN_POINT('',(-9.375,-3.,10.45));
#13486 = SURFACE_CURVE('',#13487,(#13492,#13503),.PCURVE_S1.);
#13487 = CIRCLE('',#13488,1.125);
#13488 = AXIS2_PLACEMENT_3D('',#13489,#13490,#13491);
#13489 = CARTESIAN_POINT('',(-10.5,-3.,10.45));
#13490 = DIRECTION('',(0.,-1.,2.22044604925E-16));
#13491 = DIRECTION('',(1.,0.,0.));
#13492 = PCURVE('',#13190,#13493);
#13493 = DEFINITIONAL_REPRESENTATION('',(#13494),#13502);
#13494 = ( BOUNDED_CURVE() B_SPLINE_CURVE(2,(#13495,#13496,#13497,#13498
    ,#13499,#13500,#13501),.UNSPECIFIED.,.T.,.F.) 
B_SPLINE_CURVE_WITH_KNOTS((1,2,2,2,2,1),(-2.094395102393,0.,
    2.094395102393,4.188790204786,6.28318530718,8.377580409573),
.UNSPECIFIED.) CURVE() GEOMETRIC_REPRESENTATION_ITEM() 
RATIONAL_B_SPLINE_CURVE((1.,0.5,1.,0.5,1.,0.5,1.)) REPRESENTATION_ITEM(
  '') );
#13495 = CARTESIAN_POINT('',(1.5,5.625));
#13496 = CARTESIAN_POINT('',(3.448557158515,5.625));
#13497 = CARTESIAN_POINT('',(2.474278579257,3.9375));
#13498 = CARTESIAN_POINT('',(1.5,2.25));
#13499 = CARTESIAN_POINT('',(0.525721420743,3.9375));
#13500 = CARTESIAN_POINT('',(-0.448557158515,5.625));
#13501 = CARTESIAN_POINT('',(1.5,5.625));
#13502 = ( GEOMETRIC_REPRESENTATION_CONTEXT(2) 
PARAMETRIC_REPRESENTATION_CONTEXT() REPRESENTATION_CONTEXT('2D SPACE',''
  ) );
#13503 = PCURVE('',#13504,#13509);
#13504 = CYLINDRICAL_SURFACE('',#13505,1.125);
#13505 = AXIS2_PLACEMENT_3D('',#13506,#13507,#13508);
#13506 = CARTESIAN_POINT('',(-10.5,4.,10.45));
#13507 = DIRECTION('',(0.,-1.,2.22044604925E-16));
#13508 = DIRECTION('',(1.,0.,0.));
#13509 = DEFINITIONAL_REPRESENTATION('',(#13510),#13514);
#13510 = LINE('',#13511,#13512);
#13511 = CARTESIAN_POINT('',(0.,7.));
#13512 = VECTOR('',#13513,1.);
#13513 = DIRECTION('',(1.,0.));
#13514 = ( GEOMETRIC_REPRESENTATION_CONTEXT(2) 
PARAMETRIC_REPRESENTATION_CONTEXT() REPRESENTATION_CONTEXT('2D SPACE',''
  ) );
#13515 = ADVANCED_FACE('',(#13516),#13272,.T.);
#13516 = FACE_BOUND('',#13517,.T.);
#13517 = EDGE_LOOP('',(#13518,#13541,#13542,#13543));
#13518 = ORIENTED_EDGE('',*,*,#13519,.F.);
#13519 = EDGE_CURVE('',#13231,#13520,#13522,.T.);
#13520 = VERTEX_POINT('',#13521);
#13521 = CARTESIAN_POINT('',(-11.82287565553,3.,11.95));
#13522 = SURFACE_CURVE('',#13523,(#13527,#13534),.PCURVE_S1.);
#13523 = LINE('',#13524,#13525);
#13524 = CARTESIAN_POINT('',(-15.,3.,11.95));
#13525 = VECTOR('',#13526,1.);
#13526 = DIRECTION('',(1.,0.,-0.));
#13527 = PCURVE('',#13272,#13528);
#13528 = DEFINITIONAL_REPRESENTATION('',(#13529),#13533);
#13529 = LINE('',#13530,#13531);
#13530 = CARTESIAN_POINT('',(0.,6.));
#13531 = VECTOR('',#13532,1.);
#13532 = DIRECTION('',(1.,0.));
#13533 = ( GEOMETRIC_REPRESENTATION_CONTEXT(2) 
PARAMETRIC_REPRESENTATION_CONTEXT() REPRESENTATION_CONTEXT('2D SPACE',''
  ) );
#13534 = PCURVE('',#13246,#13535);
#13535 = DEFINITIONAL_REPRESENTATION('',(#13536),#13540);
#13536 = LINE('',#13537,#13538);
#13537 = CARTESIAN_POINT('',(3.,0.));
#13538 = VECTOR('',#13539,1.);
#13539 = DIRECTION('',(0.,1.));
#13540 = ( GEOMETRIC_REPRESENTATION_CONTEXT(2) 
PARAMETRIC_REPRESENTATION_CONTEXT() REPRESENTATION_CONTEXT('2D SPACE',''
  ) );
#13541 = ORIENTED_EDGE('',*,*,#13258,.F.);
#13542 = ORIENTED_EDGE('',*,*,#13311,.T.);
#13543 = ORIENTED_EDGE('',*,*,#13544,.F.);
#13544 = EDGE_CURVE('',#13520,#13312,#13545,.T.);
#13545 = SURFACE_CURVE('',#13546,(#13550,#13556),.PCURVE_S1.);
#13546 = LINE('',#13547,#13548);
#13547 = CARTESIAN_POINT('',(-11.82287565553,3.,11.95));
#13548 = VECTOR('',#13549,1.);
#13549 = DIRECTION('',(0.,-1.,2.22044604925E-16));
#13550 = PCURVE('',#13272,#13551);
#13551 = DEFINITIONAL_REPRESENTATION('',(#13552),#13555);
#13552 = B_SPLINE_CURVE_WITH_KNOTS('',1,(#13553,#13554),.UNSPECIFIED.,
  .F.,.F.,(2,2),(-6.000000003503E-07,6.0000006),
  .PIECEWISE_BEZIER_KNOTS.);
#13553 = CARTESIAN_POINT('',(3.177124344468,6.0000006));
#13554 = CARTESIAN_POINT('',(3.177124344468,-5.999999999062E-07));
#13555 = ( GEOMETRIC_REPRESENTATION_CONTEXT(2) 
PARAMETRIC_REPRESENTATION_CONTEXT() REPRESENTATION_CONTEXT('2D SPACE',''
  ) );
#13556 = PCURVE('',#13355,#13557);
#13557 = DEFINITIONAL_REPRESENTATION('',(#13558),#13561);
#13558 = B_SPLINE_CURVE_WITH_KNOTS('',1,(#13559,#13560),.UNSPECIFIED.,
  .F.,.F.,(2,2),(-6.000000003503E-07,6.0000006),
  .PIECEWISE_BEZIER_KNOTS.);
#13559 = CARTESIAN_POINT('',(2.293530574608,-6.000000000173E-07));
#13560 = CARTESIAN_POINT('',(2.293530574608,6.0000006));
#13561 = ( GEOMETRIC_REPRESENTATION_CONTEXT(2) 
PARAMETRIC_REPRESENTATION_CONTEXT() REPRESENTATION_CONTEXT('2D SPACE',''
  ) );
#13562 = ADVANCED_FACE('',(#13563,#13712),#13246,.T.);
#13563 = FACE_BOUND('',#13564,.T.);
#13564 = EDGE_LOOP('',(#13565,#13588,#13589,#13590,#13618,#13641,#13663,
    #13686));
#13565 = ORIENTED_EDGE('',*,*,#13566,.F.);
#13566 = EDGE_CURVE('',#13203,#13567,#13569,.T.);
#13567 = VERTEX_POINT('',#13568);
#13568 = CARTESIAN_POINT('',(-11.82287565553,3.,8.95));
#13569 = SURFACE_CURVE('',#13570,(#13574,#13581),.PCURVE_S1.);
#13570 = LINE('',#13571,#13572);
#13571 = CARTESIAN_POINT('',(-15.,3.,8.95));
#13572 = VECTOR('',#13573,1.);
#13573 = DIRECTION('',(1.,0.,-0.));
#13574 = PCURVE('',#13246,#13575);
#13575 = DEFINITIONAL_REPRESENTATION('',(#13576),#13580);
#13576 = LINE('',#13577,#13578);
#13577 = CARTESIAN_POINT('',(0.,0.));
#13578 = VECTOR('',#13579,1.);
#13579 = DIRECTION('',(0.,1.));
#13580 = ( GEOMETRIC_REPRESENTATION_CONTEXT(2) 
PARAMETRIC_REPRESENTATION_CONTEXT() REPRESENTATION_CONTEXT('2D SPACE',''
  ) );
#13581 = PCURVE('',#13218,#13582);
#13582 = DEFINITIONAL_REPRESENTATION('',(#13583),#13587);
#13583 = LINE('',#13584,#13585);
#13584 = CARTESIAN_POINT('',(0.,6.));
#13585 = VECTOR('',#13586,1.);
#13586 = DIRECTION('',(1.,0.));
#13587 = ( GEOMETRIC_REPRESENTATION_CONTEXT(2) 
PARAMETRIC_REPRESENTATION_CONTEXT() REPRESENTATION_CONTEXT('2D SPACE',''
  ) );
#13588 = ORIENTED_EDGE('',*,*,#13230,.T.);
#13589 = ORIENTED_EDGE('',*,*,#13519,.T.);
#13590 = ORIENTED_EDGE('',*,*,#13591,.F.);
#13591 = EDGE_CURVE('',#13592,#13520,#13594,.T.);
#13592 = VERTEX_POINT('',#13593);
#13593 = CARTESIAN_POINT('',(-9.177124344468,3.,11.95));
#13594 = SURFACE_CURVE('',#13595,(#13600,#13611),.PCURVE_S1.);
#13595 = CIRCLE('',#13596,2.);
#13596 = AXIS2_PLACEMENT_3D('',#13597,#13598,#13599);
#13597 = CARTESIAN_POINT('',(-10.5,3.,10.45));
#13598 = DIRECTION('',(0.,-1.,2.22044604925E-16));
#13599 = DIRECTION('',(1.,0.,0.));
#13600 = PCURVE('',#13246,#13601);
#13601 = DEFINITIONAL_REPRESENTATION('',(#13602),#13610);
#13602 = ( BOUNDED_CURVE() B_SPLINE_CURVE(2,(#13603,#13604,#13605,#13606
    ,#13607,#13608,#13609),.UNSPECIFIED.,.T.,.F.) 
B_SPLINE_CURVE_WITH_KNOTS((1,2,2,2,2,1),(-2.094395102393,0.,
    2.094395102393,4.188790204786,6.28318530718,8.377580409573),
.UNSPECIFIED.) CURVE() GEOMETRIC_REPRESENTATION_ITEM() 
RATIONAL_B_SPLINE_CURVE((1.,0.5,1.,0.5,1.,0.5,1.)) REPRESENTATION_ITEM(
  '') );
#13603 = CARTESIAN_POINT('',(1.5,6.5));
#13604 = CARTESIAN_POINT('',(4.964101615138,6.5));
#13605 = CARTESIAN_POINT('',(3.232050807569,3.5));
#13606 = CARTESIAN_POINT('',(1.5,0.5));
#13607 = CARTESIAN_POINT('',(-0.232050807569,3.5));
#13608 = CARTESIAN_POINT('',(-1.964101615138,6.5));
#13609 = CARTESIAN_POINT('',(1.5,6.5));
#13610 = ( GEOMETRIC_REPRESENTATION_CONTEXT(2) 
PARAMETRIC_REPRESENTATION_CONTEXT() REPRESENTATION_CONTEXT('2D SPACE',''
  ) );
#13611 = PCURVE('',#13355,#13612);
#13612 = DEFINITIONAL_REPRESENTATION('',(#13613),#13617);
#13613 = LINE('',#13614,#13615);
#13614 = CARTESIAN_POINT('',(0.,0.));
#13615 = VECTOR('',#13616,1.);
#13616 = DIRECTION('',(1.,0.));
#13617 = ( GEOMETRIC_REPRESENTATION_CONTEXT(2) 
PARAMETRIC_REPRESENTATION_CONTEXT() REPRESENTATION_CONTEXT('2D SPACE',''
  ) );
#13618 = ORIENTED_EDGE('',*,*,#13619,.T.);
#13619 = EDGE_CURVE('',#13592,#13620,#13622,.T.);
#13620 = VERTEX_POINT('',#13621);
#13621 = CARTESIAN_POINT('',(-4.609772228646,3.,11.95));
#13622 = SURFACE_CURVE('',#13623,(#13627,#13634),.PCURVE_S1.);
#13623 = LINE('',#13624,#13625);
#13624 = CARTESIAN_POINT('',(-15.,3.,11.95));
#13625 = VECTOR('',#13626,1.);
#13626 = DIRECTION('',(1.,0.,-0.));
#13627 = PCURVE('',#13246,#13628);
#13628 = DEFINITIONAL_REPRESENTATION('',(#13629),#13633);
#13629 = LINE('',#13630,#13631);
#13630 = CARTESIAN_POINT('',(3.,0.));
#13631 = VECTOR('',#13632,1.);
#13632 = DIRECTION('',(0.,1.));
#13633 = ( GEOMETRIC_REPRESENTATION_CONTEXT(2) 
PARAMETRIC_REPRESENTATION_CONTEXT() REPRESENTATION_CONTEXT('2D SPACE',''
  ) );
#13634 = PCURVE('',#13383,#13635);
#13635 = DEFINITIONAL_REPRESENTATION('',(#13636),#13640);
#13636 = LINE('',#13637,#13638);
#13637 = CARTESIAN_POINT('',(0.,6.));
#13638 = VECTOR('',#13639,1.);
#13639 = DIRECTION('',(1.,0.));
#13640 = ( GEOMETRIC_REPRESENTATION_CONTEXT(2) 
PARAMETRIC_REPRESENTATION_CONTEXT() REPRESENTATION_CONTEXT('2D SPACE',''
  ) );
#13641 = ORIENTED_EDGE('',*,*,#13642,.F.);
#13642 = EDGE_CURVE('',#13643,#13620,#13645,.T.);
#13643 = VERTEX_POINT('',#13644);
#13644 = CARTESIAN_POINT('',(-4.609772228646,3.,8.95));
#13645 = SURFACE_CURVE('',#13646,(#13650,#13657),.PCURVE_S1.);
#13646 = LINE('',#13647,#13648);
#13647 = CARTESIAN_POINT('',(-4.609772228646,3.,8.95));
#13648 = VECTOR('',#13649,1.);
#13649 = DIRECTION('',(0.,0.,1.));
#13650 = PCURVE('',#13246,#13651);
#13651 = DEFINITIONAL_REPRESENTATION('',(#13652),#13656);
#13652 = LINE('',#13653,#13654);
#13653 = CARTESIAN_POINT('',(0.,10.390227771354));
#13654 = VECTOR('',#13655,1.);
#13655 = DIRECTION('',(1.,0.));
#13656 = ( GEOMETRIC_REPRESENTATION_CONTEXT(2) 
PARAMETRIC_REPRESENTATION_CONTEXT() REPRESENTATION_CONTEXT('2D SPACE',''
  ) );
#13657 = PCURVE('',#13411,#13658);
#13658 = DEFINITIONAL_REPRESENTATION('',(#13659),#13662);
#13659 = B_SPLINE_CURVE_WITH_KNOTS('',1,(#13660,#13661),.UNSPECIFIED.,
  .F.,.F.,(2,2),(0.,3.),.PIECEWISE_BEZIER_KNOTS.);
#13660 = CARTESIAN_POINT('',(8.847846615533,0.));
#13661 = CARTESIAN_POINT('',(8.847846615533,3.));
#13662 = ( GEOMETRIC_REPRESENTATION_CONTEXT(2) 
PARAMETRIC_REPRESENTATION_CONTEXT() REPRESENTATION_CONTEXT('2D SPACE',''
  ) );
#13663 = ORIENTED_EDGE('',*,*,#13664,.F.);
#13664 = EDGE_CURVE('',#13665,#13643,#13667,.T.);
#13665 = VERTEX_POINT('',#13666);
#13666 = CARTESIAN_POINT('',(-9.177124344468,3.,8.95));
#13667 = SURFACE_CURVE('',#13668,(#13672,#13679),.PCURVE_S1.);
#13668 = LINE('',#13669,#13670);
#13669 = CARTESIAN_POINT('',(-15.,3.,8.95));
#13670 = VECTOR('',#13671,1.);
#13671 = DIRECTION('',(1.,0.,-0.));
#13672 = PCURVE('',#13246,#13673);
#13673 = DEFINITIONAL_REPRESENTATION('',(#13674),#13678);
#13674 = LINE('',#13675,#13676);
#13675 = CARTESIAN_POINT('',(0.,0.));
#13676 = VECTOR('',#13677,1.);
#13677 = DIRECTION('',(0.,1.));
#13678 = ( GEOMETRIC_REPRESENTATION_CONTEXT(2) 
PARAMETRIC_REPRESENTATION_CONTEXT() REPRESENTATION_CONTEXT('2D SPACE',''
  ) );
#13679 = PCURVE('',#13438,#13680);
#13680 = DEFINITIONAL_REPRESENTATION('',(#13681),#13685);
#13681 = LINE('',#13682,#13683);
#13682 = CARTESIAN_POINT('',(0.,6.));
#13683 = VECTOR('',#13684,1.);
#13684 = DIRECTION('',(1.,0.));
#13685 = ( GEOMETRIC_REPRESENTATION_CONTEXT(2) 
PARAMETRIC_REPRESENTATION_CONTEXT() REPRESENTATION_CONTEXT('2D SPACE',''
  ) );
#13686 = ORIENTED_EDGE('',*,*,#13687,.F.);
#13687 = EDGE_CURVE('',#13567,#13665,#13688,.T.);
#13688 = SURFACE_CURVE('',#13689,(#13694,#13705),.PCURVE_S1.);
#13689 = CIRCLE('',#13690,2.);
#13690 = AXIS2_PLACEMENT_3D('',#13691,#13692,#13693);
#13691 = CARTESIAN_POINT('',(-10.5,3.,10.45));
#13692 = DIRECTION('',(0.,-1.,2.22044604925E-16));
#13693 = DIRECTION('',(1.,0.,0.));
#13694 = PCURVE('',#13246,#13695);
#13695 = DEFINITIONAL_REPRESENTATION('',(#13696),#13704);
#13696 = ( BOUNDED_CURVE() B_SPLINE_CURVE(2,(#13697,#13698,#13699,#13700
    ,#13701,#13702,#13703),.UNSPECIFIED.,.T.,.F.) 
B_SPLINE_CURVE_WITH_KNOTS((1,2,2,2,2,1),(-2.094395102393,0.,
    2.094395102393,4.188790204786,6.28318530718,8.377580409573),
.UNSPECIFIED.) CURVE() GEOMETRIC_REPRESENTATION_ITEM() 
RATIONAL_B_SPLINE_CURVE((1.,0.5,1.,0.5,1.,0.5,1.)) REPRESENTATION_ITEM(
  '') );
#13697 = CARTESIAN_POINT('',(1.5,6.5));
#13698 = CARTESIAN_POINT('',(4.964101615138,6.5));
#13699 = CARTESIAN_POINT('',(3.232050807569,3.5));
#13700 = CARTESIAN_POINT('',(1.5,0.5));
#13701 = CARTESIAN_POINT('',(-0.232050807569,3.5));
#13702 = CARTESIAN_POINT('',(-1.964101615138,6.5));
#13703 = CARTESIAN_POINT('',(1.5,6.5));
#13704 = ( GEOMETRIC_REPRESENTATION_CONTEXT(2) 
PARAMETRIC_REPRESENTATION_CONTEXT() REPRESENTATION_CONTEXT('2D SPACE',''
  ) );
#13705 = PCURVE('',#13469,#13706);
#13706 = DEFINITIONAL_REPRESENTATION('',(#13707),#13711);
#13707 = LINE('',#13708,#13709);
#13708 = CARTESIAN_POINT('',(0.,0.));
#13709 = VECTOR('',#13710,1.);
#13710 = DIRECTION('',(1.,0.));
#13711 = ( GEOMETRIC_REPRESENTATION_CONTEXT(2) 
PARAMETRIC_REPRESENTATION_CONTEXT() REPRESENTATION_CONTEXT('2D SPACE',''
  ) );
#13712 = FACE_BOUND('',#13713,.T.);
#13713 = EDGE_LOOP('',(#13714));
#13714 = ORIENTED_EDGE('',*,*,#13715,.T.);
#13715 = EDGE_CURVE('',#13716,#13716,#13718,.T.);
#13716 = VERTEX_POINT('',#13717);
#13717 = CARTESIAN_POINT('',(-9.375,3.,10.45));
#13718 = SURFACE_CURVE('',#13719,(#13724,#13735),.PCURVE_S1.);
#13719 = CIRCLE('',#13720,1.125);
#13720 = AXIS2_PLACEMENT_3D('',#13721,#13722,#13723);
#13721 = CARTESIAN_POINT('',(-10.5,3.,10.45));
#13722 = DIRECTION('',(0.,-1.,2.22044604925E-16));
#13723 = DIRECTION('',(1.,0.,0.));
#13724 = PCURVE('',#13246,#13725);
#13725 = DEFINITIONAL_REPRESENTATION('',(#13726),#13734);
#13726 = ( BOUNDED_CURVE() B_SPLINE_CURVE(2,(#13727,#13728,#13729,#13730
    ,#13731,#13732,#13733),.UNSPECIFIED.,.T.,.F.) 
B_SPLINE_CURVE_WITH_KNOTS((1,2,2,2,2,1),(-2.094395102393,0.,
    2.094395102393,4.188790204786,6.28318530718,8.377580409573),
.UNSPECIFIED.) CURVE() GEOMETRIC_REPRESENTATION_ITEM() 
RATIONAL_B_SPLINE_CURVE((1.,0.5,1.,0.5,1.,0.5,1.)) REPRESENTATION_ITEM(
  '') );
#13727 = CARTESIAN_POINT('',(1.5,5.625));
#13728 = CARTESIAN_POINT('',(3.448557158515,5.625));
#13729 = CARTESIAN_POINT('',(2.474278579257,3.9375));
#13730 = CARTESIAN_POINT('',(1.5,2.25));
#13731 = CARTESIAN_POINT('',(0.525721420743,3.9375));
#13732 = CARTESIAN_POINT('',(-0.448557158515,5.625));
#13733 = CARTESIAN_POINT('',(1.5,5.625));
#13734 = ( GEOMETRIC_REPRESENTATION_CONTEXT(2) 
PARAMETRIC_REPRESENTATION_CONTEXT() REPRESENTATION_CONTEXT('2D SPACE',''
  ) );
#13735 = PCURVE('',#13504,#13736);
#13736 = DEFINITIONAL_REPRESENTATION('',(#13737),#13741);
#13737 = LINE('',#13738,#13739);
#13738 = CARTESIAN_POINT('',(0.,1.));
#13739 = VECTOR('',#13740,1.);
#13740 = DIRECTION('',(1.,0.));
#13741 = ( GEOMETRIC_REPRESENTATION_CONTEXT(2) 
PARAMETRIC_REPRESENTATION_CONTEXT() REPRESENTATION_CONTEXT('2D SPACE',''
  ) );
#13742 = ADVANCED_FACE('',(#13743),#13218,.F.);
#13743 = FACE_BOUND('',#13744,.F.);
#13744 = EDGE_LOOP('',(#13745,#13746,#13747,#13748));
#13745 = ORIENTED_EDGE('',*,*,#13566,.F.);
#13746 = ORIENTED_EDGE('',*,*,#13202,.F.);
#13747 = ORIENTED_EDGE('',*,*,#13287,.T.);
#13748 = ORIENTED_EDGE('',*,*,#13749,.F.);
#13749 = EDGE_CURVE('',#13567,#13288,#13750,.T.);
#13750 = SURFACE_CURVE('',#13751,(#13755,#13761),.PCURVE_S1.);
#13751 = LINE('',#13752,#13753);
#13752 = CARTESIAN_POINT('',(-11.82287565553,3.,8.95));
#13753 = VECTOR('',#13754,1.);
#13754 = DIRECTION('',(0.,-1.,2.22044604925E-16));
#13755 = PCURVE('',#13218,#13756);
#13756 = DEFINITIONAL_REPRESENTATION('',(#13757),#13760);
#13757 = B_SPLINE_CURVE_WITH_KNOTS('',1,(#13758,#13759),.UNSPECIFIED.,
  .F.,.F.,(2,2),(-5.999999994621E-07,6.0000006),
  .PIECEWISE_BEZIER_KNOTS.);
#13758 = CARTESIAN_POINT('',(3.177124344468,6.0000006));
#13759 = CARTESIAN_POINT('',(3.177124344468,-5.999999999062E-07));
#13760 = ( GEOMETRIC_REPRESENTATION_CONTEXT(2) 
PARAMETRIC_REPRESENTATION_CONTEXT() REPRESENTATION_CONTEXT('2D SPACE',''
  ) );
#13761 = PCURVE('',#13469,#13762);
#13762 = DEFINITIONAL_REPRESENTATION('',(#13763),#13766);
#13763 = B_SPLINE_CURVE_WITH_KNOTS('',1,(#13764,#13765),.UNSPECIFIED.,
  .F.,.F.,(2,2),(-5.999999994621E-07,6.0000006),
  .PIECEWISE_BEZIER_KNOTS.);
#13764 = CARTESIAN_POINT('',(3.989654732571,-5.999999997952E-07));
#13765 = CARTESIAN_POINT('',(3.989654732571,6.0000006));
#13766 = ( GEOMETRIC_REPRESENTATION_CONTEXT(2) 
PARAMETRIC_REPRESENTATION_CONTEXT() REPRESENTATION_CONTEXT('2D SPACE',''
  ) );
#13767 = ADVANCED_FACE('',(#13768),#13469,.T.);
#13768 = FACE_BOUND('',#13769,.T.);
#13769 = EDGE_LOOP('',(#13770,#13789,#13790,#13791));
#13770 = ORIENTED_EDGE('',*,*,#13771,.T.);
#13771 = EDGE_CURVE('',#13665,#13423,#13772,.T.);
#13772 = SURFACE_CURVE('',#13773,(#13777,#13783),.PCURVE_S1.);
#13773 = LINE('',#13774,#13775);
#13774 = CARTESIAN_POINT('',(-9.177124344468,3.,8.95));
#13775 = VECTOR('',#13776,1.);
#13776 = DIRECTION('',(0.,-1.,2.22044604925E-16));
#13777 = PCURVE('',#13469,#13778);
#13778 = DEFINITIONAL_REPRESENTATION('',(#13779),#13782);
#13779 = B_SPLINE_CURVE_WITH_KNOTS('',1,(#13780,#13781),.UNSPECIFIED.,
  .F.,.F.,(2,2),(-5.999999994621E-07,6.0000006),
  .PIECEWISE_BEZIER_KNOTS.);
#13780 = CARTESIAN_POINT('',(5.435123228198,-5.999999997952E-07));
#13781 = CARTESIAN_POINT('',(5.435123228198,6.0000006));
#13782 = ( GEOMETRIC_REPRESENTATION_CONTEXT(2) 
PARAMETRIC_REPRESENTATION_CONTEXT() REPRESENTATION_CONTEXT('2D SPACE',''
  ) );
#13783 = PCURVE('',#13438,#13784);
#13784 = DEFINITIONAL_REPRESENTATION('',(#13785),#13788);
#13785 = B_SPLINE_CURVE_WITH_KNOTS('',1,(#13786,#13787),.UNSPECIFIED.,
  .F.,.F.,(2,2),(-5.999999994621E-07,6.0000006),
  .PIECEWISE_BEZIER_KNOTS.);
#13786 = CARTESIAN_POINT('',(5.822875655532,6.0000006));
#13787 = CARTESIAN_POINT('',(5.822875655532,-5.999999999062E-07));
#13788 = ( GEOMETRIC_REPRESENTATION_CONTEXT(2) 
PARAMETRIC_REPRESENTATION_CONTEXT() REPRESENTATION_CONTEXT('2D SPACE',''
  ) );
#13789 = ORIENTED_EDGE('',*,*,#13450,.F.);
#13790 = ORIENTED_EDGE('',*,*,#13749,.F.);
#13791 = ORIENTED_EDGE('',*,*,#13687,.T.);
#13792 = ADVANCED_FACE('',(#13793,#13824),#13438,.F.);
#13793 = FACE_BOUND('',#13794,.F.);
#13794 = EDGE_LOOP('',(#13795,#13796,#13797,#13798));
#13795 = ORIENTED_EDGE('',*,*,#13664,.F.);
#13796 = ORIENTED_EDGE('',*,*,#13771,.T.);
#13797 = ORIENTED_EDGE('',*,*,#13422,.T.);
#13798 = ORIENTED_EDGE('',*,*,#13799,.F.);
#13799 = EDGE_CURVE('',#13643,#13396,#13800,.T.);
#13800 = SURFACE_CURVE('',#13801,(#13806,#13817),.PCURVE_S1.);
#13801 = CIRCLE('',#13802,5.5);
#13802 = AXIS2_PLACEMENT_3D('',#13803,#13804,#13805);
#13803 = CARTESIAN_POINT('',(0.,0.,8.95));
#13804 = DIRECTION('',(0.,0.,-1.));
#13805 = DIRECTION('',(-0.838140405208,0.545454545455,0.));
#13806 = PCURVE('',#13438,#13807);
#13807 = DEFINITIONAL_REPRESENTATION('',(#13808),#13816);
#13808 = ( BOUNDED_CURVE() B_SPLINE_CURVE(2,(#13809,#13810,#13811,#13812
    ,#13813,#13814,#13815),.UNSPECIFIED.,.T.,.F.) 
B_SPLINE_CURVE_WITH_KNOTS((1,2,2,2,2,1),(-2.094395102393,0.,
    2.094395102393,4.188790204786,6.28318530718,8.377580409573),
.UNSPECIFIED.) CURVE() GEOMETRIC_REPRESENTATION_ITEM() 
RATIONAL_B_SPLINE_CURVE((1.,0.5,1.,0.5,1.,0.5,1.)) REPRESENTATION_ITEM(
  '') );
#13809 = CARTESIAN_POINT('',(10.390227771354,6.));
#13810 = CARTESIAN_POINT('',(15.586380194061,13.984359711336));
#13811 = CARTESIAN_POINT('',(19.902962325677,5.492179855668));
#13812 = CARTESIAN_POINT('',(24.219544457293,-3.));
#13813 = CARTESIAN_POINT('',(14.70680990297,-2.492179855668));
#13814 = CARTESIAN_POINT('',(5.194075348647,-1.984359711335));
#13815 = CARTESIAN_POINT('',(10.390227771354,6.));
#13816 = ( GEOMETRIC_REPRESENTATION_CONTEXT(2) 
PARAMETRIC_REPRESENTATION_CONTEXT() REPRESENTATION_CONTEXT('2D SPACE',''
  ) );
#13817 = PCURVE('',#13411,#13818);
#13818 = DEFINITIONAL_REPRESENTATION('',(#13819),#13823);
#13819 = LINE('',#13820,#13821);
#13820 = CARTESIAN_POINT('',(8.847846615533,0.));
#13821 = VECTOR('',#13822,1.);
#13822 = DIRECTION('',(-1.,-0.));
#13823 = ( GEOMETRIC_REPRESENTATION_CONTEXT(2) 
PARAMETRIC_REPRESENTATION_CONTEXT() REPRESENTATION_CONTEXT('2D SPACE',''
  ) );
#13824 = FACE_BOUND('',#13825,.F.);
#13825 = EDGE_LOOP('',(#13826));
#13826 = ORIENTED_EDGE('',*,*,#13827,.F.);
#13827 = EDGE_CURVE('',#13828,#13828,#13830,.T.);
#13828 = VERTEX_POINT('',#13829);
#13829 = CARTESIAN_POINT('',(-5.6,0.,8.95));
#13830 = SURFACE_CURVE('',#13831,(#13836,#13843),.PCURVE_S1.);
#13831 = CIRCLE('',#13832,1.4);
#13832 = AXIS2_PLACEMENT_3D('',#13833,#13834,#13835);
#13833 = CARTESIAN_POINT('',(-7.,0.,8.95));
#13834 = DIRECTION('',(0.,0.,1.));
#13835 = DIRECTION('',(1.,0.,-0.));
#13836 = PCURVE('',#13438,#13837);
#13837 = DEFINITIONAL_REPRESENTATION('',(#13838),#13842);
#13838 = CIRCLE('',#13839,1.4);
#13839 = AXIS2_PLACEMENT_2D('',#13840,#13841);
#13840 = CARTESIAN_POINT('',(8.,3.));
#13841 = DIRECTION('',(1.,0.));
#13842 = ( GEOMETRIC_REPRESENTATION_CONTEXT(2) 
PARAMETRIC_REPRESENTATION_CONTEXT() REPRESENTATION_CONTEXT('2D SPACE',''
  ) );
#13843 = PCURVE('',#13844,#13849);
#13844 = CYLINDRICAL_SURFACE('',#13845,1.4);
#13845 = AXIS2_PLACEMENT_3D('',#13846,#13847,#13848);
#13846 = CARTESIAN_POINT('',(-7.,0.,8.85));
#13847 = DIRECTION('',(0.,0.,1.));
#13848 = DIRECTION('',(1.,0.,-0.));
#13849 = DEFINITIONAL_REPRESENTATION('',(#13850),#13854);
#13850 = LINE('',#13851,#13852);
#13851 = CARTESIAN_POINT('',(0.,0.1));
#13852 = VECTOR('',#13853,1.);
#13853 = DIRECTION('',(1.,0.));
#13854 = ( GEOMETRIC_REPRESENTATION_CONTEXT(2) 
PARAMETRIC_REPRESENTATION_CONTEXT() REPRESENTATION_CONTEXT('2D SPACE',''
  ) );
#13855 = ADVANCED_FACE('',(#13856),#13355,.T.);
#13856 = FACE_BOUND('',#13857,.T.);
#13857 = EDGE_LOOP('',(#13858,#13859,#13878,#13879));
#13858 = ORIENTED_EDGE('',*,*,#13334,.F.);
#13859 = ORIENTED_EDGE('',*,*,#13860,.F.);
#13860 = EDGE_CURVE('',#13592,#13335,#13861,.T.);
#13861 = SURFACE_CURVE('',#13862,(#13866,#13872),.PCURVE_S1.);
#13862 = LINE('',#13863,#13864);
#13863 = CARTESIAN_POINT('',(-9.177124344468,3.,11.95));
#13864 = VECTOR('',#13865,1.);
#13865 = DIRECTION('',(0.,-1.,2.22044604925E-16));
#13866 = PCURVE('',#13355,#13867);
#13867 = DEFINITIONAL_REPRESENTATION('',(#13868),#13871);
#13868 = B_SPLINE_CURVE_WITH_KNOTS('',1,(#13869,#13870),.UNSPECIFIED.,
  .F.,.F.,(2,2),(-6.000000003503E-07,6.0000006),
  .PIECEWISE_BEZIER_KNOTS.);
#13869 = CARTESIAN_POINT('',(0.848062078981,-6.000000000173E-07));
#13870 = CARTESIAN_POINT('',(0.848062078981,6.0000006));
#13871 = ( GEOMETRIC_REPRESENTATION_CONTEXT(2) 
PARAMETRIC_REPRESENTATION_CONTEXT() REPRESENTATION_CONTEXT('2D SPACE',''
  ) );
#13872 = PCURVE('',#13383,#13873);
#13873 = DEFINITIONAL_REPRESENTATION('',(#13874),#13877);
#13874 = B_SPLINE_CURVE_WITH_KNOTS('',1,(#13875,#13876),.UNSPECIFIED.,
  .F.,.F.,(2,2),(-6.000000003503E-07,6.0000006),
  .PIECEWISE_BEZIER_KNOTS.);
#13875 = CARTESIAN_POINT('',(5.822875655532,6.0000006));
#13876 = CARTESIAN_POINT('',(5.822875655532,-5.999999999062E-07));
#13877 = ( GEOMETRIC_REPRESENTATION_CONTEXT(2) 
PARAMETRIC_REPRESENTATION_CONTEXT() REPRESENTATION_CONTEXT('2D SPACE',''
  ) );
#13878 = ORIENTED_EDGE('',*,*,#13591,.T.);
#13879 = ORIENTED_EDGE('',*,*,#13544,.T.);
#13880 = ADVANCED_FACE('',(#13881),#13411,.T.);
#13881 = FACE_BOUND('',#13882,.T.);
#13882 = EDGE_LOOP('',(#13883,#13884,#13885,#13907));
#13883 = ORIENTED_EDGE('',*,*,#13799,.F.);
#13884 = ORIENTED_EDGE('',*,*,#13642,.T.);
#13885 = ORIENTED_EDGE('',*,*,#13886,.F.);
#13886 = EDGE_CURVE('',#13368,#13620,#13887,.T.);
#13887 = SURFACE_CURVE('',#13888,(#13893,#13900),.PCURVE_S1.);
#13888 = CIRCLE('',#13889,5.5);
#13889 = AXIS2_PLACEMENT_3D('',#13890,#13891,#13892);
#13890 = CARTESIAN_POINT('',(0.,0.,11.95));
#13891 = DIRECTION('',(0.,0.,1.));
#13892 = DIRECTION('',(-0.838140405208,-0.545454545455,0.));
#13893 = PCURVE('',#13411,#13894);
#13894 = DEFINITIONAL_REPRESENTATION('',(#13895),#13899);
#13895 = LINE('',#13896,#13897);
#13896 = CARTESIAN_POINT('',(3.718523998826,3.));
#13897 = VECTOR('',#13898,1.);
#13898 = DIRECTION('',(1.,0.));
#13899 = ( GEOMETRIC_REPRESENTATION_CONTEXT(2) 
PARAMETRIC_REPRESENTATION_CONTEXT() REPRESENTATION_CONTEXT('2D SPACE',''
  ) );
#13900 = PCURVE('',#13383,#13901);
#13901 = DEFINITIONAL_REPRESENTATION('',(#13902),#13906);
#13902 = CIRCLE('',#13903,5.5);
#13903 = AXIS2_PLACEMENT_2D('',#13904,#13905);
#13904 = CARTESIAN_POINT('',(15.,3.));
#13905 = DIRECTION('',(-0.838140405208,-0.545454545455));
#13906 = ( GEOMETRIC_REPRESENTATION_CONTEXT(2) 
PARAMETRIC_REPRESENTATION_CONTEXT() REPRESENTATION_CONTEXT('2D SPACE',''
  ) );
#13907 = ORIENTED_EDGE('',*,*,#13395,.F.);
#13908 = ADVANCED_FACE('',(#13909),#13383,.T.);
#13909 = FACE_BOUND('',#13910,.T.);
#13910 = EDGE_LOOP('',(#13911,#13912,#13913,#13914));
#13911 = ORIENTED_EDGE('',*,*,#13619,.F.);
#13912 = ORIENTED_EDGE('',*,*,#13860,.T.);
#13913 = ORIENTED_EDGE('',*,*,#13367,.T.);
#13914 = ORIENTED_EDGE('',*,*,#13886,.T.);
#13915 = ADVANCED_FACE('',(#13916),#13504,.F.);
#13916 = FACE_BOUND('',#13917,.F.);
#13917 = EDGE_LOOP('',(#13918,#13919,#13940,#13941));
#13918 = ORIENTED_EDGE('',*,*,#13483,.F.);
#13919 = ORIENTED_EDGE('',*,*,#13920,.F.);
#13920 = EDGE_CURVE('',#13716,#13484,#13921,.T.);
#13921 = SEAM_CURVE('',#13922,(#13926,#13933),.PCURVE_S1.);
#13922 = LINE('',#13923,#13924);
#13923 = CARTESIAN_POINT('',(-9.375,4.,10.45));
#13924 = VECTOR('',#13925,1.);
#13925 = DIRECTION('',(0.,-1.,2.22044604925E-16));
#13926 = PCURVE('',#13504,#13927);
#13927 = DEFINITIONAL_REPRESENTATION('',(#13928),#13932);
#13928 = LINE('',#13929,#13930);
#13929 = CARTESIAN_POINT('',(6.28318530718,-0.));
#13930 = VECTOR('',#13931,1.);
#13931 = DIRECTION('',(0.,1.));
#13932 = ( GEOMETRIC_REPRESENTATION_CONTEXT(2) 
PARAMETRIC_REPRESENTATION_CONTEXT() REPRESENTATION_CONTEXT('2D SPACE',''
  ) );
#13933 = PCURVE('',#13504,#13934);
#13934 = DEFINITIONAL_REPRESENTATION('',(#13935),#13939);
#13935 = LINE('',#13936,#13937);
#13936 = CARTESIAN_POINT('',(0.,-0.));
#13937 = VECTOR('',#13938,1.);
#13938 = DIRECTION('',(0.,1.));
#13939 = ( GEOMETRIC_REPRESENTATION_CONTEXT(2) 
PARAMETRIC_REPRESENTATION_CONTEXT() REPRESENTATION_CONTEXT('2D SPACE',''
  ) );
#13940 = ORIENTED_EDGE('',*,*,#13715,.T.);
#13941 = ORIENTED_EDGE('',*,*,#13920,.T.);
#13942 = ADVANCED_FACE('',(#13943),#13844,.F.);
#13943 = FACE_BOUND('',#13944,.F.);
#13944 = EDGE_LOOP('',(#13945,#13968,#13995,#13996));
#13945 = ORIENTED_EDGE('',*,*,#13946,.T.);
#13946 = EDGE_CURVE('',#13828,#13947,#13949,.T.);
#13947 = VERTEX_POINT('',#13948);
#13948 = CARTESIAN_POINT('',(-5.6,0.,9.45));
#13949 = SEAM_CURVE('',#13950,(#13954,#13961),.PCURVE_S1.);
#13950 = LINE('',#13951,#13952);
#13951 = CARTESIAN_POINT('',(-5.6,-3.429011037613E-16,8.85));
#13952 = VECTOR('',#13953,1.);
#13953 = DIRECTION('',(0.,0.,1.));
#13954 = PCURVE('',#13844,#13955);
#13955 = DEFINITIONAL_REPRESENTATION('',(#13956),#13960);
#13956 = LINE('',#13957,#13958);
#13957 = CARTESIAN_POINT('',(6.28318530718,-0.));
#13958 = VECTOR('',#13959,1.);
#13959 = DIRECTION('',(0.,1.));
#13960 = ( GEOMETRIC_REPRESENTATION_CONTEXT(2) 
PARAMETRIC_REPRESENTATION_CONTEXT() REPRESENTATION_CONTEXT('2D SPACE',''
  ) );
#13961 = PCURVE('',#13844,#13962);
#13962 = DEFINITIONAL_REPRESENTATION('',(#13963),#13967);
#13963 = LINE('',#13964,#13965);
#13964 = CARTESIAN_POINT('',(0.,-0.));
#13965 = VECTOR('',#13966,1.);
#13966 = DIRECTION('',(0.,1.));
#13967 = ( GEOMETRIC_REPRESENTATION_CONTEXT(2) 
PARAMETRIC_REPRESENTATION_CONTEXT() REPRESENTATION_CONTEXT('2D SPACE',''
  ) );
#13968 = ORIENTED_EDGE('',*,*,#13969,.F.);
#13969 = EDGE_CURVE('',#13947,#13947,#13970,.T.);
#13970 = SURFACE_CURVE('',#13971,(#13976,#13983),.PCURVE_S1.);
#13971 = CIRCLE('',#13972,1.4);
#13972 = AXIS2_PLACEMENT_3D('',#13973,#13974,#13975);
#13973 = CARTESIAN_POINT('',(-7.,0.,9.45));
#13974 = DIRECTION('',(0.,0.,1.));
#13975 = DIRECTION('',(1.,0.,-0.));
#13976 = PCURVE('',#13844,#13977);
#13977 = DEFINITIONAL_REPRESENTATION('',(#13978),#13982);
#13978 = LINE('',#13979,#13980);
#13979 = CARTESIAN_POINT('',(0.,0.6));
#13980 = VECTOR('',#13981,1.);
#13981 = DIRECTION('',(1.,0.));
#13982 = ( GEOMETRIC_REPRESENTATION_CONTEXT(2) 
PARAMETRIC_REPRESENTATION_CONTEXT() REPRESENTATION_CONTEXT('2D SPACE',''
  ) );
#13983 = PCURVE('',#13984,#13989);
#13984 = PLANE('',#13985);
#13985 = AXIS2_PLACEMENT_3D('',#13986,#13987,#13988);
#13986 = CARTESIAN_POINT('',(-7.,0.,9.45));
#13987 = DIRECTION('',(0.,0.,1.));
#13988 = DIRECTION('',(1.,0.,-0.));
#13989 = DEFINITIONAL_REPRESENTATION('',(#13990),#13994);
#13990 = CIRCLE('',#13991,1.4);
#13991 = AXIS2_PLACEMENT_2D('',#13992,#13993);
#13992 = CARTESIAN_POINT('',(0.,0.));
#13993 = DIRECTION('',(1.,0.));
#13994 = ( GEOMETRIC_REPRESENTATION_CONTEXT(2) 
PARAMETRIC_REPRESENTATION_CONTEXT() REPRESENTATION_CONTEXT('2D SPACE',''
  ) );
#13995 = ORIENTED_EDGE('',*,*,#13946,.F.);
#13996 = ORIENTED_EDGE('',*,*,#13827,.T.);
#13997 = ADVANCED_FACE('',(#13998),#13984,.F.);
#13998 = FACE_BOUND('',#13999,.F.);
#13999 = EDGE_LOOP('',(#14000));
#14000 = ORIENTED_EDGE('',*,*,#13969,.T.);
#14001 = ( GEOMETRIC_REPRESENTATION_CONTEXT(3) 
GLOBAL_UNCERTAINTY_ASSIGNED_CONTEXT((#14005)) 
GLOBAL_UNIT_ASSIGNED_CONTEXT((#14002,#14003,#14004)) 
REPRESENTATION_CONTEXT('Context #1',
  '3D Context with UNIT and UNCERTAINTY') );
#14002 = ( LENGTH_UNIT() NAMED_UNIT(*) SI_UNIT(.MILLI.,.METRE.) );
#14003 = ( NAMED_UNIT(*) PLANE_ANGLE_UNIT() SI_UNIT($,.RADIAN.) );
#14004 = ( NAMED_UNIT(*) SI_UNIT($,.STERADIAN.) SOLID_ANGLE_UNIT() );
#14005 = UNCERTAINTY_MEASURE_WITH_UNIT(LENGTH_MEASURE(1.E-07),#14002,
  'distance_accuracy_value','confusion accuracy');
#14006 = CONTEXT_DEPENDENT_SHAPE_REPRESENTATION(#14007,#14009);
#14007 = ( REPRESENTATION_RELATIONSHIP('','',#13160,#10) 
REPRESENTATION_RELATIONSHIP_WITH_TRANSFORMATION(#14008) 
SHAPE_REPRESENTATION_RELATIONSHIP() );
#14008 = ITEM_DEFINED_TRANSFORMATION('','',#11,#31);
#14009 = PRODUCT_DEFINITION_SHAPE('Placement','Placement of an item',
  #14010);
#14010 = NEXT_ASSEMBLY_USAGE_OCCURRENCE('23','=>[0:1:1:6]','',#5,#13155,
  $);
#14011 = PRODUCT_RELATED_PRODUCT_CATEGORY('part',$,(#13157));
#14012 = SHAPE_DEFINITION_REPRESENTATION(#14013,#14019);
#14013 = PRODUCT_DEFINITION_SHAPE('','',#14014);
#14014 = PRODUCT_DEFINITION('design','',#14015,#14018);
#14015 = PRODUCT_DEFINITION_FORMATION('','',#14016);
#14016 = PRODUCT('SOLID','SOLID','',(#14017));
#14017 = PRODUCT_CONTEXT('',#2,'mechanical');
#14018 = PRODUCT_DEFINITION_CONTEXT('part definition',#2,'design');
#14019 = ADVANCED_BREP_SHAPE_REPRESENTATION('',(#11,#14020),#14860);
#14020 = MANIFOLD_SOLID_BREP('',#14021);
#14021 = CLOSED_SHELL('',(#14022,#14142,#14374,#14421,#14601,#14626,
    #14651,#14714,#14739,#14767,#14774,#14801,#14856));
#14022 = ADVANCED_FACE('',(#14023),#14037,.F.);
#14023 = FACE_BOUND('',#14024,.F.);
#14024 = EDGE_LOOP('',(#14025,#14060,#14088,#14116));
#14025 = ORIENTED_EDGE('',*,*,#14026,.F.);
#14026 = EDGE_CURVE('',#14027,#14029,#14031,.T.);
#14027 = VERTEX_POINT('',#14028);
#14028 = CARTESIAN_POINT('',(-15.,-3.,8.95));
#14029 = VERTEX_POINT('',#14030);
#14030 = CARTESIAN_POINT('',(-15.,-3.,11.95));
#14031 = SURFACE_CURVE('',#14032,(#14036,#14048),.PCURVE_S1.);
#14032 = LINE('',#14033,#14034);
#14033 = CARTESIAN_POINT('',(-15.,-3.,8.95));
#14034 = VECTOR('',#14035,1.);
#14035 = DIRECTION('',(0.,0.,1.));
#14036 = PCURVE('',#14037,#14042);
#14037 = PLANE('',#14038);
#14038 = AXIS2_PLACEMENT_3D('',#14039,#14040,#14041);
#14039 = CARTESIAN_POINT('',(-15.,-3.,8.95));
#14040 = DIRECTION('',(1.,0.,-0.));
#14041 = DIRECTION('',(0.,0.,1.));
#14042 = DEFINITIONAL_REPRESENTATION('',(#14043),#14047);
#14043 = LINE('',#14044,#14045);
#14044 = CARTESIAN_POINT('',(0.,0.));
#14045 = VECTOR('',#14046,1.);
#14046 = DIRECTION('',(1.,0.));
#14047 = ( GEOMETRIC_REPRESENTATION_CONTEXT(2) 
PARAMETRIC_REPRESENTATION_CONTEXT() REPRESENTATION_CONTEXT('2D SPACE',''
  ) );
#14048 = PCURVE('',#14049,#14054);
#14049 = PLANE('',#14050);
#14050 = AXIS2_PLACEMENT_3D('',#14051,#14052,#14053);
#14051 = CARTESIAN_POINT('',(-15.,-3.,8.95));
#14052 = DIRECTION('',(-0.,1.,0.));
#14053 = DIRECTION('',(0.,0.,1.));
#14054 = DEFINITIONAL_REPRESENTATION('',(#14055),#14059);
#14055 = LINE('',#14056,#14057);
#14056 = CARTESIAN_POINT('',(0.,0.));
#14057 = VECTOR('',#14058,1.);
#14058 = DIRECTION('',(1.,0.));
#14059 = ( GEOMETRIC_REPRESENTATION_CONTEXT(2) 
PARAMETRIC_REPRESENTATION_CONTEXT() REPRESENTATION_CONTEXT('2D SPACE',''
  ) );
#14060 = ORIENTED_EDGE('',*,*,#14061,.T.);
#14061 = EDGE_CURVE('',#14027,#14062,#14064,.T.);
#14062 = VERTEX_POINT('',#14063);
#14063 = CARTESIAN_POINT('',(-15.,3.,8.95));
#14064 = SURFACE_CURVE('',#14065,(#14069,#14076),.PCURVE_S1.);
#14065 = LINE('',#14066,#14067);
#14066 = CARTESIAN_POINT('',(-15.,-3.,8.95));
#14067 = VECTOR('',#14068,1.);
#14068 = DIRECTION('',(-0.,1.,0.));
#14069 = PCURVE('',#14037,#14070);
#14070 = DEFINITIONAL_REPRESENTATION('',(#14071),#14075);
#14071 = LINE('',#14072,#14073);
#14072 = CARTESIAN_POINT('',(0.,0.));
#14073 = VECTOR('',#14074,1.);
#14074 = DIRECTION('',(0.,-1.));
#14075 = ( GEOMETRIC_REPRESENTATION_CONTEXT(2) 
PARAMETRIC_REPRESENTATION_CONTEXT() REPRESENTATION_CONTEXT('2D SPACE',''
  ) );
#14076 = PCURVE('',#14077,#14082);
#14077 = PLANE('',#14078);
#14078 = AXIS2_PLACEMENT_3D('',#14079,#14080,#14081);
#14079 = CARTESIAN_POINT('',(-15.,-3.,8.95));
#14080 = DIRECTION('',(0.,0.,1.));
#14081 = DIRECTION('',(1.,0.,-0.));
#14082 = DEFINITIONAL_REPRESENTATION('',(#14083),#14087);
#14083 = LINE('',#14084,#14085);
#14084 = CARTESIAN_POINT('',(0.,0.));
#14085 = VECTOR('',#14086,1.);
#14086 = DIRECTION('',(0.,1.));
#14087 = ( GEOMETRIC_REPRESENTATION_CONTEXT(2) 
PARAMETRIC_REPRESENTATION_CONTEXT() REPRESENTATION_CONTEXT('2D SPACE',''
  ) );
#14088 = ORIENTED_EDGE('',*,*,#14089,.T.);
#14089 = EDGE_CURVE('',#14062,#14090,#14092,.T.);
#14090 = VERTEX_POINT('',#14091);
#14091 = CARTESIAN_POINT('',(-15.,3.,11.95));
#14092 = SURFACE_CURVE('',#14093,(#14097,#14104),.PCURVE_S1.);
#14093 = LINE('',#14094,#14095);
#14094 = CARTESIAN_POINT('',(-15.,3.,8.95));
#14095 = VECTOR('',#14096,1.);
#14096 = DIRECTION('',(0.,0.,1.));
#14097 = PCURVE('',#14037,#14098);
#14098 = DEFINITIONAL_REPRESENTATION('',(#14099),#14103);
#14099 = LINE('',#14100,#14101);
#14100 = CARTESIAN_POINT('',(0.,-6.));
#14101 = VECTOR('',#14102,1.);
#14102 = DIRECTION('',(1.,0.));
#14103 = ( GEOMETRIC_REPRESENTATION_CONTEXT(2) 
PARAMETRIC_REPRESENTATION_CONTEXT() REPRESENTATION_CONTEXT('2D SPACE',''
  ) );
#14104 = PCURVE('',#14105,#14110);
#14105 = PLANE('',#14106);
#14106 = AXIS2_PLACEMENT_3D('',#14107,#14108,#14109);
#14107 = CARTESIAN_POINT('',(-15.,3.,8.95));
#14108 = DIRECTION('',(-0.,1.,0.));
#14109 = DIRECTION('',(0.,0.,1.));
#14110 = DEFINITIONAL_REPRESENTATION('',(#14111),#14115);
#14111 = LINE('',#14112,#14113);
#14112 = CARTESIAN_POINT('',(0.,0.));
#14113 = VECTOR('',#14114,1.);
#14114 = DIRECTION('',(1.,0.));
#14115 = ( GEOMETRIC_REPRESENTATION_CONTEXT(2) 
PARAMETRIC_REPRESENTATION_CONTEXT() REPRESENTATION_CONTEXT('2D SPACE',''
  ) );
#14116 = ORIENTED_EDGE('',*,*,#14117,.F.);
#14117 = EDGE_CURVE('',#14029,#14090,#14118,.T.);
#14118 = SURFACE_CURVE('',#14119,(#14123,#14130),.PCURVE_S1.);
#14119 = LINE('',#14120,#14121);
#14120 = CARTESIAN_POINT('',(-15.,-3.,11.95));
#14121 = VECTOR('',#14122,1.);
#14122 = DIRECTION('',(-0.,1.,0.));
#14123 = PCURVE('',#14037,#14124);
#14124 = DEFINITIONAL_REPRESENTATION('',(#14125),#14129);
#14125 = LINE('',#14126,#14127);
#14126 = CARTESIAN_POINT('',(3.,0.));
#14127 = VECTOR('',#14128,1.);
#14128 = DIRECTION('',(0.,-1.));
#14129 = ( GEOMETRIC_REPRESENTATION_CONTEXT(2) 
PARAMETRIC_REPRESENTATION_CONTEXT() REPRESENTATION_CONTEXT('2D SPACE',''
  ) );
#14130 = PCURVE('',#14131,#14136);
#14131 = PLANE('',#14132);
#14132 = AXIS2_PLACEMENT_3D('',#14133,#14134,#14135);
#14133 = CARTESIAN_POINT('',(-15.,-3.,11.95));
#14134 = DIRECTION('',(0.,0.,1.));
#14135 = DIRECTION('',(1.,0.,-0.));
#14136 = DEFINITIONAL_REPRESENTATION('',(#14137),#14141);
#14137 = LINE('',#14138,#14139);
#14138 = CARTESIAN_POINT('',(0.,0.));
#14139 = VECTOR('',#14140,1.);
#14140 = DIRECTION('',(0.,1.));
#14141 = ( GEOMETRIC_REPRESENTATION_CONTEXT(2) 
PARAMETRIC_REPRESENTATION_CONTEXT() REPRESENTATION_CONTEXT('2D SPACE',''
  ) );
#14142 = ADVANCED_FACE('',(#14143,#14339),#14049,.F.);
#14143 = FACE_BOUND('',#14144,.F.);
#14144 = EDGE_LOOP('',(#14145,#14168,#14169,#14192,#14225,#14253,#14280,
    #14308));
#14145 = ORIENTED_EDGE('',*,*,#14146,.F.);
#14146 = EDGE_CURVE('',#14027,#14147,#14149,.T.);
#14147 = VERTEX_POINT('',#14148);
#14148 = CARTESIAN_POINT('',(-11.82287565553,-3.,8.95));
#14149 = SURFACE_CURVE('',#14150,(#14154,#14161),.PCURVE_S1.);
#14150 = LINE('',#14151,#14152);
#14151 = CARTESIAN_POINT('',(-15.,-3.,8.95));
#14152 = VECTOR('',#14153,1.);
#14153 = DIRECTION('',(1.,0.,-0.));
#14154 = PCURVE('',#14049,#14155);
#14155 = DEFINITIONAL_REPRESENTATION('',(#14156),#14160);
#14156 = LINE('',#14157,#14158);
#14157 = CARTESIAN_POINT('',(0.,0.));
#14158 = VECTOR('',#14159,1.);
#14159 = DIRECTION('',(0.,1.));
#14160 = ( GEOMETRIC_REPRESENTATION_CONTEXT(2) 
PARAMETRIC_REPRESENTATION_CONTEXT() REPRESENTATION_CONTEXT('2D SPACE',''
  ) );
#14161 = PCURVE('',#14077,#14162);
#14162 = DEFINITIONAL_REPRESENTATION('',(#14163),#14167);
#14163 = LINE('',#14164,#14165);
#14164 = CARTESIAN_POINT('',(0.,0.));
#14165 = VECTOR('',#14166,1.);
#14166 = DIRECTION('',(1.,0.));
#14167 = ( GEOMETRIC_REPRESENTATION_CONTEXT(2) 
PARAMETRIC_REPRESENTATION_CONTEXT() REPRESENTATION_CONTEXT('2D SPACE',''
  ) );
#14168 = ORIENTED_EDGE('',*,*,#14026,.T.);
#14169 = ORIENTED_EDGE('',*,*,#14170,.T.);
#14170 = EDGE_CURVE('',#14029,#14171,#14173,.T.);
#14171 = VERTEX_POINT('',#14172);
#14172 = CARTESIAN_POINT('',(-11.82287565553,-3.,11.95));
#14173 = SURFACE_CURVE('',#14174,(#14178,#14185),.PCURVE_S1.);
#14174 = LINE('',#14175,#14176);
#14175 = CARTESIAN_POINT('',(-15.,-3.,11.95));
#14176 = VECTOR('',#14177,1.);
#14177 = DIRECTION('',(1.,0.,-0.));
#14178 = PCURVE('',#14049,#14179);
#14179 = DEFINITIONAL_REPRESENTATION('',(#14180),#14184);
#14180 = LINE('',#14181,#14182);
#14181 = CARTESIAN_POINT('',(3.,0.));
#14182 = VECTOR('',#14183,1.);
#14183 = DIRECTION('',(0.,1.));
#14184 = ( GEOMETRIC_REPRESENTATION_CONTEXT(2) 
PARAMETRIC_REPRESENTATION_CONTEXT() REPRESENTATION_CONTEXT('2D SPACE',''
  ) );
#14185 = PCURVE('',#14131,#14186);
#14186 = DEFINITIONAL_REPRESENTATION('',(#14187),#14191);
#14187 = LINE('',#14188,#14189);
#14188 = CARTESIAN_POINT('',(0.,0.));
#14189 = VECTOR('',#14190,1.);
#14190 = DIRECTION('',(1.,0.));
#14191 = ( GEOMETRIC_REPRESENTATION_CONTEXT(2) 
PARAMETRIC_REPRESENTATION_CONTEXT() REPRESENTATION_CONTEXT('2D SPACE',''
  ) );
#14192 = ORIENTED_EDGE('',*,*,#14193,.F.);
#14193 = EDGE_CURVE('',#14194,#14171,#14196,.T.);
#14194 = VERTEX_POINT('',#14195);
#14195 = CARTESIAN_POINT('',(-9.177124344468,-3.,11.95));
#14196 = SURFACE_CURVE('',#14197,(#14202,#14213),.PCURVE_S1.);
#14197 = CIRCLE('',#14198,2.);
#14198 = AXIS2_PLACEMENT_3D('',#14199,#14200,#14201);
#14199 = CARTESIAN_POINT('',(-10.5,-3.,10.45));
#14200 = DIRECTION('',(0.,-1.,2.22044604925E-16));
#14201 = DIRECTION('',(1.,0.,0.));
#14202 = PCURVE('',#14049,#14203);
#14203 = DEFINITIONAL_REPRESENTATION('',(#14204),#14212);
#14204 = ( BOUNDED_CURVE() B_SPLINE_CURVE(2,(#14205,#14206,#14207,#14208
    ,#14209,#14210,#14211),.UNSPECIFIED.,.T.,.F.) 
B_SPLINE_CURVE_WITH_KNOTS((1,2,2,2,2,1),(-2.094395102393,0.,
    2.094395102393,4.188790204786,6.28318530718,8.377580409573),
.UNSPECIFIED.) CURVE() GEOMETRIC_REPRESENTATION_ITEM() 
RATIONAL_B_SPLINE_CURVE((1.,0.5,1.,0.5,1.,0.5,1.)) REPRESENTATION_ITEM(
  '') );
#14205 = CARTESIAN_POINT('',(1.5,6.5));
#14206 = CARTESIAN_POINT('',(4.964101615138,6.5));
#14207 = CARTESIAN_POINT('',(3.232050807569,3.5));
#14208 = CARTESIAN_POINT('',(1.5,0.5));
#14209 = CARTESIAN_POINT('',(-0.232050807569,3.5));
#14210 = CARTESIAN_POINT('',(-1.964101615138,6.5));
#14211 = CARTESIAN_POINT('',(1.5,6.5));
#14212 = ( GEOMETRIC_REPRESENTATION_CONTEXT(2) 
PARAMETRIC_REPRESENTATION_CONTEXT() REPRESENTATION_CONTEXT('2D SPACE',''
  ) );
#14213 = PCURVE('',#14214,#14219);
#14214 = CYLINDRICAL_SURFACE('',#14215,2.);
#14215 = AXIS2_PLACEMENT_3D('',#14216,#14217,#14218);
#14216 = CARTESIAN_POINT('',(-10.5,3.,10.45));
#14217 = DIRECTION('',(0.,-1.,2.22044604925E-16));
#14218 = DIRECTION('',(1.,0.,0.));
#14219 = DEFINITIONAL_REPRESENTATION('',(#14220),#14224);
#14220 = LINE('',#14221,#14222);
#14221 = CARTESIAN_POINT('',(0.,6.));
#14222 = VECTOR('',#14223,1.);
#14223 = DIRECTION('',(1.,0.));
#14224 = ( GEOMETRIC_REPRESENTATION_CONTEXT(2) 
PARAMETRIC_REPRESENTATION_CONTEXT() REPRESENTATION_CONTEXT('2D SPACE',''
  ) );
#14225 = ORIENTED_EDGE('',*,*,#14226,.T.);
#14226 = EDGE_CURVE('',#14194,#14227,#14229,.T.);
#14227 = VERTEX_POINT('',#14228);
#14228 = CARTESIAN_POINT('',(-4.609772228646,-3.,11.95));
#14229 = SURFACE_CURVE('',#14230,(#14234,#14241),.PCURVE_S1.);
#14230 = LINE('',#14231,#14232);
#14231 = CARTESIAN_POINT('',(-15.,-3.,11.95));
#14232 = VECTOR('',#14233,1.);
#14233 = DIRECTION('',(1.,0.,-0.));
#14234 = PCURVE('',#14049,#14235);
#14235 = DEFINITIONAL_REPRESENTATION('',(#14236),#14240);
#14236 = LINE('',#14237,#14238);
#14237 = CARTESIAN_POINT('',(3.,0.));
#14238 = VECTOR('',#14239,1.);
#14239 = DIRECTION('',(0.,1.));
#14240 = ( GEOMETRIC_REPRESENTATION_CONTEXT(2) 
PARAMETRIC_REPRESENTATION_CONTEXT() REPRESENTATION_CONTEXT('2D SPACE',''
  ) );
#14241 = PCURVE('',#14242,#14247);
#14242 = PLANE('',#14243);
#14243 = AXIS2_PLACEMENT_3D('',#14244,#14245,#14246);
#14244 = CARTESIAN_POINT('',(-15.,-3.,11.95));
#14245 = DIRECTION('',(0.,0.,1.));
#14246 = DIRECTION('',(1.,0.,-0.));
#14247 = DEFINITIONAL_REPRESENTATION('',(#14248),#14252);
#14248 = LINE('',#14249,#14250);
#14249 = CARTESIAN_POINT('',(0.,0.));
#14250 = VECTOR('',#14251,1.);
#14251 = DIRECTION('',(1.,0.));
#14252 = ( GEOMETRIC_REPRESENTATION_CONTEXT(2) 
PARAMETRIC_REPRESENTATION_CONTEXT() REPRESENTATION_CONTEXT('2D SPACE',''
  ) );
#14253 = ORIENTED_EDGE('',*,*,#14254,.F.);
#14254 = EDGE_CURVE('',#14255,#14227,#14257,.T.);
#14255 = VERTEX_POINT('',#14256);
#14256 = CARTESIAN_POINT('',(-4.609772228646,-3.,8.95));
#14257 = SURFACE_CURVE('',#14258,(#14262,#14269),.PCURVE_S1.);
#14258 = LINE('',#14259,#14260);
#14259 = CARTESIAN_POINT('',(-4.609772228646,-3.,8.95));
#14260 = VECTOR('',#14261,1.);
#14261 = DIRECTION('',(0.,0.,1.));
#14262 = PCURVE('',#14049,#14263);
#14263 = DEFINITIONAL_REPRESENTATION('',(#14264),#14268);
#14264 = LINE('',#14265,#14266);
#14265 = CARTESIAN_POINT('',(0.,10.390227771354));
#14266 = VECTOR('',#14267,1.);
#14267 = DIRECTION('',(1.,0.));
#14268 = ( GEOMETRIC_REPRESENTATION_CONTEXT(2) 
PARAMETRIC_REPRESENTATION_CONTEXT() REPRESENTATION_CONTEXT('2D SPACE',''
  ) );
#14269 = PCURVE('',#14270,#14275);
#14270 = CYLINDRICAL_SURFACE('',#14271,5.5);
#14271 = AXIS2_PLACEMENT_3D('',#14272,#14273,#14274);
#14272 = CARTESIAN_POINT('',(0.,0.,8.95));
#14273 = DIRECTION('',(0.,0.,1.));
#14274 = DIRECTION('',(1.,0.,-0.));
#14275 = DEFINITIONAL_REPRESENTATION('',(#14276),#14279);
#14276 = B_SPLINE_CURVE_WITH_KNOTS('',1,(#14277,#14278),.UNSPECIFIED.,
  .F.,.F.,(2,2),(0.,3.),.PIECEWISE_BEZIER_KNOTS.);
#14277 = CARTESIAN_POINT('',(3.718523998826,0.));
#14278 = CARTESIAN_POINT('',(3.718523998826,3.));
#14279 = ( GEOMETRIC_REPRESENTATION_CONTEXT(2) 
PARAMETRIC_REPRESENTATION_CONTEXT() REPRESENTATION_CONTEXT('2D SPACE',''
  ) );
#14280 = ORIENTED_EDGE('',*,*,#14281,.F.);
#14281 = EDGE_CURVE('',#14282,#14255,#14284,.T.);
#14282 = VERTEX_POINT('',#14283);
#14283 = CARTESIAN_POINT('',(-9.177124344468,-3.,8.95));
#14284 = SURFACE_CURVE('',#14285,(#14289,#14296),.PCURVE_S1.);
#14285 = LINE('',#14286,#14287);
#14286 = CARTESIAN_POINT('',(-15.,-3.,8.95));
#14287 = VECTOR('',#14288,1.);
#14288 = DIRECTION('',(1.,0.,-0.));
#14289 = PCURVE('',#14049,#14290);
#14290 = DEFINITIONAL_REPRESENTATION('',(#14291),#14295);
#14291 = LINE('',#14292,#14293);
#14292 = CARTESIAN_POINT('',(0.,0.));
#14293 = VECTOR('',#14294,1.);
#14294 = DIRECTION('',(0.,1.));
#14295 = ( GEOMETRIC_REPRESENTATION_CONTEXT(2) 
PARAMETRIC_REPRESENTATION_CONTEXT() REPRESENTATION_CONTEXT('2D SPACE',''
  ) );
#14296 = PCURVE('',#14297,#14302);
#14297 = PLANE('',#14298);
#14298 = AXIS2_PLACEMENT_3D('',#14299,#14300,#14301);
#14299 = CARTESIAN_POINT('',(-15.,-3.,8.95));
#14300 = DIRECTION('',(0.,0.,1.));
#14301 = DIRECTION('',(1.,0.,-0.));
#14302 = DEFINITIONAL_REPRESENTATION('',(#14303),#14307);
#14303 = LINE('',#14304,#14305);
#14304 = CARTESIAN_POINT('',(0.,0.));
#14305 = VECTOR('',#14306,1.);
#14306 = DIRECTION('',(1.,0.));
#14307 = ( GEOMETRIC_REPRESENTATION_CONTEXT(2) 
PARAMETRIC_REPRESENTATION_CONTEXT() REPRESENTATION_CONTEXT('2D SPACE',''
  ) );
#14308 = ORIENTED_EDGE('',*,*,#14309,.F.);
#14309 = EDGE_CURVE('',#14147,#14282,#14310,.T.);
#14310 = SURFACE_CURVE('',#14311,(#14316,#14327),.PCURVE_S1.);
#14311 = CIRCLE('',#14312,2.);
#14312 = AXIS2_PLACEMENT_3D('',#14313,#14314,#14315);
#14313 = CARTESIAN_POINT('',(-10.5,-3.,10.45));
#14314 = DIRECTION('',(0.,-1.,2.22044604925E-16));
#14315 = DIRECTION('',(1.,0.,0.));
#14316 = PCURVE('',#14049,#14317);
#14317 = DEFINITIONAL_REPRESENTATION('',(#14318),#14326);
#14318 = ( BOUNDED_CURVE() B_SPLINE_CURVE(2,(#14319,#14320,#14321,#14322
    ,#14323,#14324,#14325),.UNSPECIFIED.,.T.,.F.) 
B_SPLINE_CURVE_WITH_KNOTS((1,2,2,2,2,1),(-2.094395102393,0.,
    2.094395102393,4.188790204786,6.28318530718,8.377580409573),
.UNSPECIFIED.) CURVE() GEOMETRIC_REPRESENTATION_ITEM() 
RATIONAL_B_SPLINE_CURVE((1.,0.5,1.,0.5,1.,0.5,1.)) REPRESENTATION_ITEM(
  '') );
#14319 = CARTESIAN_POINT('',(1.5,6.5));
#14320 = CARTESIAN_POINT('',(4.964101615138,6.5));
#14321 = CARTESIAN_POINT('',(3.232050807569,3.5));
#14322 = CARTESIAN_POINT('',(1.5,0.5));
#14323 = CARTESIAN_POINT('',(-0.232050807569,3.5));
#14324 = CARTESIAN_POINT('',(-1.964101615138,6.5));
#14325 = CARTESIAN_POINT('',(1.5,6.5));
#14326 = ( GEOMETRIC_REPRESENTATION_CONTEXT(2) 
PARAMETRIC_REPRESENTATION_CONTEXT() REPRESENTATION_CONTEXT('2D SPACE',''
  ) );
#14327 = PCURVE('',#14328,#14333);
#14328 = CYLINDRICAL_SURFACE('',#14329,2.);
#14329 = AXIS2_PLACEMENT_3D('',#14330,#14331,#14332);
#14330 = CARTESIAN_POINT('',(-10.5,3.,10.45));
#14331 = DIRECTION('',(0.,-1.,2.22044604925E-16));
#14332 = DIRECTION('',(1.,0.,0.));
#14333 = DEFINITIONAL_REPRESENTATION('',(#14334),#14338);
#14334 = LINE('',#14335,#14336);
#14335 = CARTESIAN_POINT('',(0.,6.));
#14336 = VECTOR('',#14337,1.);
#14337 = DIRECTION('',(1.,0.));
#14338 = ( GEOMETRIC_REPRESENTATION_CONTEXT(2) 
PARAMETRIC_REPRESENTATION_CONTEXT() REPRESENTATION_CONTEXT('2D SPACE',''
  ) );
#14339 = FACE_BOUND('',#14340,.F.);
#14340 = EDGE_LOOP('',(#14341));
#14341 = ORIENTED_EDGE('',*,*,#14342,.T.);
#14342 = EDGE_CURVE('',#14343,#14343,#14345,.T.);
#14343 = VERTEX_POINT('',#14344);
#14344 = CARTESIAN_POINT('',(-9.375,-3.,10.45));
#14345 = SURFACE_CURVE('',#14346,(#14351,#14362),.PCURVE_S1.);
#14346 = CIRCLE('',#14347,1.125);
#14347 = AXIS2_PLACEMENT_3D('',#14348,#14349,#14350);
#14348 = CARTESIAN_POINT('',(-10.5,-3.,10.45));
#14349 = DIRECTION('',(0.,-1.,2.22044604925E-16));
#14350 = DIRECTION('',(1.,0.,0.));
#14351 = PCURVE('',#14049,#14352);
#14352 = DEFINITIONAL_REPRESENTATION('',(#14353),#14361);
#14353 = ( BOUNDED_CURVE() B_SPLINE_CURVE(2,(#14354,#14355,#14356,#14357
    ,#14358,#14359,#14360),.UNSPECIFIED.,.T.,.F.) 
B_SPLINE_CURVE_WITH_KNOTS((1,2,2,2,2,1),(-2.094395102393,0.,
    2.094395102393,4.188790204786,6.28318530718,8.377580409573),
.UNSPECIFIED.) CURVE() GEOMETRIC_REPRESENTATION_ITEM() 
RATIONAL_B_SPLINE_CURVE((1.,0.5,1.,0.5,1.,0.5,1.)) REPRESENTATION_ITEM(
  '') );
#14354 = CARTESIAN_POINT('',(1.5,5.625));
#14355 = CARTESIAN_POINT('',(3.448557158515,5.625));
#14356 = CARTESIAN_POINT('',(2.474278579257,3.9375));
#14357 = CARTESIAN_POINT('',(1.5,2.25));
#14358 = CARTESIAN_POINT('',(0.525721420743,3.9375));
#14359 = CARTESIAN_POINT('',(-0.448557158515,5.625));
#14360 = CARTESIAN_POINT('',(1.5,5.625));
#14361 = ( GEOMETRIC_REPRESENTATION_CONTEXT(2) 
PARAMETRIC_REPRESENTATION_CONTEXT() REPRESENTATION_CONTEXT('2D SPACE',''
  ) );
#14362 = PCURVE('',#14363,#14368);
#14363 = CYLINDRICAL_SURFACE('',#14364,1.125);
#14364 = AXIS2_PLACEMENT_3D('',#14365,#14366,#14367);
#14365 = CARTESIAN_POINT('',(-10.5,4.,10.45));
#14366 = DIRECTION('',(0.,-1.,2.22044604925E-16));
#14367 = DIRECTION('',(1.,0.,0.));
#14368 = DEFINITIONAL_REPRESENTATION('',(#14369),#14373);
#14369 = LINE('',#14370,#14371);
#14370 = CARTESIAN_POINT('',(0.,7.));
#14371 = VECTOR('',#14372,1.);
#14372 = DIRECTION('',(1.,0.));
#14373 = ( GEOMETRIC_REPRESENTATION_CONTEXT(2) 
PARAMETRIC_REPRESENTATION_CONTEXT() REPRESENTATION_CONTEXT('2D SPACE',''
  ) );
#14374 = ADVANCED_FACE('',(#14375),#14131,.T.);
#14375 = FACE_BOUND('',#14376,.T.);
#14376 = EDGE_LOOP('',(#14377,#14400,#14401,#14402));
#14377 = ORIENTED_EDGE('',*,*,#14378,.F.);
#14378 = EDGE_CURVE('',#14090,#14379,#14381,.T.);
#14379 = VERTEX_POINT('',#14380);
#14380 = CARTESIAN_POINT('',(-11.82287565553,3.,11.95));
#14381 = SURFACE_CURVE('',#14382,(#14386,#14393),.PCURVE_S1.);
#14382 = LINE('',#14383,#14384);
#14383 = CARTESIAN_POINT('',(-15.,3.,11.95));
#14384 = VECTOR('',#14385,1.);
#14385 = DIRECTION('',(1.,0.,-0.));
#14386 = PCURVE('',#14131,#14387);
#14387 = DEFINITIONAL_REPRESENTATION('',(#14388),#14392);
#14388 = LINE('',#14389,#14390);
#14389 = CARTESIAN_POINT('',(0.,6.));
#14390 = VECTOR('',#14391,1.);
#14391 = DIRECTION('',(1.,0.));
#14392 = ( GEOMETRIC_REPRESENTATION_CONTEXT(2) 
PARAMETRIC_REPRESENTATION_CONTEXT() REPRESENTATION_CONTEXT('2D SPACE',''
  ) );
#14393 = PCURVE('',#14105,#14394);
#14394 = DEFINITIONAL_REPRESENTATION('',(#14395),#14399);
#14395 = LINE('',#14396,#14397);
#14396 = CARTESIAN_POINT('',(3.,0.));
#14397 = VECTOR('',#14398,1.);
#14398 = DIRECTION('',(0.,1.));
#14399 = ( GEOMETRIC_REPRESENTATION_CONTEXT(2) 
PARAMETRIC_REPRESENTATION_CONTEXT() REPRESENTATION_CONTEXT('2D SPACE',''
  ) );
#14400 = ORIENTED_EDGE('',*,*,#14117,.F.);
#14401 = ORIENTED_EDGE('',*,*,#14170,.T.);
#14402 = ORIENTED_EDGE('',*,*,#14403,.F.);
#14403 = EDGE_CURVE('',#14379,#14171,#14404,.T.);
#14404 = SURFACE_CURVE('',#14405,(#14409,#14415),.PCURVE_S1.);
#14405 = LINE('',#14406,#14407);
#14406 = CARTESIAN_POINT('',(-11.82287565553,3.,11.95));
#14407 = VECTOR('',#14408,1.);
#14408 = DIRECTION('',(0.,-1.,2.22044604925E-16));
#14409 = PCURVE('',#14131,#14410);
#14410 = DEFINITIONAL_REPRESENTATION('',(#14411),#14414);
#14411 = B_SPLINE_CURVE_WITH_KNOTS('',1,(#14412,#14413),.UNSPECIFIED.,
  .F.,.F.,(2,2),(-6.000000003503E-07,6.0000006),
  .PIECEWISE_BEZIER_KNOTS.);
#14412 = CARTESIAN_POINT('',(3.177124344468,6.0000006));
#14413 = CARTESIAN_POINT('',(3.177124344468,-5.999999999062E-07));
#14414 = ( GEOMETRIC_REPRESENTATION_CONTEXT(2) 
PARAMETRIC_REPRESENTATION_CONTEXT() REPRESENTATION_CONTEXT('2D SPACE',''
  ) );
#14415 = PCURVE('',#14214,#14416);
#14416 = DEFINITIONAL_REPRESENTATION('',(#14417),#14420);
#14417 = B_SPLINE_CURVE_WITH_KNOTS('',1,(#14418,#14419),.UNSPECIFIED.,
  .F.,.F.,(2,2),(-6.000000003503E-07,6.0000006),
  .PIECEWISE_BEZIER_KNOTS.);
#14418 = CARTESIAN_POINT('',(2.293530574608,-6.000000000173E-07));
#14419 = CARTESIAN_POINT('',(2.293530574608,6.0000006));
#14420 = ( GEOMETRIC_REPRESENTATION_CONTEXT(2) 
PARAMETRIC_REPRESENTATION_CONTEXT() REPRESENTATION_CONTEXT('2D SPACE',''
  ) );
#14421 = ADVANCED_FACE('',(#14422,#14571),#14105,.T.);
#14422 = FACE_BOUND('',#14423,.T.);
#14423 = EDGE_LOOP('',(#14424,#14447,#14448,#14449,#14477,#14500,#14522,
    #14545));
#14424 = ORIENTED_EDGE('',*,*,#14425,.F.);
#14425 = EDGE_CURVE('',#14062,#14426,#14428,.T.);
#14426 = VERTEX_POINT('',#14427);
#14427 = CARTESIAN_POINT('',(-11.82287565553,3.,8.95));
#14428 = SURFACE_CURVE('',#14429,(#14433,#14440),.PCURVE_S1.);
#14429 = LINE('',#14430,#14431);
#14430 = CARTESIAN_POINT('',(-15.,3.,8.95));
#14431 = VECTOR('',#14432,1.);
#14432 = DIRECTION('',(1.,0.,-0.));
#14433 = PCURVE('',#14105,#14434);
#14434 = DEFINITIONAL_REPRESENTATION('',(#14435),#14439);
#14435 = LINE('',#14436,#14437);
#14436 = CARTESIAN_POINT('',(0.,0.));
#14437 = VECTOR('',#14438,1.);
#14438 = DIRECTION('',(0.,1.));
#14439 = ( GEOMETRIC_REPRESENTATION_CONTEXT(2) 
PARAMETRIC_REPRESENTATION_CONTEXT() REPRESENTATION_CONTEXT('2D SPACE',''
  ) );
#14440 = PCURVE('',#14077,#14441);
#14441 = DEFINITIONAL_REPRESENTATION('',(#14442),#14446);
#14442 = LINE('',#14443,#14444);
#14443 = CARTESIAN_POINT('',(0.,6.));
#14444 = VECTOR('',#14445,1.);
#14445 = DIRECTION('',(1.,0.));
#14446 = ( GEOMETRIC_REPRESENTATION_CONTEXT(2) 
PARAMETRIC_REPRESENTATION_CONTEXT() REPRESENTATION_CONTEXT('2D SPACE',''
  ) );
#14447 = ORIENTED_EDGE('',*,*,#14089,.T.);
#14448 = ORIENTED_EDGE('',*,*,#14378,.T.);
#14449 = ORIENTED_EDGE('',*,*,#14450,.F.);
#14450 = EDGE_CURVE('',#14451,#14379,#14453,.T.);
#14451 = VERTEX_POINT('',#14452);
#14452 = CARTESIAN_POINT('',(-9.177124344468,3.,11.95));
#14453 = SURFACE_CURVE('',#14454,(#14459,#14470),.PCURVE_S1.);
#14454 = CIRCLE('',#14455,2.);
#14455 = AXIS2_PLACEMENT_3D('',#14456,#14457,#14458);
#14456 = CARTESIAN_POINT('',(-10.5,3.,10.45));
#14457 = DIRECTION('',(0.,-1.,2.22044604925E-16));
#14458 = DIRECTION('',(1.,0.,0.));
#14459 = PCURVE('',#14105,#14460);
#14460 = DEFINITIONAL_REPRESENTATION('',(#14461),#14469);
#14461 = ( BOUNDED_CURVE() B_SPLINE_CURVE(2,(#14462,#14463,#14464,#14465
    ,#14466,#14467,#14468),.UNSPECIFIED.,.T.,.F.) 
B_SPLINE_CURVE_WITH_KNOTS((1,2,2,2,2,1),(-2.094395102393,0.,
    2.094395102393,4.188790204786,6.28318530718,8.377580409573),
.UNSPECIFIED.) CURVE() GEOMETRIC_REPRESENTATION_ITEM() 
RATIONAL_B_SPLINE_CURVE((1.,0.5,1.,0.5,1.,0.5,1.)) REPRESENTATION_ITEM(
  '') );
#14462 = CARTESIAN_POINT('',(1.5,6.5));
#14463 = CARTESIAN_POINT('',(4.964101615138,6.5));
#14464 = CARTESIAN_POINT('',(3.232050807569,3.5));
#14465 = CARTESIAN_POINT('',(1.5,0.5));
#14466 = CARTESIAN_POINT('',(-0.232050807569,3.5));
#14467 = CARTESIAN_POINT('',(-1.964101615138,6.5));
#14468 = CARTESIAN_POINT('',(1.5,6.5));
#14469 = ( GEOMETRIC_REPRESENTATION_CONTEXT(2) 
PARAMETRIC_REPRESENTATION_CONTEXT() REPRESENTATION_CONTEXT('2D SPACE',''
  ) );
#14470 = PCURVE('',#14214,#14471);
#14471 = DEFINITIONAL_REPRESENTATION('',(#14472),#14476);
#14472 = LINE('',#14473,#14474);
#14473 = CARTESIAN_POINT('',(0.,0.));
#14474 = VECTOR('',#14475,1.);
#14475 = DIRECTION('',(1.,0.));
#14476 = ( GEOMETRIC_REPRESENTATION_CONTEXT(2) 
PARAMETRIC_REPRESENTATION_CONTEXT() REPRESENTATION_CONTEXT('2D SPACE',''
  ) );
#14477 = ORIENTED_EDGE('',*,*,#14478,.T.);
#14478 = EDGE_CURVE('',#14451,#14479,#14481,.T.);
#14479 = VERTEX_POINT('',#14480);
#14480 = CARTESIAN_POINT('',(-4.609772228646,3.,11.95));
#14481 = SURFACE_CURVE('',#14482,(#14486,#14493),.PCURVE_S1.);
#14482 = LINE('',#14483,#14484);
#14483 = CARTESIAN_POINT('',(-15.,3.,11.95));
#14484 = VECTOR('',#14485,1.);
#14485 = DIRECTION('',(1.,0.,-0.));
#14486 = PCURVE('',#14105,#14487);
#14487 = DEFINITIONAL_REPRESENTATION('',(#14488),#14492);
#14488 = LINE('',#14489,#14490);
#14489 = CARTESIAN_POINT('',(3.,0.));
#14490 = VECTOR('',#14491,1.);
#14491 = DIRECTION('',(0.,1.));
#14492 = ( GEOMETRIC_REPRESENTATION_CONTEXT(2) 
PARAMETRIC_REPRESENTATION_CONTEXT() REPRESENTATION_CONTEXT('2D SPACE',''
  ) );
#14493 = PCURVE('',#14242,#14494);
#14494 = DEFINITIONAL_REPRESENTATION('',(#14495),#14499);
#14495 = LINE('',#14496,#14497);
#14496 = CARTESIAN_POINT('',(0.,6.));
#14497 = VECTOR('',#14498,1.);
#14498 = DIRECTION('',(1.,0.));
#14499 = ( GEOMETRIC_REPRESENTATION_CONTEXT(2) 
PARAMETRIC_REPRESENTATION_CONTEXT() REPRESENTATION_CONTEXT('2D SPACE',''
  ) );
#14500 = ORIENTED_EDGE('',*,*,#14501,.F.);
#14501 = EDGE_CURVE('',#14502,#14479,#14504,.T.);
#14502 = VERTEX_POINT('',#14503);
#14503 = CARTESIAN_POINT('',(-4.609772228646,3.,8.95));
#14504 = SURFACE_CURVE('',#14505,(#14509,#14516),.PCURVE_S1.);
#14505 = LINE('',#14506,#14507);
#14506 = CARTESIAN_POINT('',(-4.609772228646,3.,8.95));
#14507 = VECTOR('',#14508,1.);
#14508 = DIRECTION('',(0.,0.,1.));
#14509 = PCURVE('',#14105,#14510);
#14510 = DEFINITIONAL_REPRESENTATION('',(#14511),#14515);
#14511 = LINE('',#14512,#14513);
#14512 = CARTESIAN_POINT('',(0.,10.390227771354));
#14513 = VECTOR('',#14514,1.);
#14514 = DIRECTION('',(1.,0.));
#14515 = ( GEOMETRIC_REPRESENTATION_CONTEXT(2) 
PARAMETRIC_REPRESENTATION_CONTEXT() REPRESENTATION_CONTEXT('2D SPACE',''
  ) );
#14516 = PCURVE('',#14270,#14517);
#14517 = DEFINITIONAL_REPRESENTATION('',(#14518),#14521);
#14518 = B_SPLINE_CURVE_WITH_KNOTS('',1,(#14519,#14520),.UNSPECIFIED.,
  .F.,.F.,(2,2),(0.,3.),.PIECEWISE_BEZIER_KNOTS.);
#14519 = CARTESIAN_POINT('',(8.847846615533,0.));
#14520 = CARTESIAN_POINT('',(8.847846615533,3.));
#14521 = ( GEOMETRIC_REPRESENTATION_CONTEXT(2) 
PARAMETRIC_REPRESENTATION_CONTEXT() REPRESENTATION_CONTEXT('2D SPACE',''
  ) );
#14522 = ORIENTED_EDGE('',*,*,#14523,.F.);
#14523 = EDGE_CURVE('',#14524,#14502,#14526,.T.);
#14524 = VERTEX_POINT('',#14525);
#14525 = CARTESIAN_POINT('',(-9.177124344468,3.,8.95));
#14526 = SURFACE_CURVE('',#14527,(#14531,#14538),.PCURVE_S1.);
#14527 = LINE('',#14528,#14529);
#14528 = CARTESIAN_POINT('',(-15.,3.,8.95));
#14529 = VECTOR('',#14530,1.);
#14530 = DIRECTION('',(1.,0.,-0.));
#14531 = PCURVE('',#14105,#14532);
#14532 = DEFINITIONAL_REPRESENTATION('',(#14533),#14537);
#14533 = LINE('',#14534,#14535);
#14534 = CARTESIAN_POINT('',(0.,0.));
#14535 = VECTOR('',#14536,1.);
#14536 = DIRECTION('',(0.,1.));
#14537 = ( GEOMETRIC_REPRESENTATION_CONTEXT(2) 
PARAMETRIC_REPRESENTATION_CONTEXT() REPRESENTATION_CONTEXT('2D SPACE',''
  ) );
#14538 = PCURVE('',#14297,#14539);
#14539 = DEFINITIONAL_REPRESENTATION('',(#14540),#14544);
#14540 = LINE('',#14541,#14542);
#14541 = CARTESIAN_POINT('',(0.,6.));
#14542 = VECTOR('',#14543,1.);
#14543 = DIRECTION('',(1.,0.));
#14544 = ( GEOMETRIC_REPRESENTATION_CONTEXT(2) 
PARAMETRIC_REPRESENTATION_CONTEXT() REPRESENTATION_CONTEXT('2D SPACE',''
  ) );
#14545 = ORIENTED_EDGE('',*,*,#14546,.F.);
#14546 = EDGE_CURVE('',#14426,#14524,#14547,.T.);
#14547 = SURFACE_CURVE('',#14548,(#14553,#14564),.PCURVE_S1.);
#14548 = CIRCLE('',#14549,2.);
#14549 = AXIS2_PLACEMENT_3D('',#14550,#14551,#14552);
#14550 = CARTESIAN_POINT('',(-10.5,3.,10.45));
#14551 = DIRECTION('',(0.,-1.,2.22044604925E-16));
#14552 = DIRECTION('',(1.,0.,0.));
#14553 = PCURVE('',#14105,#14554);
#14554 = DEFINITIONAL_REPRESENTATION('',(#14555),#14563);
#14555 = ( BOUNDED_CURVE() B_SPLINE_CURVE(2,(#14556,#14557,#14558,#14559
    ,#14560,#14561,#14562),.UNSPECIFIED.,.T.,.F.) 
B_SPLINE_CURVE_WITH_KNOTS((1,2,2,2,2,1),(-2.094395102393,0.,
    2.094395102393,4.188790204786,6.28318530718,8.377580409573),
.UNSPECIFIED.) CURVE() GEOMETRIC_REPRESENTATION_ITEM() 
RATIONAL_B_SPLINE_CURVE((1.,0.5,1.,0.5,1.,0.5,1.)) REPRESENTATION_ITEM(
  '') );
#14556 = CARTESIAN_POINT('',(1.5,6.5));
#14557 = CARTESIAN_POINT('',(4.964101615138,6.5));
#14558 = CARTESIAN_POINT('',(3.232050807569,3.5));
#14559 = CARTESIAN_POINT('',(1.5,0.5));
#14560 = CARTESIAN_POINT('',(-0.232050807569,3.5));
#14561 = CARTESIAN_POINT('',(-1.964101615138,6.5));
#14562 = CARTESIAN_POINT('',(1.5,6.5));
#14563 = ( GEOMETRIC_REPRESENTATION_CONTEXT(2) 
PARAMETRIC_REPRESENTATION_CONTEXT() REPRESENTATION_CONTEXT('2D SPACE',''
  ) );
#14564 = PCURVE('',#14328,#14565);
#14565 = DEFINITIONAL_REPRESENTATION('',(#14566),#14570);
#14566 = LINE('',#14567,#14568);
#14567 = CARTESIAN_POINT('',(0.,0.));
#14568 = VECTOR('',#14569,1.);
#14569 = DIRECTION('',(1.,0.));
#14570 = ( GEOMETRIC_REPRESENTATION_CONTEXT(2) 
PARAMETRIC_REPRESENTATION_CONTEXT() REPRESENTATION_CONTEXT('2D SPACE',''
  ) );
#14571 = FACE_BOUND('',#14572,.T.);
#14572 = EDGE_LOOP('',(#14573));
#14573 = ORIENTED_EDGE('',*,*,#14574,.T.);
#14574 = EDGE_CURVE('',#14575,#14575,#14577,.T.);
#14575 = VERTEX_POINT('',#14576);
#14576 = CARTESIAN_POINT('',(-9.375,3.,10.45));
#14577 = SURFACE_CURVE('',#14578,(#14583,#14594),.PCURVE_S1.);
#14578 = CIRCLE('',#14579,1.125);
#14579 = AXIS2_PLACEMENT_3D('',#14580,#14581,#14582);
#14580 = CARTESIAN_POINT('',(-10.5,3.,10.45));
#14581 = DIRECTION('',(0.,-1.,2.22044604925E-16));
#14582 = DIRECTION('',(1.,0.,0.));
#14583 = PCURVE('',#14105,#14584);
#14584 = DEFINITIONAL_REPRESENTATION('',(#14585),#14593);
#14585 = ( BOUNDED_CURVE() B_SPLINE_CURVE(2,(#14586,#14587,#14588,#14589
    ,#14590,#14591,#14592),.UNSPECIFIED.,.T.,.F.) 
B_SPLINE_CURVE_WITH_KNOTS((1,2,2,2,2,1),(-2.094395102393,0.,
    2.094395102393,4.188790204786,6.28318530718,8.377580409573),
.UNSPECIFIED.) CURVE() GEOMETRIC_REPRESENTATION_ITEM() 
RATIONAL_B_SPLINE_CURVE((1.,0.5,1.,0.5,1.,0.5,1.)) REPRESENTATION_ITEM(
  '') );
#14586 = CARTESIAN_POINT('',(1.5,5.625));
#14587 = CARTESIAN_POINT('',(3.448557158515,5.625));
#14588 = CARTESIAN_POINT('',(2.474278579257,3.9375));
#14589 = CARTESIAN_POINT('',(1.5,2.25));
#14590 = CARTESIAN_POINT('',(0.525721420743,3.9375));
#14591 = CARTESIAN_POINT('',(-0.448557158515,5.625));
#14592 = CARTESIAN_POINT('',(1.5,5.625));
#14593 = ( GEOMETRIC_REPRESENTATION_CONTEXT(2) 
PARAMETRIC_REPRESENTATION_CONTEXT() REPRESENTATION_CONTEXT('2D SPACE',''
  ) );
#14594 = PCURVE('',#14363,#14595);
#14595 = DEFINITIONAL_REPRESENTATION('',(#14596),#14600);
#14596 = LINE('',#14597,#14598);
#14597 = CARTESIAN_POINT('',(0.,1.));
#14598 = VECTOR('',#14599,1.);
#14599 = DIRECTION('',(1.,0.));
#14600 = ( GEOMETRIC_REPRESENTATION_CONTEXT(2) 
PARAMETRIC_REPRESENTATION_CONTEXT() REPRESENTATION_CONTEXT('2D SPACE',''
  ) );
#14601 = ADVANCED_FACE('',(#14602),#14077,.F.);
#14602 = FACE_BOUND('',#14603,.F.);
#14603 = EDGE_LOOP('',(#14604,#14605,#14606,#14607));
#14604 = ORIENTED_EDGE('',*,*,#14425,.F.);
#14605 = ORIENTED_EDGE('',*,*,#14061,.F.);
#14606 = ORIENTED_EDGE('',*,*,#14146,.T.);
#14607 = ORIENTED_EDGE('',*,*,#14608,.F.);
#14608 = EDGE_CURVE('',#14426,#14147,#14609,.T.);
#14609 = SURFACE_CURVE('',#14610,(#14614,#14620),.PCURVE_S1.);
#14610 = LINE('',#14611,#14612);
#14611 = CARTESIAN_POINT('',(-11.82287565553,3.,8.95));
#14612 = VECTOR('',#14613,1.);
#14613 = DIRECTION('',(0.,-1.,2.22044604925E-16));
#14614 = PCURVE('',#14077,#14615);
#14615 = DEFINITIONAL_REPRESENTATION('',(#14616),#14619);
#14616 = B_SPLINE_CURVE_WITH_KNOTS('',1,(#14617,#14618),.UNSPECIFIED.,
  .F.,.F.,(2,2),(-5.999999994621E-07,6.0000006),
  .PIECEWISE_BEZIER_KNOTS.);
#14617 = CARTESIAN_POINT('',(3.177124344468,6.0000006));
#14618 = CARTESIAN_POINT('',(3.177124344468,-5.999999999062E-07));
#14619 = ( GEOMETRIC_REPRESENTATION_CONTEXT(2) 
PARAMETRIC_REPRESENTATION_CONTEXT() REPRESENTATION_CONTEXT('2D SPACE',''
  ) );
#14620 = PCURVE('',#14328,#14621);
#14621 = DEFINITIONAL_REPRESENTATION('',(#14622),#14625);
#14622 = B_SPLINE_CURVE_WITH_KNOTS('',1,(#14623,#14624),.UNSPECIFIED.,
  .F.,.F.,(2,2),(-5.999999994621E-07,6.0000006),
  .PIECEWISE_BEZIER_KNOTS.);
#14623 = CARTESIAN_POINT('',(3.989654732571,-5.999999997952E-07));
#14624 = CARTESIAN_POINT('',(3.989654732571,6.0000006));
#14625 = ( GEOMETRIC_REPRESENTATION_CONTEXT(2) 
PARAMETRIC_REPRESENTATION_CONTEXT() REPRESENTATION_CONTEXT('2D SPACE',''
  ) );
#14626 = ADVANCED_FACE('',(#14627),#14328,.T.);
#14627 = FACE_BOUND('',#14628,.T.);
#14628 = EDGE_LOOP('',(#14629,#14648,#14649,#14650));
#14629 = ORIENTED_EDGE('',*,*,#14630,.T.);
#14630 = EDGE_CURVE('',#14524,#14282,#14631,.T.);
#14631 = SURFACE_CURVE('',#14632,(#14636,#14642),.PCURVE_S1.);
#14632 = LINE('',#14633,#14634);
#14633 = CARTESIAN_POINT('',(-9.177124344468,3.,8.95));
#14634 = VECTOR('',#14635,1.);
#14635 = DIRECTION('',(0.,-1.,2.22044604925E-16));
#14636 = PCURVE('',#14328,#14637);
#14637 = DEFINITIONAL_REPRESENTATION('',(#14638),#14641);
#14638 = B_SPLINE_CURVE_WITH_KNOTS('',1,(#14639,#14640),.UNSPECIFIED.,
  .F.,.F.,(2,2),(-5.999999994621E-07,6.0000006),
  .PIECEWISE_BEZIER_KNOTS.);
#14639 = CARTESIAN_POINT('',(5.435123228198,-5.999999997952E-07));
#14640 = CARTESIAN_POINT('',(5.435123228198,6.0000006));
#14641 = ( GEOMETRIC_REPRESENTATION_CONTEXT(2) 
PARAMETRIC_REPRESENTATION_CONTEXT() REPRESENTATION_CONTEXT('2D SPACE',''
  ) );
#14642 = PCURVE('',#14297,#14643);
#14643 = DEFINITIONAL_REPRESENTATION('',(#14644),#14647);
#14644 = B_SPLINE_CURVE_WITH_KNOTS('',1,(#14645,#14646),.UNSPECIFIED.,
  .F.,.F.,(2,2),(-5.999999994621E-07,6.0000006),
  .PIECEWISE_BEZIER_KNOTS.);
#14645 = CARTESIAN_POINT('',(5.822875655532,6.0000006));
#14646 = CARTESIAN_POINT('',(5.822875655532,-5.999999999062E-07));
#14647 = ( GEOMETRIC_REPRESENTATION_CONTEXT(2) 
PARAMETRIC_REPRESENTATION_CONTEXT() REPRESENTATION_CONTEXT('2D SPACE',''
  ) );
#14648 = ORIENTED_EDGE('',*,*,#14309,.F.);
#14649 = ORIENTED_EDGE('',*,*,#14608,.F.);
#14650 = ORIENTED_EDGE('',*,*,#14546,.T.);
#14651 = ADVANCED_FACE('',(#14652,#14683),#14297,.F.);
#14652 = FACE_BOUND('',#14653,.F.);
#14653 = EDGE_LOOP('',(#14654,#14655,#14656,#14657));
#14654 = ORIENTED_EDGE('',*,*,#14523,.F.);
#14655 = ORIENTED_EDGE('',*,*,#14630,.T.);
#14656 = ORIENTED_EDGE('',*,*,#14281,.T.);
#14657 = ORIENTED_EDGE('',*,*,#14658,.F.);
#14658 = EDGE_CURVE('',#14502,#14255,#14659,.T.);
#14659 = SURFACE_CURVE('',#14660,(#14665,#14676),.PCURVE_S1.);
#14660 = CIRCLE('',#14661,5.5);
#14661 = AXIS2_PLACEMENT_3D('',#14662,#14663,#14664);
#14662 = CARTESIAN_POINT('',(0.,0.,8.95));
#14663 = DIRECTION('',(0.,0.,-1.));
#14664 = DIRECTION('',(-0.838140405208,0.545454545455,0.));
#14665 = PCURVE('',#14297,#14666);
#14666 = DEFINITIONAL_REPRESENTATION('',(#14667),#14675);
#14667 = ( BOUNDED_CURVE() B_SPLINE_CURVE(2,(#14668,#14669,#14670,#14671
    ,#14672,#14673,#14674),.UNSPECIFIED.,.T.,.F.) 
B_SPLINE_CURVE_WITH_KNOTS((1,2,2,2,2,1),(-2.094395102393,0.,
    2.094395102393,4.188790204786,6.28318530718,8.377580409573),
.UNSPECIFIED.) CURVE() GEOMETRIC_REPRESENTATION_ITEM() 
RATIONAL_B_SPLINE_CURVE((1.,0.5,1.,0.5,1.,0.5,1.)) REPRESENTATION_ITEM(
  '') );
#14668 = CARTESIAN_POINT('',(10.390227771354,6.));
#14669 = CARTESIAN_POINT('',(15.586380194061,13.984359711336));
#14670 = CARTESIAN_POINT('',(19.902962325677,5.492179855668));
#14671 = CARTESIAN_POINT('',(24.219544457293,-3.));
#14672 = CARTESIAN_POINT('',(14.70680990297,-2.492179855668));
#14673 = CARTESIAN_POINT('',(5.194075348647,-1.984359711335));
#14674 = CARTESIAN_POINT('',(10.390227771354,6.));
#14675 = ( GEOMETRIC_REPRESENTATION_CONTEXT(2) 
PARAMETRIC_REPRESENTATION_CONTEXT() REPRESENTATION_CONTEXT('2D SPACE',''
  ) );
#14676 = PCURVE('',#14270,#14677);
#14677 = DEFINITIONAL_REPRESENTATION('',(#14678),#14682);
#14678 = LINE('',#14679,#14680);
#14679 = CARTESIAN_POINT('',(8.847846615533,0.));
#14680 = VECTOR('',#14681,1.);
#14681 = DIRECTION('',(-1.,-0.));
#14682 = ( GEOMETRIC_REPRESENTATION_CONTEXT(2) 
PARAMETRIC_REPRESENTATION_CONTEXT() REPRESENTATION_CONTEXT('2D SPACE',''
  ) );
#14683 = FACE_BOUND('',#14684,.F.);
#14684 = EDGE_LOOP('',(#14685));
#14685 = ORIENTED_EDGE('',*,*,#14686,.F.);
#14686 = EDGE_CURVE('',#14687,#14687,#14689,.T.);
#14687 = VERTEX_POINT('',#14688);
#14688 = CARTESIAN_POINT('',(-5.6,0.,8.95));
#14689 = SURFACE_CURVE('',#14690,(#14695,#14702),.PCURVE_S1.);
#14690 = CIRCLE('',#14691,1.4);
#14691 = AXIS2_PLACEMENT_3D('',#14692,#14693,#14694);
#14692 = CARTESIAN_POINT('',(-7.,0.,8.95));
#14693 = DIRECTION('',(0.,0.,1.));
#14694 = DIRECTION('',(1.,0.,-0.));
#14695 = PCURVE('',#14297,#14696);
#14696 = DEFINITIONAL_REPRESENTATION('',(#14697),#14701);
#14697 = CIRCLE('',#14698,1.4);
#14698 = AXIS2_PLACEMENT_2D('',#14699,#14700);
#14699 = CARTESIAN_POINT('',(8.,3.));
#14700 = DIRECTION('',(1.,0.));
#14701 = ( GEOMETRIC_REPRESENTATION_CONTEXT(2) 
PARAMETRIC_REPRESENTATION_CONTEXT() REPRESENTATION_CONTEXT('2D SPACE',''
  ) );
#14702 = PCURVE('',#14703,#14708);
#14703 = CYLINDRICAL_SURFACE('',#14704,1.4);
#14704 = AXIS2_PLACEMENT_3D('',#14705,#14706,#14707);
#14705 = CARTESIAN_POINT('',(-7.,0.,8.85));
#14706 = DIRECTION('',(0.,0.,1.));
#14707 = DIRECTION('',(1.,0.,-0.));
#14708 = DEFINITIONAL_REPRESENTATION('',(#14709),#14713);
#14709 = LINE('',#14710,#14711);
#14710 = CARTESIAN_POINT('',(0.,0.1));
#14711 = VECTOR('',#14712,1.);
#14712 = DIRECTION('',(1.,0.));
#14713 = ( GEOMETRIC_REPRESENTATION_CONTEXT(2) 
PARAMETRIC_REPRESENTATION_CONTEXT() REPRESENTATION_CONTEXT('2D SPACE',''
  ) );
#14714 = ADVANCED_FACE('',(#14715),#14214,.T.);
#14715 = FACE_BOUND('',#14716,.T.);
#14716 = EDGE_LOOP('',(#14717,#14718,#14737,#14738));
#14717 = ORIENTED_EDGE('',*,*,#14193,.F.);
#14718 = ORIENTED_EDGE('',*,*,#14719,.F.);
#14719 = EDGE_CURVE('',#14451,#14194,#14720,.T.);
#14720 = SURFACE_CURVE('',#14721,(#14725,#14731),.PCURVE_S1.);
#14721 = LINE('',#14722,#14723);
#14722 = CARTESIAN_POINT('',(-9.177124344468,3.,11.95));
#14723 = VECTOR('',#14724,1.);
#14724 = DIRECTION('',(0.,-1.,2.22044604925E-16));
#14725 = PCURVE('',#14214,#14726);
#14726 = DEFINITIONAL_REPRESENTATION('',(#14727),#14730);
#14727 = B_SPLINE_CURVE_WITH_KNOTS('',1,(#14728,#14729),.UNSPECIFIED.,
  .F.,.F.,(2,2),(-6.000000003503E-07,6.0000006),
  .PIECEWISE_BEZIER_KNOTS.);
#14728 = CARTESIAN_POINT('',(0.848062078981,-6.000000000173E-07));
#14729 = CARTESIAN_POINT('',(0.848062078981,6.0000006));
#14730 = ( GEOMETRIC_REPRESENTATION_CONTEXT(2) 
PARAMETRIC_REPRESENTATION_CONTEXT() REPRESENTATION_CONTEXT('2D SPACE',''
  ) );
#14731 = PCURVE('',#14242,#14732);
#14732 = DEFINITIONAL_REPRESENTATION('',(#14733),#14736);
#14733 = B_SPLINE_CURVE_WITH_KNOTS('',1,(#14734,#14735),.UNSPECIFIED.,
  .F.,.F.,(2,2),(-6.000000003503E-07,6.0000006),
  .PIECEWISE_BEZIER_KNOTS.);
#14734 = CARTESIAN_POINT('',(5.822875655532,6.0000006));
#14735 = CARTESIAN_POINT('',(5.822875655532,-5.999999999062E-07));
#14736 = ( GEOMETRIC_REPRESENTATION_CONTEXT(2) 
PARAMETRIC_REPRESENTATION_CONTEXT() REPRESENTATION_CONTEXT('2D SPACE',''
  ) );
#14737 = ORIENTED_EDGE('',*,*,#14450,.T.);
#14738 = ORIENTED_EDGE('',*,*,#14403,.T.);
#14739 = ADVANCED_FACE('',(#14740),#14270,.T.);
#14740 = FACE_BOUND('',#14741,.T.);
#14741 = EDGE_LOOP('',(#14742,#14743,#14744,#14766));
#14742 = ORIENTED_EDGE('',*,*,#14658,.F.);
#14743 = ORIENTED_EDGE('',*,*,#14501,.T.);
#14744 = ORIENTED_EDGE('',*,*,#14745,.F.);
#14745 = EDGE_CURVE('',#14227,#14479,#14746,.T.);
#14746 = SURFACE_CURVE('',#14747,(#14752,#14759),.PCURVE_S1.);
#14747 = CIRCLE('',#14748,5.5);
#14748 = AXIS2_PLACEMENT_3D('',#14749,#14750,#14751);
#14749 = CARTESIAN_POINT('',(0.,0.,11.95));
#14750 = DIRECTION('',(0.,0.,1.));
#14751 = DIRECTION('',(-0.838140405208,-0.545454545455,0.));
#14752 = PCURVE('',#14270,#14753);
#14753 = DEFINITIONAL_REPRESENTATION('',(#14754),#14758);
#14754 = LINE('',#14755,#14756);
#14755 = CARTESIAN_POINT('',(3.718523998826,3.));
#14756 = VECTOR('',#14757,1.);
#14757 = DIRECTION('',(1.,0.));
#14758 = ( GEOMETRIC_REPRESENTATION_CONTEXT(2) 
PARAMETRIC_REPRESENTATION_CONTEXT() REPRESENTATION_CONTEXT('2D SPACE',''
  ) );
#14759 = PCURVE('',#14242,#14760);
#14760 = DEFINITIONAL_REPRESENTATION('',(#14761),#14765);
#14761 = CIRCLE('',#14762,5.5);
#14762 = AXIS2_PLACEMENT_2D('',#14763,#14764);
#14763 = CARTESIAN_POINT('',(15.,3.));
#14764 = DIRECTION('',(-0.838140405208,-0.545454545455));
#14765 = ( GEOMETRIC_REPRESENTATION_CONTEXT(2) 
PARAMETRIC_REPRESENTATION_CONTEXT() REPRESENTATION_CONTEXT('2D SPACE',''
  ) );
#14766 = ORIENTED_EDGE('',*,*,#14254,.F.);
#14767 = ADVANCED_FACE('',(#14768),#14242,.T.);
#14768 = FACE_BOUND('',#14769,.T.);
#14769 = EDGE_LOOP('',(#14770,#14771,#14772,#14773));
#14770 = ORIENTED_EDGE('',*,*,#14478,.F.);
#14771 = ORIENTED_EDGE('',*,*,#14719,.T.);
#14772 = ORIENTED_EDGE('',*,*,#14226,.T.);
#14773 = ORIENTED_EDGE('',*,*,#14745,.T.);
#14774 = ADVANCED_FACE('',(#14775),#14363,.F.);
#14775 = FACE_BOUND('',#14776,.F.);
#14776 = EDGE_LOOP('',(#14777,#14778,#14799,#14800));
#14777 = ORIENTED_EDGE('',*,*,#14342,.F.);
#14778 = ORIENTED_EDGE('',*,*,#14779,.F.);
#14779 = EDGE_CURVE('',#14575,#14343,#14780,.T.);
#14780 = SEAM_CURVE('',#14781,(#14785,#14792),.PCURVE_S1.);
#14781 = LINE('',#14782,#14783);
#14782 = CARTESIAN_POINT('',(-9.375,4.,10.45));
#14783 = VECTOR('',#14784,1.);
#14784 = DIRECTION('',(0.,-1.,2.22044604925E-16));
#14785 = PCURVE('',#14363,#14786);
#14786 = DEFINITIONAL_REPRESENTATION('',(#14787),#14791);
#14787 = LINE('',#14788,#14789);
#14788 = CARTESIAN_POINT('',(6.28318530718,-0.));
#14789 = VECTOR('',#14790,1.);
#14790 = DIRECTION('',(0.,1.));
#14791 = ( GEOMETRIC_REPRESENTATION_CONTEXT(2) 
PARAMETRIC_REPRESENTATION_CONTEXT() REPRESENTATION_CONTEXT('2D SPACE',''
  ) );
#14792 = PCURVE('',#14363,#14793);
#14793 = DEFINITIONAL_REPRESENTATION('',(#14794),#14798);
#14794 = LINE('',#14795,#14796);
#14795 = CARTESIAN_POINT('',(0.,-0.));
#14796 = VECTOR('',#14797,1.);
#14797 = DIRECTION('',(0.,1.));
#14798 = ( GEOMETRIC_REPRESENTATION_CONTEXT(2) 
PARAMETRIC_REPRESENTATION_CONTEXT() REPRESENTATION_CONTEXT('2D SPACE',''
  ) );
#14799 = ORIENTED_EDGE('',*,*,#14574,.T.);
#14800 = ORIENTED_EDGE('',*,*,#14779,.T.);
#14801 = ADVANCED_FACE('',(#14802),#14703,.F.);
#14802 = FACE_BOUND('',#14803,.F.);
#14803 = EDGE_LOOP('',(#14804,#14827,#14854,#14855));
#14804 = ORIENTED_EDGE('',*,*,#14805,.T.);
#14805 = EDGE_CURVE('',#14687,#14806,#14808,.T.);
#14806 = VERTEX_POINT('',#14807);
#14807 = CARTESIAN_POINT('',(-5.6,0.,9.45));
#14808 = SEAM_CURVE('',#14809,(#14813,#14820),.PCURVE_S1.);
#14809 = LINE('',#14810,#14811);
#14810 = CARTESIAN_POINT('',(-5.6,-3.429011037613E-16,8.85));
#14811 = VECTOR('',#14812,1.);
#14812 = DIRECTION('',(0.,0.,1.));
#14813 = PCURVE('',#14703,#14814);
#14814 = DEFINITIONAL_REPRESENTATION('',(#14815),#14819);
#14815 = LINE('',#14816,#14817);
#14816 = CARTESIAN_POINT('',(6.28318530718,-0.));
#14817 = VECTOR('',#14818,1.);
#14818 = DIRECTION('',(0.,1.));
#14819 = ( GEOMETRIC_REPRESENTATION_CONTEXT(2) 
PARAMETRIC_REPRESENTATION_CONTEXT() REPRESENTATION_CONTEXT('2D SPACE',''
  ) );
#14820 = PCURVE('',#14703,#14821);
#14821 = DEFINITIONAL_REPRESENTATION('',(#14822),#14826);
#14822 = LINE('',#14823,#14824);
#14823 = CARTESIAN_POINT('',(0.,-0.));
#14824 = VECTOR('',#14825,1.);
#14825 = DIRECTION('',(0.,1.));
#14826 = ( GEOMETRIC_REPRESENTATION_CONTEXT(2) 
PARAMETRIC_REPRESENTATION_CONTEXT() REPRESENTATION_CONTEXT('2D SPACE',''
  ) );
#14827 = ORIENTED_EDGE('',*,*,#14828,.F.);
#14828 = EDGE_CURVE('',#14806,#14806,#14829,.T.);
#14829 = SURFACE_CURVE('',#14830,(#14835,#14842),.PCURVE_S1.);
#14830 = CIRCLE('',#14831,1.4);
#14831 = AXIS2_PLACEMENT_3D('',#14832,#14833,#14834);
#14832 = CARTESIAN_POINT('',(-7.,0.,9.45));
#14833 = DIRECTION('',(0.,0.,1.));
#14834 = DIRECTION('',(1.,0.,-0.));
#14835 = PCURVE('',#14703,#14836);
#14836 = DEFINITIONAL_REPRESENTATION('',(#14837),#14841);
#14837 = LINE('',#14838,#14839);
#14838 = CARTESIAN_POINT('',(0.,0.6));
#14839 = VECTOR('',#14840,1.);
#14840 = DIRECTION('',(1.,0.));
#14841 = ( GEOMETRIC_REPRESENTATION_CONTEXT(2) 
PARAMETRIC_REPRESENTATION_CONTEXT() REPRESENTATION_CONTEXT('2D SPACE',''
  ) );
#14842 = PCURVE('',#14843,#14848);
#14843 = PLANE('',#14844);
#14844 = AXIS2_PLACEMENT_3D('',#14845,#14846,#14847);
#14845 = CARTESIAN_POINT('',(-7.,0.,9.45));
#14846 = DIRECTION('',(0.,0.,1.));
#14847 = DIRECTION('',(1.,0.,-0.));
#14848 = DEFINITIONAL_REPRESENTATION('',(#14849),#14853);
#14849 = CIRCLE('',#14850,1.4);
#14850 = AXIS2_PLACEMENT_2D('',#14851,#14852);
#14851 = CARTESIAN_POINT('',(0.,0.));
#14852 = DIRECTION('',(1.,0.));
#14853 = ( GEOMETRIC_REPRESENTATION_CONTEXT(2) 
PARAMETRIC_REPRESENTATION_CONTEXT() REPRESENTATION_CONTEXT('2D SPACE',''
  ) );
#14854 = ORIENTED_EDGE('',*,*,#14805,.F.);
#14855 = ORIENTED_EDGE('',*,*,#14686,.T.);
#14856 = ADVANCED_FACE('',(#14857),#14843,.F.);
#14857 = FACE_BOUND('',#14858,.F.);
#14858 = EDGE_LOOP('',(#14859));
#14859 = ORIENTED_EDGE('',*,*,#14828,.T.);
#14860 = ( GEOMETRIC_REPRESENTATION_CONTEXT(3) 
GLOBAL_UNCERTAINTY_ASSIGNED_CONTEXT((#14864)) 
GLOBAL_UNIT_ASSIGNED_CONTEXT((#14861,#14862,#14863)) 
REPRESENTATION_CONTEXT('Context #1',
  '3D Context with UNIT and UNCERTAINTY') );
#14861 = ( LENGTH_UNIT() NAMED_UNIT(*) SI_UNIT(.MILLI.,.METRE.) );
#14862 = ( NAMED_UNIT(*) PLANE_ANGLE_UNIT() SI_UNIT($,.RADIAN.) );
#14863 = ( NAMED_UNIT(*) SI_UNIT($,.STERADIAN.) SOLID_ANGLE_UNIT() );
#14864 = UNCERTAINTY_MEASURE_WITH_UNIT(LENGTH_MEASURE(1.E-07),#14861,
  'distance_accuracy_value','confusion accuracy');
#14865 = CONTEXT_DEPENDENT_SHAPE_REPRESENTATION(#14866,#14868);
#14866 = ( REPRESENTATION_RELATIONSHIP('','',#14019,#10) 
REPRESENTATION_RELATIONSHIP_WITH_TRANSFORMATION(#14867) 
SHAPE_REPRESENTATION_RELATIONSHIP() );
#14867 = ITEM_DEFINED_TRANSFORMATION('','',#11,#35);
#14868 = PRODUCT_DEFINITION_SHAPE('Placement','Placement of an item',
  #14869);
#14869 = NEXT_ASSEMBLY_USAGE_OCCURRENCE('24','=>[0:1:1:7]','',#5,#14014,
  $);
#14870 = PRODUCT_RELATED_PRODUCT_CATEGORY('part',$,(#14016));
#14871 = SHAPE_DEFINITION_REPRESENTATION(#14872,#14878);
#14872 = PRODUCT_DEFINITION_SHAPE('','',#14873);
#14873 = PRODUCT_DEFINITION('design','',#14874,#14877);
#14874 = PRODUCT_DEFINITION_FORMATION('','',#14875);
#14875 = PRODUCT('SOLID','SOLID','',(#14876));
#14876 = PRODUCT_CONTEXT('',#2,'mechanical');
#14877 = PRODUCT_DEFINITION_CONTEXT('part definition',#2,'design');
#14878 = ADVANCED_BREP_SHAPE_REPRESENTATION('',(#11,#14879),#15719);
#14879 = MANIFOLD_SOLID_BREP('',#14880);
#14880 = CLOSED_SHELL('',(#14881,#15001,#15233,#15280,#15460,#15485,
    #15510,#15573,#15598,#15626,#15633,#15660,#15715));
#14881 = ADVANCED_FACE('',(#14882),#14896,.F.);
#14882 = FACE_BOUND('',#14883,.F.);
#14883 = EDGE_LOOP('',(#14884,#14919,#14947,#14975));
#14884 = ORIENTED_EDGE('',*,*,#14885,.F.);
#14885 = EDGE_CURVE('',#14886,#14888,#14890,.T.);
#14886 = VERTEX_POINT('',#14887);
#14887 = CARTESIAN_POINT('',(-15.,-3.,8.95));
#14888 = VERTEX_POINT('',#14889);
#14889 = CARTESIAN_POINT('',(-15.,-3.,11.95));
#14890 = SURFACE_CURVE('',#14891,(#14895,#14907),.PCURVE_S1.);
#14891 = LINE('',#14892,#14893);
#14892 = CARTESIAN_POINT('',(-15.,-3.,8.95));
#14893 = VECTOR('',#14894,1.);
#14894 = DIRECTION('',(0.,0.,1.));
#14895 = PCURVE('',#14896,#14901);
#14896 = PLANE('',#14897);
#14897 = AXIS2_PLACEMENT_3D('',#14898,#14899,#14900);
#14898 = CARTESIAN_POINT('',(-15.,-3.,8.95));
#14899 = DIRECTION('',(1.,0.,-0.));
#14900 = DIRECTION('',(0.,0.,1.));
#14901 = DEFINITIONAL_REPRESENTATION('',(#14902),#14906);
#14902 = LINE('',#14903,#14904);
#14903 = CARTESIAN_POINT('',(0.,0.));
#14904 = VECTOR('',#14905,1.);
#14905 = DIRECTION('',(1.,0.));
#14906 = ( GEOMETRIC_REPRESENTATION_CONTEXT(2) 
PARAMETRIC_REPRESENTATION_CONTEXT() REPRESENTATION_CONTEXT('2D SPACE',''
  ) );
#14907 = PCURVE('',#14908,#14913);
#14908 = PLANE('',#14909);
#14909 = AXIS2_PLACEMENT_3D('',#14910,#14911,#14912);
#14910 = CARTESIAN_POINT('',(-15.,-3.,8.95));
#14911 = DIRECTION('',(-0.,1.,0.));
#14912 = DIRECTION('',(0.,0.,1.));
#14913 = DEFINITIONAL_REPRESENTATION('',(#14914),#14918);
#14914 = LINE('',#14915,#14916);
#14915 = CARTESIAN_POINT('',(0.,0.));
#14916 = VECTOR('',#14917,1.);
#14917 = DIRECTION('',(1.,0.));
#14918 = ( GEOMETRIC_REPRESENTATION_CONTEXT(2) 
PARAMETRIC_REPRESENTATION_CONTEXT() REPRESENTATION_CONTEXT('2D SPACE',''
  ) );
#14919 = ORIENTED_EDGE('',*,*,#14920,.T.);
#14920 = EDGE_CURVE('',#14886,#14921,#14923,.T.);
#14921 = VERTEX_POINT('',#14922);
#14922 = CARTESIAN_POINT('',(-15.,3.,8.95));
#14923 = SURFACE_CURVE('',#14924,(#14928,#14935),.PCURVE_S1.);
#14924 = LINE('',#14925,#14926);
#14925 = CARTESIAN_POINT('',(-15.,-3.,8.95));
#14926 = VECTOR('',#14927,1.);
#14927 = DIRECTION('',(-0.,1.,0.));
#14928 = PCURVE('',#14896,#14929);
#14929 = DEFINITIONAL_REPRESENTATION('',(#14930),#14934);
#14930 = LINE('',#14931,#14932);
#14931 = CARTESIAN_POINT('',(0.,0.));
#14932 = VECTOR('',#14933,1.);
#14933 = DIRECTION('',(0.,-1.));
#14934 = ( GEOMETRIC_REPRESENTATION_CONTEXT(2) 
PARAMETRIC_REPRESENTATION_CONTEXT() REPRESENTATION_CONTEXT('2D SPACE',''
  ) );
#14935 = PCURVE('',#14936,#14941);
#14936 = PLANE('',#14937);
#14937 = AXIS2_PLACEMENT_3D('',#14938,#14939,#14940);
#14938 = CARTESIAN_POINT('',(-15.,-3.,8.95));
#14939 = DIRECTION('',(0.,0.,1.));
#14940 = DIRECTION('',(1.,0.,-0.));
#14941 = DEFINITIONAL_REPRESENTATION('',(#14942),#14946);
#14942 = LINE('',#14943,#14944);
#14943 = CARTESIAN_POINT('',(0.,0.));
#14944 = VECTOR('',#14945,1.);
#14945 = DIRECTION('',(0.,1.));
#14946 = ( GEOMETRIC_REPRESENTATION_CONTEXT(2) 
PARAMETRIC_REPRESENTATION_CONTEXT() REPRESENTATION_CONTEXT('2D SPACE',''
  ) );
#14947 = ORIENTED_EDGE('',*,*,#14948,.T.);
#14948 = EDGE_CURVE('',#14921,#14949,#14951,.T.);
#14949 = VERTEX_POINT('',#14950);
#14950 = CARTESIAN_POINT('',(-15.,3.,11.95));
#14951 = SURFACE_CURVE('',#14952,(#14956,#14963),.PCURVE_S1.);
#14952 = LINE('',#14953,#14954);
#14953 = CARTESIAN_POINT('',(-15.,3.,8.95));
#14954 = VECTOR('',#14955,1.);
#14955 = DIRECTION('',(0.,0.,1.));
#14956 = PCURVE('',#14896,#14957);
#14957 = DEFINITIONAL_REPRESENTATION('',(#14958),#14962);
#14958 = LINE('',#14959,#14960);
#14959 = CARTESIAN_POINT('',(0.,-6.));
#14960 = VECTOR('',#14961,1.);
#14961 = DIRECTION('',(1.,0.));
#14962 = ( GEOMETRIC_REPRESENTATION_CONTEXT(2) 
PARAMETRIC_REPRESENTATION_CONTEXT() REPRESENTATION_CONTEXT('2D SPACE',''
  ) );
#14963 = PCURVE('',#14964,#14969);
#14964 = PLANE('',#14965);
#14965 = AXIS2_PLACEMENT_3D('',#14966,#14967,#14968);
#14966 = CARTESIAN_POINT('',(-15.,3.,8.95));
#14967 = DIRECTION('',(-0.,1.,0.));
#14968 = DIRECTION('',(0.,0.,1.));
#14969 = DEFINITIONAL_REPRESENTATION('',(#14970),#14974);
#14970 = LINE('',#14971,#14972);
#14971 = CARTESIAN_POINT('',(0.,0.));
#14972 = VECTOR('',#14973,1.);
#14973 = DIRECTION('',(1.,0.));
#14974 = ( GEOMETRIC_REPRESENTATION_CONTEXT(2) 
PARAMETRIC_REPRESENTATION_CONTEXT() REPRESENTATION_CONTEXT('2D SPACE',''
  ) );
#14975 = ORIENTED_EDGE('',*,*,#14976,.F.);
#14976 = EDGE_CURVE('',#14888,#14949,#14977,.T.);
#14977 = SURFACE_CURVE('',#14978,(#14982,#14989),.PCURVE_S1.);
#14978 = LINE('',#14979,#14980);
#14979 = CARTESIAN_POINT('',(-15.,-3.,11.95));
#14980 = VECTOR('',#14981,1.);
#14981 = DIRECTION('',(-0.,1.,0.));
#14982 = PCURVE('',#14896,#14983);
#14983 = DEFINITIONAL_REPRESENTATION('',(#14984),#14988);
#14984 = LINE('',#14985,#14986);
#14985 = CARTESIAN_POINT('',(3.,0.));
#14986 = VECTOR('',#14987,1.);
#14987 = DIRECTION('',(0.,-1.));
#14988 = ( GEOMETRIC_REPRESENTATION_CONTEXT(2) 
PARAMETRIC_REPRESENTATION_CONTEXT() REPRESENTATION_CONTEXT('2D SPACE',''
  ) );
#14989 = PCURVE('',#14990,#14995);
#14990 = PLANE('',#14991);
#14991 = AXIS2_PLACEMENT_3D('',#14992,#14993,#14994);
#14992 = CARTESIAN_POINT('',(-15.,-3.,11.95));
#14993 = DIRECTION('',(0.,0.,1.));
#14994 = DIRECTION('',(1.,0.,-0.));
#14995 = DEFINITIONAL_REPRESENTATION('',(#14996),#15000);
#14996 = LINE('',#14997,#14998);
#14997 = CARTESIAN_POINT('',(0.,0.));
#14998 = VECTOR('',#14999,1.);
#14999 = DIRECTION('',(0.,1.));
#15000 = ( GEOMETRIC_REPRESENTATION_CONTEXT(2) 
PARAMETRIC_REPRESENTATION_CONTEXT() REPRESENTATION_CONTEXT('2D SPACE',''
  ) );
#15001 = ADVANCED_FACE('',(#15002,#15198),#14908,.F.);
#15002 = FACE_BOUND('',#15003,.F.);
#15003 = EDGE_LOOP('',(#15004,#15027,#15028,#15051,#15084,#15112,#15139,
    #15167));
#15004 = ORIENTED_EDGE('',*,*,#15005,.F.);
#15005 = EDGE_CURVE('',#14886,#15006,#15008,.T.);
#15006 = VERTEX_POINT('',#15007);
#15007 = CARTESIAN_POINT('',(-11.82287565553,-3.,8.95));
#15008 = SURFACE_CURVE('',#15009,(#15013,#15020),.PCURVE_S1.);
#15009 = LINE('',#15010,#15011);
#15010 = CARTESIAN_POINT('',(-15.,-3.,8.95));
#15011 = VECTOR('',#15012,1.);
#15012 = DIRECTION('',(1.,0.,-0.));
#15013 = PCURVE('',#14908,#15014);
#15014 = DEFINITIONAL_REPRESENTATION('',(#15015),#15019);
#15015 = LINE('',#15016,#15017);
#15016 = CARTESIAN_POINT('',(0.,0.));
#15017 = VECTOR('',#15018,1.);
#15018 = DIRECTION('',(0.,1.));
#15019 = ( GEOMETRIC_REPRESENTATION_CONTEXT(2) 
PARAMETRIC_REPRESENTATION_CONTEXT() REPRESENTATION_CONTEXT('2D SPACE',''
  ) );
#15020 = PCURVE('',#14936,#15021);
#15021 = DEFINITIONAL_REPRESENTATION('',(#15022),#15026);
#15022 = LINE('',#15023,#15024);
#15023 = CARTESIAN_POINT('',(0.,0.));
#15024 = VECTOR('',#15025,1.);
#15025 = DIRECTION('',(1.,0.));
#15026 = ( GEOMETRIC_REPRESENTATION_CONTEXT(2) 
PARAMETRIC_REPRESENTATION_CONTEXT() REPRESENTATION_CONTEXT('2D SPACE',''
  ) );
#15027 = ORIENTED_EDGE('',*,*,#14885,.T.);
#15028 = ORIENTED_EDGE('',*,*,#15029,.T.);
#15029 = EDGE_CURVE('',#14888,#15030,#15032,.T.);
#15030 = VERTEX_POINT('',#15031);
#15031 = CARTESIAN_POINT('',(-11.82287565553,-3.,11.95));
#15032 = SURFACE_CURVE('',#15033,(#15037,#15044),.PCURVE_S1.);
#15033 = LINE('',#15034,#15035);
#15034 = CARTESIAN_POINT('',(-15.,-3.,11.95));
#15035 = VECTOR('',#15036,1.);
#15036 = DIRECTION('',(1.,0.,-0.));
#15037 = PCURVE('',#14908,#15038);
#15038 = DEFINITIONAL_REPRESENTATION('',(#15039),#15043);
#15039 = LINE('',#15040,#15041);
#15040 = CARTESIAN_POINT('',(3.,0.));
#15041 = VECTOR('',#15042,1.);
#15042 = DIRECTION('',(0.,1.));
#15043 = ( GEOMETRIC_REPRESENTATION_CONTEXT(2) 
PARAMETRIC_REPRESENTATION_CONTEXT() REPRESENTATION_CONTEXT('2D SPACE',''
  ) );
#15044 = PCURVE('',#14990,#15045);
#15045 = DEFINITIONAL_REPRESENTATION('',(#15046),#15050);
#15046 = LINE('',#15047,#15048);
#15047 = CARTESIAN_POINT('',(0.,0.));
#15048 = VECTOR('',#15049,1.);
#15049 = DIRECTION('',(1.,0.));
#15050 = ( GEOMETRIC_REPRESENTATION_CONTEXT(2) 
PARAMETRIC_REPRESENTATION_CONTEXT() REPRESENTATION_CONTEXT('2D SPACE',''
  ) );
#15051 = ORIENTED_EDGE('',*,*,#15052,.F.);
#15052 = EDGE_CURVE('',#15053,#15030,#15055,.T.);
#15053 = VERTEX_POINT('',#15054);
#15054 = CARTESIAN_POINT('',(-9.177124344468,-3.,11.95));
#15055 = SURFACE_CURVE('',#15056,(#15061,#15072),.PCURVE_S1.);
#15056 = CIRCLE('',#15057,2.);
#15057 = AXIS2_PLACEMENT_3D('',#15058,#15059,#15060);
#15058 = CARTESIAN_POINT('',(-10.5,-3.,10.45));
#15059 = DIRECTION('',(0.,-1.,2.22044604925E-16));
#15060 = DIRECTION('',(1.,0.,0.));
#15061 = PCURVE('',#14908,#15062);
#15062 = DEFINITIONAL_REPRESENTATION('',(#15063),#15071);
#15063 = ( BOUNDED_CURVE() B_SPLINE_CURVE(2,(#15064,#15065,#15066,#15067
    ,#15068,#15069,#15070),.UNSPECIFIED.,.T.,.F.) 
B_SPLINE_CURVE_WITH_KNOTS((1,2,2,2,2,1),(-2.094395102393,0.,
    2.094395102393,4.188790204786,6.28318530718,8.377580409573),
.UNSPECIFIED.) CURVE() GEOMETRIC_REPRESENTATION_ITEM() 
RATIONAL_B_SPLINE_CURVE((1.,0.5,1.,0.5,1.,0.5,1.)) REPRESENTATION_ITEM(
  '') );
#15064 = CARTESIAN_POINT('',(1.5,6.5));
#15065 = CARTESIAN_POINT('',(4.964101615138,6.5));
#15066 = CARTESIAN_POINT('',(3.232050807569,3.5));
#15067 = CARTESIAN_POINT('',(1.5,0.5));
#15068 = CARTESIAN_POINT('',(-0.232050807569,3.5));
#15069 = CARTESIAN_POINT('',(-1.964101615138,6.5));
#15070 = CARTESIAN_POINT('',(1.5,6.5));
#15071 = ( GEOMETRIC_REPRESENTATION_CONTEXT(2) 
PARAMETRIC_REPRESENTATION_CONTEXT() REPRESENTATION_CONTEXT('2D SPACE',''
  ) );
#15072 = PCURVE('',#15073,#15078);
#15073 = CYLINDRICAL_SURFACE('',#15074,2.);
#15074 = AXIS2_PLACEMENT_3D('',#15075,#15076,#15077);
#15075 = CARTESIAN_POINT('',(-10.5,3.,10.45));
#15076 = DIRECTION('',(0.,-1.,2.22044604925E-16));
#15077 = DIRECTION('',(1.,0.,0.));
#15078 = DEFINITIONAL_REPRESENTATION('',(#15079),#15083);
#15079 = LINE('',#15080,#15081);
#15080 = CARTESIAN_POINT('',(0.,6.));
#15081 = VECTOR('',#15082,1.);
#15082 = DIRECTION('',(1.,0.));
#15083 = ( GEOMETRIC_REPRESENTATION_CONTEXT(2) 
PARAMETRIC_REPRESENTATION_CONTEXT() REPRESENTATION_CONTEXT('2D SPACE',''
  ) );
#15084 = ORIENTED_EDGE('',*,*,#15085,.T.);
#15085 = EDGE_CURVE('',#15053,#15086,#15088,.T.);
#15086 = VERTEX_POINT('',#15087);
#15087 = CARTESIAN_POINT('',(-4.609772228646,-3.,11.95));
#15088 = SURFACE_CURVE('',#15089,(#15093,#15100),.PCURVE_S1.);
#15089 = LINE('',#15090,#15091);
#15090 = CARTESIAN_POINT('',(-15.,-3.,11.95));
#15091 = VECTOR('',#15092,1.);
#15092 = DIRECTION('',(1.,0.,-0.));
#15093 = PCURVE('',#14908,#15094);
#15094 = DEFINITIONAL_REPRESENTATION('',(#15095),#15099);
#15095 = LINE('',#15096,#15097);
#15096 = CARTESIAN_POINT('',(3.,0.));
#15097 = VECTOR('',#15098,1.);
#15098 = DIRECTION('',(0.,1.));
#15099 = ( GEOMETRIC_REPRESENTATION_CONTEXT(2) 
PARAMETRIC_REPRESENTATION_CONTEXT() REPRESENTATION_CONTEXT('2D SPACE',''
  ) );
#15100 = PCURVE('',#15101,#15106);
#15101 = PLANE('',#15102);
#15102 = AXIS2_PLACEMENT_3D('',#15103,#15104,#15105);
#15103 = CARTESIAN_POINT('',(-15.,-3.,11.95));
#15104 = DIRECTION('',(0.,0.,1.));
#15105 = DIRECTION('',(1.,0.,-0.));
#15106 = DEFINITIONAL_REPRESENTATION('',(#15107),#15111);
#15107 = LINE('',#15108,#15109);
#15108 = CARTESIAN_POINT('',(0.,0.));
#15109 = VECTOR('',#15110,1.);
#15110 = DIRECTION('',(1.,0.));
#15111 = ( GEOMETRIC_REPRESENTATION_CONTEXT(2) 
PARAMETRIC_REPRESENTATION_CONTEXT() REPRESENTATION_CONTEXT('2D SPACE',''
  ) );
#15112 = ORIENTED_EDGE('',*,*,#15113,.F.);
#15113 = EDGE_CURVE('',#15114,#15086,#15116,.T.);
#15114 = VERTEX_POINT('',#15115);
#15115 = CARTESIAN_POINT('',(-4.609772228646,-3.,8.95));
#15116 = SURFACE_CURVE('',#15117,(#15121,#15128),.PCURVE_S1.);
#15117 = LINE('',#15118,#15119);
#15118 = CARTESIAN_POINT('',(-4.609772228646,-3.,8.95));
#15119 = VECTOR('',#15120,1.);
#15120 = DIRECTION('',(0.,0.,1.));
#15121 = PCURVE('',#14908,#15122);
#15122 = DEFINITIONAL_REPRESENTATION('',(#15123),#15127);
#15123 = LINE('',#15124,#15125);
#15124 = CARTESIAN_POINT('',(0.,10.390227771354));
#15125 = VECTOR('',#15126,1.);
#15126 = DIRECTION('',(1.,0.));
#15127 = ( GEOMETRIC_REPRESENTATION_CONTEXT(2) 
PARAMETRIC_REPRESENTATION_CONTEXT() REPRESENTATION_CONTEXT('2D SPACE',''
  ) );
#15128 = PCURVE('',#15129,#15134);
#15129 = CYLINDRICAL_SURFACE('',#15130,5.5);
#15130 = AXIS2_PLACEMENT_3D('',#15131,#15132,#15133);
#15131 = CARTESIAN_POINT('',(0.,0.,8.95));
#15132 = DIRECTION('',(0.,0.,1.));
#15133 = DIRECTION('',(1.,0.,-0.));
#15134 = DEFINITIONAL_REPRESENTATION('',(#15135),#15138);
#15135 = B_SPLINE_CURVE_WITH_KNOTS('',1,(#15136,#15137),.UNSPECIFIED.,
  .F.,.F.,(2,2),(0.,3.),.PIECEWISE_BEZIER_KNOTS.);
#15136 = CARTESIAN_POINT('',(3.718523998826,0.));
#15137 = CARTESIAN_POINT('',(3.718523998826,3.));
#15138 = ( GEOMETRIC_REPRESENTATION_CONTEXT(2) 
PARAMETRIC_REPRESENTATION_CONTEXT() REPRESENTATION_CONTEXT('2D SPACE',''
  ) );
#15139 = ORIENTED_EDGE('',*,*,#15140,.F.);
#15140 = EDGE_CURVE('',#15141,#15114,#15143,.T.);
#15141 = VERTEX_POINT('',#15142);
#15142 = CARTESIAN_POINT('',(-9.177124344468,-3.,8.95));
#15143 = SURFACE_CURVE('',#15144,(#15148,#15155),.PCURVE_S1.);
#15144 = LINE('',#15145,#15146);
#15145 = CARTESIAN_POINT('',(-15.,-3.,8.95));
#15146 = VECTOR('',#15147,1.);
#15147 = DIRECTION('',(1.,0.,-0.));
#15148 = PCURVE('',#14908,#15149);
#15149 = DEFINITIONAL_REPRESENTATION('',(#15150),#15154);
#15150 = LINE('',#15151,#15152);
#15151 = CARTESIAN_POINT('',(0.,0.));
#15152 = VECTOR('',#15153,1.);
#15153 = DIRECTION('',(0.,1.));
#15154 = ( GEOMETRIC_REPRESENTATION_CONTEXT(2) 
PARAMETRIC_REPRESENTATION_CONTEXT() REPRESENTATION_CONTEXT('2D SPACE',''
  ) );
#15155 = PCURVE('',#15156,#15161);
#15156 = PLANE('',#15157);
#15157 = AXIS2_PLACEMENT_3D('',#15158,#15159,#15160);
#15158 = CARTESIAN_POINT('',(-15.,-3.,8.95));
#15159 = DIRECTION('',(0.,0.,1.));
#15160 = DIRECTION('',(1.,0.,-0.));
#15161 = DEFINITIONAL_REPRESENTATION('',(#15162),#15166);
#15162 = LINE('',#15163,#15164);
#15163 = CARTESIAN_POINT('',(0.,0.));
#15164 = VECTOR('',#15165,1.);
#15165 = DIRECTION('',(1.,0.));
#15166 = ( GEOMETRIC_REPRESENTATION_CONTEXT(2) 
PARAMETRIC_REPRESENTATION_CONTEXT() REPRESENTATION_CONTEXT('2D SPACE',''
  ) );
#15167 = ORIENTED_EDGE('',*,*,#15168,.F.);
#15168 = EDGE_CURVE('',#15006,#15141,#15169,.T.);
#15169 = SURFACE_CURVE('',#15170,(#15175,#15186),.PCURVE_S1.);
#15170 = CIRCLE('',#15171,2.);
#15171 = AXIS2_PLACEMENT_3D('',#15172,#15173,#15174);
#15172 = CARTESIAN_POINT('',(-10.5,-3.,10.45));
#15173 = DIRECTION('',(0.,-1.,2.22044604925E-16));
#15174 = DIRECTION('',(1.,0.,0.));
#15175 = PCURVE('',#14908,#15176);
#15176 = DEFINITIONAL_REPRESENTATION('',(#15177),#15185);
#15177 = ( BOUNDED_CURVE() B_SPLINE_CURVE(2,(#15178,#15179,#15180,#15181
    ,#15182,#15183,#15184),.UNSPECIFIED.,.T.,.F.) 
B_SPLINE_CURVE_WITH_KNOTS((1,2,2,2,2,1),(-2.094395102393,0.,
    2.094395102393,4.188790204786,6.28318530718,8.377580409573),
.UNSPECIFIED.) CURVE() GEOMETRIC_REPRESENTATION_ITEM() 
RATIONAL_B_SPLINE_CURVE((1.,0.5,1.,0.5,1.,0.5,1.)) REPRESENTATION_ITEM(
  '') );
#15178 = CARTESIAN_POINT('',(1.5,6.5));
#15179 = CARTESIAN_POINT('',(4.964101615138,6.5));
#15180 = CARTESIAN_POINT('',(3.232050807569,3.5));
#15181 = CARTESIAN_POINT('',(1.5,0.5));
#15182 = CARTESIAN_POINT('',(-0.232050807569,3.5));
#15183 = CARTESIAN_POINT('',(-1.964101615138,6.5));
#15184 = CARTESIAN_POINT('',(1.5,6.5));
#15185 = ( GEOMETRIC_REPRESENTATION_CONTEXT(2) 
PARAMETRIC_REPRESENTATION_CONTEXT() REPRESENTATION_CONTEXT('2D SPACE',''
  ) );
#15186 = PCURVE('',#15187,#15192);
#15187 = CYLINDRICAL_SURFACE('',#15188,2.);
#15188 = AXIS2_PLACEMENT_3D('',#15189,#15190,#15191);
#15189 = CARTESIAN_POINT('',(-10.5,3.,10.45));
#15190 = DIRECTION('',(0.,-1.,2.22044604925E-16));
#15191 = DIRECTION('',(1.,0.,0.));
#15192 = DEFINITIONAL_REPRESENTATION('',(#15193),#15197);
#15193 = LINE('',#15194,#15195);
#15194 = CARTESIAN_POINT('',(0.,6.));
#15195 = VECTOR('',#15196,1.);
#15196 = DIRECTION('',(1.,0.));
#15197 = ( GEOMETRIC_REPRESENTATION_CONTEXT(2) 
PARAMETRIC_REPRESENTATION_CONTEXT() REPRESENTATION_CONTEXT('2D SPACE',''
  ) );
#15198 = FACE_BOUND('',#15199,.F.);
#15199 = EDGE_LOOP('',(#15200));
#15200 = ORIENTED_EDGE('',*,*,#15201,.T.);
#15201 = EDGE_CURVE('',#15202,#15202,#15204,.T.);
#15202 = VERTEX_POINT('',#15203);
#15203 = CARTESIAN_POINT('',(-9.375,-3.,10.45));
#15204 = SURFACE_CURVE('',#15205,(#15210,#15221),.PCURVE_S1.);
#15205 = CIRCLE('',#15206,1.125);
#15206 = AXIS2_PLACEMENT_3D('',#15207,#15208,#15209);
#15207 = CARTESIAN_POINT('',(-10.5,-3.,10.45));
#15208 = DIRECTION('',(0.,-1.,2.22044604925E-16));
#15209 = DIRECTION('',(1.,0.,0.));
#15210 = PCURVE('',#14908,#15211);
#15211 = DEFINITIONAL_REPRESENTATION('',(#15212),#15220);
#15212 = ( BOUNDED_CURVE() B_SPLINE_CURVE(2,(#15213,#15214,#15215,#15216
    ,#15217,#15218,#15219),.UNSPECIFIED.,.T.,.F.) 
B_SPLINE_CURVE_WITH_KNOTS((1,2,2,2,2,1),(-2.094395102393,0.,
    2.094395102393,4.188790204786,6.28318530718,8.377580409573),
.UNSPECIFIED.) CURVE() GEOMETRIC_REPRESENTATION_ITEM() 
RATIONAL_B_SPLINE_CURVE((1.,0.5,1.,0.5,1.,0.5,1.)) REPRESENTATION_ITEM(
  '') );
#15213 = CARTESIAN_POINT('',(1.5,5.625));
#15214 = CARTESIAN_POINT('',(3.448557158515,5.625));
#15215 = CARTESIAN_POINT('',(2.474278579257,3.9375));
#15216 = CARTESIAN_POINT('',(1.5,2.25));
#15217 = CARTESIAN_POINT('',(0.525721420743,3.9375));
#15218 = CARTESIAN_POINT('',(-0.448557158515,5.625));
#15219 = CARTESIAN_POINT('',(1.5,5.625));
#15220 = ( GEOMETRIC_REPRESENTATION_CONTEXT(2) 
PARAMETRIC_REPRESENTATION_CONTEXT() REPRESENTATION_CONTEXT('2D SPACE',''
  ) );
#15221 = PCURVE('',#15222,#15227);
#15222 = CYLINDRICAL_SURFACE('',#15223,1.125);
#15223 = AXIS2_PLACEMENT_3D('',#15224,#15225,#15226);
#15224 = CARTESIAN_POINT('',(-10.5,4.,10.45));
#15225 = DIRECTION('',(0.,-1.,2.22044604925E-16));
#15226 = DIRECTION('',(1.,0.,0.));
#15227 = DEFINITIONAL_REPRESENTATION('',(#15228),#15232);
#15228 = LINE('',#15229,#15230);
#15229 = CARTESIAN_POINT('',(0.,7.));
#15230 = VECTOR('',#15231,1.);
#15231 = DIRECTION('',(1.,0.));
#15232 = ( GEOMETRIC_REPRESENTATION_CONTEXT(2) 
PARAMETRIC_REPRESENTATION_CONTEXT() REPRESENTATION_CONTEXT('2D SPACE',''
  ) );
#15233 = ADVANCED_FACE('',(#15234),#14990,.T.);
#15234 = FACE_BOUND('',#15235,.T.);
#15235 = EDGE_LOOP('',(#15236,#15259,#15260,#15261));
#15236 = ORIENTED_EDGE('',*,*,#15237,.F.);
#15237 = EDGE_CURVE('',#14949,#15238,#15240,.T.);
#15238 = VERTEX_POINT('',#15239);
#15239 = CARTESIAN_POINT('',(-11.82287565553,3.,11.95));
#15240 = SURFACE_CURVE('',#15241,(#15245,#15252),.PCURVE_S1.);
#15241 = LINE('',#15242,#15243);
#15242 = CARTESIAN_POINT('',(-15.,3.,11.95));
#15243 = VECTOR('',#15244,1.);
#15244 = DIRECTION('',(1.,0.,-0.));
#15245 = PCURVE('',#14990,#15246);
#15246 = DEFINITIONAL_REPRESENTATION('',(#15247),#15251);
#15247 = LINE('',#15248,#15249);
#15248 = CARTESIAN_POINT('',(0.,6.));
#15249 = VECTOR('',#15250,1.);
#15250 = DIRECTION('',(1.,0.));
#15251 = ( GEOMETRIC_REPRESENTATION_CONTEXT(2) 
PARAMETRIC_REPRESENTATION_CONTEXT() REPRESENTATION_CONTEXT('2D SPACE',''
  ) );
#15252 = PCURVE('',#14964,#15253);
#15253 = DEFINITIONAL_REPRESENTATION('',(#15254),#15258);
#15254 = LINE('',#15255,#15256);
#15255 = CARTESIAN_POINT('',(3.,0.));
#15256 = VECTOR('',#15257,1.);
#15257 = DIRECTION('',(0.,1.));
#15258 = ( GEOMETRIC_REPRESENTATION_CONTEXT(2) 
PARAMETRIC_REPRESENTATION_CONTEXT() REPRESENTATION_CONTEXT('2D SPACE',''
  ) );
#15259 = ORIENTED_EDGE('',*,*,#14976,.F.);
#15260 = ORIENTED_EDGE('',*,*,#15029,.T.);
#15261 = ORIENTED_EDGE('',*,*,#15262,.F.);
#15262 = EDGE_CURVE('',#15238,#15030,#15263,.T.);
#15263 = SURFACE_CURVE('',#15264,(#15268,#15274),.PCURVE_S1.);
#15264 = LINE('',#15265,#15266);
#15265 = CARTESIAN_POINT('',(-11.82287565553,3.,11.95));
#15266 = VECTOR('',#15267,1.);
#15267 = DIRECTION('',(0.,-1.,2.22044604925E-16));
#15268 = PCURVE('',#14990,#15269);
#15269 = DEFINITIONAL_REPRESENTATION('',(#15270),#15273);
#15270 = B_SPLINE_CURVE_WITH_KNOTS('',1,(#15271,#15272),.UNSPECIFIED.,
  .F.,.F.,(2,2),(-6.000000003503E-07,6.0000006),
  .PIECEWISE_BEZIER_KNOTS.);
#15271 = CARTESIAN_POINT('',(3.177124344468,6.0000006));
#15272 = CARTESIAN_POINT('',(3.177124344468,-5.999999999062E-07));
#15273 = ( GEOMETRIC_REPRESENTATION_CONTEXT(2) 
PARAMETRIC_REPRESENTATION_CONTEXT() REPRESENTATION_CONTEXT('2D SPACE',''
  ) );
#15274 = PCURVE('',#15073,#15275);
#15275 = DEFINITIONAL_REPRESENTATION('',(#15276),#15279);
#15276 = B_SPLINE_CURVE_WITH_KNOTS('',1,(#15277,#15278),.UNSPECIFIED.,
  .F.,.F.,(2,2),(-6.000000003503E-07,6.0000006),
  .PIECEWISE_BEZIER_KNOTS.);
#15277 = CARTESIAN_POINT('',(2.293530574608,-6.000000000173E-07));
#15278 = CARTESIAN_POINT('',(2.293530574608,6.0000006));
#15279 = ( GEOMETRIC_REPRESENTATION_CONTEXT(2) 
PARAMETRIC_REPRESENTATION_CONTEXT() REPRESENTATION_CONTEXT('2D SPACE',''
  ) );
#15280 = ADVANCED_FACE('',(#15281,#15430),#14964,.T.);
#15281 = FACE_BOUND('',#15282,.T.);
#15282 = EDGE_LOOP('',(#15283,#15306,#15307,#15308,#15336,#15359,#15381,
    #15404));
#15283 = ORIENTED_EDGE('',*,*,#15284,.F.);
#15284 = EDGE_CURVE('',#14921,#15285,#15287,.T.);
#15285 = VERTEX_POINT('',#15286);
#15286 = CARTESIAN_POINT('',(-11.82287565553,3.,8.95));
#15287 = SURFACE_CURVE('',#15288,(#15292,#15299),.PCURVE_S1.);
#15288 = LINE('',#15289,#15290);
#15289 = CARTESIAN_POINT('',(-15.,3.,8.95));
#15290 = VECTOR('',#15291,1.);
#15291 = DIRECTION('',(1.,0.,-0.));
#15292 = PCURVE('',#14964,#15293);
#15293 = DEFINITIONAL_REPRESENTATION('',(#15294),#15298);
#15294 = LINE('',#15295,#15296);
#15295 = CARTESIAN_POINT('',(0.,0.));
#15296 = VECTOR('',#15297,1.);
#15297 = DIRECTION('',(0.,1.));
#15298 = ( GEOMETRIC_REPRESENTATION_CONTEXT(2) 
PARAMETRIC_REPRESENTATION_CONTEXT() REPRESENTATION_CONTEXT('2D SPACE',''
  ) );
#15299 = PCURVE('',#14936,#15300);
#15300 = DEFINITIONAL_REPRESENTATION('',(#15301),#15305);
#15301 = LINE('',#15302,#15303);
#15302 = CARTESIAN_POINT('',(0.,6.));
#15303 = VECTOR('',#15304,1.);
#15304 = DIRECTION('',(1.,0.));
#15305 = ( GEOMETRIC_REPRESENTATION_CONTEXT(2) 
PARAMETRIC_REPRESENTATION_CONTEXT() REPRESENTATION_CONTEXT('2D SPACE',''
  ) );
#15306 = ORIENTED_EDGE('',*,*,#14948,.T.);
#15307 = ORIENTED_EDGE('',*,*,#15237,.T.);
#15308 = ORIENTED_EDGE('',*,*,#15309,.F.);
#15309 = EDGE_CURVE('',#15310,#15238,#15312,.T.);
#15310 = VERTEX_POINT('',#15311);
#15311 = CARTESIAN_POINT('',(-9.177124344468,3.,11.95));
#15312 = SURFACE_CURVE('',#15313,(#15318,#15329),.PCURVE_S1.);
#15313 = CIRCLE('',#15314,2.);
#15314 = AXIS2_PLACEMENT_3D('',#15315,#15316,#15317);
#15315 = CARTESIAN_POINT('',(-10.5,3.,10.45));
#15316 = DIRECTION('',(0.,-1.,2.22044604925E-16));
#15317 = DIRECTION('',(1.,0.,0.));
#15318 = PCURVE('',#14964,#15319);
#15319 = DEFINITIONAL_REPRESENTATION('',(#15320),#15328);
#15320 = ( BOUNDED_CURVE() B_SPLINE_CURVE(2,(#15321,#15322,#15323,#15324
    ,#15325,#15326,#15327),.UNSPECIFIED.,.T.,.F.) 
B_SPLINE_CURVE_WITH_KNOTS((1,2,2,2,2,1),(-2.094395102393,0.,
    2.094395102393,4.188790204786,6.28318530718,8.377580409573),
.UNSPECIFIED.) CURVE() GEOMETRIC_REPRESENTATION_ITEM() 
RATIONAL_B_SPLINE_CURVE((1.,0.5,1.,0.5,1.,0.5,1.)) REPRESENTATION_ITEM(
  '') );
#15321 = CARTESIAN_POINT('',(1.5,6.5));
#15322 = CARTESIAN_POINT('',(4.964101615138,6.5));
#15323 = CARTESIAN_POINT('',(3.232050807569,3.5));
#15324 = CARTESIAN_POINT('',(1.5,0.5));
#15325 = CARTESIAN_POINT('',(-0.232050807569,3.5));
#15326 = CARTESIAN_POINT('',(-1.964101615138,6.5));
#15327 = CARTESIAN_POINT('',(1.5,6.5));
#15328 = ( GEOMETRIC_REPRESENTATION_CONTEXT(2) 
PARAMETRIC_REPRESENTATION_CONTEXT() REPRESENTATION_CONTEXT('2D SPACE',''
  ) );
#15329 = PCURVE('',#15073,#15330);
#15330 = DEFINITIONAL_REPRESENTATION('',(#15331),#15335);
#15331 = LINE('',#15332,#15333);
#15332 = CARTESIAN_POINT('',(0.,0.));
#15333 = VECTOR('',#15334,1.);
#15334 = DIRECTION('',(1.,0.));
#15335 = ( GEOMETRIC_REPRESENTATION_CONTEXT(2) 
PARAMETRIC_REPRESENTATION_CONTEXT() REPRESENTATION_CONTEXT('2D SPACE',''
  ) );
#15336 = ORIENTED_EDGE('',*,*,#15337,.T.);
#15337 = EDGE_CURVE('',#15310,#15338,#15340,.T.);
#15338 = VERTEX_POINT('',#15339);
#15339 = CARTESIAN_POINT('',(-4.609772228646,3.,11.95));
#15340 = SURFACE_CURVE('',#15341,(#15345,#15352),.PCURVE_S1.);
#15341 = LINE('',#15342,#15343);
#15342 = CARTESIAN_POINT('',(-15.,3.,11.95));
#15343 = VECTOR('',#15344,1.);
#15344 = DIRECTION('',(1.,0.,-0.));
#15345 = PCURVE('',#14964,#15346);
#15346 = DEFINITIONAL_REPRESENTATION('',(#15347),#15351);
#15347 = LINE('',#15348,#15349);
#15348 = CARTESIAN_POINT('',(3.,0.));
#15349 = VECTOR('',#15350,1.);
#15350 = DIRECTION('',(0.,1.));
#15351 = ( GEOMETRIC_REPRESENTATION_CONTEXT(2) 
PARAMETRIC_REPRESENTATION_CONTEXT() REPRESENTATION_CONTEXT('2D SPACE',''
  ) );
#15352 = PCURVE('',#15101,#15353);
#15353 = DEFINITIONAL_REPRESENTATION('',(#15354),#15358);
#15354 = LINE('',#15355,#15356);
#15355 = CARTESIAN_POINT('',(0.,6.));
#15356 = VECTOR('',#15357,1.);
#15357 = DIRECTION('',(1.,0.));
#15358 = ( GEOMETRIC_REPRESENTATION_CONTEXT(2) 
PARAMETRIC_REPRESENTATION_CONTEXT() REPRESENTATION_CONTEXT('2D SPACE',''
  ) );
#15359 = ORIENTED_EDGE('',*,*,#15360,.F.);
#15360 = EDGE_CURVE('',#15361,#15338,#15363,.T.);
#15361 = VERTEX_POINT('',#15362);
#15362 = CARTESIAN_POINT('',(-4.609772228646,3.,8.95));
#15363 = SURFACE_CURVE('',#15364,(#15368,#15375),.PCURVE_S1.);
#15364 = LINE('',#15365,#15366);
#15365 = CARTESIAN_POINT('',(-4.609772228646,3.,8.95));
#15366 = VECTOR('',#15367,1.);
#15367 = DIRECTION('',(0.,0.,1.));
#15368 = PCURVE('',#14964,#15369);
#15369 = DEFINITIONAL_REPRESENTATION('',(#15370),#15374);
#15370 = LINE('',#15371,#15372);
#15371 = CARTESIAN_POINT('',(0.,10.390227771354));
#15372 = VECTOR('',#15373,1.);
#15373 = DIRECTION('',(1.,0.));
#15374 = ( GEOMETRIC_REPRESENTATION_CONTEXT(2) 
PARAMETRIC_REPRESENTATION_CONTEXT() REPRESENTATION_CONTEXT('2D SPACE',''
  ) );
#15375 = PCURVE('',#15129,#15376);
#15376 = DEFINITIONAL_REPRESENTATION('',(#15377),#15380);
#15377 = B_SPLINE_CURVE_WITH_KNOTS('',1,(#15378,#15379),.UNSPECIFIED.,
  .F.,.F.,(2,2),(0.,3.),.PIECEWISE_BEZIER_KNOTS.);
#15378 = CARTESIAN_POINT('',(8.847846615533,0.));
#15379 = CARTESIAN_POINT('',(8.847846615533,3.));
#15380 = ( GEOMETRIC_REPRESENTATION_CONTEXT(2) 
PARAMETRIC_REPRESENTATION_CONTEXT() REPRESENTATION_CONTEXT('2D SPACE',''
  ) );
#15381 = ORIENTED_EDGE('',*,*,#15382,.F.);
#15382 = EDGE_CURVE('',#15383,#15361,#15385,.T.);
#15383 = VERTEX_POINT('',#15384);
#15384 = CARTESIAN_POINT('',(-9.177124344468,3.,8.95));
#15385 = SURFACE_CURVE('',#15386,(#15390,#15397),.PCURVE_S1.);
#15386 = LINE('',#15387,#15388);
#15387 = CARTESIAN_POINT('',(-15.,3.,8.95));
#15388 = VECTOR('',#15389,1.);
#15389 = DIRECTION('',(1.,0.,-0.));
#15390 = PCURVE('',#14964,#15391);
#15391 = DEFINITIONAL_REPRESENTATION('',(#15392),#15396);
#15392 = LINE('',#15393,#15394);
#15393 = CARTESIAN_POINT('',(0.,0.));
#15394 = VECTOR('',#15395,1.);
#15395 = DIRECTION('',(0.,1.));
#15396 = ( GEOMETRIC_REPRESENTATION_CONTEXT(2) 
PARAMETRIC_REPRESENTATION_CONTEXT() REPRESENTATION_CONTEXT('2D SPACE',''
  ) );
#15397 = PCURVE('',#15156,#15398);
#15398 = DEFINITIONAL_REPRESENTATION('',(#15399),#15403);
#15399 = LINE('',#15400,#15401);
#15400 = CARTESIAN_POINT('',(0.,6.));
#15401 = VECTOR('',#15402,1.);
#15402 = DIRECTION('',(1.,0.));
#15403 = ( GEOMETRIC_REPRESENTATION_CONTEXT(2) 
PARAMETRIC_REPRESENTATION_CONTEXT() REPRESENTATION_CONTEXT('2D SPACE',''
  ) );
#15404 = ORIENTED_EDGE('',*,*,#15405,.F.);
#15405 = EDGE_CURVE('',#15285,#15383,#15406,.T.);
#15406 = SURFACE_CURVE('',#15407,(#15412,#15423),.PCURVE_S1.);
#15407 = CIRCLE('',#15408,2.);
#15408 = AXIS2_PLACEMENT_3D('',#15409,#15410,#15411);
#15409 = CARTESIAN_POINT('',(-10.5,3.,10.45));
#15410 = DIRECTION('',(0.,-1.,2.22044604925E-16));
#15411 = DIRECTION('',(1.,0.,0.));
#15412 = PCURVE('',#14964,#15413);
#15413 = DEFINITIONAL_REPRESENTATION('',(#15414),#15422);
#15414 = ( BOUNDED_CURVE() B_SPLINE_CURVE(2,(#15415,#15416,#15417,#15418
    ,#15419,#15420,#15421),.UNSPECIFIED.,.T.,.F.) 
B_SPLINE_CURVE_WITH_KNOTS((1,2,2,2,2,1),(-2.094395102393,0.,
    2.094395102393,4.188790204786,6.28318530718,8.377580409573),
.UNSPECIFIED.) CURVE() GEOMETRIC_REPRESENTATION_ITEM() 
RATIONAL_B_SPLINE_CURVE((1.,0.5,1.,0.5,1.,0.5,1.)) REPRESENTATION_ITEM(
  '') );
#15415 = CARTESIAN_POINT('',(1.5,6.5));
#15416 = CARTESIAN_POINT('',(4.964101615138,6.5));
#15417 = CARTESIAN_POINT('',(3.232050807569,3.5));
#15418 = CARTESIAN_POINT('',(1.5,0.5));
#15419 = CARTESIAN_POINT('',(-0.232050807569,3.5));
#15420 = CARTESIAN_POINT('',(-1.964101615138,6.5));
#15421 = CARTESIAN_POINT('',(1.5,6.5));
#15422 = ( GEOMETRIC_REPRESENTATION_CONTEXT(2) 
PARAMETRIC_REPRESENTATION_CONTEXT() REPRESENTATION_CONTEXT('2D SPACE',''
  ) );
#15423 = PCURVE('',#15187,#15424);
#15424 = DEFINITIONAL_REPRESENTATION('',(#15425),#15429);
#15425 = LINE('',#15426,#15427);
#15426 = CARTESIAN_POINT('',(0.,0.));
#15427 = VECTOR('',#15428,1.);
#15428 = DIRECTION('',(1.,0.));
#15429 = ( GEOMETRIC_REPRESENTATION_CONTEXT(2) 
PARAMETRIC_REPRESENTATION_CONTEXT() REPRESENTATION_CONTEXT('2D SPACE',''
  ) );
#15430 = FACE_BOUND('',#15431,.T.);
#15431 = EDGE_LOOP('',(#15432));
#15432 = ORIENTED_EDGE('',*,*,#15433,.T.);
#15433 = EDGE_CURVE('',#15434,#15434,#15436,.T.);
#15434 = VERTEX_POINT('',#15435);
#15435 = CARTESIAN_POINT('',(-9.375,3.,10.45));
#15436 = SURFACE_CURVE('',#15437,(#15442,#15453),.PCURVE_S1.);
#15437 = CIRCLE('',#15438,1.125);
#15438 = AXIS2_PLACEMENT_3D('',#15439,#15440,#15441);
#15439 = CARTESIAN_POINT('',(-10.5,3.,10.45));
#15440 = DIRECTION('',(0.,-1.,2.22044604925E-16));
#15441 = DIRECTION('',(1.,0.,0.));
#15442 = PCURVE('',#14964,#15443);
#15443 = DEFINITIONAL_REPRESENTATION('',(#15444),#15452);
#15444 = ( BOUNDED_CURVE() B_SPLINE_CURVE(2,(#15445,#15446,#15447,#15448
    ,#15449,#15450,#15451),.UNSPECIFIED.,.T.,.F.) 
B_SPLINE_CURVE_WITH_KNOTS((1,2,2,2,2,1),(-2.094395102393,0.,
    2.094395102393,4.188790204786,6.28318530718,8.377580409573),
.UNSPECIFIED.) CURVE() GEOMETRIC_REPRESENTATION_ITEM() 
RATIONAL_B_SPLINE_CURVE((1.,0.5,1.,0.5,1.,0.5,1.)) REPRESENTATION_ITEM(
  '') );
#15445 = CARTESIAN_POINT('',(1.5,5.625));
#15446 = CARTESIAN_POINT('',(3.448557158515,5.625));
#15447 = CARTESIAN_POINT('',(2.474278579257,3.9375));
#15448 = CARTESIAN_POINT('',(1.5,2.25));
#15449 = CARTESIAN_POINT('',(0.525721420743,3.9375));
#15450 = CARTESIAN_POINT('',(-0.448557158515,5.625));
#15451 = CARTESIAN_POINT('',(1.5,5.625));
#15452 = ( GEOMETRIC_REPRESENTATION_CONTEXT(2) 
PARAMETRIC_REPRESENTATION_CONTEXT() REPRESENTATION_CONTEXT('2D SPACE',''
  ) );
#15453 = PCURVE('',#15222,#15454);
#15454 = DEFINITIONAL_REPRESENTATION('',(#15455),#15459);
#15455 = LINE('',#15456,#15457);
#15456 = CARTESIAN_POINT('',(0.,1.));
#15457 = VECTOR('',#15458,1.);
#15458 = DIRECTION('',(1.,0.));
#15459 = ( GEOMETRIC_REPRESENTATION_CONTEXT(2) 
PARAMETRIC_REPRESENTATION_CONTEXT() REPRESENTATION_CONTEXT('2D SPACE',''
  ) );
#15460 = ADVANCED_FACE('',(#15461),#14936,.F.);
#15461 = FACE_BOUND('',#15462,.F.);
#15462 = EDGE_LOOP('',(#15463,#15464,#15465,#15466));
#15463 = ORIENTED_EDGE('',*,*,#15284,.F.);
#15464 = ORIENTED_EDGE('',*,*,#14920,.F.);
#15465 = ORIENTED_EDGE('',*,*,#15005,.T.);
#15466 = ORIENTED_EDGE('',*,*,#15467,.F.);
#15467 = EDGE_CURVE('',#15285,#15006,#15468,.T.);
#15468 = SURFACE_CURVE('',#15469,(#15473,#15479),.PCURVE_S1.);
#15469 = LINE('',#15470,#15471);
#15470 = CARTESIAN_POINT('',(-11.82287565553,3.,8.95));
#15471 = VECTOR('',#15472,1.);
#15472 = DIRECTION('',(0.,-1.,2.22044604925E-16));
#15473 = PCURVE('',#14936,#15474);
#15474 = DEFINITIONAL_REPRESENTATION('',(#15475),#15478);
#15475 = B_SPLINE_CURVE_WITH_KNOTS('',1,(#15476,#15477),.UNSPECIFIED.,
  .F.,.F.,(2,2),(-5.999999994621E-07,6.0000006),
  .PIECEWISE_BEZIER_KNOTS.);
#15476 = CARTESIAN_POINT('',(3.177124344468,6.0000006));
#15477 = CARTESIAN_POINT('',(3.177124344468,-5.999999999062E-07));
#15478 = ( GEOMETRIC_REPRESENTATION_CONTEXT(2) 
PARAMETRIC_REPRESENTATION_CONTEXT() REPRESENTATION_CONTEXT('2D SPACE',''
  ) );
#15479 = PCURVE('',#15187,#15480);
#15480 = DEFINITIONAL_REPRESENTATION('',(#15481),#15484);
#15481 = B_SPLINE_CURVE_WITH_KNOTS('',1,(#15482,#15483),.UNSPECIFIED.,
  .F.,.F.,(2,2),(-5.999999994621E-07,6.0000006),
  .PIECEWISE_BEZIER_KNOTS.);
#15482 = CARTESIAN_POINT('',(3.989654732571,-5.999999997952E-07));
#15483 = CARTESIAN_POINT('',(3.989654732571,6.0000006));
#15484 = ( GEOMETRIC_REPRESENTATION_CONTEXT(2) 
PARAMETRIC_REPRESENTATION_CONTEXT() REPRESENTATION_CONTEXT('2D SPACE',''
  ) );
#15485 = ADVANCED_FACE('',(#15486),#15187,.T.);
#15486 = FACE_BOUND('',#15487,.T.);
#15487 = EDGE_LOOP('',(#15488,#15507,#15508,#15509));
#15488 = ORIENTED_EDGE('',*,*,#15489,.T.);
#15489 = EDGE_CURVE('',#15383,#15141,#15490,.T.);
#15490 = SURFACE_CURVE('',#15491,(#15495,#15501),.PCURVE_S1.);
#15491 = LINE('',#15492,#15493);
#15492 = CARTESIAN_POINT('',(-9.177124344468,3.,8.95));
#15493 = VECTOR('',#15494,1.);
#15494 = DIRECTION('',(0.,-1.,2.22044604925E-16));
#15495 = PCURVE('',#15187,#15496);
#15496 = DEFINITIONAL_REPRESENTATION('',(#15497),#15500);
#15497 = B_SPLINE_CURVE_WITH_KNOTS('',1,(#15498,#15499),.UNSPECIFIED.,
  .F.,.F.,(2,2),(-5.999999994621E-07,6.0000006),
  .PIECEWISE_BEZIER_KNOTS.);
#15498 = CARTESIAN_POINT('',(5.435123228198,-5.999999997952E-07));
#15499 = CARTESIAN_POINT('',(5.435123228198,6.0000006));
#15500 = ( GEOMETRIC_REPRESENTATION_CONTEXT(2) 
PARAMETRIC_REPRESENTATION_CONTEXT() REPRESENTATION_CONTEXT('2D SPACE',''
  ) );
#15501 = PCURVE('',#15156,#15502);
#15502 = DEFINITIONAL_REPRESENTATION('',(#15503),#15506);
#15503 = B_SPLINE_CURVE_WITH_KNOTS('',1,(#15504,#15505),.UNSPECIFIED.,
  .F.,.F.,(2,2),(-5.999999994621E-07,6.0000006),
  .PIECEWISE_BEZIER_KNOTS.);
#15504 = CARTESIAN_POINT('',(5.822875655532,6.0000006));
#15505 = CARTESIAN_POINT('',(5.822875655532,-5.999999999062E-07));
#15506 = ( GEOMETRIC_REPRESENTATION_CONTEXT(2) 
PARAMETRIC_REPRESENTATION_CONTEXT() REPRESENTATION_CONTEXT('2D SPACE',''
  ) );
#15507 = ORIENTED_EDGE('',*,*,#15168,.F.);
#15508 = ORIENTED_EDGE('',*,*,#15467,.F.);
#15509 = ORIENTED_EDGE('',*,*,#15405,.T.);
#15510 = ADVANCED_FACE('',(#15511,#15542),#15156,.F.);
#15511 = FACE_BOUND('',#15512,.F.);
#15512 = EDGE_LOOP('',(#15513,#15514,#15515,#15516));
#15513 = ORIENTED_EDGE('',*,*,#15382,.F.);
#15514 = ORIENTED_EDGE('',*,*,#15489,.T.);
#15515 = ORIENTED_EDGE('',*,*,#15140,.T.);
#15516 = ORIENTED_EDGE('',*,*,#15517,.F.);
#15517 = EDGE_CURVE('',#15361,#15114,#15518,.T.);
#15518 = SURFACE_CURVE('',#15519,(#15524,#15535),.PCURVE_S1.);
#15519 = CIRCLE('',#15520,5.5);
#15520 = AXIS2_PLACEMENT_3D('',#15521,#15522,#15523);
#15521 = CARTESIAN_POINT('',(0.,0.,8.95));
#15522 = DIRECTION('',(0.,0.,-1.));
#15523 = DIRECTION('',(-0.838140405208,0.545454545455,0.));
#15524 = PCURVE('',#15156,#15525);
#15525 = DEFINITIONAL_REPRESENTATION('',(#15526),#15534);
#15526 = ( BOUNDED_CURVE() B_SPLINE_CURVE(2,(#15527,#15528,#15529,#15530
    ,#15531,#15532,#15533),.UNSPECIFIED.,.T.,.F.) 
B_SPLINE_CURVE_WITH_KNOTS((1,2,2,2,2,1),(-2.094395102393,0.,
    2.094395102393,4.188790204786,6.28318530718,8.377580409573),
.UNSPECIFIED.) CURVE() GEOMETRIC_REPRESENTATION_ITEM() 
RATIONAL_B_SPLINE_CURVE((1.,0.5,1.,0.5,1.,0.5,1.)) REPRESENTATION_ITEM(
  '') );
#15527 = CARTESIAN_POINT('',(10.390227771354,6.));
#15528 = CARTESIAN_POINT('',(15.586380194061,13.984359711336));
#15529 = CARTESIAN_POINT('',(19.902962325677,5.492179855668));
#15530 = CARTESIAN_POINT('',(24.219544457293,-3.));
#15531 = CARTESIAN_POINT('',(14.70680990297,-2.492179855668));
#15532 = CARTESIAN_POINT('',(5.194075348647,-1.984359711335));
#15533 = CARTESIAN_POINT('',(10.390227771354,6.));
#15534 = ( GEOMETRIC_REPRESENTATION_CONTEXT(2) 
PARAMETRIC_REPRESENTATION_CONTEXT() REPRESENTATION_CONTEXT('2D SPACE',''
  ) );
#15535 = PCURVE('',#15129,#15536);
#15536 = DEFINITIONAL_REPRESENTATION('',(#15537),#15541);
#15537 = LINE('',#15538,#15539);
#15538 = CARTESIAN_POINT('',(8.847846615533,0.));
#15539 = VECTOR('',#15540,1.);
#15540 = DIRECTION('',(-1.,-0.));
#15541 = ( GEOMETRIC_REPRESENTATION_CONTEXT(2) 
PARAMETRIC_REPRESENTATION_CONTEXT() REPRESENTATION_CONTEXT('2D SPACE',''
  ) );
#15542 = FACE_BOUND('',#15543,.F.);
#15543 = EDGE_LOOP('',(#15544));
#15544 = ORIENTED_EDGE('',*,*,#15545,.F.);
#15545 = EDGE_CURVE('',#15546,#15546,#15548,.T.);
#15546 = VERTEX_POINT('',#15547);
#15547 = CARTESIAN_POINT('',(-5.6,0.,8.95));
#15548 = SURFACE_CURVE('',#15549,(#15554,#15561),.PCURVE_S1.);
#15549 = CIRCLE('',#15550,1.4);
#15550 = AXIS2_PLACEMENT_3D('',#15551,#15552,#15553);
#15551 = CARTESIAN_POINT('',(-7.,0.,8.95));
#15552 = DIRECTION('',(0.,0.,1.));
#15553 = DIRECTION('',(1.,0.,-0.));
#15554 = PCURVE('',#15156,#15555);
#15555 = DEFINITIONAL_REPRESENTATION('',(#15556),#15560);
#15556 = CIRCLE('',#15557,1.4);
#15557 = AXIS2_PLACEMENT_2D('',#15558,#15559);
#15558 = CARTESIAN_POINT('',(8.,3.));
#15559 = DIRECTION('',(1.,0.));
#15560 = ( GEOMETRIC_REPRESENTATION_CONTEXT(2) 
PARAMETRIC_REPRESENTATION_CONTEXT() REPRESENTATION_CONTEXT('2D SPACE',''
  ) );
#15561 = PCURVE('',#15562,#15567);
#15562 = CYLINDRICAL_SURFACE('',#15563,1.4);
#15563 = AXIS2_PLACEMENT_3D('',#15564,#15565,#15566);
#15564 = CARTESIAN_POINT('',(-7.,0.,8.85));
#15565 = DIRECTION('',(0.,0.,1.));
#15566 = DIRECTION('',(1.,0.,-0.));
#15567 = DEFINITIONAL_REPRESENTATION('',(#15568),#15572);
#15568 = LINE('',#15569,#15570);
#15569 = CARTESIAN_POINT('',(0.,0.1));
#15570 = VECTOR('',#15571,1.);
#15571 = DIRECTION('',(1.,0.));
#15572 = ( GEOMETRIC_REPRESENTATION_CONTEXT(2) 
PARAMETRIC_REPRESENTATION_CONTEXT() REPRESENTATION_CONTEXT('2D SPACE',''
  ) );
#15573 = ADVANCED_FACE('',(#15574),#15073,.T.);
#15574 = FACE_BOUND('',#15575,.T.);
#15575 = EDGE_LOOP('',(#15576,#15577,#15596,#15597));
#15576 = ORIENTED_EDGE('',*,*,#15052,.F.);
#15577 = ORIENTED_EDGE('',*,*,#15578,.F.);
#15578 = EDGE_CURVE('',#15310,#15053,#15579,.T.);
#15579 = SURFACE_CURVE('',#15580,(#15584,#15590),.PCURVE_S1.);
#15580 = LINE('',#15581,#15582);
#15581 = CARTESIAN_POINT('',(-9.177124344468,3.,11.95));
#15582 = VECTOR('',#15583,1.);
#15583 = DIRECTION('',(0.,-1.,2.22044604925E-16));
#15584 = PCURVE('',#15073,#15585);
#15585 = DEFINITIONAL_REPRESENTATION('',(#15586),#15589);
#15586 = B_SPLINE_CURVE_WITH_KNOTS('',1,(#15587,#15588),.UNSPECIFIED.,
  .F.,.F.,(2,2),(-6.000000003503E-07,6.0000006),
  .PIECEWISE_BEZIER_KNOTS.);
#15587 = CARTESIAN_POINT('',(0.848062078981,-6.000000000173E-07));
#15588 = CARTESIAN_POINT('',(0.848062078981,6.0000006));
#15589 = ( GEOMETRIC_REPRESENTATION_CONTEXT(2) 
PARAMETRIC_REPRESENTATION_CONTEXT() REPRESENTATION_CONTEXT('2D SPACE',''
  ) );
#15590 = PCURVE('',#15101,#15591);
#15591 = DEFINITIONAL_REPRESENTATION('',(#15592),#15595);
#15592 = B_SPLINE_CURVE_WITH_KNOTS('',1,(#15593,#15594),.UNSPECIFIED.,
  .F.,.F.,(2,2),(-6.000000003503E-07,6.0000006),
  .PIECEWISE_BEZIER_KNOTS.);
#15593 = CARTESIAN_POINT('',(5.822875655532,6.0000006));
#15594 = CARTESIAN_POINT('',(5.822875655532,-5.999999999062E-07));
#15595 = ( GEOMETRIC_REPRESENTATION_CONTEXT(2) 
PARAMETRIC_REPRESENTATION_CONTEXT() REPRESENTATION_CONTEXT('2D SPACE',''
  ) );
#15596 = ORIENTED_EDGE('',*,*,#15309,.T.);
#15597 = ORIENTED_EDGE('',*,*,#15262,.T.);
#15598 = ADVANCED_FACE('',(#15599),#15129,.T.);
#15599 = FACE_BOUND('',#15600,.T.);
#15600 = EDGE_LOOP('',(#15601,#15602,#15603,#15625));
#15601 = ORIENTED_EDGE('',*,*,#15517,.F.);
#15602 = ORIENTED_EDGE('',*,*,#15360,.T.);
#15603 = ORIENTED_EDGE('',*,*,#15604,.F.);
#15604 = EDGE_CURVE('',#15086,#15338,#15605,.T.);
#15605 = SURFACE_CURVE('',#15606,(#15611,#15618),.PCURVE_S1.);
#15606 = CIRCLE('',#15607,5.5);
#15607 = AXIS2_PLACEMENT_3D('',#15608,#15609,#15610);
#15608 = CARTESIAN_POINT('',(0.,0.,11.95));
#15609 = DIRECTION('',(0.,0.,1.));
#15610 = DIRECTION('',(-0.838140405208,-0.545454545455,0.));
#15611 = PCURVE('',#15129,#15612);
#15612 = DEFINITIONAL_REPRESENTATION('',(#15613),#15617);
#15613 = LINE('',#15614,#15615);
#15614 = CARTESIAN_POINT('',(3.718523998826,3.));
#15615 = VECTOR('',#15616,1.);
#15616 = DIRECTION('',(1.,0.));
#15617 = ( GEOMETRIC_REPRESENTATION_CONTEXT(2) 
PARAMETRIC_REPRESENTATION_CONTEXT() REPRESENTATION_CONTEXT('2D SPACE',''
  ) );
#15618 = PCURVE('',#15101,#15619);
#15619 = DEFINITIONAL_REPRESENTATION('',(#15620),#15624);
#15620 = CIRCLE('',#15621,5.5);
#15621 = AXIS2_PLACEMENT_2D('',#15622,#15623);
#15622 = CARTESIAN_POINT('',(15.,3.));
#15623 = DIRECTION('',(-0.838140405208,-0.545454545455));
#15624 = ( GEOMETRIC_REPRESENTATION_CONTEXT(2) 
PARAMETRIC_REPRESENTATION_CONTEXT() REPRESENTATION_CONTEXT('2D SPACE',''
  ) );
#15625 = ORIENTED_EDGE('',*,*,#15113,.F.);
#15626 = ADVANCED_FACE('',(#15627),#15101,.T.);
#15627 = FACE_BOUND('',#15628,.T.);
#15628 = EDGE_LOOP('',(#15629,#15630,#15631,#15632));
#15629 = ORIENTED_EDGE('',*,*,#15337,.F.);
#15630 = ORIENTED_EDGE('',*,*,#15578,.T.);
#15631 = ORIENTED_EDGE('',*,*,#15085,.T.);
#15632 = ORIENTED_EDGE('',*,*,#15604,.T.);
#15633 = ADVANCED_FACE('',(#15634),#15222,.F.);
#15634 = FACE_BOUND('',#15635,.F.);
#15635 = EDGE_LOOP('',(#15636,#15637,#15658,#15659));
#15636 = ORIENTED_EDGE('',*,*,#15201,.F.);
#15637 = ORIENTED_EDGE('',*,*,#15638,.F.);
#15638 = EDGE_CURVE('',#15434,#15202,#15639,.T.);
#15639 = SEAM_CURVE('',#15640,(#15644,#15651),.PCURVE_S1.);
#15640 = LINE('',#15641,#15642);
#15641 = CARTESIAN_POINT('',(-9.375,4.,10.45));
#15642 = VECTOR('',#15643,1.);
#15643 = DIRECTION('',(0.,-1.,2.22044604925E-16));
#15644 = PCURVE('',#15222,#15645);
#15645 = DEFINITIONAL_REPRESENTATION('',(#15646),#15650);
#15646 = LINE('',#15647,#15648);
#15647 = CARTESIAN_POINT('',(6.28318530718,-0.));
#15648 = VECTOR('',#15649,1.);
#15649 = DIRECTION('',(0.,1.));
#15650 = ( GEOMETRIC_REPRESENTATION_CONTEXT(2) 
PARAMETRIC_REPRESENTATION_CONTEXT() REPRESENTATION_CONTEXT('2D SPACE',''
  ) );
#15651 = PCURVE('',#15222,#15652);
#15652 = DEFINITIONAL_REPRESENTATION('',(#15653),#15657);
#15653 = LINE('',#15654,#15655);
#15654 = CARTESIAN_POINT('',(0.,-0.));
#15655 = VECTOR('',#15656,1.);
#15656 = DIRECTION('',(0.,1.));
#15657 = ( GEOMETRIC_REPRESENTATION_CONTEXT(2) 
PARAMETRIC_REPRESENTATION_CONTEXT() REPRESENTATION_CONTEXT('2D SPACE',''
  ) );
#15658 = ORIENTED_EDGE('',*,*,#15433,.T.);
#15659 = ORIENTED_EDGE('',*,*,#15638,.T.);
#15660 = ADVANCED_FACE('',(#15661),#15562,.F.);
#15661 = FACE_BOUND('',#15662,.F.);
#15662 = EDGE_LOOP('',(#15663,#15686,#15713,#15714));
#15663 = ORIENTED_EDGE('',*,*,#15664,.T.);
#15664 = EDGE_CURVE('',#15546,#15665,#15667,.T.);
#15665 = VERTEX_POINT('',#15666);
#15666 = CARTESIAN_POINT('',(-5.6,0.,9.45));
#15667 = SEAM_CURVE('',#15668,(#15672,#15679),.PCURVE_S1.);
#15668 = LINE('',#15669,#15670);
#15669 = CARTESIAN_POINT('',(-5.6,-3.429011037613E-16,8.85));
#15670 = VECTOR('',#15671,1.);
#15671 = DIRECTION('',(0.,0.,1.));
#15672 = PCURVE('',#15562,#15673);
#15673 = DEFINITIONAL_REPRESENTATION('',(#15674),#15678);
#15674 = LINE('',#15675,#15676);
#15675 = CARTESIAN_POINT('',(6.28318530718,-0.));
#15676 = VECTOR('',#15677,1.);
#15677 = DIRECTION('',(0.,1.));
#15678 = ( GEOMETRIC_REPRESENTATION_CONTEXT(2) 
PARAMETRIC_REPRESENTATION_CONTEXT() REPRESENTATION_CONTEXT('2D SPACE',''
  ) );
#15679 = PCURVE('',#15562,#15680);
#15680 = DEFINITIONAL_REPRESENTATION('',(#15681),#15685);
#15681 = LINE('',#15682,#15683);
#15682 = CARTESIAN_POINT('',(0.,-0.));
#15683 = VECTOR('',#15684,1.);
#15684 = DIRECTION('',(0.,1.));
#15685 = ( GEOMETRIC_REPRESENTATION_CONTEXT(2) 
PARAMETRIC_REPRESENTATION_CONTEXT() REPRESENTATION_CONTEXT('2D SPACE',''
  ) );
#15686 = ORIENTED_EDGE('',*,*,#15687,.F.);
#15687 = EDGE_CURVE('',#15665,#15665,#15688,.T.);
#15688 = SURFACE_CURVE('',#15689,(#15694,#15701),.PCURVE_S1.);
#15689 = CIRCLE('',#15690,1.4);
#15690 = AXIS2_PLACEMENT_3D('',#15691,#15692,#15693);
#15691 = CARTESIAN_POINT('',(-7.,0.,9.45));
#15692 = DIRECTION('',(0.,0.,1.));
#15693 = DIRECTION('',(1.,0.,-0.));
#15694 = PCURVE('',#15562,#15695);
#15695 = DEFINITIONAL_REPRESENTATION('',(#15696),#15700);
#15696 = LINE('',#15697,#15698);
#15697 = CARTESIAN_POINT('',(0.,0.6));
#15698 = VECTOR('',#15699,1.);
#15699 = DIRECTION('',(1.,0.));
#15700 = ( GEOMETRIC_REPRESENTATION_CONTEXT(2) 
PARAMETRIC_REPRESENTATION_CONTEXT() REPRESENTATION_CONTEXT('2D SPACE',''
  ) );
#15701 = PCURVE('',#15702,#15707);
#15702 = PLANE('',#15703);
#15703 = AXIS2_PLACEMENT_3D('',#15704,#15705,#15706);
#15704 = CARTESIAN_POINT('',(-7.,0.,9.45));
#15705 = DIRECTION('',(0.,0.,1.));
#15706 = DIRECTION('',(1.,0.,-0.));
#15707 = DEFINITIONAL_REPRESENTATION('',(#15708),#15712);
#15708 = CIRCLE('',#15709,1.4);
#15709 = AXIS2_PLACEMENT_2D('',#15710,#15711);
#15710 = CARTESIAN_POINT('',(0.,0.));
#15711 = DIRECTION('',(1.,0.));
#15712 = ( GEOMETRIC_REPRESENTATION_CONTEXT(2) 
PARAMETRIC_REPRESENTATION_CONTEXT() REPRESENTATION_CONTEXT('2D SPACE',''
  ) );
#15713 = ORIENTED_EDGE('',*,*,#15664,.F.);
#15714 = ORIENTED_EDGE('',*,*,#15545,.T.);
#15715 = ADVANCED_FACE('',(#15716),#15702,.F.);
#15716 = FACE_BOUND('',#15717,.F.);
#15717 = EDGE_LOOP('',(#15718));
#15718 = ORIENTED_EDGE('',*,*,#15687,.T.);
#15719 = ( GEOMETRIC_REPRESENTATION_CONTEXT(3) 
GLOBAL_UNCERTAINTY_ASSIGNED_CONTEXT((#15723)) 
GLOBAL_UNIT_ASSIGNED_CONTEXT((#15720,#15721,#15722)) 
REPRESENTATION_CONTEXT('Context #1',
  '3D Context with UNIT and UNCERTAINTY') );
#15720 = ( LENGTH_UNIT() NAMED_UNIT(*) SI_UNIT(.MILLI.,.METRE.) );
#15721 = ( NAMED_UNIT(*) PLANE_ANGLE_UNIT() SI_UNIT($,.RADIAN.) );
#15722 = ( NAMED_UNIT(*) SI_UNIT($,.STERADIAN.) SOLID_ANGLE_UNIT() );
#15723 = UNCERTAINTY_MEASURE_WITH_UNIT(LENGTH_MEASURE(1.E-07),#15720,
  'distance_accuracy_value','confusion accuracy');
#15724 = CONTEXT_DEPENDENT_SHAPE_REPRESENTATION(#15725,#15727);
#15725 = ( REPRESENTATION_RELATIONSHIP('','',#14878,#10) 
REPRESENTATION_RELATIONSHIP_WITH_TRANSFORMATION(#15726) 
SHAPE_REPRESENTATION_RELATIONSHIP() );
#15726 = ITEM_DEFINED_TRANSFORMATION('','',#11,#39);
#15727 = PRODUCT_DEFINITION_SHAPE('Placement','Placement of an item',
  #15728);
#15728 = NEXT_ASSEMBLY_USAGE_OCCURRENCE('25','=>[0:1:1:8]','',#5,#14873,
  $);
#15729 = PRODUCT_RELATED_PRODUCT_CATEGORY('part',$,(#14875));
#15730 = SHAPE_DEFINITION_REPRESENTATION(#15731,#15737);
#15731 = PRODUCT_DEFINITION_SHAPE('','',#15732);
#15732 = PRODUCT_DEFINITION('design','',#15733,#15736);
#15733 = PRODUCT_DEFINITION_FORMATION('','',#15734);
#15734 = PRODUCT('COMPOUND','COMPOUND','',(#15735));
#15735 = PRODUCT_CONTEXT('',#2,'mechanical');
#15736 = PRODUCT_DEFINITION_CONTEXT('part definition',#2,'design');
#15737 = ADVANCED_BREP_SHAPE_REPRESENTATION('',(#11,#15738),#15836);
#15738 = MANIFOLD_SOLID_BREP('',#15739);
#15739 = CLOSED_SHELL('',(#15740,#15828,#15832));
#15740 = ADVANCED_FACE('',(#15741),#15754,.T.);
#15741 = FACE_BOUND('',#15742,.T.);
#15742 = EDGE_LOOP('',(#15743,#15777,#15800,#15827));
#15743 = ORIENTED_EDGE('',*,*,#15744,.F.);
#15744 = EDGE_CURVE('',#15745,#15745,#15747,.T.);
#15745 = VERTEX_POINT('',#15746);
#15746 = CARTESIAN_POINT('',(5.25,0.,1.9));
#15747 = SURFACE_CURVE('',#15748,(#15753,#15765),.PCURVE_S1.);
#15748 = CIRCLE('',#15749,5.25);
#15749 = AXIS2_PLACEMENT_3D('',#15750,#15751,#15752);
#15750 = CARTESIAN_POINT('',(0.,0.,1.9));
#15751 = DIRECTION('',(0.,0.,1.));
#15752 = DIRECTION('',(1.,0.,-0.));
#15753 = PCURVE('',#15754,#15759);
#15754 = CYLINDRICAL_SURFACE('',#15755,5.25);
#15755 = AXIS2_PLACEMENT_3D('',#15756,#15757,#15758);
#15756 = CARTESIAN_POINT('',(0.,0.,-1.9));
#15757 = DIRECTION('',(0.,0.,1.));
#15758 = DIRECTION('',(1.,0.,-0.));
#15759 = DEFINITIONAL_REPRESENTATION('',(#15760),#15764);
#15760 = LINE('',#15761,#15762);
#15761 = CARTESIAN_POINT('',(0.,3.8));
#15762 = VECTOR('',#15763,1.);
#15763 = DIRECTION('',(1.,0.));
#15764 = ( GEOMETRIC_REPRESENTATION_CONTEXT(2) 
PARAMETRIC_REPRESENTATION_CONTEXT() REPRESENTATION_CONTEXT('2D SPACE',''
  ) );
#15765 = PCURVE('',#15766,#15771);
#15766 = PLANE('',#15767);
#15767 = AXIS2_PLACEMENT_3D('',#15768,#15769,#15770);
#15768 = CARTESIAN_POINT('',(0.,0.,1.9));
#15769 = DIRECTION('',(0.,0.,1.));
#15770 = DIRECTION('',(1.,0.,-0.));
#15771 = DEFINITIONAL_REPRESENTATION('',(#15772),#15776);
#15772 = CIRCLE('',#15773,5.25);
#15773 = AXIS2_PLACEMENT_2D('',#15774,#15775);
#15774 = CARTESIAN_POINT('',(0.,0.));
#15775 = DIRECTION('',(1.,0.));
#15776 = ( GEOMETRIC_REPRESENTATION_CONTEXT(2) 
PARAMETRIC_REPRESENTATION_CONTEXT() REPRESENTATION_CONTEXT('2D SPACE',''
  ) );
#15777 = ORIENTED_EDGE('',*,*,#15778,.F.);
#15778 = EDGE_CURVE('',#15779,#15745,#15781,.T.);
#15779 = VERTEX_POINT('',#15780);
#15780 = CARTESIAN_POINT('',(5.25,0.,-1.9));
#15781 = SEAM_CURVE('',#15782,(#15786,#15793),.PCURVE_S1.);
#15782 = LINE('',#15783,#15784);
#15783 = CARTESIAN_POINT('',(5.25,-1.285879139105E-15,-1.9));
#15784 = VECTOR('',#15785,1.);
#15785 = DIRECTION('',(0.,0.,1.));
#15786 = PCURVE('',#15754,#15787);
#15787 = DEFINITIONAL_REPRESENTATION('',(#15788),#15792);
#15788 = LINE('',#15789,#15790);
#15789 = CARTESIAN_POINT('',(6.28318530718,-0.));
#15790 = VECTOR('',#15791,1.);
#15791 = DIRECTION('',(0.,1.));
#15792 = ( GEOMETRIC_REPRESENTATION_CONTEXT(2) 
PARAMETRIC_REPRESENTATION_CONTEXT() REPRESENTATION_CONTEXT('2D SPACE',''
  ) );
#15793 = PCURVE('',#15754,#15794);
#15794 = DEFINITIONAL_REPRESENTATION('',(#15795),#15799);
#15795 = LINE('',#15796,#15797);
#15796 = CARTESIAN_POINT('',(0.,-0.));
#15797 = VECTOR('',#15798,1.);
#15798 = DIRECTION('',(0.,1.));
#15799 = ( GEOMETRIC_REPRESENTATION_CONTEXT(2) 
PARAMETRIC_REPRESENTATION_CONTEXT() REPRESENTATION_CONTEXT('2D SPACE',''
  ) );
#15800 = ORIENTED_EDGE('',*,*,#15801,.T.);
#15801 = EDGE_CURVE('',#15779,#15779,#15802,.T.);
#15802 = SURFACE_CURVE('',#15803,(#15808,#15815),.PCURVE_S1.);
#15803 = CIRCLE('',#15804,5.25);
#15804 = AXIS2_PLACEMENT_3D('',#15805,#15806,#15807);
#15805 = CARTESIAN_POINT('',(0.,0.,-1.9));
#15806 = DIRECTION('',(0.,0.,1.));
#15807 = DIRECTION('',(1.,0.,-0.));
#15808 = PCURVE('',#15754,#15809);
#15809 = DEFINITIONAL_REPRESENTATION('',(#15810),#15814);
#15810 = LINE('',#15811,#15812);
#15811 = CARTESIAN_POINT('',(0.,0.));
#15812 = VECTOR('',#15813,1.);
#15813 = DIRECTION('',(1.,0.));
#15814 = ( GEOMETRIC_REPRESENTATION_CONTEXT(2) 
PARAMETRIC_REPRESENTATION_CONTEXT() REPRESENTATION_CONTEXT('2D SPACE',''
  ) );
#15815 = PCURVE('',#15816,#15821);
#15816 = PLANE('',#15817);
#15817 = AXIS2_PLACEMENT_3D('',#15818,#15819,#15820);
#15818 = CARTESIAN_POINT('',(0.,0.,-1.9));
#15819 = DIRECTION('',(0.,0.,1.));
#15820 = DIRECTION('',(1.,0.,-0.));
#15821 = DEFINITIONAL_REPRESENTATION('',(#15822),#15826);
#15822 = CIRCLE('',#15823,5.25);
#15823 = AXIS2_PLACEMENT_2D('',#15824,#15825);
#15824 = CARTESIAN_POINT('',(0.,0.));
#15825 = DIRECTION('',(1.,0.));
#15826 = ( GEOMETRIC_REPRESENTATION_CONTEXT(2) 
PARAMETRIC_REPRESENTATION_CONTEXT() REPRESENTATION_CONTEXT('2D SPACE',''
  ) );
#15827 = ORIENTED_EDGE('',*,*,#15778,.T.);
#15828 = ADVANCED_FACE('',(#15829),#15766,.T.);
#15829 = FACE_BOUND('',#15830,.T.);
#15830 = EDGE_LOOP('',(#15831));
#15831 = ORIENTED_EDGE('',*,*,#15744,.T.);
#15832 = ADVANCED_FACE('',(#15833),#15816,.F.);
#15833 = FACE_BOUND('',#15834,.T.);
#15834 = EDGE_LOOP('',(#15835));
#15835 = ORIENTED_EDGE('',*,*,#15801,.F.);
#15836 = ( GEOMETRIC_REPRESENTATION_CONTEXT(3) 
GLOBAL_UNCERTAINTY_ASSIGNED_CONTEXT((#15840)) 
GLOBAL_UNIT_ASSIGNED_CONTEXT((#15837,#15838,#15839)) 
REPRESENTATION_CONTEXT('Context #1',
  '3D Context with UNIT and UNCERTAINTY') );
#15837 = ( LENGTH_UNIT() NAMED_UNIT(*) SI_UNIT(.MILLI.,.METRE.) );
#15838 = ( NAMED_UNIT(*) PLANE_ANGLE_UNIT() SI_UNIT($,.RADIAN.) );
#15839 = ( NAMED_UNIT(*) SI_UNIT($,.STERADIAN.) SOLID_ANGLE_UNIT() );
#15840 = UNCERTAINTY_MEASURE_WITH_UNIT(LENGTH_MEASURE(1.E-07),#15837,
  'distance_accuracy_value','confusion accuracy');
#15841 = CONTEXT_DEPENDENT_SHAPE_REPRESENTATION(#15842,#15844);
#15842 = ( REPRESENTATION_RELATIONSHIP('','',#15737,#10) 
REPRESENTATION_RELATIONSHIP_WITH_TRANSFORMATION(#15843) 
SHAPE_REPRESENTATION_RELATIONSHIP() );
#15843 = ITEM_DEFINED_TRANSFORMATION('','',#11,#43);
#15844 = PRODUCT_DEFINITION_SHAPE('Placement','Placement of an item',
  #15845);
#15845 = NEXT_ASSEMBLY_USAGE_OCCURRENCE('26','=>[0:1:1:9]','',#5,#15732,
  $);
#15846 = PRODUCT_RELATED_PRODUCT_CATEGORY('part',$,(#15734));
#15847 = SHAPE_DEFINITION_REPRESENTATION(#15848,#15854);
#15848 = PRODUCT_DEFINITION_SHAPE('','',#15849);
#15849 = PRODUCT_DEFINITION('design','',#15850,#15853);
#15850 = PRODUCT_DEFINITION_FORMATION('','',#15851);
#15851 = PRODUCT('COMPOUND','COMPOUND','',(#15852));
#15852 = PRODUCT_CONTEXT('',#2,'mechanical');
#15853 = PRODUCT_DEFINITION_CONTEXT('part definition',#2,'design');
#15854 = ADVANCED_BREP_SHAPE_REPRESENTATION('',(#11,#15855),#15953);
#15855 = MANIFOLD_SOLID_BREP('',#15856);
#15856 = CLOSED_SHELL('',(#15857,#15945,#15949));
#15857 = ADVANCED_FACE('',(#15858),#15871,.T.);
#15858 = FACE_BOUND('',#15859,.T.);
#15859 = EDGE_LOOP('',(#15860,#15894,#15917,#15944));
#15860 = ORIENTED_EDGE('',*,*,#15861,.F.);
#15861 = EDGE_CURVE('',#15862,#15862,#15864,.T.);
#15862 = VERTEX_POINT('',#15863);
#15863 = CARTESIAN_POINT('',(5.25,0.,1.9));
#15864 = SURFACE_CURVE('',#15865,(#15870,#15882),.PCURVE_S1.);
#15865 = CIRCLE('',#15866,5.25);
#15866 = AXIS2_PLACEMENT_3D('',#15867,#15868,#15869);
#15867 = CARTESIAN_POINT('',(0.,0.,1.9));
#15868 = DIRECTION('',(0.,0.,1.));
#15869 = DIRECTION('',(1.,0.,-0.));
#15870 = PCURVE('',#15871,#15876);
#15871 = CYLINDRICAL_SURFACE('',#15872,5.25);
#15872 = AXIS2_PLACEMENT_3D('',#15873,#15874,#15875);
#15873 = CARTESIAN_POINT('',(0.,0.,-1.9));
#15874 = DIRECTION('',(0.,0.,1.));
#15875 = DIRECTION('',(1.,0.,-0.));
#15876 = DEFINITIONAL_REPRESENTATION('',(#15877),#15881);
#15877 = LINE('',#15878,#15879);
#15878 = CARTESIAN_POINT('',(0.,3.8));
#15879 = VECTOR('',#15880,1.);
#15880 = DIRECTION('',(1.,0.));
#15881 = ( GEOMETRIC_REPRESENTATION_CONTEXT(2) 
PARAMETRIC_REPRESENTATION_CONTEXT() REPRESENTATION_CONTEXT('2D SPACE',''
  ) );
#15882 = PCURVE('',#15883,#15888);
#15883 = PLANE('',#15884);
#15884 = AXIS2_PLACEMENT_3D('',#15885,#15886,#15887);
#15885 = CARTESIAN_POINT('',(0.,0.,1.9));
#15886 = DIRECTION('',(0.,0.,1.));
#15887 = DIRECTION('',(1.,0.,-0.));
#15888 = DEFINITIONAL_REPRESENTATION('',(#15889),#15893);
#15889 = CIRCLE('',#15890,5.25);
#15890 = AXIS2_PLACEMENT_2D('',#15891,#15892);
#15891 = CARTESIAN_POINT('',(0.,0.));
#15892 = DIRECTION('',(1.,0.));
#15893 = ( GEOMETRIC_REPRESENTATION_CONTEXT(2) 
PARAMETRIC_REPRESENTATION_CONTEXT() REPRESENTATION_CONTEXT('2D SPACE',''
  ) );
#15894 = ORIENTED_EDGE('',*,*,#15895,.F.);
#15895 = EDGE_CURVE('',#15896,#15862,#15898,.T.);
#15896 = VERTEX_POINT('',#15897);
#15897 = CARTESIAN_POINT('',(5.25,0.,-1.9));
#15898 = SEAM_CURVE('',#15899,(#15903,#15910),.PCURVE_S1.);
#15899 = LINE('',#15900,#15901);
#15900 = CARTESIAN_POINT('',(5.25,-1.285879139105E-15,-1.9));
#15901 = VECTOR('',#15902,1.);
#15902 = DIRECTION('',(0.,0.,1.));
#15903 = PCURVE('',#15871,#15904);
#15904 = DEFINITIONAL_REPRESENTATION('',(#15905),#15909);
#15905 = LINE('',#15906,#15907);
#15906 = CARTESIAN_POINT('',(6.28318530718,-0.));
#15907 = VECTOR('',#15908,1.);
#15908 = DIRECTION('',(0.,1.));
#15909 = ( GEOMETRIC_REPRESENTATION_CONTEXT(2) 
PARAMETRIC_REPRESENTATION_CONTEXT() REPRESENTATION_CONTEXT('2D SPACE',''
  ) );
#15910 = PCURVE('',#15871,#15911);
#15911 = DEFINITIONAL_REPRESENTATION('',(#15912),#15916);
#15912 = LINE('',#15913,#15914);
#15913 = CARTESIAN_POINT('',(0.,-0.));
#15914 = VECTOR('',#15915,1.);
#15915 = DIRECTION('',(0.,1.));
#15916 = ( GEOMETRIC_REPRESENTATION_CONTEXT(2) 
PARAMETRIC_REPRESENTATION_CONTEXT() REPRESENTATION_CONTEXT('2D SPACE',''
  ) );
#15917 = ORIENTED_EDGE('',*,*,#15918,.T.);
#15918 = EDGE_CURVE('',#15896,#15896,#15919,.T.);
#15919 = SURFACE_CURVE('',#15920,(#15925,#15932),.PCURVE_S1.);
#15920 = CIRCLE('',#15921,5.25);
#15921 = AXIS2_PLACEMENT_3D('',#15922,#15923,#15924);
#15922 = CARTESIAN_POINT('',(0.,0.,-1.9));
#15923 = DIRECTION('',(0.,0.,1.));
#15924 = DIRECTION('',(1.,0.,-0.));
#15925 = PCURVE('',#15871,#15926);
#15926 = DEFINITIONAL_REPRESENTATION('',(#15927),#15931);
#15927 = LINE('',#15928,#15929);
#15928 = CARTESIAN_POINT('',(0.,0.));
#15929 = VECTOR('',#15930,1.);
#15930 = DIRECTION('',(1.,0.));
#15931 = ( GEOMETRIC_REPRESENTATION_CONTEXT(2) 
PARAMETRIC_REPRESENTATION_CONTEXT() REPRESENTATION_CONTEXT('2D SPACE',''
  ) );
#15932 = PCURVE('',#15933,#15938);
#15933 = PLANE('',#15934);
#15934 = AXIS2_PLACEMENT_3D('',#15935,#15936,#15937);
#15935 = CARTESIAN_POINT('',(0.,0.,-1.9));
#15936 = DIRECTION('',(0.,0.,1.));
#15937 = DIRECTION('',(1.,0.,-0.));
#15938 = DEFINITIONAL_REPRESENTATION('',(#15939),#15943);
#15939 = CIRCLE('',#15940,5.25);
#15940 = AXIS2_PLACEMENT_2D('',#15941,#15942);
#15941 = CARTESIAN_POINT('',(0.,0.));
#15942 = DIRECTION('',(1.,0.));
#15943 = ( GEOMETRIC_REPRESENTATION_CONTEXT(2) 
PARAMETRIC_REPRESENTATION_CONTEXT() REPRESENTATION_CONTEXT('2D SPACE',''
  ) );
#15944 = ORIENTED_EDGE('',*,*,#15895,.T.);
#15945 = ADVANCED_FACE('',(#15946),#15883,.T.);
#15946 = FACE_BOUND('',#15947,.T.);
#15947 = EDGE_LOOP('',(#15948));
#15948 = ORIENTED_EDGE('',*,*,#15861,.T.);
#15949 = ADVANCED_FACE('',(#15950),#15933,.F.);
#15950 = FACE_BOUND('',#15951,.T.);
#15951 = EDGE_LOOP('',(#15952));
#15952 = ORIENTED_EDGE('',*,*,#15918,.F.);
#15953 = ( GEOMETRIC_REPRESENTATION_CONTEXT(3) 
GLOBAL_UNCERTAINTY_ASSIGNED_CONTEXT((#15957)) 
GLOBAL_UNIT_ASSIGNED_CONTEXT((#15954,#15955,#15956)) 
REPRESENTATION_CONTEXT('Context #1',
  '3D Context with UNIT and UNCERTAINTY') );
#15954 = ( LENGTH_UNIT() NAMED_UNIT(*) SI_UNIT(.MILLI.,.METRE.) );
#15955 = ( NAMED_UNIT(*) PLANE_ANGLE_UNIT() SI_UNIT($,.RADIAN.) );
#15956 = ( NAMED_UNIT(*) SI_UNIT($,.STERADIAN.) SOLID_ANGLE_UNIT() );
#15957 = UNCERTAINTY_MEASURE_WITH_UNIT(LENGTH_MEASURE(1.E-07),#15954,
  'distance_accuracy_value','confusion accuracy');
#15958 = CONTEXT_DEPENDENT_SHAPE_REPRESENTATION(#15959,#15961);
#15959 = ( REPRESENTATION_RELATIONSHIP('','',#15854,#10) 
REPRESENTATION_RELATIONSHIP_WITH_TRANSFORMATION(#15960) 
SHAPE_REPRESENTATION_RELATIONSHIP() );
#15960 = ITEM_DEFINED_TRANSFORMATION('','',#11,#47);
#15961 = PRODUCT_DEFINITION_SHAPE('Placement','Placement of an item',
  #15962);
#15962 = NEXT_ASSEMBLY_USAGE_OCCURRENCE('27','=>[0:1:1:10]','',#5,#15849
  ,$);
#15963 = PRODUCT_RELATED_PRODUCT_CATEGORY('part',$,(#15851));
#15964 = SHAPE_DEFINITION_REPRESENTATION(#15965,#15971);
#15965 = PRODUCT_DEFINITION_SHAPE('','',#15966);
#15966 = PRODUCT_DEFINITION('design','',#15967,#15970);
#15967 = PRODUCT_DEFINITION_FORMATION('','',#15968);
#15968 = PRODUCT('COMPOUND','COMPOUND','',(#15969));
#15969 = PRODUCT_CONTEXT('',#2,'mechanical');
#15970 = PRODUCT_DEFINITION_CONTEXT('part definition',#2,'design');
#15971 = ADVANCED_BREP_SHAPE_REPRESENTATION('',(#11,#15972),#16070);
#15972 = MANIFOLD_SOLID_BREP('',#15973);
#15973 = CLOSED_SHELL('',(#15974,#16062,#16066));
#15974 = ADVANCED_FACE('',(#15975),#15988,.T.);
#15975 = FACE_BOUND('',#15976,.T.);
#15976 = EDGE_LOOP('',(#15977,#16011,#16034,#16061));
#15977 = ORIENTED_EDGE('',*,*,#15978,.F.);
#15978 = EDGE_CURVE('',#15979,#15979,#15981,.T.);
#15979 = VERTEX_POINT('',#15980);
#15980 = CARTESIAN_POINT('',(5.25,0.,1.9));
#15981 = SURFACE_CURVE('',#15982,(#15987,#15999),.PCURVE_S1.);
#15982 = CIRCLE('',#15983,5.25);
#15983 = AXIS2_PLACEMENT_3D('',#15984,#15985,#15986);
#15984 = CARTESIAN_POINT('',(0.,0.,1.9));
#15985 = DIRECTION('',(0.,0.,1.));
#15986 = DIRECTION('',(1.,0.,-0.));
#15987 = PCURVE('',#15988,#15993);
#15988 = CYLINDRICAL_SURFACE('',#15989,5.25);
#15989 = AXIS2_PLACEMENT_3D('',#15990,#15991,#15992);
#15990 = CARTESIAN_POINT('',(0.,0.,-1.9));
#15991 = DIRECTION('',(0.,0.,1.));
#15992 = DIRECTION('',(1.,0.,-0.));
#15993 = DEFINITIONAL_REPRESENTATION('',(#15994),#15998);
#15994 = LINE('',#15995,#15996);
#15995 = CARTESIAN_POINT('',(0.,3.8));
#15996 = VECTOR('',#15997,1.);
#15997 = DIRECTION('',(1.,0.));
#15998 = ( GEOMETRIC_REPRESENTATION_CONTEXT(2) 
PARAMETRIC_REPRESENTATION_CONTEXT() REPRESENTATION_CONTEXT('2D SPACE',''
  ) );
#15999 = PCURVE('',#16000,#16005);
#16000 = PLANE('',#16001);
#16001 = AXIS2_PLACEMENT_3D('',#16002,#16003,#16004);
#16002 = CARTESIAN_POINT('',(0.,0.,1.9));
#16003 = DIRECTION('',(0.,0.,1.));
#16004 = DIRECTION('',(1.,0.,-0.));
#16005 = DEFINITIONAL_REPRESENTATION('',(#16006),#16010);
#16006 = CIRCLE('',#16007,5.25);
#16007 = AXIS2_PLACEMENT_2D('',#16008,#16009);
#16008 = CARTESIAN_POINT('',(0.,0.));
#16009 = DIRECTION('',(1.,0.));
#16010 = ( GEOMETRIC_REPRESENTATION_CONTEXT(2) 
PARAMETRIC_REPRESENTATION_CONTEXT() REPRESENTATION_CONTEXT('2D SPACE',''
  ) );
#16011 = ORIENTED_EDGE('',*,*,#16012,.F.);
#16012 = EDGE_CURVE('',#16013,#15979,#16015,.T.);
#16013 = VERTEX_POINT('',#16014);
#16014 = CARTESIAN_POINT('',(5.25,0.,-1.9));
#16015 = SEAM_CURVE('',#16016,(#16020,#16027),.PCURVE_S1.);
#16016 = LINE('',#16017,#16018);
#16017 = CARTESIAN_POINT('',(5.25,-1.285879139105E-15,-1.9));
#16018 = VECTOR('',#16019,1.);
#16019 = DIRECTION('',(0.,0.,1.));
#16020 = PCURVE('',#15988,#16021);
#16021 = DEFINITIONAL_REPRESENTATION('',(#16022),#16026);
#16022 = LINE('',#16023,#16024);
#16023 = CARTESIAN_POINT('',(6.28318530718,-0.));
#16024 = VECTOR('',#16025,1.);
#16025 = DIRECTION('',(0.,1.));
#16026 = ( GEOMETRIC_REPRESENTATION_CONTEXT(2) 
PARAMETRIC_REPRESENTATION_CONTEXT() REPRESENTATION_CONTEXT('2D SPACE',''
  ) );
#16027 = PCURVE('',#15988,#16028);
#16028 = DEFINITIONAL_REPRESENTATION('',(#16029),#16033);
#16029 = LINE('',#16030,#16031);
#16030 = CARTESIAN_POINT('',(0.,-0.));
#16031 = VECTOR('',#16032,1.);
#16032 = DIRECTION('',(0.,1.));
#16033 = ( GEOMETRIC_REPRESENTATION_CONTEXT(2) 
PARAMETRIC_REPRESENTATION_CONTEXT() REPRESENTATION_CONTEXT('2D SPACE',''
  ) );
#16034 = ORIENTED_EDGE('',*,*,#16035,.T.);
#16035 = EDGE_CURVE('',#16013,#16013,#16036,.T.);
#16036 = SURFACE_CURVE('',#16037,(#16042,#16049),.PCURVE_S1.);
#16037 = CIRCLE('',#16038,5.25);
#16038 = AXIS2_PLACEMENT_3D('',#16039,#16040,#16041);
#16039 = CARTESIAN_POINT('',(0.,0.,-1.9));
#16040 = DIRECTION('',(0.,0.,1.));
#16041 = DIRECTION('',(1.,0.,-0.));
#16042 = PCURVE('',#15988,#16043);
#16043 = DEFINITIONAL_REPRESENTATION('',(#16044),#16048);
#16044 = LINE('',#16045,#16046);
#16045 = CARTESIAN_POINT('',(0.,0.));
#16046 = VECTOR('',#16047,1.);
#16047 = DIRECTION('',(1.,0.));
#16048 = ( GEOMETRIC_REPRESENTATION_CONTEXT(2) 
PARAMETRIC_REPRESENTATION_CONTEXT() REPRESENTATION_CONTEXT('2D SPACE',''
  ) );
#16049 = PCURVE('',#16050,#16055);
#16050 = PLANE('',#16051);
#16051 = AXIS2_PLACEMENT_3D('',#16052,#16053,#16054);
#16052 = CARTESIAN_POINT('',(0.,0.,-1.9));
#16053 = DIRECTION('',(0.,0.,1.));
#16054 = DIRECTION('',(1.,0.,-0.));
#16055 = DEFINITIONAL_REPRESENTATION('',(#16056),#16060);
#16056 = CIRCLE('',#16057,5.25);
#16057 = AXIS2_PLACEMENT_2D('',#16058,#16059);
#16058 = CARTESIAN_POINT('',(0.,0.));
#16059 = DIRECTION('',(1.,0.));
#16060 = ( GEOMETRIC_REPRESENTATION_CONTEXT(2) 
PARAMETRIC_REPRESENTATION_CONTEXT() REPRESENTATION_CONTEXT('2D SPACE',''
  ) );
#16061 = ORIENTED_EDGE('',*,*,#16012,.T.);
#16062 = ADVANCED_FACE('',(#16063),#16000,.T.);
#16063 = FACE_BOUND('',#16064,.T.);
#16064 = EDGE_LOOP('',(#16065));
#16065 = ORIENTED_EDGE('',*,*,#15978,.T.);
#16066 = ADVANCED_FACE('',(#16067),#16050,.F.);
#16067 = FACE_BOUND('',#16068,.T.);
#16068 = EDGE_LOOP('',(#16069));
#16069 = ORIENTED_EDGE('',*,*,#16035,.F.);
#16070 = ( GEOMETRIC_REPRESENTATION_CONTEXT(3) 
GLOBAL_UNCERTAINTY_ASSIGNED_CONTEXT((#16074)) 
GLOBAL_UNIT_ASSIGNED_CONTEXT((#16071,#16072,#16073)) 
REPRESENTATION_CONTEXT('Context #1',
  '3D Context with UNIT and UNCERTAINTY') );
#16071 = ( LENGTH_UNIT() NAMED_UNIT(*) SI_UNIT(.MILLI.,.METRE.) );
#16072 = ( NAMED_UNIT(*) PLANE_ANGLE_UNIT() SI_UNIT($,.RADIAN.) );
#16073 = ( NAMED_UNIT(*) SI_UNIT($,.STERADIAN.) SOLID_ANGLE_UNIT() );
#16074 = UNCERTAINTY_MEASURE_WITH_UNIT(LENGTH_MEASURE(1.E-07),#16071,
  'distance_accuracy_value','confusion accuracy');
#16075 = CONTEXT_DEPENDENT_SHAPE_REPRESENTATION(#16076,#16078);
#16076 = ( REPRESENTATION_RELATIONSHIP('','',#15971,#10) 
REPRESENTATION_RELATIONSHIP_WITH_TRANSFORMATION(#16077) 
SHAPE_REPRESENTATION_RELATIONSHIP() );
#16077 = ITEM_DEFINED_TRANSFORMATION('','',#11,#51);
#16078 = PRODUCT_DEFINITION_SHAPE('Placement','Placement of an item',
  #16079);
#16079 = NEXT_ASSEMBLY_USAGE_OCCURRENCE('28','=>[0:1:1:11]','',#5,#15966
  ,$);
#16080 = PRODUCT_RELATED_PRODUCT_CATEGORY('part',$,(#15968));
#16081 = SHAPE_DEFINITION_REPRESENTATION(#16082,#16088);
#16082 = PRODUCT_DEFINITION_SHAPE('','',#16083);
#16083 = PRODUCT_DEFINITION('design','',#16084,#16087);
#16084 = PRODUCT_DEFINITION_FORMATION('','',#16085);
#16085 = PRODUCT('COMPOUND','COMPOUND','',(#16086));
#16086 = PRODUCT_CONTEXT('',#2,'mechanical');
#16087 = PRODUCT_DEFINITION_CONTEXT('part definition',#2,'design');
#16088 = ADVANCED_BREP_SHAPE_REPRESENTATION('',(#11,#16089),#16187);
#16089 = MANIFOLD_SOLID_BREP('',#16090);
#16090 = CLOSED_SHELL('',(#16091,#16179,#16183));
#16091 = ADVANCED_FACE('',(#16092),#16105,.T.);
#16092 = FACE_BOUND('',#16093,.T.);
#16093 = EDGE_LOOP('',(#16094,#16128,#16151,#16178));
#16094 = ORIENTED_EDGE('',*,*,#16095,.F.);
#16095 = EDGE_CURVE('',#16096,#16096,#16098,.T.);
#16096 = VERTEX_POINT('',#16097);
#16097 = CARTESIAN_POINT('',(1.2,0.,5.07985264202));
#16098 = SURFACE_CURVE('',#16099,(#16104,#16116),.PCURVE_S1.);
#16099 = CIRCLE('',#16100,1.2);
#16100 = AXIS2_PLACEMENT_3D('',#16101,#16102,#16103);
#16101 = CARTESIAN_POINT('',(0.,0.,5.07985264202));
#16102 = DIRECTION('',(0.,0.,1.));
#16103 = DIRECTION('',(1.,0.,-0.));
#16104 = PCURVE('',#16105,#16110);
#16105 = CYLINDRICAL_SURFACE('',#16106,1.2);
#16106 = AXIS2_PLACEMENT_3D('',#16107,#16108,#16109);
#16107 = CARTESIAN_POINT('',(0.,0.,0.));
#16108 = DIRECTION('',(0.,0.,1.));
#16109 = DIRECTION('',(1.,0.,-0.));
#16110 = DEFINITIONAL_REPRESENTATION('',(#16111),#16115);
#16111 = LINE('',#16112,#16113);
#16112 = CARTESIAN_POINT('',(0.,5.07985264202));
#16113 = VECTOR('',#16114,1.);
#16114 = DIRECTION('',(1.,0.));
#16115 = ( GEOMETRIC_REPRESENTATION_CONTEXT(2) 
PARAMETRIC_REPRESENTATION_CONTEXT() REPRESENTATION_CONTEXT('2D SPACE',''
  ) );
#16116 = PCURVE('',#16117,#16122);
#16117 = PLANE('',#16118);
#16118 = AXIS2_PLACEMENT_3D('',#16119,#16120,#16121);
#16119 = CARTESIAN_POINT('',(0.,0.,5.07985264202));
#16120 = DIRECTION('',(0.,0.,1.));
#16121 = DIRECTION('',(1.,0.,-0.));
#16122 = DEFINITIONAL_REPRESENTATION('',(#16123),#16127);
#16123 = CIRCLE('',#16124,1.2);
#16124 = AXIS2_PLACEMENT_2D('',#16125,#16126);
#16125 = CARTESIAN_POINT('',(0.,0.));
#16126 = DIRECTION('',(1.,0.));
#16127 = ( GEOMETRIC_REPRESENTATION_CONTEXT(2) 
PARAMETRIC_REPRESENTATION_CONTEXT() REPRESENTATION_CONTEXT('2D SPACE',''
  ) );
#16128 = ORIENTED_EDGE('',*,*,#16129,.F.);
#16129 = EDGE_CURVE('',#16130,#16096,#16132,.T.);
#16130 = VERTEX_POINT('',#16131);
#16131 = CARTESIAN_POINT('',(1.2,0.,0.));
#16132 = SEAM_CURVE('',#16133,(#16137,#16144),.PCURVE_S1.);
#16133 = LINE('',#16134,#16135);
#16134 = CARTESIAN_POINT('',(1.2,-2.939152317954E-16,0.));
#16135 = VECTOR('',#16136,1.);
#16136 = DIRECTION('',(0.,0.,1.));
#16137 = PCURVE('',#16105,#16138);
#16138 = DEFINITIONAL_REPRESENTATION('',(#16139),#16143);
#16139 = LINE('',#16140,#16141);
#16140 = CARTESIAN_POINT('',(6.28318530718,-0.));
#16141 = VECTOR('',#16142,1.);
#16142 = DIRECTION('',(0.,1.));
#16143 = ( GEOMETRIC_REPRESENTATION_CONTEXT(2) 
PARAMETRIC_REPRESENTATION_CONTEXT() REPRESENTATION_CONTEXT('2D SPACE',''
  ) );
#16144 = PCURVE('',#16105,#16145);
#16145 = DEFINITIONAL_REPRESENTATION('',(#16146),#16150);
#16146 = LINE('',#16147,#16148);
#16147 = CARTESIAN_POINT('',(0.,-0.));
#16148 = VECTOR('',#16149,1.);
#16149 = DIRECTION('',(0.,1.));
#16150 = ( GEOMETRIC_REPRESENTATION_CONTEXT(2) 
PARAMETRIC_REPRESENTATION_CONTEXT() REPRESENTATION_CONTEXT('2D SPACE',''
  ) );
#16151 = ORIENTED_EDGE('',*,*,#16152,.T.);
#16152 = EDGE_CURVE('',#16130,#16130,#16153,.T.);
#16153 = SURFACE_CURVE('',#16154,(#16159,#16166),.PCURVE_S1.);
#16154 = CIRCLE('',#16155,1.2);
#16155 = AXIS2_PLACEMENT_3D('',#16156,#16157,#16158);
#16156 = CARTESIAN_POINT('',(0.,0.,0.));
#16157 = DIRECTION('',(0.,0.,1.));
#16158 = DIRECTION('',(1.,0.,-0.));
#16159 = PCURVE('',#16105,#16160);
#16160 = DEFINITIONAL_REPRESENTATION('',(#16161),#16165);
#16161 = LINE('',#16162,#16163);
#16162 = CARTESIAN_POINT('',(0.,0.));
#16163 = VECTOR('',#16164,1.);
#16164 = DIRECTION('',(1.,0.));
#16165 = ( GEOMETRIC_REPRESENTATION_CONTEXT(2) 
PARAMETRIC_REPRESENTATION_CONTEXT() REPRESENTATION_CONTEXT('2D SPACE',''
  ) );
#16166 = PCURVE('',#16167,#16172);
#16167 = PLANE('',#16168);
#16168 = AXIS2_PLACEMENT_3D('',#16169,#16170,#16171);
#16169 = CARTESIAN_POINT('',(0.,0.,0.));
#16170 = DIRECTION('',(0.,0.,1.));
#16171 = DIRECTION('',(1.,0.,-0.));
#16172 = DEFINITIONAL_REPRESENTATION('',(#16173),#16177);
#16173 = CIRCLE('',#16174,1.2);
#16174 = AXIS2_PLACEMENT_2D('',#16175,#16176);
#16175 = CARTESIAN_POINT('',(0.,0.));
#16176 = DIRECTION('',(1.,0.));
#16177 = ( GEOMETRIC_REPRESENTATION_CONTEXT(2) 
PARAMETRIC_REPRESENTATION_CONTEXT() REPRESENTATION_CONTEXT('2D SPACE',''
  ) );
#16178 = ORIENTED_EDGE('',*,*,#16129,.T.);
#16179 = ADVANCED_FACE('',(#16180),#16117,.T.);
#16180 = FACE_BOUND('',#16181,.T.);
#16181 = EDGE_LOOP('',(#16182));
#16182 = ORIENTED_EDGE('',*,*,#16095,.T.);
#16183 = ADVANCED_FACE('',(#16184),#16167,.F.);
#16184 = FACE_BOUND('',#16185,.T.);
#16185 = EDGE_LOOP('',(#16186));
#16186 = ORIENTED_EDGE('',*,*,#16152,.F.);
#16187 = ( GEOMETRIC_REPRESENTATION_CONTEXT(3) 
GLOBAL_UNCERTAINTY_ASSIGNED_CONTEXT((#16191)) 
GLOBAL_UNIT_ASSIGNED_CONTEXT((#16188,#16189,#16190)) 
REPRESENTATION_CONTEXT('Context #1',
  '3D Context with UNIT and UNCERTAINTY') );
#16188 = ( LENGTH_UNIT() NAMED_UNIT(*) SI_UNIT(.MILLI.,.METRE.) );
#16189 = ( NAMED_UNIT(*) PLANE_ANGLE_UNIT() SI_UNIT($,.RADIAN.) );
#16190 = ( NAMED_UNIT(*) SI_UNIT($,.STERADIAN.) SOLID_ANGLE_UNIT() );
#16191 = UNCERTAINTY_MEASURE_WITH_UNIT(LENGTH_MEASURE(1.E-07),#16188,
  'distance_accuracy_value','confusion accuracy');
#16192 = CONTEXT_DEPENDENT_SHAPE_REPRESENTATION(#16193,#16195);
#16193 = ( REPRESENTATION_RELATIONSHIP('','',#16088,#10) 
REPRESENTATION_RELATIONSHIP_WITH_TRANSFORMATION(#16194) 
SHAPE_REPRESENTATION_RELATIONSHIP() );
#16194 = ITEM_DEFINED_TRANSFORMATION('','',#11,#55);
#16195 = PRODUCT_DEFINITION_SHAPE('Placement','Placement of an item',
  #16196);
#16196 = NEXT_ASSEMBLY_USAGE_OCCURRENCE('29','=>[0:1:1:12]','',#5,#16083
  ,$);
#16197 = PRODUCT_RELATED_PRODUCT_CATEGORY('part',$,(#16085));
#16198 = SHAPE_DEFINITION_REPRESENTATION(#16199,#16205);
#16199 = PRODUCT_DEFINITION_SHAPE('','',#16200);
#16200 = PRODUCT_DEFINITION('design','',#16201,#16204);
#16201 = PRODUCT_DEFINITION_FORMATION('','',#16202);
#16202 = PRODUCT('COMPOUND','COMPOUND','',(#16203));
#16203 = PRODUCT_CONTEXT('',#2,'mechanical');
#16204 = PRODUCT_DEFINITION_CONTEXT('part definition',#2,'design');
#16205 = ADVANCED_BREP_SHAPE_REPRESENTATION('',(#11,#16206),#16304);
#16206 = MANIFOLD_SOLID_BREP('',#16207);
#16207 = CLOSED_SHELL('',(#16208,#16296,#16300));
#16208 = ADVANCED_FACE('',(#16209),#16222,.T.);
#16209 = FACE_BOUND('',#16210,.T.);
#16210 = EDGE_LOOP('',(#16211,#16245,#16268,#16295));
#16211 = ORIENTED_EDGE('',*,*,#16212,.F.);
#16212 = EDGE_CURVE('',#16213,#16213,#16215,.T.);
#16213 = VERTEX_POINT('',#16214);
#16214 = CARTESIAN_POINT('',(1.2,0.,5.07985264202));
#16215 = SURFACE_CURVE('',#16216,(#16221,#16233),.PCURVE_S1.);
#16216 = CIRCLE('',#16217,1.2);
#16217 = AXIS2_PLACEMENT_3D('',#16218,#16219,#16220);
#16218 = CARTESIAN_POINT('',(0.,0.,5.07985264202));
#16219 = DIRECTION('',(0.,0.,1.));
#16220 = DIRECTION('',(1.,0.,-0.));
#16221 = PCURVE('',#16222,#16227);
#16222 = CYLINDRICAL_SURFACE('',#16223,1.2);
#16223 = AXIS2_PLACEMENT_3D('',#16224,#16225,#16226);
#16224 = CARTESIAN_POINT('',(0.,0.,0.));
#16225 = DIRECTION('',(0.,0.,1.));
#16226 = DIRECTION('',(1.,0.,-0.));
#16227 = DEFINITIONAL_REPRESENTATION('',(#16228),#16232);
#16228 = LINE('',#16229,#16230);
#16229 = CARTESIAN_POINT('',(0.,5.07985264202));
#16230 = VECTOR('',#16231,1.);
#16231 = DIRECTION('',(1.,0.));
#16232 = ( GEOMETRIC_REPRESENTATION_CONTEXT(2) 
PARAMETRIC_REPRESENTATION_CONTEXT() REPRESENTATION_CONTEXT('2D SPACE',''
  ) );
#16233 = PCURVE('',#16234,#16239);
#16234 = PLANE('',#16235);
#16235 = AXIS2_PLACEMENT_3D('',#16236,#16237,#16238);
#16236 = CARTESIAN_POINT('',(0.,0.,5.07985264202));
#16237 = DIRECTION('',(0.,0.,1.));
#16238 = DIRECTION('',(1.,0.,-0.));
#16239 = DEFINITIONAL_REPRESENTATION('',(#16240),#16244);
#16240 = CIRCLE('',#16241,1.2);
#16241 = AXIS2_PLACEMENT_2D('',#16242,#16243);
#16242 = CARTESIAN_POINT('',(0.,0.));
#16243 = DIRECTION('',(1.,0.));
#16244 = ( GEOMETRIC_REPRESENTATION_CONTEXT(2) 
PARAMETRIC_REPRESENTATION_CONTEXT() REPRESENTATION_CONTEXT('2D SPACE',''
  ) );
#16245 = ORIENTED_EDGE('',*,*,#16246,.F.);
#16246 = EDGE_CURVE('',#16247,#16213,#16249,.T.);
#16247 = VERTEX_POINT('',#16248);
#16248 = CARTESIAN_POINT('',(1.2,0.,0.));
#16249 = SEAM_CURVE('',#16250,(#16254,#16261),.PCURVE_S1.);
#16250 = LINE('',#16251,#16252);
#16251 = CARTESIAN_POINT('',(1.2,-2.939152317954E-16,0.));
#16252 = VECTOR('',#16253,1.);
#16253 = DIRECTION('',(0.,0.,1.));
#16254 = PCURVE('',#16222,#16255);
#16255 = DEFINITIONAL_REPRESENTATION('',(#16256),#16260);
#16256 = LINE('',#16257,#16258);
#16257 = CARTESIAN_POINT('',(6.28318530718,-0.));
#16258 = VECTOR('',#16259,1.);
#16259 = DIRECTION('',(0.,1.));
#16260 = ( GEOMETRIC_REPRESENTATION_CONTEXT(2) 
PARAMETRIC_REPRESENTATION_CONTEXT() REPRESENTATION_CONTEXT('2D SPACE',''
  ) );
#16261 = PCURVE('',#16222,#16262);
#16262 = DEFINITIONAL_REPRESENTATION('',(#16263),#16267);
#16263 = LINE('',#16264,#16265);
#16264 = CARTESIAN_POINT('',(0.,-0.));
#16265 = VECTOR('',#16266,1.);
#16266 = DIRECTION('',(0.,1.));
#16267 = ( GEOMETRIC_REPRESENTATION_CONTEXT(2) 
PARAMETRIC_REPRESENTATION_CONTEXT() REPRESENTATION_CONTEXT('2D SPACE',''
  ) );
#16268 = ORIENTED_EDGE('',*,*,#16269,.T.);
#16269 = EDGE_CURVE('',#16247,#16247,#16270,.T.);
#16270 = SURFACE_CURVE('',#16271,(#16276,#16283),.PCURVE_S1.);
#16271 = CIRCLE('',#16272,1.2);
#16272 = AXIS2_PLACEMENT_3D('',#16273,#16274,#16275);
#16273 = CARTESIAN_POINT('',(0.,0.,0.));
#16274 = DIRECTION('',(0.,0.,1.));
#16275 = DIRECTION('',(1.,0.,-0.));
#16276 = PCURVE('',#16222,#16277);
#16277 = DEFINITIONAL_REPRESENTATION('',(#16278),#16282);
#16278 = LINE('',#16279,#16280);
#16279 = CARTESIAN_POINT('',(0.,0.));
#16280 = VECTOR('',#16281,1.);
#16281 = DIRECTION('',(1.,0.));
#16282 = ( GEOMETRIC_REPRESENTATION_CONTEXT(2) 
PARAMETRIC_REPRESENTATION_CONTEXT() REPRESENTATION_CONTEXT('2D SPACE',''
  ) );
#16283 = PCURVE('',#16284,#16289);
#16284 = PLANE('',#16285);
#16285 = AXIS2_PLACEMENT_3D('',#16286,#16287,#16288);
#16286 = CARTESIAN_POINT('',(0.,0.,0.));
#16287 = DIRECTION('',(0.,0.,1.));
#16288 = DIRECTION('',(1.,0.,-0.));
#16289 = DEFINITIONAL_REPRESENTATION('',(#16290),#16294);
#16290 = CIRCLE('',#16291,1.2);
#16291 = AXIS2_PLACEMENT_2D('',#16292,#16293);
#16292 = CARTESIAN_POINT('',(0.,0.));
#16293 = DIRECTION('',(1.,0.));
#16294 = ( GEOMETRIC_REPRESENTATION_CONTEXT(2) 
PARAMETRIC_REPRESENTATION_CONTEXT() REPRESENTATION_CONTEXT('2D SPACE',''
  ) );
#16295 = ORIENTED_EDGE('',*,*,#16246,.T.);
#16296 = ADVANCED_FACE('',(#16297),#16234,.T.);
#16297 = FACE_BOUND('',#16298,.T.);
#16298 = EDGE_LOOP('',(#16299));
#16299 = ORIENTED_EDGE('',*,*,#16212,.T.);
#16300 = ADVANCED_FACE('',(#16301),#16284,.F.);
#16301 = FACE_BOUND('',#16302,.T.);
#16302 = EDGE_LOOP('',(#16303));
#16303 = ORIENTED_EDGE('',*,*,#16269,.F.);
#16304 = ( GEOMETRIC_REPRESENTATION_CONTEXT(3) 
GLOBAL_UNCERTAINTY_ASSIGNED_CONTEXT((#16308)) 
GLOBAL_UNIT_ASSIGNED_CONTEXT((#16305,#16306,#16307)) 
REPRESENTATION_CONTEXT('Context #1',
  '3D Context with UNIT and UNCERTAINTY') );
#16305 = ( LENGTH_UNIT() NAMED_UNIT(*) SI_UNIT(.MILLI.,.METRE.) );
#16306 = ( NAMED_UNIT(*) PLANE_ANGLE_UNIT() SI_UNIT($,.RADIAN.) );
#16307 = ( NAMED_UNIT(*) SI_UNIT($,.STERADIAN.) SOLID_ANGLE_UNIT() );
#16308 = UNCERTAINTY_MEASURE_WITH_UNIT(LENGTH_MEASURE(1.E-07),#16305,
  'distance_accuracy_value','confusion accuracy');
#16309 = CONTEXT_DEPENDENT_SHAPE_REPRESENTATION(#16310,#16312);
#16310 = ( REPRESENTATION_RELATIONSHIP('','',#16205,#10) 
REPRESENTATION_RELATIONSHIP_WITH_TRANSFORMATION(#16311) 
SHAPE_REPRESENTATION_RELATIONSHIP() );
#16311 = ITEM_DEFINED_TRANSFORMATION('','',#11,#59);
#16312 = PRODUCT_DEFINITION_SHAPE('Placement','Placement of an item',
  #16313);
#16313 = NEXT_ASSEMBLY_USAGE_OCCURRENCE('30','=>[0:1:1:13]','',#5,#16200
  ,$);
#16314 = PRODUCT_RELATED_PRODUCT_CATEGORY('part',$,(#16202));
#16315 = SHAPE_DEFINITION_REPRESENTATION(#16316,#16322);
#16316 = PRODUCT_DEFINITION_SHAPE('','',#16317);
#16317 = PRODUCT_DEFINITION('design','',#16318,#16321);
#16318 = PRODUCT_DEFINITION_FORMATION('','',#16319);
#16319 = PRODUCT('COMPOUND','COMPOUND','',(#16320));
#16320 = PRODUCT_CONTEXT('',#2,'mechanical');
#16321 = PRODUCT_DEFINITION_CONTEXT('part definition',#2,'design');
#16322 = ADVANCED_BREP_SHAPE_REPRESENTATION('',(#11,#16323),#16421);
#16323 = MANIFOLD_SOLID_BREP('',#16324);
#16324 = CLOSED_SHELL('',(#16325,#16413,#16417));
#16325 = ADVANCED_FACE('',(#16326),#16339,.T.);
#16326 = FACE_BOUND('',#16327,.T.);
#16327 = EDGE_LOOP('',(#16328,#16362,#16385,#16412));
#16328 = ORIENTED_EDGE('',*,*,#16329,.F.);
#16329 = EDGE_CURVE('',#16330,#16330,#16332,.T.);
#16330 = VERTEX_POINT('',#16331);
#16331 = CARTESIAN_POINT('',(1.2,0.,5.07985264202));
#16332 = SURFACE_CURVE('',#16333,(#16338,#16350),.PCURVE_S1.);
#16333 = CIRCLE('',#16334,1.2);
#16334 = AXIS2_PLACEMENT_3D('',#16335,#16336,#16337);
#16335 = CARTESIAN_POINT('',(0.,0.,5.07985264202));
#16336 = DIRECTION('',(0.,0.,1.));
#16337 = DIRECTION('',(1.,0.,-0.));
#16338 = PCURVE('',#16339,#16344);
#16339 = CYLINDRICAL_SURFACE('',#16340,1.2);
#16340 = AXIS2_PLACEMENT_3D('',#16341,#16342,#16343);
#16341 = CARTESIAN_POINT('',(0.,0.,0.));
#16342 = DIRECTION('',(0.,0.,1.));
#16343 = DIRECTION('',(1.,0.,-0.));
#16344 = DEFINITIONAL_REPRESENTATION('',(#16345),#16349);
#16345 = LINE('',#16346,#16347);
#16346 = CARTESIAN_POINT('',(0.,5.07985264202));
#16347 = VECTOR('',#16348,1.);
#16348 = DIRECTION('',(1.,0.));
#16349 = ( GEOMETRIC_REPRESENTATION_CONTEXT(2) 
PARAMETRIC_REPRESENTATION_CONTEXT() REPRESENTATION_CONTEXT('2D SPACE',''
  ) );
#16350 = PCURVE('',#16351,#16356);
#16351 = PLANE('',#16352);
#16352 = AXIS2_PLACEMENT_3D('',#16353,#16354,#16355);
#16353 = CARTESIAN_POINT('',(0.,0.,5.07985264202));
#16354 = DIRECTION('',(0.,0.,1.));
#16355 = DIRECTION('',(1.,0.,-0.));
#16356 = DEFINITIONAL_REPRESENTATION('',(#16357),#16361);
#16357 = CIRCLE('',#16358,1.2);
#16358 = AXIS2_PLACEMENT_2D('',#16359,#16360);
#16359 = CARTESIAN_POINT('',(0.,0.));
#16360 = DIRECTION('',(1.,0.));
#16361 = ( GEOMETRIC_REPRESENTATION_CONTEXT(2) 
PARAMETRIC_REPRESENTATION_CONTEXT() REPRESENTATION_CONTEXT('2D SPACE',''
  ) );
#16362 = ORIENTED_EDGE('',*,*,#16363,.F.);
#16363 = EDGE_CURVE('',#16364,#16330,#16366,.T.);
#16364 = VERTEX_POINT('',#16365);
#16365 = CARTESIAN_POINT('',(1.2,0.,0.));
#16366 = SEAM_CURVE('',#16367,(#16371,#16378),.PCURVE_S1.);
#16367 = LINE('',#16368,#16369);
#16368 = CARTESIAN_POINT('',(1.2,-2.939152317954E-16,0.));
#16369 = VECTOR('',#16370,1.);
#16370 = DIRECTION('',(0.,0.,1.));
#16371 = PCURVE('',#16339,#16372);
#16372 = DEFINITIONAL_REPRESENTATION('',(#16373),#16377);
#16373 = LINE('',#16374,#16375);
#16374 = CARTESIAN_POINT('',(6.28318530718,-0.));
#16375 = VECTOR('',#16376,1.);
#16376 = DIRECTION('',(0.,1.));
#16377 = ( GEOMETRIC_REPRESENTATION_CONTEXT(2) 
PARAMETRIC_REPRESENTATION_CONTEXT() REPRESENTATION_CONTEXT('2D SPACE',''
  ) );
#16378 = PCURVE('',#16339,#16379);
#16379 = DEFINITIONAL_REPRESENTATION('',(#16380),#16384);
#16380 = LINE('',#16381,#16382);
#16381 = CARTESIAN_POINT('',(0.,-0.));
#16382 = VECTOR('',#16383,1.);
#16383 = DIRECTION('',(0.,1.));
#16384 = ( GEOMETRIC_REPRESENTATION_CONTEXT(2) 
PARAMETRIC_REPRESENTATION_CONTEXT() REPRESENTATION_CONTEXT('2D SPACE',''
  ) );
#16385 = ORIENTED_EDGE('',*,*,#16386,.T.);
#16386 = EDGE_CURVE('',#16364,#16364,#16387,.T.);
#16387 = SURFACE_CURVE('',#16388,(#16393,#16400),.PCURVE_S1.);
#16388 = CIRCLE('',#16389,1.2);
#16389 = AXIS2_PLACEMENT_3D('',#16390,#16391,#16392);
#16390 = CARTESIAN_POINT('',(0.,0.,0.));
#16391 = DIRECTION('',(0.,0.,1.));
#16392 = DIRECTION('',(1.,0.,-0.));
#16393 = PCURVE('',#16339,#16394);
#16394 = DEFINITIONAL_REPRESENTATION('',(#16395),#16399);
#16395 = LINE('',#16396,#16397);
#16396 = CARTESIAN_POINT('',(0.,0.));
#16397 = VECTOR('',#16398,1.);
#16398 = DIRECTION('',(1.,0.));
#16399 = ( GEOMETRIC_REPRESENTATION_CONTEXT(2) 
PARAMETRIC_REPRESENTATION_CONTEXT() REPRESENTATION_CONTEXT('2D SPACE',''
  ) );
#16400 = PCURVE('',#16401,#16406);
#16401 = PLANE('',#16402);
#16402 = AXIS2_PLACEMENT_3D('',#16403,#16404,#16405);
#16403 = CARTESIAN_POINT('',(0.,0.,0.));
#16404 = DIRECTION('',(0.,0.,1.));
#16405 = DIRECTION('',(1.,0.,-0.));
#16406 = DEFINITIONAL_REPRESENTATION('',(#16407),#16411);
#16407 = CIRCLE('',#16408,1.2);
#16408 = AXIS2_PLACEMENT_2D('',#16409,#16410);
#16409 = CARTESIAN_POINT('',(0.,0.));
#16410 = DIRECTION('',(1.,0.));
#16411 = ( GEOMETRIC_REPRESENTATION_CONTEXT(2) 
PARAMETRIC_REPRESENTATION_CONTEXT() REPRESENTATION_CONTEXT('2D SPACE',''
  ) );
#16412 = ORIENTED_EDGE('',*,*,#16363,.T.);
#16413 = ADVANCED_FACE('',(#16414),#16351,.T.);
#16414 = FACE_BOUND('',#16415,.T.);
#16415 = EDGE_LOOP('',(#16416));
#16416 = ORIENTED_EDGE('',*,*,#16329,.T.);
#16417 = ADVANCED_FACE('',(#16418),#16401,.F.);
#16418 = FACE_BOUND('',#16419,.T.);
#16419 = EDGE_LOOP('',(#16420));
#16420 = ORIENTED_EDGE('',*,*,#16386,.F.);
#16421 = ( GEOMETRIC_REPRESENTATION_CONTEXT(3) 
GLOBAL_UNCERTAINTY_ASSIGNED_CONTEXT((#16425)) 
GLOBAL_UNIT_ASSIGNED_CONTEXT((#16422,#16423,#16424)) 
REPRESENTATION_CONTEXT('Context #1',
  '3D Context with UNIT and UNCERTAINTY') );
#16422 = ( LENGTH_UNIT() NAMED_UNIT(*) SI_UNIT(.MILLI.,.METRE.) );
#16423 = ( NAMED_UNIT(*) PLANE_ANGLE_UNIT() SI_UNIT($,.RADIAN.) );
#16424 = ( NAMED_UNIT(*) SI_UNIT($,.STERADIAN.) SOLID_ANGLE_UNIT() );
#16425 = UNCERTAINTY_MEASURE_WITH_UNIT(LENGTH_MEASURE(1.E-07),#16422,
  'distance_accuracy_value','confusion accuracy');
#16426 = CONTEXT_DEPENDENT_SHAPE_REPRESENTATION(#16427,#16429);
#16427 = ( REPRESENTATION_RELATIONSHIP('','',#16322,#10) 
REPRESENTATION_RELATIONSHIP_WITH_TRANSFORMATION(#16428) 
SHAPE_REPRESENTATION_RELATIONSHIP() );
#16428 = ITEM_DEFINED_TRANSFORMATION('','',#11,#63);
#16429 = PRODUCT_DEFINITION_SHAPE('Placement','Placement of an item',
  #16430);
#16430 = NEXT_ASSEMBLY_USAGE_OCCURRENCE('31','=>[0:1:1:14]','',#5,#16317
  ,$);
#16431 = PRODUCT_RELATED_PRODUCT_CATEGORY('part',$,(#16319));
#16432 = SHAPE_DEFINITION_REPRESENTATION(#16433,#16439);
#16433 = PRODUCT_DEFINITION_SHAPE('','',#16434);
#16434 = PRODUCT_DEFINITION('design','',#16435,#16438);
#16435 = PRODUCT_DEFINITION_FORMATION('','',#16436);
#16436 = PRODUCT('COMPOUND','COMPOUND','',(#16437));
#16437 = PRODUCT_CONTEXT('',#2,'mechanical');
#16438 = PRODUCT_DEFINITION_CONTEXT('part definition',#2,'design');
#16439 = ADVANCED_BREP_SHAPE_REPRESENTATION('',(#11,#16440),#16538);
#16440 = MANIFOLD_SOLID_BREP('',#16441);
#16441 = CLOSED_SHELL('',(#16442,#16530,#16534));
#16442 = ADVANCED_FACE('',(#16443),#16456,.T.);
#16443 = FACE_BOUND('',#16444,.T.);
#16444 = EDGE_LOOP('',(#16445,#16479,#16502,#16529));
#16445 = ORIENTED_EDGE('',*,*,#16446,.F.);
#16446 = EDGE_CURVE('',#16447,#16447,#16449,.T.);
#16447 = VERTEX_POINT('',#16448);
#16448 = CARTESIAN_POINT('',(1.,-1.7763568394E-15,5.8));
#16449 = SURFACE_CURVE('',#16450,(#16455,#16467),.PCURVE_S1.);
#16450 = CIRCLE('',#16451,1.);
#16451 = AXIS2_PLACEMENT_3D('',#16452,#16453,#16454);
#16452 = CARTESIAN_POINT('',(0.,0.,5.8));
#16453 = DIRECTION('',(0.,0.,1.));
#16454 = DIRECTION('',(1.,0.,-0.));
#16455 = PCURVE('',#16456,#16461);
#16456 = CYLINDRICAL_SURFACE('',#16457,1.);
#16457 = AXIS2_PLACEMENT_3D('',#16458,#16459,#16460);
#16458 = CARTESIAN_POINT('',(0.,0.,-5.8));
#16459 = DIRECTION('',(0.,0.,1.));
#16460 = DIRECTION('',(1.,0.,-0.));
#16461 = DEFINITIONAL_REPRESENTATION('',(#16462),#16466);
#16462 = LINE('',#16463,#16464);
#16463 = CARTESIAN_POINT('',(0.,11.6));
#16464 = VECTOR('',#16465,1.);
#16465 = DIRECTION('',(1.,0.));
#16466 = ( GEOMETRIC_REPRESENTATION_CONTEXT(2) 
PARAMETRIC_REPRESENTATION_CONTEXT() REPRESENTATION_CONTEXT('2D SPACE',''
  ) );
#16467 = PCURVE('',#16468,#16473);
#16468 = PLANE('',#16469);
#16469 = AXIS2_PLACEMENT_3D('',#16470,#16471,#16472);
#16470 = CARTESIAN_POINT('',(0.,0.,5.8));
#16471 = DIRECTION('',(0.,0.,1.));
#16472 = DIRECTION('',(1.,0.,-0.));
#16473 = DEFINITIONAL_REPRESENTATION('',(#16474),#16478);
#16474 = CIRCLE('',#16475,1.);
#16475 = AXIS2_PLACEMENT_2D('',#16476,#16477);
#16476 = CARTESIAN_POINT('',(0.,0.));
#16477 = DIRECTION('',(1.,0.));
#16478 = ( GEOMETRIC_REPRESENTATION_CONTEXT(2) 
PARAMETRIC_REPRESENTATION_CONTEXT() REPRESENTATION_CONTEXT('2D SPACE',''
  ) );
#16479 = ORIENTED_EDGE('',*,*,#16480,.F.);
#16480 = EDGE_CURVE('',#16481,#16447,#16483,.T.);
#16481 = VERTEX_POINT('',#16482);
#16482 = CARTESIAN_POINT('',(1.,-1.7763568394E-15,-5.8));
#16483 = SEAM_CURVE('',#16484,(#16488,#16495),.PCURVE_S1.);
#16484 = LINE('',#16485,#16486);
#16485 = CARTESIAN_POINT('',(1.,-2.449293598295E-16,-5.8));
#16486 = VECTOR('',#16487,1.);
#16487 = DIRECTION('',(0.,0.,1.));
#16488 = PCURVE('',#16456,#16489);
#16489 = DEFINITIONAL_REPRESENTATION('',(#16490),#16494);
#16490 = LINE('',#16491,#16492);
#16491 = CARTESIAN_POINT('',(6.28318530718,-0.));
#16492 = VECTOR('',#16493,1.);
#16493 = DIRECTION('',(0.,1.));
#16494 = ( GEOMETRIC_REPRESENTATION_CONTEXT(2) 
PARAMETRIC_REPRESENTATION_CONTEXT() REPRESENTATION_CONTEXT('2D SPACE',''
  ) );
#16495 = PCURVE('',#16456,#16496);
#16496 = DEFINITIONAL_REPRESENTATION('',(#16497),#16501);
#16497 = LINE('',#16498,#16499);
#16498 = CARTESIAN_POINT('',(0.,-0.));
#16499 = VECTOR('',#16500,1.);
#16500 = DIRECTION('',(0.,1.));
#16501 = ( GEOMETRIC_REPRESENTATION_CONTEXT(2) 
PARAMETRIC_REPRESENTATION_CONTEXT() REPRESENTATION_CONTEXT('2D SPACE',''
  ) );
#16502 = ORIENTED_EDGE('',*,*,#16503,.T.);
#16503 = EDGE_CURVE('',#16481,#16481,#16504,.T.);
#16504 = SURFACE_CURVE('',#16505,(#16510,#16517),.PCURVE_S1.);
#16505 = CIRCLE('',#16506,1.);
#16506 = AXIS2_PLACEMENT_3D('',#16507,#16508,#16509);
#16507 = CARTESIAN_POINT('',(0.,0.,-5.8));
#16508 = DIRECTION('',(0.,0.,1.));
#16509 = DIRECTION('',(1.,0.,-0.));
#16510 = PCURVE('',#16456,#16511);
#16511 = DEFINITIONAL_REPRESENTATION('',(#16512),#16516);
#16512 = LINE('',#16513,#16514);
#16513 = CARTESIAN_POINT('',(0.,0.));
#16514 = VECTOR('',#16515,1.);
#16515 = DIRECTION('',(1.,0.));
#16516 = ( GEOMETRIC_REPRESENTATION_CONTEXT(2) 
PARAMETRIC_REPRESENTATION_CONTEXT() REPRESENTATION_CONTEXT('2D SPACE',''
  ) );
#16517 = PCURVE('',#16518,#16523);
#16518 = PLANE('',#16519);
#16519 = AXIS2_PLACEMENT_3D('',#16520,#16521,#16522);
#16520 = CARTESIAN_POINT('',(0.,0.,-5.8));
#16521 = DIRECTION('',(0.,0.,1.));
#16522 = DIRECTION('',(1.,0.,-0.));
#16523 = DEFINITIONAL_REPRESENTATION('',(#16524),#16528);
#16524 = CIRCLE('',#16525,1.);
#16525 = AXIS2_PLACEMENT_2D('',#16526,#16527);
#16526 = CARTESIAN_POINT('',(0.,0.));
#16527 = DIRECTION('',(1.,0.));
#16528 = ( GEOMETRIC_REPRESENTATION_CONTEXT(2) 
PARAMETRIC_REPRESENTATION_CONTEXT() REPRESENTATION_CONTEXT('2D SPACE',''
  ) );
#16529 = ORIENTED_EDGE('',*,*,#16480,.T.);
#16530 = ADVANCED_FACE('',(#16531),#16468,.T.);
#16531 = FACE_BOUND('',#16532,.T.);
#16532 = EDGE_LOOP('',(#16533));
#16533 = ORIENTED_EDGE('',*,*,#16446,.T.);
#16534 = ADVANCED_FACE('',(#16535),#16518,.F.);
#16535 = FACE_BOUND('',#16536,.T.);
#16536 = EDGE_LOOP('',(#16537));
#16537 = ORIENTED_EDGE('',*,*,#16503,.F.);
#16538 = ( GEOMETRIC_REPRESENTATION_CONTEXT(3) 
GLOBAL_UNCERTAINTY_ASSIGNED_CONTEXT((#16542)) 
GLOBAL_UNIT_ASSIGNED_CONTEXT((#16539,#16540,#16541)) 
REPRESENTATION_CONTEXT('Context #1',
  '3D Context with UNIT and UNCERTAINTY') );
#16539 = ( LENGTH_UNIT() NAMED_UNIT(*) SI_UNIT(.MILLI.,.METRE.) );
#16540 = ( NAMED_UNIT(*) PLANE_ANGLE_UNIT() SI_UNIT($,.RADIAN.) );
#16541 = ( NAMED_UNIT(*) SI_UNIT($,.STERADIAN.) SOLID_ANGLE_UNIT() );
#16542 = UNCERTAINTY_MEASURE_WITH_UNIT(LENGTH_MEASURE(1.E-07),#16539,
  'distance_accuracy_value','confusion accuracy');
#16543 = CONTEXT_DEPENDENT_SHAPE_REPRESENTATION(#16544,#16546);
#16544 = ( REPRESENTATION_RELATIONSHIP('','',#16439,#10) 
REPRESENTATION_RELATIONSHIP_WITH_TRANSFORMATION(#16545) 
SHAPE_REPRESENTATION_RELATIONSHIP() );
#16545 = ITEM_DEFINED_TRANSFORMATION('','',#11,#67);
#16546 = PRODUCT_DEFINITION_SHAPE('Placement','Placement of an item',
  #16547);
#16547 = NEXT_ASSEMBLY_USAGE_OCCURRENCE('32','=>[0:1:1:15]','',#5,#16434
  ,$);
#16548 = PRODUCT_RELATED_PRODUCT_CATEGORY('part',$,(#16436));
#16549 = SHAPE_DEFINITION_REPRESENTATION(#16550,#16556);
#16550 = PRODUCT_DEFINITION_SHAPE('','',#16551);
#16551 = PRODUCT_DEFINITION('design','',#16552,#16555);
#16552 = PRODUCT_DEFINITION_FORMATION('','',#16553);
#16553 = PRODUCT('COMPOUND','COMPOUND','',(#16554));
#16554 = PRODUCT_CONTEXT('',#2,'mechanical');
#16555 = PRODUCT_DEFINITION_CONTEXT('part definition',#2,'design');
#16556 = ADVANCED_BREP_SHAPE_REPRESENTATION('',(#11,#16557),#16655);
#16557 = MANIFOLD_SOLID_BREP('',#16558);
#16558 = CLOSED_SHELL('',(#16559,#16647,#16651));
#16559 = ADVANCED_FACE('',(#16560),#16573,.T.);
#16560 = FACE_BOUND('',#16561,.T.);
#16561 = EDGE_LOOP('',(#16562,#16596,#16619,#16646));
#16562 = ORIENTED_EDGE('',*,*,#16563,.F.);
#16563 = EDGE_CURVE('',#16564,#16564,#16566,.T.);
#16564 = VERTEX_POINT('',#16565);
#16565 = CARTESIAN_POINT('',(1.,0.,5.8));
#16566 = SURFACE_CURVE('',#16567,(#16572,#16584),.PCURVE_S1.);
#16567 = CIRCLE('',#16568,1.);
#16568 = AXIS2_PLACEMENT_3D('',#16569,#16570,#16571);
#16569 = CARTESIAN_POINT('',(0.,0.,5.8));
#16570 = DIRECTION('',(0.,0.,1.));
#16571 = DIRECTION('',(1.,0.,-0.));
#16572 = PCURVE('',#16573,#16578);
#16573 = CYLINDRICAL_SURFACE('',#16574,1.);
#16574 = AXIS2_PLACEMENT_3D('',#16575,#16576,#16577);
#16575 = CARTESIAN_POINT('',(0.,0.,-5.8));
#16576 = DIRECTION('',(0.,0.,1.));
#16577 = DIRECTION('',(1.,0.,-0.));
#16578 = DEFINITIONAL_REPRESENTATION('',(#16579),#16583);
#16579 = LINE('',#16580,#16581);
#16580 = CARTESIAN_POINT('',(0.,11.6));
#16581 = VECTOR('',#16582,1.);
#16582 = DIRECTION('',(1.,0.));
#16583 = ( GEOMETRIC_REPRESENTATION_CONTEXT(2) 
PARAMETRIC_REPRESENTATION_CONTEXT() REPRESENTATION_CONTEXT('2D SPACE',''
  ) );
#16584 = PCURVE('',#16585,#16590);
#16585 = PLANE('',#16586);
#16586 = AXIS2_PLACEMENT_3D('',#16587,#16588,#16589);
#16587 = CARTESIAN_POINT('',(0.,0.,5.8));
#16588 = DIRECTION('',(0.,0.,1.));
#16589 = DIRECTION('',(1.,0.,-0.));
#16590 = DEFINITIONAL_REPRESENTATION('',(#16591),#16595);
#16591 = CIRCLE('',#16592,1.);
#16592 = AXIS2_PLACEMENT_2D('',#16593,#16594);
#16593 = CARTESIAN_POINT('',(0.,0.));
#16594 = DIRECTION('',(1.,0.));
#16595 = ( GEOMETRIC_REPRESENTATION_CONTEXT(2) 
PARAMETRIC_REPRESENTATION_CONTEXT() REPRESENTATION_CONTEXT('2D SPACE',''
  ) );
#16596 = ORIENTED_EDGE('',*,*,#16597,.F.);
#16597 = EDGE_CURVE('',#16598,#16564,#16600,.T.);
#16598 = VERTEX_POINT('',#16599);
#16599 = CARTESIAN_POINT('',(1.,0.,-5.8));
#16600 = SEAM_CURVE('',#16601,(#16605,#16612),.PCURVE_S1.);
#16601 = LINE('',#16602,#16603);
#16602 = CARTESIAN_POINT('',(1.,-2.449293598295E-16,-5.8));
#16603 = VECTOR('',#16604,1.);
#16604 = DIRECTION('',(0.,0.,1.));
#16605 = PCURVE('',#16573,#16606);
#16606 = DEFINITIONAL_REPRESENTATION('',(#16607),#16611);
#16607 = LINE('',#16608,#16609);
#16608 = CARTESIAN_POINT('',(6.28318530718,-0.));
#16609 = VECTOR('',#16610,1.);
#16610 = DIRECTION('',(0.,1.));
#16611 = ( GEOMETRIC_REPRESENTATION_CONTEXT(2) 
PARAMETRIC_REPRESENTATION_CONTEXT() REPRESENTATION_CONTEXT('2D SPACE',''
  ) );
#16612 = PCURVE('',#16573,#16613);
#16613 = DEFINITIONAL_REPRESENTATION('',(#16614),#16618);
#16614 = LINE('',#16615,#16616);
#16615 = CARTESIAN_POINT('',(0.,-0.));
#16616 = VECTOR('',#16617,1.);
#16617 = DIRECTION('',(0.,1.));
#16618 = ( GEOMETRIC_REPRESENTATION_CONTEXT(2) 
PARAMETRIC_REPRESENTATION_CONTEXT() REPRESENTATION_CONTEXT('2D SPACE',''
  ) );
#16619 = ORIENTED_EDGE('',*,*,#16620,.T.);
#16620 = EDGE_CURVE('',#16598,#16598,#16621,.T.);
#16621 = SURFACE_CURVE('',#16622,(#16627,#16634),.PCURVE_S1.);
#16622 = CIRCLE('',#16623,1.);
#16623 = AXIS2_PLACEMENT_3D('',#16624,#16625,#16626);
#16624 = CARTESIAN_POINT('',(0.,0.,-5.8));
#16625 = DIRECTION('',(0.,0.,1.));
#16626 = DIRECTION('',(1.,0.,-0.));
#16627 = PCURVE('',#16573,#16628);
#16628 = DEFINITIONAL_REPRESENTATION('',(#16629),#16633);
#16629 = LINE('',#16630,#16631);
#16630 = CARTESIAN_POINT('',(0.,0.));
#16631 = VECTOR('',#16632,1.);
#16632 = DIRECTION('',(1.,0.));
#16633 = ( GEOMETRIC_REPRESENTATION_CONTEXT(2) 
PARAMETRIC_REPRESENTATION_CONTEXT() REPRESENTATION_CONTEXT('2D SPACE',''
  ) );
#16634 = PCURVE('',#16635,#16640);
#16635 = PLANE('',#16636);
#16636 = AXIS2_PLACEMENT_3D('',#16637,#16638,#16639);
#16637 = CARTESIAN_POINT('',(0.,0.,-5.8));
#16638 = DIRECTION('',(0.,0.,1.));
#16639 = DIRECTION('',(1.,0.,-0.));
#16640 = DEFINITIONAL_REPRESENTATION('',(#16641),#16645);
#16641 = CIRCLE('',#16642,1.);
#16642 = AXIS2_PLACEMENT_2D('',#16643,#16644);
#16643 = CARTESIAN_POINT('',(0.,0.));
#16644 = DIRECTION('',(1.,0.));
#16645 = ( GEOMETRIC_REPRESENTATION_CONTEXT(2) 
PARAMETRIC_REPRESENTATION_CONTEXT() REPRESENTATION_CONTEXT('2D SPACE',''
  ) );
#16646 = ORIENTED_EDGE('',*,*,#16597,.T.);
#16647 = ADVANCED_FACE('',(#16648),#16585,.T.);
#16648 = FACE_BOUND('',#16649,.T.);
#16649 = EDGE_LOOP('',(#16650));
#16650 = ORIENTED_EDGE('',*,*,#16563,.T.);
#16651 = ADVANCED_FACE('',(#16652),#16635,.F.);
#16652 = FACE_BOUND('',#16653,.T.);
#16653 = EDGE_LOOP('',(#16654));
#16654 = ORIENTED_EDGE('',*,*,#16620,.F.);
#16655 = ( GEOMETRIC_REPRESENTATION_CONTEXT(3) 
GLOBAL_UNCERTAINTY_ASSIGNED_CONTEXT((#16659)) 
GLOBAL_UNIT_ASSIGNED_CONTEXT((#16656,#16657,#16658)) 
REPRESENTATION_CONTEXT('Context #1',
  '3D Context with UNIT and UNCERTAINTY') );
#16656 = ( LENGTH_UNIT() NAMED_UNIT(*) SI_UNIT(.MILLI.,.METRE.) );
#16657 = ( NAMED_UNIT(*) PLANE_ANGLE_UNIT() SI_UNIT($,.RADIAN.) );
#16658 = ( NAMED_UNIT(*) SI_UNIT($,.STERADIAN.) SOLID_ANGLE_UNIT() );
#16659 = UNCERTAINTY_MEASURE_WITH_UNIT(LENGTH_MEASURE(1.E-07),#16656,
  'distance_accuracy_value','confusion accuracy');
#16660 = CONTEXT_DEPENDENT_SHAPE_REPRESENTATION(#16661,#16663);
#16661 = ( REPRESENTATION_RELATIONSHIP('','',#16556,#10) 
REPRESENTATION_RELATIONSHIP_WITH_TRANSFORMATION(#16662) 
SHAPE_REPRESENTATION_RELATIONSHIP() );
#16662 = ITEM_DEFINED_TRANSFORMATION('','',#11,#71);
#16663 = PRODUCT_DEFINITION_SHAPE('Placement','Placement of an item',
  #16664);
#16664 = NEXT_ASSEMBLY_USAGE_OCCURRENCE('33','=>[0:1:1:16]','',#5,#16551
  ,$);
#16665 = PRODUCT_RELATED_PRODUCT_CATEGORY('part',$,(#16553));
#16666 = SHAPE_DEFINITION_REPRESENTATION(#16667,#16673);
#16667 = PRODUCT_DEFINITION_SHAPE('','',#16668);
#16668 = PRODUCT_DEFINITION('design','',#16669,#16672);
#16669 = PRODUCT_DEFINITION_FORMATION('','',#16670);
#16670 = PRODUCT('COMPOUND','COMPOUND','',(#16671));
#16671 = PRODUCT_CONTEXT('',#2,'mechanical');
#16672 = PRODUCT_DEFINITION_CONTEXT('part definition',#2,'design');
#16673 = ADVANCED_BREP_SHAPE_REPRESENTATION('',(#11,#16674),#16772);
#16674 = MANIFOLD_SOLID_BREP('',#16675);
#16675 = CLOSED_SHELL('',(#16676,#16764,#16768));
#16676 = ADVANCED_FACE('',(#16677),#16690,.T.);
#16677 = FACE_BOUND('',#16678,.T.);
#16678 = EDGE_LOOP('',(#16679,#16713,#16736,#16763));
#16679 = ORIENTED_EDGE('',*,*,#16680,.F.);
#16680 = EDGE_CURVE('',#16681,#16681,#16683,.T.);
#16681 = VERTEX_POINT('',#16682);
#16682 = CARTESIAN_POINT('',(1.,0.,5.8));
#16683 = SURFACE_CURVE('',#16684,(#16689,#16701),.PCURVE_S1.);
#16684 = CIRCLE('',#16685,1.);
#16685 = AXIS2_PLACEMENT_3D('',#16686,#16687,#16688);
#16686 = CARTESIAN_POINT('',(0.,0.,5.8));
#16687 = DIRECTION('',(0.,0.,1.));
#16688 = DIRECTION('',(1.,0.,-0.));
#16689 = PCURVE('',#16690,#16695);
#16690 = CYLINDRICAL_SURFACE('',#16691,1.);
#16691 = AXIS2_PLACEMENT_3D('',#16692,#16693,#16694);
#16692 = CARTESIAN_POINT('',(0.,0.,-5.8));
#16693 = DIRECTION('',(0.,0.,1.));
#16694 = DIRECTION('',(1.,0.,-0.));
#16695 = DEFINITIONAL_REPRESENTATION('',(#16696),#16700);
#16696 = LINE('',#16697,#16698);
#16697 = CARTESIAN_POINT('',(0.,11.6));
#16698 = VECTOR('',#16699,1.);
#16699 = DIRECTION('',(1.,0.));
#16700 = ( GEOMETRIC_REPRESENTATION_CONTEXT(2) 
PARAMETRIC_REPRESENTATION_CONTEXT() REPRESENTATION_CONTEXT('2D SPACE',''
  ) );
#16701 = PCURVE('',#16702,#16707);
#16702 = PLANE('',#16703);
#16703 = AXIS2_PLACEMENT_3D('',#16704,#16705,#16706);
#16704 = CARTESIAN_POINT('',(0.,0.,5.8));
#16705 = DIRECTION('',(0.,0.,1.));
#16706 = DIRECTION('',(1.,0.,-0.));
#16707 = DEFINITIONAL_REPRESENTATION('',(#16708),#16712);
#16708 = CIRCLE('',#16709,1.);
#16709 = AXIS2_PLACEMENT_2D('',#16710,#16711);
#16710 = CARTESIAN_POINT('',(0.,0.));
#16711 = DIRECTION('',(1.,0.));
#16712 = ( GEOMETRIC_REPRESENTATION_CONTEXT(2) 
PARAMETRIC_REPRESENTATION_CONTEXT() REPRESENTATION_CONTEXT('2D SPACE',''
  ) );
#16713 = ORIENTED_EDGE('',*,*,#16714,.F.);
#16714 = EDGE_CURVE('',#16715,#16681,#16717,.T.);
#16715 = VERTEX_POINT('',#16716);
#16716 = CARTESIAN_POINT('',(1.,0.,-5.8));
#16717 = SEAM_CURVE('',#16718,(#16722,#16729),.PCURVE_S1.);
#16718 = LINE('',#16719,#16720);
#16719 = CARTESIAN_POINT('',(1.,-2.449293598295E-16,-5.8));
#16720 = VECTOR('',#16721,1.);
#16721 = DIRECTION('',(0.,0.,1.));
#16722 = PCURVE('',#16690,#16723);
#16723 = DEFINITIONAL_REPRESENTATION('',(#16724),#16728);
#16724 = LINE('',#16725,#16726);
#16725 = CARTESIAN_POINT('',(6.28318530718,-0.));
#16726 = VECTOR('',#16727,1.);
#16727 = DIRECTION('',(0.,1.));
#16728 = ( GEOMETRIC_REPRESENTATION_CONTEXT(2) 
PARAMETRIC_REPRESENTATION_CONTEXT() REPRESENTATION_CONTEXT('2D SPACE',''
  ) );
#16729 = PCURVE('',#16690,#16730);
#16730 = DEFINITIONAL_REPRESENTATION('',(#16731),#16735);
#16731 = LINE('',#16732,#16733);
#16732 = CARTESIAN_POINT('',(0.,-0.));
#16733 = VECTOR('',#16734,1.);
#16734 = DIRECTION('',(0.,1.));
#16735 = ( GEOMETRIC_REPRESENTATION_CONTEXT(2) 
PARAMETRIC_REPRESENTATION_CONTEXT() REPRESENTATION_CONTEXT('2D SPACE',''
  ) );
#16736 = ORIENTED_EDGE('',*,*,#16737,.T.);
#16737 = EDGE_CURVE('',#16715,#16715,#16738,.T.);
#16738 = SURFACE_CURVE('',#16739,(#16744,#16751),.PCURVE_S1.);
#16739 = CIRCLE('',#16740,1.);
#16740 = AXIS2_PLACEMENT_3D('',#16741,#16742,#16743);
#16741 = CARTESIAN_POINT('',(0.,0.,-5.8));
#16742 = DIRECTION('',(0.,0.,1.));
#16743 = DIRECTION('',(1.,0.,-0.));
#16744 = PCURVE('',#16690,#16745);
#16745 = DEFINITIONAL_REPRESENTATION('',(#16746),#16750);
#16746 = LINE('',#16747,#16748);
#16747 = CARTESIAN_POINT('',(0.,0.));
#16748 = VECTOR('',#16749,1.);
#16749 = DIRECTION('',(1.,0.));
#16750 = ( GEOMETRIC_REPRESENTATION_CONTEXT(2) 
PARAMETRIC_REPRESENTATION_CONTEXT() REPRESENTATION_CONTEXT('2D SPACE',''
  ) );
#16751 = PCURVE('',#16752,#16757);
#16752 = PLANE('',#16753);
#16753 = AXIS2_PLACEMENT_3D('',#16754,#16755,#16756);
#16754 = CARTESIAN_POINT('',(0.,0.,-5.8));
#16755 = DIRECTION('',(0.,0.,1.));
#16756 = DIRECTION('',(1.,0.,-0.));
#16757 = DEFINITIONAL_REPRESENTATION('',(#16758),#16762);
#16758 = CIRCLE('',#16759,1.);
#16759 = AXIS2_PLACEMENT_2D('',#16760,#16761);
#16760 = CARTESIAN_POINT('',(0.,0.));
#16761 = DIRECTION('',(1.,0.));
#16762 = ( GEOMETRIC_REPRESENTATION_CONTEXT(2) 
PARAMETRIC_REPRESENTATION_CONTEXT() REPRESENTATION_CONTEXT('2D SPACE',''
  ) );
#16763 = ORIENTED_EDGE('',*,*,#16714,.T.);
#16764 = ADVANCED_FACE('',(#16765),#16702,.T.);
#16765 = FACE_BOUND('',#16766,.T.);
#16766 = EDGE_LOOP('',(#16767));
#16767 = ORIENTED_EDGE('',*,*,#16680,.T.);
#16768 = ADVANCED_FACE('',(#16769),#16752,.F.);
#16769 = FACE_BOUND('',#16770,.T.);
#16770 = EDGE_LOOP('',(#16771));
#16771 = ORIENTED_EDGE('',*,*,#16737,.F.);
#16772 = ( GEOMETRIC_REPRESENTATION_CONTEXT(3) 
GLOBAL_UNCERTAINTY_ASSIGNED_CONTEXT((#16776)) 
GLOBAL_UNIT_ASSIGNED_CONTEXT((#16773,#16774,#16775)) 
REPRESENTATION_CONTEXT('Context #1',
  '3D Context with UNIT and UNCERTAINTY') );
#16773 = ( LENGTH_UNIT() NAMED_UNIT(*) SI_UNIT(.MILLI.,.METRE.) );
#16774 = ( NAMED_UNIT(*) PLANE_ANGLE_UNIT() SI_UNIT($,.RADIAN.) );
#16775 = ( NAMED_UNIT(*) SI_UNIT($,.STERADIAN.) SOLID_ANGLE_UNIT() );
#16776 = UNCERTAINTY_MEASURE_WITH_UNIT(LENGTH_MEASURE(1.E-07),#16773,
  'distance_accuracy_value','confusion accuracy');
#16777 = CONTEXT_DEPENDENT_SHAPE_REPRESENTATION(#16778,#16780);
#16778 = ( REPRESENTATION_RELATIONSHIP('','',#16673,#10) 
REPRESENTATION_RELATIONSHIP_WITH_TRANSFORMATION(#16779) 
SHAPE_REPRESENTATION_RELATIONSHIP() );
#16779 = ITEM_DEFINED_TRANSFORMATION('','',#11,#75);
#16780 = PRODUCT_DEFINITION_SHAPE('Placement','Placement of an item',
  #16781);
#16781 = NEXT_ASSEMBLY_USAGE_OCCURRENCE('34','=>[0:1:1:17]','',#5,#16668
  ,$);
#16782 = PRODUCT_RELATED_PRODUCT_CATEGORY('part',$,(#16670));
ENDSEC;
END-ISO-10303-21;
